f1,f2,f3
3.533524784892742073e-03,3.533524784892742073e-03,9.999875141246460375e-01
3.558493535993911827e-03,1.067548060798173548e-02,9.999366836142892234e-01
3.583630948821477525e-03,1.791815474410738546e-02,9.998330347211922264e-01
3.608932624926201090e-03,2.526252837448340893e-02,9.996743371045577753e-01
3.634393788107587522e-03,3.270954409296828597e-02,9.994582917295865565e-01
3.660009267887202097e-03,4.026010194675922610e-02,9.991825301332062370e-01
3.685773482720592926e-03,4.791505527536770587e-02,9.988446138172807354e-01
3.711680422989158644e-03,5.567520634483737879e-02,9.984420337840836934e-01
3.737723633819162172e-03,6.354130177492575693e-02,9.979722102297163833e-01
3.763896197781223772e-03,7.151402775784325427e-02,9.974324924120242519e-01
3.790190717530250199e-03,7.959400506813525678e-02,9.968201587104558170e-01
3.816599298452704337e-03,8.778178386441219672e-02,9.961324168961558367e-01
3.843113531395459751e-03,9.607783828488648814e-02,9.953664046314241176e-01
3.869724475558215370e-03,1.044825608400718198e-01,9.945191902184613575e-01
3.896422641639424398e-03,1.129962566075433106e-01,9.935877736180532827e-01
3.923197975334087595e-03,1.216191372353567085e-01,9.925690877595240158e-01
3.950039841290275099e-03,1.303513147625790791e-01,9.914600001638590454e-01
3.976937007640105395e-03,1.391927952674036906e-01,9.902573149023863319e-01
4.003877631229784892e-03,1.481434723555020427e-01,9.889577749137568041e-01
4.030849243682340342e-03,1.572031205036112655e-01,9.875580647021733327e-01
4.057838738435674830e-03,1.663713882758626750e-01,9.860548134398691156e-01
4.084832358907413384e-03,1.756477914330187573e-01,9.844445984966865293e-01
4.111815687946653204e-03,1.850317059575993794e-01,9.827239494192501201e-01
4.138773638741046271e-03,1.945223610208291765e-01,9.808893523816279991e-01
4.165690447355365096e-03,2.041188319204128854e-01,9.789372551285108193e-01
4.192549667084889339e-03,2.138200330213293476e-01,9.768640724307792178e-01
4.219334164813221162e-03,2.236247107351007068e-01,9.746661920718540095e-01
4.246026119569456733e-03,2.335314365763201117e-01,9.723399813814055381e-01
4.272607023483744777e-03,2.435386003385734410e-01,9.698817943308100098e-01
4.299057685342943212e-03,2.536444034352336452e-01,9.672879792021622514e-01
4.325358236949199478e-03,2.638468524539011595e-01,9.645548868396713882e-01
4.351488142483479586e-03,2.741437529764592096e-01,9.616788794888488923e-01
4.377426211073290156e-03,2.845327037197638576e-01,9.586563402250505295e-01
4.428638898043277261e-03,3.055760839649860894e-01,9.521573630793045417e-01
4.453868021205878783e-03,3.162246295056173606e-01,9.486738885168520818e-01
4.478814367536768613e-03,3.269534488301840680e-01,9.450298315502581037e-01
4.503453784644327954e-03,3.377590338483246191e-01,9.412218409906645267e-01
4.527761617959884591e-03,3.486376445829110771e-01,9.372466549176960982e-01
4.551712750545009248e-03,3.595853072930557115e-01,9.331011138617267830e-01
4.575281647279562033e-03,3.705978134296444848e-01,9.287821743977510147e-01
4.598442403479147123e-03,3.816707194887691834e-01,9.242869230993084884e-01
4.621168797957717414e-03,3.927993478264059646e-01,9.196125907935857047e-01
4.643434350514858561e-03,4.039787884947926844e-01,9.147565670514270497e-01
4.665212383787999822e-03,4.152039021571319877e-01,9.097164148386599480e-01
4.686476089367669698e-03,4.264693241324579165e-01,9.044898852479602569e-01
4.707198598029266844e-03,4.377694696167218069e-01,8.990749322235899177e-01
4.727353053888059924e-03,4.490985401193656745e-01,8.934697271848432987e-01
4.746912692235722570e-03,4.604505311468651274e-01,8.876726734480802072e-01
4.765850920767234454e-03,4.718192411559562482e-01,8.816824203419384443e-01
4.784141403857072351e-03,4.831982817895643101e-01,8.754978769058442412e-01
4.801758149493975947e-03,4.945810893978795364e-01,8.691182250584097435e-01
4.818675598434968808e-03,5.059609378356717535e-01,8.625429321198594401e-01
4.834868715092556328e-03,5.173309525149034638e-01,8.557717625713824328e-01
4.850313079625000363e-03,5.286841256791250387e-01,8.488047889343750541e-01
4.864984980659114826e-03,5.400133328531617760e-01,8.416424016540269282e-01
4.878861508039015332e-03,5.513113504084087291e-01,8.342853178746716392e-01
4.891920644963587000e-03,5.625708741708125293e-01,8.267345889988462204e-01
4.904141358850885521e-03,5.737845389855535938e-01,8.189916069280979150e-01
4.915503690250035834e-03,5.849449391397542053e-01,8.110581088912558467e-01
4.925988839111062820e-03,5.960446495324386307e-01,8.029361807751033142e-01
4.935579247721150718e-03,6.070762474697014577e-01,7.946282588831051763e-01
4.944258679622365316e-03,6.180323349527956367e-01,7.861371300599561129e-01
4.952012293841364862e-03,6.289055613178533566e-01,7.774659301330942851e-01
4.958826713785990763e-03,6.396886460783927086e-01,7.686181406368285396e-01
4.964690090197067598e-03,6.503744018158158502e-01,7.595975838001514102e-01
4.969592157585835113e-03,6.609557569589160630e-01,7.504084157954611367e-01
4.973524283637879677e-03,6.714257782911138284e-01,7.410551182620440658e-01
4.976479511122715998e-03,6.817776930238120814e-01,7.315424881350391928e-01
4.978452591913361605e-03,6.920049102759572301e-01,7.218756258274374726e-01
4.979440012791679082e-03,7.021010418036267575e-01,7.120599218292101851e-01
4.979440012791679082e-03,7.120599218292101851e-01,7.021010418036267575e-01
4.978452591913361605e-03,7.218756258274374726e-01,6.920049102759572301e-01
4.976479511122715998e-03,7.315424881350391928e-01,6.817776930238120814e-01
4.973524283637879677e-03,7.410551182620440658e-01,6.714257782911138284e-01
4.969592157585835113e-03,7.504084157954611367e-01,6.609557569589160630e-01
4.964690090197067598e-03,7.595975838001514102e-01,6.503744018158158502e-01
4.958826713785990763e-03,7.686181406368285396e-01,6.396886460783927086e-01
4.952012293841364862e-03,7.774659301330942851e-01,6.289055613178533566e-01
4.944258679622365316e-03,7.861371300599561129e-01,6.180323349527956367e-01
4.935579247721150718e-03,7.946282588831051763e-01,6.070762474697014577e-01
4.925988839111062820e-03,8.029361807751033142e-01,5.960446495324386307e-01
4.915503690250035834e-03,8.110581088912558467e-01,5.849449391397542053e-01
4.904141358850885521e-03,8.189916069280979150e-01,5.737845389855535938e-01
4.891920644963587000e-03,8.267345889988462204e-01,5.625708741708125293e-01
4.878861508039015332e-03,8.342853178746716392e-01,5.513113504084087291e-01
4.864984980659114826e-03,8.416424016540269282e-01,5.400133328531617760e-01
4.850313079625000363e-03,8.488047889343750541e-01,5.286841256791250387e-01
4.834868715092556328e-03,8.557717625713824328e-01,5.173309525149034638e-01
4.818675598434968808e-03,8.625429321198594401e-01,5.059609378356717535e-01
4.801758149493975947e-03,8.691182250584097435e-01,4.945810893978795364e-01
4.784141403857072351e-03,8.754978769058442412e-01,4.831982817895643101e-01
4.765850920767234454e-03,8.816824203419384443e-01,4.718192411559562482e-01
4.746912692235722570e-03,8.876726734480802072e-01,4.604505311468651274e-01
4.727353053888059924e-03,8.934697271848432987e-01,4.490985401193656745e-01
4.707198598029266844e-03,8.990749322235899177e-01,4.377694696167218069e-01
4.686476089367669698e-03,9.044898852479602569e-01,4.264693241324579165e-01
4.665212383787999822e-03,9.097164148386599480e-01,4.152039021571319877e-01
4.643434350514858561e-03,9.147565670514270497e-01,4.039787884947926844e-01
4.621168797957717414e-03,9.196125907935857047e-01,3.927993478264059646e-01
4.575281647279562033e-03,9.287821743977510147e-01,3.705978134296444848e-01
4.551712750545009248e-03,9.331011138617267830e-01,3.595853072930557115e-01
4.527761617959884591e-03,9.372466549176960982e-01,3.486376445829110771e-01
4.503453784644327954e-03,9.412218409906645267e-01,3.377590338483246191e-01
4.478814367536768613e-03,9.450298315502581037e-01,3.269534488301840680e-01
4.453868021205878783e-03,9.486738885168520818e-01,3.162246295056173606e-01
4.428638898043277261e-03,9.521573630793045417e-01,3.055760839649860894e-01
4.403150612758713334e-03,9.554836829686407240e-01,2.950110910548337517e-01
4.377426211073290156e-03,9.586563402250505295e-01,2.845327037197638576e-01
4.351488142483479586e-03,9.616788794888488923e-01,2.741437529764592096e-01
4.325358236949199478e-03,9.645548868396713882e-01,2.638468524539011595e-01
4.299057685342943212e-03,9.672879792021622514e-01,2.536444034352336452e-01
4.272607023483744777e-03,9.698817943308100098e-01,2.435386003385734410e-01
4.246026119569456733e-03,9.723399813814055381e-01,2.335314365763201117e-01
4.219334164813221162e-03,9.746661920718540095e-01,2.236247107351007068e-01
4.192549667084889339e-03,9.768640724307792178e-01,2.138200330213293476e-01
4.165690447355365096e-03,9.789372551285108193e-01,2.041188319204128854e-01
4.138773638741046271e-03,9.808893523816279991e-01,1.945223610208291765e-01
4.111815687946653204e-03,9.827239494192501201e-01,1.850317059575993794e-01
4.084832358907413384e-03,9.844445984966865293e-01,1.756477914330187573e-01
4.057838738435674830e-03,9.860548134398691156e-01,1.663713882758626750e-01
4.030849243682340342e-03,9.875580647021733327e-01,1.572031205036112655e-01
4.003877631229784892e-03,9.889577749137568041e-01,1.481434723555020427e-01
3.976937007640105395e-03,9.902573149023863319e-01,1.391927952674036906e-01
3.950039841290275099e-03,9.914600001638590454e-01,1.303513147625790791e-01
3.923197975334087595e-03,9.925690877595240158e-01,1.216191372353567085e-01
3.896422641639424398e-03,9.935877736180532827e-01,1.129962566075433106e-01
3.869724475558215370e-03,9.945191902184613575e-01,1.044825608400718198e-01
3.843113531395459751e-03,9.953664046314241176e-01,9.607783828488648814e-02
3.816599298452704337e-03,9.961324168961558367e-01,8.778178386441219672e-02
3.790190717530250199e-03,9.968201587104558170e-01,7.959400506813525678e-02
3.763896197781223772e-03,9.974324924120242519e-01,7.151402775784325427e-02
3.737723633819162172e-03,9.979722102297163833e-01,6.354130177492575693e-02
3.711680422989158644e-03,9.984420337840836934e-01,5.567520634483737879e-02
3.685773482720592926e-03,9.988446138172807354e-01,4.791505527536770587e-02
3.660009267887202097e-03,9.991825301332062370e-01,4.026010194675922610e-02
3.634393788107587522e-03,9.994582917295865565e-01,3.270954409296828597e-02
3.608932624926201090e-03,9.996743371045577753e-01,2.526252837448340893e-02
3.583630948821477525e-03,9.998330347211922264e-01,1.791815474410738546e-02
3.558493535993911827e-03,9.999366836142892234e-01,1.067548060798173548e-02
3.533524784892742073e-03,9.999875141246460375e-01,3.533524784892742073e-03
1.067548060798173548e-02,3.558493535993911827e-03,9.999366836142892234e-01
1.075144515855153832e-02,1.075144515855153832e-02,9.998843997452930843e-01
1.082792615103315981e-02,1.804654358505526635e-02,9.997785146120616862e-01
1.090490999301641471e-02,2.544478998370496708e-02,9.996167493598380194e-01
1.098238191741235728e-02,3.294714575223707531e-02,9.993967544845244744e-01
1.106032593073264826e-02,4.055452841268637754e-02,9.991161090761826458e-01
1.113872476054946631e-02,4.826780729571435863e-02,9.987723201959355368e-01
1.121755980226774203e-02,5.608779901133870843e-02,9.983628224018290531e-01
1.129681106536018984e-02,6.401526270370774818e-02,9.978849774401501449e-01
1.137645711923535551e-02,7.205089508849057967e-02,9.973360741196327650e-01
1.145647503893003696e-02,8.019532527251026222e-02,9.967133283869132887e-01
1.153684035083975268e-02,8.844910935643809924e-02,9.960138836224986525e-01
1.161752697872443785e-02,9.681272482270364410e-02,9.952348111773934303e-01
1.169850719025129770e-02,1.052865647122616655e-01,9.943731111713601800e-01
1.177975154436238132e-02,1.138709315955030166e-01,9.934257135745607759e-01
1.186122883978122343e-02,1.225660313444059679e-01,9.923894795950289893e-01
1.194290606500031035e-02,1.313719667150034243e-01,9.912612033950257695e-01
1.202474835011933807e-02,1.402887307513922821e-01,9.900376141598254964e-01
1.210671892093274048e-02,1.493162000248371146e-01,9.887153785428404174e-01
1.218877905569375718e-02,1.584541277240188450e-01,9.872911035111943123e-01
1.227088804501099209e-02,1.677021366151502380e-01,9.857613396158830810e-01
1.235300315536162763e-02,1.770597118935166581e-01,9.841225847104763114e-01
1.243507959673293209e-02,1.865261939509939848e-01,9.823712881419016663e-01
1.251707049492997541e-02,1.961007710872362808e-01,9.805038554361814596e-01
1.268059761514222367e-02,2.155701594574178093e-01,9.764060163659512570e-01
1.276202949535588937e-02,2.254625210846207262e-01,9.741682514788329028e-01
1.284316713536690080e-02,2.354580641483931813e-01,9.717996465760955216e-01
1.292395302854672939e-02,2.455551075423878515e-01,9.692964771410047531e-01
1.300432754881618649e-02,2.557517751267183170e-01,9.666550144620031926e-01
1.308422897239344858e-02,2.660459891053334469e-01,9.638715342996506674e-01
1.316359350913789625e-02,2.764354636918958108e-01,9.609423261670664296e-01
1.324235534411890951e-02,2.869176991225763640e-01,9.578637032246011263e-01
1.332044669002081273e-02,2.974899760771314572e-01,9.546320127848249015e-01
1.339779785096901349e-02,3.081493505722873172e-01,9.512436474187999647e-01
1.347433729832742642e-02,3.188926493937490614e-01,9.476950566490289773e-01
1.354999175897279515e-02,3.297164661350046599e-01,9.439827592084381047e-01
1.362468631649712929e-02,3.406171579124282478e-01,9.401033558383019573e-01
1.369834452572461780e-02,3.515908428269318708e-01,9.360535425911822305e-01
1.377088854085380815e-02,3.626333982424836400e-01,9.318301245977743674e-01
1.384223925744933019e-02,3.737404599511319203e-01,9.274300302491050862e-01
1.391231646841006517e-02,3.849074222926784916e-01,9.228503257378677382e-01
1.398103903393252238e-02,3.961294392947548038e-01,9.180882298949022413e-01
1.404832506536965279e-02,4.074014268957199536e-01,9.131411292490274612e-01
1.411409212275723836e-02,4.187180663084647536e-01,9.080065932307156418e-01
1.417825742564278457e-02,4.300738085778311182e-01,9.026823894325906039e-01
1.424073807670716771e-02,4.414628803779222510e-01,8.971664988325516177e-01
1.430145129751805334e-02,4.528792910880716782e-01,8.914571308786253256e-01
1.436031467559819967e-02,4.643168411776751325e-01,8.855527383285556331e-01
1.441724642183316377e-02,4.757691319204944147e-01,8.794520317318229585e-01
1.447216563708336214e-02,4.872295764484732006e-01,8.731539934373628853e-01
1.452499258670793270e-02,4.986914121436389902e-01,8.666578910069066000e-01
1.457564898155420258e-02,5.101477143543970971e-01,8.599632899116980145e-01
1.462405826382009479e-02,5.215914114095833165e-01,8.530700653895054719e-01
1.467014589605991973e-02,5.330153008901770129e-01,8.459784133394553374e-01
1.471383965147971158e-02,5.444120671047493198e-01,8.386888601343435168e-01
1.475506990355933759e-02,5.557742997007351082e-01,8.312022712338427155e-01
1.479376991294779724e-02,5.670945133296655394e-01,8.235198584874273697e-01
1.482987610950799867e-02,5.783651682708119690e-01,8.156431860229398367e-01
1.486332836734018288e-02,5.895786919044938568e-01,8.075741746254831988e-01
1.489407027059120280e-02,6.007275009138451916e-01,7.993151045217279371e-01
1.492204936786150835e-02,6.118040240823218179e-01,7.908686164966599597e-01
1.494721741305446612e-02,6.228007255439360623e-01,7.822377112831837564e-01
1.496953059057410176e-02,6.337101283343036240e-01,7.734257471796619487e-01
1.498894972286760573e-02,6.445248380833070723e-01,7.644364358662478764e-01
1.500544045842806297e-02,6.552375666846921298e-01,7.552738364075458621e-01
1.501897343851922584e-02,6.658411557743523224e-01,7.459423474464549342e-01
1.502952444105694341e-02,6.763285998475624394e-01,7.364466976117901575e-01
1.503707450027830586e-02,6.866930688460426424e-01,7.267919341801181154e-01
1.504161000104761031e-02,6.969279300485392570e-01,7.169834100499361540e-01
1.504312274688414039e-02,7.070267691035545532e-01,7.070267691035545532e-01
1.504161000104761031e-02,7.169834100499361540e-01,6.969279300485392570e-01
1.503707450027830586e-02,7.267919341801181154e-01,6.866930688460426424e-01
1.502952444105694341e-02,7.364466976117901575e-01,6.763285998475624394e-01
1.501897343851922584e-02,7.459423474464549342e-01,6.658411557743523224e-01
1.500544045842806297e-02,7.552738364075458621e-01,6.552375666846921298e-01
1.498894972286760573e-02,7.644364358662478764e-01,6.445248380833070723e-01
1.496953059057410176e-02,7.734257471796619487e-01,6.337101283343036240e-01
1.494721741305446612e-02,7.822377112831837564e-01,6.228007255439360623e-01
1.492204936786150835e-02,7.908686164966599597e-01,6.118040240823218179e-01
1.489407027059120280e-02,7.993151045217279371e-01,6.007275009138451916e-01
1.486332836734018288e-02,8.075741746254831988e-01,5.895786919044938568e-01
1.482987610950799867e-02,8.156431860229398367e-01,5.783651682708119690e-01
1.479376991294779724e-02,8.235198584874273697e-01,5.670945133296655394e-01
1.475506990355933759e-02,8.312022712338427155e-01,5.557742997007351082e-01
1.471383965147971158e-02,8.386888601343435168e-01,5.444120671047493198e-01
1.467014589605991973e-02,8.459784133394553374e-01,5.330153008901770129e-01
1.462405826382009479e-02,8.530700653895054719e-01,5.215914114095833165e-01
1.457564898155420258e-02,8.599632899116980145e-01,5.101477143543970971e-01
1.452499258670793270e-02,8.666578910069066000e-01,4.986914121436389902e-01
1.441724642183316377e-02,8.794520317318229585e-01,4.757691319204944147e-01
1.436031467559819967e-02,8.855527383285556331e-01,4.643168411776751325e-01
1.430145129751805334e-02,8.914571308786253256e-01,4.528792910880716782e-01
1.424073807670716771e-02,8.971664988325516177e-01,4.414628803779222510e-01
1.417825742564278457e-02,9.026823894325906039e-01,4.300738085778311182e-01
1.411409212275723836e-02,9.080065932307156418e-01,4.187180663084647536e-01
1.404832506536965279e-02,9.131411292490274612e-01,4.074014268957199536e-01
1.398103903393252238e-02,9.180882298949022413e-01,3.961294392947548038e-01
1.391231646841006517e-02,9.228503257378677382e-01,3.849074222926784916e-01
1.384223925744933019e-02,9.274300302491050862e-01,3.737404599511319203e-01
1.377088854085380815e-02,9.318301245977743674e-01,3.626333982424836400e-01
1.369834452572461780e-02,9.360535425911822305e-01,3.515908428269318708e-01
1.362468631649712929e-02,9.401033558383019573e-01,3.406171579124282478e-01
1.354999175897279515e-02,9.439827592084381047e-01,3.297164661350046599e-01
1.347433729832742642e-02,9.476950566490289773e-01,3.188926493937490614e-01
1.339779785096901349e-02,9.512436474187999647e-01,3.081493505722873172e-01
1.332044669002081273e-02,9.546320127848249015e-01,2.974899760771314572e-01
1.324235534411890951e-02,9.578637032246011263e-01,2.869176991225763640e-01
1.316359350913789625e-02,9.609423261670664296e-01,2.764354636918958108e-01
1.308422897239344858e-02,9.638715342996506674e-01,2.660459891053334469e-01
1.300432754881618649e-02,9.666550144620031926e-01,2.557517751267183170e-01
1.292395302854672939e-02,9.692964771410047531e-01,2.455551075423878515e-01
1.284316713536690080e-02,9.717996465760955216e-01,2.354580641483931813e-01
1.276202949535588937e-02,9.741682514788329028e-01,2.254625210846207262e-01
1.268059761514222367e-02,9.764060163659512570e-01,2.155701594574178093e-01
1.259892686911198711e-02,9.785166535010308975e-01,2.057824721954957803e-01
1.251707049492997541e-02,9.805038554361814596e-01,1.961007710872362808e-01
1.243507959673293209e-02,9.823712881419016663e-01,1.865261939509939848e-01
1.235300315536162763e-02,9.841225847104763114e-01,1.770597118935166581e-01
1.227088804501099209e-02,9.857613396158830810e-01,1.677021366151502380e-01
1.218877905569375718e-02,9.872911035111943123e-01,1.584541277240188450e-01
1.210671892093274048e-02,9.887153785428404174e-01,1.493162000248371146e-01
1.202474835011933807e-02,9.900376141598254964e-01,1.402887307513922821e-01
1.194290606500031035e-02,9.912612033950257695e-01,1.313719667150034243e-01
1.186122883978122343e-02,9.923894795950289893e-01,1.225660313444059679e-01
1.177975154436238132e-02,9.934257135745607759e-01,1.138709315955030166e-01
1.169850719025129770e-02,9.943731111713601800e-01,1.052865647122616655e-01
1.161752697872443785e-02,9.952348111773934303e-01,9.681272482270364410e-02
1.153684035083975268e-02,9.960138836224986525e-01,8.844910935643809924e-02
1.145647503893003696e-02,9.967133283869132887e-01,8.019532527251026222e-02
1.137645711923535551e-02,9.973360741196327650e-01,7.205089508849057967e-02
1.129681106536018984e-02,9.978849774401501449e-01,6.401526270370774818e-02
1.121755980226774203e-02,9.983628224018290531e-01,5.608779901133870843e-02
1.113872476054946631e-02,9.987723201959355368e-01,4.826780729571435863e-02
1.106032593073264826e-02,9.991161090761826458e-01,4.055452841268637754e-02
1.098238191741235728e-02,9.993967544845244744e-01,3.294714575223707531e-02
1.090490999301641471e-02,9.996167493598380194e-01,2.544478998370496708e-02
1.082792615103315981e-02,9.997785146120616862e-01,1.804654358505526635e-02
1.075144515855153832e-02,9.998843997452930843e-01,1.075144515855153832e-02
1.067548060798173548e-02,9.999366836142892234e-01,3.558493535993911827e-03
1.791815474410738546e-02,3.583630948821477525e-03,9.998330347211922264e-01
1.804654358505526635e-02,1.082792615103315981e-02,9.997785146120616862e-01
1.817581064219216461e-02,1.817581064219216461e-02,9.996695853205690430e-01
1.830593257040169508e-02,2.562830559856237381e-02,9.995039183439325958e-01
1.843688399510626241e-02,3.318639119119126679e-02,9.992791125347593173e-01
1.856863742236277912e-02,4.085100232919811752e-02,9.989926933231175754e-01
1.870116314753336728e-02,4.862302418358675771e-02,9.986421120782819072e-01
1.883442916276450649e-02,5.650328748829351599e-02,9.982247456265188612e-01
1.896840106354140409e-02,6.449256361604077670e-02,9.977378959422777971e-01
1.910304195461941940e-02,7.259155942755379787e-02,9.971787900311337438e-01
1.923831235567201314e-02,8.080091189382246353e-02,9.965445800238103002e-01
1.937417010703442258e-02,8.912118249235834178e-02,9.958323435015693503e-01
1.951057027596421814e-02,9.755285137982108723e-02,9.950390840741750731e-01
1.964746506388368938e-02,1.060963113449719247e-01,9.941617322325146944e-01
1.978480371511494307e-02,1.147518615476666726e-01,9.931971464987702225e-01
1.992253242766596141e-02,1.235197010515289573e-01,9.921421148977648263e-01
2.019892908116942276e-02,1.413925035681859732e-01,9.897475249773017847e-01
2.033747342485017415e-02,1.504973033438912755e-01,9.884012084477185045e-01
2.047616048165536856e-02,1.597140517569118623e-01,9.869509352157886939e-01
2.061491999691819621e-02,1.690423439747291978e-01,9.853931758526897067e-01
2.075367821497558010e-02,1.784816326487899951e-01,9.837243473898426016e-01
2.089235782413674178e-02,1.880312204172306934e-01,9.819408177344269850e-01
2.103087790996583523e-02,1.976902523536788747e-01,9.800389106044079535e-01
2.116915391787597273e-02,2.074577083951845424e-01,9.780149110058700135e-01
2.130709762607092828e-02,2.173323957859234767e-01,9.758650712740485345e-01
2.144461712990478053e-02,2.273129415769906680e-01,9.735856176976770415e-01
2.158161683875751274e-02,2.373977852263326471e-01,9.711727577440880665e-01
2.171799748654502232e-02,2.475851713466132309e-01,9.686226878999079082e-01
2.185365615699404532e-02,2.578731426525297521e-01,9.659316021391368690e-01
2.198848632481456566e-02,2.682595331627377067e-01,9.630957010268780261e-01
2.212237791389342137e-02,2.787419617150571072e-01,9.601112014629744618e-01
2.225521737361165972e-02,2.893178258569515937e-01,9.569743470653013784e-01
2.238688777435305505e-02,2.999842961763309335e-01,9.536814191874402047e-01
2.251726892322164150e-02,3.107383111404586340e-01,9.502287485599532069e-01
2.264623750092007934e-02,3.215765725130651509e-01,9.466127275384592643e-01
2.277366722065773605e-02,3.324955414216029803e-01,9.428298229352303217e-01
2.289942900985636812e-02,3.434914351478455252e-01,9.388765894041111171e-01
2.302339121530138158e-02,3.545602247156412479e-01,9.347496833412360928e-01
2.314541983224771213e-02,3.656976333495138287e-01,9.304458772563579672e-01
2.326537875783065562e-02,3.768991358768566391e-01,9.259620745616601312e-01
2.338313006895401808e-02,3.881599591446366904e-01,9.212953247167883220e-01
2.349853432463082717e-02,3.994750835187240723e-01,9.164428386606022769e-01
2.361145089253675194e-02,4.108392455301395074e-01,9.114020044519186570e-01
2.372173829930401129e-02,4.222469417276114023e-01,9.061704030334132298e-01
2.382925460383617314e-02,4.336924337898183657e-01,9.007458240250073578e-01
2.393385779266366670e-02,4.451697549435441603e-01,8.951262814456211192e-01
2.403540619608864407e-02,4.566727177256842407e-01,8.893100292552797992e-01
2.413375892358948435e-02,4.681949231176359971e-01,8.832955766033750988e-01
2.422877631667284815e-02,4.797297710701224349e-01,8.770817026635571168e-01
2.432032041707903394e-02,4.912704724249964960e-01,8.706674709314293770e-01
2.440825544796877689e-02,5.028100622281568288e-01,8.640522428580946768e-01
2.449244830545123375e-02,5.143414144144758948e-01,8.572356906907931950e-01
2.457276905755840721e-02,5.258572578317498580e-01,8.502178093915208068e-01
2.464909144753625950e-02,5.373501935562904341e-01,8.429989275057401255e-01
2.472129339811182658e-02,5.488127134380825778e-01,8.355797168561797106e-01
2.478925751321399418e-02,5.602372197986362767e-01,8.279612009413473972e-01
2.485287157347833287e-02,5.716160461900016143e-01,8.201447619247849152e-01
2.491202902175744527e-02,5.829414791091241943e-01,8.121321461092926297e-01
2.496662943479217509e-02,5.942057805480537303e-01,8.039254678003080468e-01
2.501657897717892917e-02,6.054012112477301644e-01,7.955272114742899525e-01
2.506179083379717759e-02,6.165200545114105646e-01,7.869402321812313250e-01
2.510218561694025144e-02,6.275546404235062825e-01,7.781677541251478258e-01
2.513769174452383168e-02,6.384973703109053655e-01,7.692133673824292917e-01
2.516824578592859879e-02,6.493407412769578446e-01,7.600810227350437431e-01
2.519379277226655583e-02,6.600773706333837865e-01,7.507750246135433958e-01
2.521428646814143082e-02,6.707000200525621292e-01,7.413000221633581077e-01
2.522968960229969929e-02,6.812016192620918842e-01,7.316609984666911926e-01
2.523997405493536364e-02,6.915752891052290297e-01,7.218632579711514730e-01
2.524512099981411628e-02,7.018143637948324187e-01,7.119124121947580930e-01
2.524512099981411628e-02,7.119124121947580930e-01,7.018143637948324187e-01
2.523997405493536364e-02,7.218632579711514730e-01,6.915752891052290297e-01
2.522968960229969929e-02,7.316609984666911926e-01,6.812016192620918842e-01
2.521428646814143082e-02,7.413000221633581077e-01,6.707000200525621292e-01
2.519379277226655583e-02,7.507750246135433958e-01,6.600773706333837865e-01
2.516824578592859879e-02,7.600810227350437431e-01,6.493407412769578446e-01
2.513769174452383168e-02,7.692133673824292917e-01,6.384973703109053655e-01
2.510218561694025144e-02,7.781677541251478258e-01,6.275546404235062825e-01
2.506179083379717759e-02,7.869402321812313250e-01,6.165200545114105646e-01
2.501657897717892917e-02,7.955272114742899525e-01,6.054012112477301644e-01
2.496662943479217509e-02,8.039254678003080468e-01,5.942057805480537303e-01
2.491202902175744527e-02,8.121321461092926297e-01,5.829414791091241943e-01
2.478925751321399418e-02,8.279612009413473972e-01,5.602372197986362767e-01
2.472129339811182658e-02,8.355797168561797106e-01,5.488127134380825778e-01
2.464909144753625950e-02,8.429989275057401255e-01,5.373501935562904341e-01
2.457276905755840721e-02,8.502178093915208068e-01,5.258572578317498580e-01
2.449244830545123375e-02,8.572356906907931950e-01,5.143414144144758948e-01
2.440825544796877689e-02,8.640522428580946768e-01,5.028100622281568288e-01
2.432032041707903394e-02,8.706674709314293770e-01,4.912704724249964960e-01
2.422877631667284815e-02,8.770817026635571168e-01,4.797297710701224349e-01
2.413375892358948435e-02,8.832955766033750988e-01,4.681949231176359971e-01
2.403540619608864407e-02,8.893100292552797992e-01,4.566727177256842407e-01
2.393385779266366670e-02,8.951262814456211192e-01,4.451697549435441603e-01
2.382925460383617314e-02,9.007458240250073578e-01,4.336924337898183657e-01
2.372173829930401129e-02,9.061704030334132298e-01,4.222469417276114023e-01
2.361145089253675194e-02,9.114020044519186570e-01,4.108392455301395074e-01
2.349853432463082717e-02,9.164428386606022769e-01,3.994750835187240723e-01
2.338313006895401808e-02,9.212953247167883220e-01,3.881599591446366904e-01
2.326537875783065562e-02,9.259620745616601312e-01,3.768991358768566391e-01
2.314541983224771213e-02,9.304458772563579672e-01,3.656976333495138287e-01
2.302339121530138158e-02,9.347496833412360928e-01,3.545602247156412479e-01
2.289942900985636812e-02,9.388765894041111171e-01,3.434914351478455252e-01
2.277366722065773605e-02,9.428298229352303217e-01,3.324955414216029803e-01
2.264623750092007934e-02,9.466127275384592643e-01,3.215765725130651509e-01
2.251726892322164150e-02,9.502287485599532069e-01,3.107383111404586340e-01
2.238688777435305505e-02,9.536814191874402047e-01,2.999842961763309335e-01
2.225521737361165972e-02,9.569743470653013784e-01,2.893178258569515937e-01
2.212237791389342137e-02,9.601112014629744618e-01,2.787419617150571072e-01
2.198848632481456566e-02,9.630957010268780261e-01,2.682595331627377067e-01
2.185365615699404532e-02,9.659316021391368690e-01,2.578731426525297521e-01
2.171799748654502232e-02,9.686226878999079082e-01,2.475851713466132309e-01
2.158161683875751274e-02,9.711727577440880665e-01,2.373977852263326471e-01
2.144461712990478053e-02,9.735856176976770415e-01,2.273129415769906680e-01
2.130709762607092828e-02,9.758650712740485345e-01,2.173323957859234767e-01
2.116915391787597273e-02,9.780149110058700135e-01,2.074577083951845424e-01
2.103087790996583523e-02,9.800389106044079535e-01,1.976902523536788747e-01
2.089235782413674178e-02,9.819408177344269850e-01,1.880312204172306934e-01
2.075367821497558010e-02,9.837243473898426016e-01,1.784816326487899951e-01
2.061491999691819621e-02,9.853931758526897067e-01,1.690423439747291978e-01
2.047616048165536856e-02,9.869509352157886939e-01,1.597140517569118623e-01
2.033747342485017415e-02,9.884012084477185045e-01,1.504973033438912755e-01
2.019892908116942276e-02,9.897475249773017847e-01,1.413925035681859732e-01
2.006059426667484297e-02,9.909933567737371218e-01,1.323999221600539455e-01
1.992253242766596141e-02,9.921421148977648263e-01,1.235197010515289573e-01
1.978480371511494307e-02,9.931971464987702225e-01,1.147518615476666726e-01
1.964746506388368938e-02,9.941617322325146944e-01,1.060963113449719247e-01
1.951057027596421814e-02,9.950390840741750731e-01,9.755285137982108723e-02
1.937417010703442258e-02,9.958323435015693503e-01,8.912118249235834178e-02
1.923831235567201314e-02,9.965445800238103002e-01,8.080091189382246353e-02
1.910304195461941940e-02,9.971787900311337438e-01,7.259155942755379787e-02
1.896840106354140409e-02,9.977378959422777971e-01,6.449256361604077670e-02
1.883442916276450649e-02,9.982247456265188612e-01,5.650328748829351599e-02
1.870116314753336728e-02,9.986421120782819072e-01,4.862302418358675771e-02
1.856863742236277912e-02,9.989926933231175754e-01,4.085100232919811752e-02
1.843688399510626241e-02,9.992791125347593173e-01,3.318639119119126679e-02
1.830593257040169508e-02,9.995039183439325958e-01,2.562830559856237381e-02
1.817581064219216461e-02,9.996695853205690430e-01,1.817581064219216461e-02
1.804654358505526635e-02,9.997785146120616862e-01,1.082792615103315981e-02
1.791815474410738546e-02,9.998330347211922264e-01,3.583630948821477525e-03
2.526252837448340893e-02,3.608932624926201090e-03,9.996743371045577753e-01
2.544478998370496708e-02,1.090490999301641471e-02,9.996167493598380194e-01
2.562830559856237381e-02,1.830593257040169508e-02,9.995039183439325958e-01
2.581304152497521445e-02,2.581304152497521445e-02,9.993334647526118664e-01
2.599896112349305705e-02,3.342723573020536104e-02,9.991029346028046376e-01
2.618602467805154765e-02,4.114946735122386456e-02,9.988097984342519942e-01
2.637418926265030356e-02,4.898063720206484450e-02,9.984514506574757586e-01
2.656340860630045445e-02,5.692158987064382947e-02,9.980252090652885766e-01
2.694480894266005830e-02,7.313590998722016567e-02,9.969579308784222160e-01
2.713687943706846739e-02,8.141063831120540217e-02,9.963111450466566321e-01
2.732978341882237594e-02,8.979785980470209039e-02,9.955849673999579430e-01
2.752345583649170799e-02,9.829805655889894966e-02,9.947763323760574483e-01
2.771782747312707615e-02,1.069116202534901583e-01,9.938820993935566506e-01
2.791282481340106106e-02,1.156388456555186850e-01,9.928990540766948758e-01
2.810836991385505176e-02,1.244799239042152367e-01,9.918239098174568280e-01
2.830438027715780416e-02,1.334349355923153679e-01,9.906533097005232325e-01
2.850076873135650585e-02,1.425038436567825084e-01,9.893838288170900830e-01
2.869744331517667599e-02,1.516864860945053017e-01,9.880119769939399443e-01
2.889430717050338326e-02,1.609825685213759905e-01,9.865342019643297267e-01
2.909125844325150673e-02,1.703916565961874074e-01,9.849468930072295958e-01
2.928819019390717024e-02,1.799131683340011723e-01,9.832463850811692385e-01
2.948499031909392748e-02,1.895463663370323959e-01,9.814289634784121308e-01
2.968154148558553238e-02,1.992903499746457308e-01,9.794908690243225857e-01
2.987772107825021131e-02,2.091440475477514827e-01,9.774283038456140771e-01
3.007340116346833916e-02,2.191062084766979001e-01,9.752374377296161301e-01
3.026844846961434035e-02,2.291753955556514455e-01,9.729144150947467429e-01
3.046272438623321907e-02,2.393499773204038616e-01,9.704553625900010916e-01
3.065608498357022191e-02,2.496281205805003789e-01,9.678563973384313179e-01
3.084838105412729403e-02,2.600077831705014941e-01,9.651136358362681911e-01
3.103945817791997977e-02,2.704867069790169443e-01,9.622232035155193763e-01
3.122915681309139727e-02,2.810624113178225580e-01,9.591812449735214186e-01
3.141731241350402548e-02,2.917321866968231037e-01,9.559839348680511106e-01
3.160375557487325043e-02,3.024930890737868028e-01,9.526274894711793673e-01
3.178831221092683762e-02,3.133419346505645353e-01,9.491081788691012600e-01
3.197080376097088256e-02,3.242752952898475538e-01,9.454223397887103753e-01
3.215104743011215627e-02,3.352894946283124789e-01,9.415663890247131240e-01
3.232885646322991580e-02,3.463806049631776296e-01,9.375368374336674471e-01
3.250404045360400646e-02,3.575444449896441057e-01,9.333303044534865256e-01
3.267640568689165331e-02,3.687765784663486479e-01,9.289435330987769746e-01
3.284575552090083367e-02,3.800723138847096894e-01,9.243734053739235401e-01
3.301189080133545145e-02,3.914267052158346694e-01,9.196169580372018926e-01
3.317461031338583832e-02,4.028345538053994535e-01,9.146713986404951813e-01
3.333371126871017415e-02,4.142904114825407547e-01,9.095341217605205086e-01
3.348898982699950733e-02,4.257885849432794245e-01,9.042027253289867117e-01
3.364024165094404994e-02,4.373231414622726354e-01,8.986750269609338204e-01
3.378726249302527879e-02,4.488879159787644291e-01,8.929490801728109384e-01
3.392984881215040799e-02,4.604765195934698019e-01,8.870231903747891611e-01
3.406779841772879930e-02,4.720823495028133587e-01,8.808959305155590336e-01
3.420091113836899038e-02,4.836986003855043292e-01,8.745661562525784971e-01
3.432898951195619691e-02,4.953182772439394532e-01,8.680330205166066904e-01
3.445183949346103391e-02,5.069342096894980942e-01,8.612959873365257923e-01
3.456927117643680131e-02,5.185390676465519988e-01,8.543548447890809694e-01
3.468109952379375832e-02,5.301253784351331877e-01,8.472097169383904225e-01
3.478714510310084579e-02,5.416855451768560759e-01,8.398610746320060993e-01
3.488723482136710241e-02,5.532118664531069374e-01,8.323097450240437567e-01
3.498120265400327111e-02,5.646965571289099817e-01,8.245569197015056861e-01
3.506889036246620128e-02,5.761317702405160945e-01,8.166041612974271890e-01
3.515014819495122789e-02,5.875096198298990213e-01,8.084534084838781443e-01
3.522483556442645297e-02,5.988222045952497075e-01,8.001069792491151134e-01
3.529282169830218890e-02,6.100616322135092862e-01,7.915675723762063409e-01
3.535398625410297174e-02,6.212200441792379291e-01,7.828382670551372602e-01
3.540821989566000916e-02,6.322896409939287032e-01,7.739225205765687399e-01
3.545542482457023775e-02,6.432627075314885090e-01,7.648241640728722368e-01
3.549551526197276125e-02,6.541316383992122896e-01,7.555473962905630003e-01
3.552841787607261687e-02,6.648889631093589658e-01,7.460967753975249472e-01
3.555407215129127024e-02,6.755273708745341832e-01,7.364772088481763568e-01
3.557243069543738340e-02,6.860397348405781193e-01,7.266939413496493749e-01
3.558345948186295016e-02,6.964191355736034650e-01,7.167525409918108492e-01
3.558713802419122274e-02,7.066588836232257087e-01,7.066588836232257087e-01
3.558345948186295016e-02,7.167525409918108492e-01,6.964191355736034650e-01
3.557243069543738340e-02,7.266939413496493749e-01,6.860397348405781193e-01
3.555407215129127024e-02,7.364772088481763568e-01,6.755273708745341832e-01
3.552841787607261687e-02,7.460967753975249472e-01,6.648889631093589658e-01
3.549551526197276125e-02,7.555473962905630003e-01,6.541316383992122896e-01
3.540821989566000916e-02,7.739225205765687399e-01,6.322896409939287032e-01
3.535398625410297174e-02,7.828382670551372602e-01,6.212200441792379291e-01
3.529282169830218890e-02,7.915675723762063409e-01,6.100616322135092862e-01
3.522483556442645297e-02,8.001069792491151134e-01,5.988222045952497075e-01
3.515014819495122789e-02,8.084534084838781443e-01,5.875096198298990213e-01
3.506889036246620128e-02,8.166041612974271890e-01,5.761317702405160945e-01
3.498120265400327111e-02,8.245569197015056861e-01,5.646965571289099817e-01
3.488723482136710241e-02,8.323097450240437567e-01,5.532118664531069374e-01
3.478714510310084579e-02,8.398610746320060993e-01,5.416855451768560759e-01
3.468109952379375832e-02,8.472097169383904225e-01,5.301253784351331877e-01
3.456927117643680131e-02,8.543548447890809694e-01,5.185390676465519988e-01
3.445183949346103391e-02,8.612959873365257923e-01,5.069342096894980942e-01
3.432898951195619691e-02,8.680330205166066904e-01,4.953182772439394532e-01
3.420091113836899038e-02,8.745661562525784971e-01,4.836986003855043292e-01
3.406779841772879930e-02,8.808959305155590336e-01,4.720823495028133587e-01
3.392984881215040799e-02,8.870231903747891611e-01,4.604765195934698019e-01
3.378726249302527879e-02,8.929490801728109384e-01,4.488879159787644291e-01
3.364024165094404994e-02,8.986750269609338204e-01,4.373231414622726354e-01
3.348898982699950733e-02,9.042027253289867117e-01,4.257885849432794245e-01
3.333371126871017415e-02,9.095341217605205086e-01,4.142904114825407547e-01
3.317461031338583832e-02,9.146713986404951813e-01,4.028345538053994535e-01
3.301189080133545145e-02,9.196169580372018926e-01,3.914267052158346694e-01
3.284575552090083367e-02,9.243734053739235401e-01,3.800723138847096894e-01
3.267640568689165331e-02,9.289435330987769746e-01,3.687765784663486479e-01
3.250404045360400646e-02,9.333303044534865256e-01,3.575444449896441057e-01
3.232885646322991580e-02,9.375368374336674471e-01,3.463806049631776296e-01
3.215104743011215627e-02,9.415663890247131240e-01,3.352894946283124789e-01
3.197080376097088256e-02,9.454223397887103753e-01,3.242752952898475538e-01
3.178831221092683762e-02,9.491081788691012600e-01,3.133419346505645353e-01
3.160375557487325043e-02,9.526274894711793673e-01,3.024930890737868028e-01
3.141731241350402548e-02,9.559839348680511106e-01,2.917321866968231037e-01
3.122915681309139727e-02,9.591812449735214186e-01,2.810624113178225580e-01
3.103945817791997977e-02,9.622232035155193763e-01,2.704867069790169443e-01
3.084838105412729403e-02,9.651136358362681911e-01,2.600077831705014941e-01
3.065608498357022191e-02,9.678563973384313179e-01,2.496281205805003789e-01
3.046272438623321907e-02,9.704553625900010916e-01,2.393499773204038616e-01
3.026844846961434035e-02,9.729144150947467429e-01,2.291753955556514455e-01
3.007340116346833916e-02,9.752374377296161301e-01,2.191062084766979001e-01
2.987772107825021131e-02,9.774283038456140771e-01,2.091440475477514827e-01
2.968154148558553238e-02,9.794908690243225857e-01,1.992903499746457308e-01
2.948499031909392748e-02,9.814289634784121308e-01,1.895463663370323959e-01
2.928819019390717024e-02,9.832463850811692385e-01,1.799131683340011723e-01
2.909125844325150673e-02,9.849468930072295958e-01,1.703916565961874074e-01
2.889430717050338326e-02,9.865342019643297267e-01,1.609825685213759905e-01
2.869744331517667599e-02,9.880119769939399443e-01,1.516864860945053017e-01
2.850076873135650585e-02,9.893838288170900830e-01,1.425038436567825084e-01
2.830438027715780416e-02,9.906533097005232325e-01,1.334349355923153679e-01
2.810836991385505176e-02,9.918239098174568280e-01,1.244799239042152367e-01
2.791282481340106106e-02,9.928990540766948758e-01,1.156388456555186850e-01
2.771782747312707615e-02,9.938820993935566506e-01,1.069116202534901583e-01
2.752345583649170799e-02,9.947763323760574483e-01,9.829805655889894966e-02
2.732978341882237594e-02,9.955849673999579430e-01,8.979785980470209039e-02
2.713687943706846739e-02,9.963111450466566321e-01,8.141063831120540217e-02
2.694480894266005830e-02,9.969579308784222160e-01,7.313590998722016567e-02
2.675363295663903476e-02,9.975283145261125695e-01,6.497310860898050655e-02
2.656340860630045445e-02,9.980252090652885766e-01,5.692158987064382947e-02
2.637418926265030356e-02,9.984514506574757586e-01,4.898063720206484450e-02
2.618602467805154765e-02,9.988097984342519942e-01,4.114946735122386456e-02
2.599896112349305705e-02,9.991029346028046376e-01,3.342723573020536104e-02
2.581304152497521445e-02,9.993334647526118664e-01,2.581304152497521445e-02
2.562830559856237381e-02,9.995039183439325958e-01,1.830593257040169508e-02
2.544478998370496708e-02,9.996167493598380194e-01,1.090490999301641471e-02
2.526252837448340893e-02,9.996743371045577753e-01,3.608932624926201090e-03
3.270954409296828597e-02,3.634393788107587522e-03,9.994582917295865565e-01
3.294714575223707531e-02,1.098238191741235728e-02,9.993967544845244744e-01
3.342723573020536104e-02,2.599896112349305705e-02,9.991029346028046376e-01
3.366963076383178155e-02,3.366963076383178155e-02,9.988657126603427416e-01
3.391352358489169161e-02,4.144986215931206752e-02,9.985648611106997530e-01
3.415885720578751977e-02,4.934057151947086189e-02,9.981977161246797792e-01
3.440557017751302848e-02,5.734261696252171414e-02,9.977615351478777983e-01
3.465359640690461596e-02,6.545679321304205545e-02,9.972534965986994404e-01
3.490286497274989325e-02,7.368382605358310411e-02,9.966706997774136267e-01
3.515329994144657244e-02,8.202436653004199774e-02,9.960101650076529367e-01
3.540482018298643507e-02,9.047898491207645444e-02,9.952688340328409433e-01
3.565733918812491465e-02,9.904816441145808392e-02,9.944435706910391692e-01
3.591076488768711605e-02,1.077322946630613482e-01,9.935311618926768729e-01
3.616499947505499163e-02,1.165316649751771821e-01,9.925283189265091677e-01
3.641993923297742047e-02,1.254464573580333364e-01,9.914316791199407897e-01
3.667547436594542631e-02,1.344767393417999057e-01,9.902378078805265105e-01
3.693148883947656308e-02,1.436224565979644374e-01,9.889432011459836636e-01
3.718786022775623368e-02,1.528834253807756227e-01,9.875442882704155156e-01
3.744445957118733986e-02,1.622593248084784889e-01,9.860374353745999798e-01
3.770115124550286329e-02,1.717496890072908178e-01,9.844189491881303322e-01
3.795779284419664029e-02,1.813538991444950677e-01,9.826850814108685217e-01
3.821423507612511233e-02,1.910711753806255409e-01,9.808320336205444967e-01
3.847032168022476023e-02,2.009005687745070989e-01,9.788559627523856221e-01
3.872588935937516103e-02,2.108409531788203173e-01,9.767529871753513060e-01
3.898076773551339275e-02,2.208910171679092371e-01,9.745191933878348811e-01
3.923477932817048819e-02,2.310492560436706588e-01,9.721506433535577196e-01
3.948773955865166052e-02,2.413139639695379146e-01,9.696433824957796377e-01
3.973945678211741883e-02,2.516832262867436665e-01,9.669934483648572332e-01
3.998973234983923403e-02,2.621549120711683112e-01,9.641968799905682452e-01
4.023836070389853747e-02,2.727266669930901166e-01,9.612497279264650141e-01
4.048512950656972531e-02,2.833959065459880633e-01,9.581480649888167722e-01
4.072981980657197632e-02,2.941598097141309154e-01,9.548879976874097286e-01
4.097220624429044611e-02,3.050153131519399707e-01,9.514656783396336914e-01
4.121205729795070216e-02,3.159591059509553879e-01,9.478773178528661081e-01
4.144913557257962761e-02,3.269876250725726186e-01,9.441191991532025263e-01
4.168319813339901175e-02,3.380970515264586362e-01,9.401876912311110113e-01
4.191399688507294746e-02,3.492833073756079210e-01,9.360792637666291993e-01
4.214127899796586002e-02,3.605420536492634498e-01,9.317905022883562483e-01
4.236478738226340246e-02,3.718686892443120451e-01,9.273181238117654823e-01
4.258426121046393620e-02,3.832583508941754258e-01,9.226589928933852658e-01
4.279943648836368603e-02,3.947059142815761978e-01,9.178101380282435162e-01
4.301004667423592720e-02,4.062059963677837615e-01,9.127687683087847281e-01
4.321582334544578352e-02,4.177529590059759212e-01,9.075322902543615511e-01
4.341649691125008814e-02,4.293409139001397312e-01,9.020983247115296200e-01
4.361179737001112666e-02,4.409637289634458779e-01,8.964647237168954508e-01
4.380145510850845525e-02,4.526150361212540885e-01,8.906295872063386687e-01
4.398520174047065856e-02,4.642882405938569268e-01,8.845912794472432505e-01
4.416277098087652980e-02,4.759765316827803683e-01,8.783484450640998142e-01
4.433389955199956711e-02,4.876728950719952382e-01,8.719000245226581347e-01
4.449832811660128784e-02,4.993701266418589246e-01,8.652452689339139580e-01
4.465580223312559660e-02,5.110608477791039883e-01,8.583837540367474928e-01
4.480607332722025271e-02,5.227375221509029668e-01,8.513153932171848570e-01
4.494889967342124287e-02,5.343924738951192355e-01,8.440404494231322774e-01
4.508404738039316351e-02,5.460179071625395064e-01,8.365595458361843040e-01
4.521129137273430243e-02,5.576059269303896837e-01,8.288736751667955538e-01
4.533041636203827274e-02,5.691485609900360787e-01,8.209842074458043593e-01
4.544121779966540930e-02,5.806377829957246606e-01,8.128928961940146136e-01
4.554350280352464919e-02,5.920655364458204950e-01,8.046018828622688579e-01
4.563709105110783787e-02,6.034237594535368787e-01,7.961136994471033068e-01
4.572181563105968960e-02,6.147044101509135938e-01,7.874312692015835724e-01
4.579752384571144502e-02,6.258994925580564361e-01,7.785579053770945723e-01
4.586407795725757491e-02,6.370010827396885844e-01,7.694973079495437407e-01
4.592135587061257213e-02,6.480013550630885355e-01,7.602535583023637411e-01
4.596925174644676815e-02,6.588926083657370425e-01,7.508311118586304955e-01
4.600767653846220967e-02,6.696672918376166406e-01,7.412347886752245207e-01
4.603655844962527277e-02,6.803180304222401498e-01,7.314697620329349004e-01
4.605584330281288497e-02,6.908376495421932884e-01,7.215415450774018691e-01
4.606549482214405966e-02,7.114559755864471313e-01,7.012191989593039576e-01
4.605584330281288497e-02,7.215415450774018691e-01,6.908376495421932884e-01
4.603655844962527277e-02,7.314697620329349004e-01,6.803180304222401498e-01
4.600767653846220967e-02,7.412347886752245207e-01,6.696672918376166406e-01
4.596925174644676815e-02,7.508311118586304955e-01,6.588926083657370425e-01
4.592135587061257213e-02,7.602535583023637411e-01,6.480013550630885355e-01
4.586407795725757491e-02,7.694973079495437407e-01,6.370010827396885844e-01
4.579752384571144502e-02,7.785579053770945723e-01,6.258994925580564361e-01
4.572181563105968960e-02,7.874312692015835724e-01,6.147044101509135938e-01
4.563709105110783787e-02,7.961136994471033068e-01,6.034237594535368787e-01
4.554350280352464919e-02,8.046018828622688579e-01,5.920655364458204950e-01
4.544121779966540930e-02,8.128928961940146136e-01,5.806377829957246606e-01
4.533041636203827274e-02,8.209842074458043593e-01,5.691485609900360787e-01
4.521129137273430243e-02,8.288736751667955538e-01,5.576059269303896837e-01
4.508404738039316351e-02,8.365595458361843040e-01,5.460179071625395064e-01
4.494889967342124287e-02,8.440404494231322774e-01,5.343924738951192355e-01
4.480607332722025271e-02,8.513153932171848570e-01,5.227375221509029668e-01
4.465580223312559660e-02,8.583837540367474928e-01,5.110608477791039883e-01
4.449832811660128784e-02,8.652452689339139580e-01,4.993701266418589246e-01
4.433389955199956711e-02,8.719000245226581347e-01,4.876728950719952382e-01
4.416277098087652980e-02,8.783484450640998142e-01,4.759765316827803683e-01
4.398520174047065856e-02,8.845912794472432505e-01,4.642882405938569268e-01
4.380145510850845525e-02,8.906295872063386687e-01,4.526150361212540885e-01
4.361179737001112666e-02,8.964647237168954508e-01,4.409637289634458779e-01
4.341649691125008814e-02,9.020983247115296200e-01,4.293409139001397312e-01
4.321582334544578352e-02,9.075322902543615511e-01,4.177529590059759212e-01
4.301004667423592720e-02,9.127687683087847281e-01,4.062059963677837615e-01
4.279943648836368603e-02,9.178101380282435162e-01,3.947059142815761978e-01
4.258426121046393620e-02,9.226589928933852658e-01,3.832583508941754258e-01
4.236478738226340246e-02,9.273181238117654823e-01,3.718686892443120451e-01
4.214127899796586002e-02,9.317905022883562483e-01,3.605420536492634498e-01
4.191399688507294746e-02,9.360792637666291993e-01,3.492833073756079210e-01
4.168319813339901175e-02,9.401876912311110113e-01,3.380970515264586362e-01
4.144913557257962761e-02,9.441191991532025263e-01,3.269876250725726186e-01
4.121205729795070216e-02,9.478773178528661081e-01,3.159591059509553879e-01
4.097220624429044611e-02,9.514656783396336914e-01,3.050153131519399707e-01
4.072981980657197632e-02,9.548879976874097286e-01,2.941598097141309154e-01
4.048512950656972531e-02,9.581480649888167722e-01,2.833959065459880633e-01
4.023836070389853747e-02,9.612497279264650141e-01,2.727266669930901166e-01
3.998973234983923403e-02,9.641968799905682452e-01,2.621549120711683112e-01
3.973945678211741883e-02,9.669934483648572332e-01,2.516832262867436665e-01
3.948773955865166052e-02,9.696433824957796377e-01,2.413139639695379146e-01
3.923477932817048819e-02,9.721506433535577196e-01,2.310492560436706588e-01
3.898076773551339275e-02,9.745191933878348811e-01,2.208910171679092371e-01
3.872588935937516103e-02,9.767529871753513060e-01,2.108409531788203173e-01
3.847032168022476023e-02,9.788559627523856221e-01,2.009005687745070989e-01
3.821423507612511233e-02,9.808320336205444967e-01,1.910711753806255409e-01
3.795779284419664029e-02,9.826850814108685217e-01,1.813538991444950677e-01
3.770115124550286329e-02,9.844189491881303322e-01,1.717496890072908178e-01
3.744445957118733986e-02,9.860374353745999798e-01,1.622593248084784889e-01
3.718786022775623368e-02,9.875442882704155156e-01,1.528834253807756227e-01
3.693148883947656308e-02,9.889432011459836636e-01,1.436224565979644374e-01
3.667547436594542631e-02,9.902378078805265105e-01,1.344767393417999057e-01
3.641993923297742047e-02,9.914316791199407897e-01,1.254464573580333364e-01
3.616499947505499163e-02,9.925283189265091677e-01,1.165316649751771821e-01
3.591076488768711605e-02,9.935311618926768729e-01,1.077322946630613482e-01
3.565733918812491465e-02,9.944435706910391692e-01,9.904816441145808392e-02
3.540482018298643507e-02,9.952688340328409433e-01,9.047898491207645444e-02
3.515329994144657244e-02,9.960101650076529367e-01,8.202436653004199774e-02
3.490286497274989325e-02,9.966706997774136267e-01,7.368382605358310411e-02
3.465359640690461596e-02,9.972534965986994404e-01,6.545679321304205545e-02
3.440557017751302848e-02,9.977615351478777983e-01,5.734261696252171414e-02
3.415885720578751977e-02,9.981977161246797792e-01,4.934057151947086189e-02
3.391352358489169161e-02,9.985648611106997530e-01,4.144986215931206752e-02
3.366963076383178155e-02,9.988657126603427416e-01,3.366963076383178155e-02
3.342723573020536104e-02,9.991029346028046376e-01,2.599896112349305705e-02
3.294714575223707531e-02,9.993967544845244744e-01,1.098238191741235728e-02
3.270954409296828597e-02,9.994582917295865565e-01,3.634393788107587522e-03
4.026010194675922610e-02,3.660009267887202097e-03,9.991825301332062370e-01
4.055452841268637754e-02,1.106032593073264826e-02,9.991161090761826458e-01
4.085100232919811752e-02,1.856863742236277912e-02,9.989926933231175754e-01
4.114946735122386456e-02,2.618602467805154765e-02,9.988097984342519942e-01
4.144986215931206752e-02,3.391352358489169161e-02,9.985648611106997530e-01
4.175212023555773672e-02,4.175212023555773672e-02,9.982552383592440126e-01
4.205616963600584957e-02,4.970274593346146047e-02,9.978782068179570253e-01
4.236193276014992709e-02,5.776627194565899653e-02,9.974309622617120175e-01
4.266932611823347904e-02,6.594350400090628894e-02,9.969106193078185463e-01
4.297826009715640522e-02,7.423517653145196571e-02,9.963142113431712188e-01
4.328863872588914474e-02,8.264194665851563870e-02,9.956386906954503013e-01
4.360035944140351616e-02,9.116438792293463100e-02,9.948809290720257437e-01
4.391331285624176101e-02,9.980298376418582362e-02,9.940377182912908394e-01
4.422738252896235567e-02,1.085581207529075914e-01,9.931057713321547187e-01
4.454244473882408573e-02,1.174300815841725909e-01,9.920817237283546808e-01
4.485836826619620660e-02,1.264190378410983973e-01,9.909621353350617223e-01
4.517501418031317356e-02,1.355250425409395276e-01,9.897434924959522817e-01
4.549223563612509597e-02,1.447480224785798464e-01,9.884222106394452423e-01
4.580987768212990696e-02,1.540877703853460456e-01,9.869946373331625056e-01
4.612777708120763959e-02,1.635439369242816243e-01,9.854570558257995661e-01
4.644576214661079450e-02,1.731160225464584146e-01,9.838056891054831610e-01
4.676365259539530528e-02,1.828033692365452767e-01,9.820367045033013831e-01
4.708125942170176409e-02,1.926051521796890431e-01,9.801462188699731071e-01
4.739838479241497565e-02,2.025203713857730847e-01,9.781303043525636509e-01
4.771482196783832785e-02,2.125478433112798216e-01,9.759849947966930950e-01
4.803035525011580681e-02,2.226861925232641870e-01,9.737062927978021865e-01
4.834475996221529459e-02,2.329338434543100356e-01,9.712901774226890828e-01
4.865780246034969586e-02,2.432890123017484862e-01,9.687326126196894593e-01
4.896924018275330276e-02,2.537496991288125670e-01,9.660295563324969859e-01
4.927882173774691260e-02,2.643136802297334498e-01,9.631769703286896522e-01
4.958628703401286170e-02,2.749785008249804319e-01,9.601708307495218087e-01
4.989136745595624395e-02,2.857414681568402615e-01,9.570071393824333139e-01
5.019378608694858440e-02,2.965996450592416345e-01,9.536819356520230828e-01
5.049325798313063218e-02,3.075498440790683796e-01,9.501913093189128245e-01
5.078949050028910145e-02,3.185886222290861824e-01,9.465314138690240631e-01
5.108218367611505606e-02,3.297122764549244578e-01,9.426984805683050750e-01
5.137103066989617828e-02,3.409168399002200922e-01,9.386888331499210203e-01
5.165571826138952438e-02,3.521980790549285589e-01,9.344989030924104600e-01
5.193592741026430842e-02,3.635514918718501520e-01,9.301252454383699408e-01
5.221133387709419454e-02,3.749723069354946592e-01,9.255645550939425314e-01
5.248160890641619114e-02,3.864554837654283204e-01,9.208136835398477160e-01
5.274641997185956083e-02,3.979957143331221414e-01,9.158696558750160088e-01
5.300543158278465949e-02,4.095874258669723877e-01,9.107296881042091785e-01
5.325830615126241757e-02,4.212247850145300343e-01,9.053912045714610501e-01
5.350470491757387120e-02,4.329017034240068007e-01,8.998518554319242524e-01
5.374428893172270016e-02,4.446118447987968958e-01,8.941095340459321861e-01
5.397672008773797547e-02,4.563486334690574631e-01,8.881623941709612113e-01
5.420166220680887326e-02,4.681052645133493839e-01,8.820088668198898807e-01
5.441878216454727746e-02,4.798747154510077939e-01,8.756476766477152562e-01
5.462775105692866534e-02,4.916497595123579534e-01,8.690778577238650326e-01
5.482824539872917929e-02,5.034229804792406116e-01,8.622987685436498406e-01
5.501994834756956249e-02,5.151867890726968824e-01,8.553101061303995944e-01
5.520255094600868412e-02,5.269334408482647669e-01,8.481119190795879392e-01
5.537575337351429566e-02,5.386550555423663678e-01,8.407046193978988669e-01
5.553926619959105582e-02,5.503436377959477488e-01,8.330889929938658511e-01
5.569281162887886050e-02,5.619910991641412501e-01,8.252662086824776866e-01
5.583612472866148618e-02,5.735892813035224913e-01,8.172378255740453401e-01
5.596895462895946916e-02,5.851299802118490323e-01,8.090057987276868534e-01
5.609106568523083980e-02,5.966049713792734854e-01,8.005724829619310645e-01
5.620223859368039115e-02,6.080060356952696754e-01,7.919406347291327863e-01
5.630227144928717786e-02,6.193249859421590120e-01,7.831134119764490142e-01
5.639098073690695240e-02,6.305536936945049797e-01,7.740943719339045126e-01
5.646820224619213124e-02,6.416841164340014725e-01,7.648874667893297286e-01
5.658762649939094724e-02,6.636185289474029192e-01,7.459278038556078627e-01
5.662960434440041102e-02,6.744071062833140173e-01,7.361848564772053294e-01
5.665964578007984948e-02,6.850666262500563208e-01,7.262736413628416710e-01
5.667769360654985322e-02,6.955898760803845837e-01,7.161999464827663031e-01
5.668371338231431578e-02,7.059698848524600390e-01,7.059698848524600390e-01
5.667769360654985322e-02,7.161999464827663031e-01,6.955898760803845837e-01
5.665964578007984948e-02,7.262736413628416710e-01,6.850666262500563208e-01
5.662960434440041102e-02,7.361848564772053294e-01,6.744071062833140173e-01
5.658762649939094724e-02,7.459278038556078627e-01,6.636185289474029192e-01
5.653379190159657508e-02,7.554970372304269377e-01,6.527083246820695184e-01
5.646820224619213124e-02,7.648874667893297286e-01,6.416841164340014725e-01
5.639098073690695240e-02,7.740943719339045126e-01,6.305536936945049797e-01
5.630227144928717786e-02,7.831134119764490142e-01,6.193249859421590120e-01
5.620223859368039115e-02,7.919406347291327863e-01,6.080060356952696754e-01
5.609106568523083980e-02,8.005724829619310645e-01,5.966049713792734854e-01
5.596895462895946916e-02,8.090057987276868534e-01,5.851299802118490323e-01
5.583612472866148618e-02,8.172378255740453401e-01,5.735892813035224913e-01
5.569281162887886050e-02,8.252662086824776866e-01,5.619910991641412501e-01
5.553926619959105582e-02,8.330889929938658511e-01,5.503436377959477488e-01
5.537575337351429566e-02,8.407046193978988669e-01,5.386550555423663678e-01
5.520255094600868412e-02,8.481119190795879392e-01,5.269334408482647669e-01
5.501994834756956249e-02,8.553101061303995944e-01,5.151867890726968824e-01
5.482824539872917929e-02,8.622987685436498406e-01,5.034229804792406116e-01
5.462775105692866534e-02,8.690778577238650326e-01,4.916497595123579534e-01
5.441878216454727746e-02,8.756476766477152562e-01,4.798747154510077939e-01
5.420166220680887326e-02,8.820088668198898807e-01,4.681052645133493839e-01
5.397672008773797547e-02,8.881623941709612113e-01,4.563486334690574631e-01
5.374428893172270016e-02,8.941095340459321861e-01,4.446118447987968958e-01
5.350470491757387120e-02,8.998518554319242524e-01,4.329017034240068007e-01
5.325830615126241757e-02,9.053912045714610501e-01,4.212247850145300343e-01
5.300543158278465949e-02,9.107296881042091785e-01,4.095874258669723877e-01
5.274641997185956083e-02,9.158696558750160088e-01,3.979957143331221414e-01
5.248160890641619114e-02,9.208136835398477160e-01,3.864554837654283204e-01
5.221133387709419454e-02,9.255645550939425314e-01,3.749723069354946592e-01
5.193592741026430842e-02,9.301252454383699408e-01,3.635514918718501520e-01
5.165571826138952438e-02,9.344989030924104600e-01,3.521980790549285589e-01
5.137103066989617828e-02,9.386888331499210203e-01,3.409168399002200922e-01
5.108218367611505606e-02,9.426984805683050750e-01,3.297122764549244578e-01
5.078949050028910145e-02,9.465314138690240631e-01,3.185886222290861824e-01
5.049325798313063218e-02,9.501913093189128245e-01,3.075498440790683796e-01
5.019378608694858440e-02,9.536819356520230828e-01,2.965996450592416345e-01
4.989136745595624395e-02,9.570071393824333139e-01,2.857414681568402615e-01
4.958628703401286170e-02,9.601708307495218087e-01,2.749785008249804319e-01
4.927882173774691260e-02,9.631769703286896522e-01,2.643136802297334498e-01
4.896924018275330276e-02,9.660295563324969859e-01,2.537496991288125670e-01
4.865780246034969586e-02,9.687326126196894593e-01,2.432890123017484862e-01
4.834475996221529459e-02,9.712901774226890828e-01,2.329338434543100356e-01
4.803035525011580681e-02,9.737062927978021865e-01,2.226861925232641870e-01
4.771482196783832785e-02,9.759849947966930950e-01,2.125478433112798216e-01
4.739838479241497565e-02,9.781303043525636509e-01,2.025203713857730847e-01
4.708125942170176409e-02,9.801462188699731071e-01,1.926051521796890431e-01
4.676365259539530528e-02,9.820367045033013831e-01,1.828033692365452767e-01
4.644576214661079450e-02,9.838056891054831610e-01,1.731160225464584146e-01
4.612777708120763959e-02,9.854570558257995661e-01,1.635439369242816243e-01
4.580987768212990696e-02,9.869946373331625056e-01,1.540877703853460456e-01
4.549223563612509597e-02,9.884222106394452423e-01,1.447480224785798464e-01
4.517501418031317356e-02,9.897434924959522817e-01,1.355250425409395276e-01
4.485836826619620660e-02,9.909621353350617223e-01,1.264190378410983973e-01
4.454244473882408573e-02,9.920817237283546808e-01,1.174300815841725909e-01
4.422738252896235567e-02,9.931057713321547187e-01,1.085581207529075914e-01
4.391331285624176101e-02,9.940377182912908394e-01,9.980298376418582362e-02
4.360035944140351616e-02,9.948809290720257437e-01,9.116438792293463100e-02
4.328863872588914474e-02,9.956386906954503013e-01,8.264194665851563870e-02
4.297826009715640522e-02,9.963142113431712188e-01,7.423517653145196571e-02
4.266932611823347904e-02,9.969106193078185463e-01,6.594350400090628894e-02
4.205616963600584957e-02,9.978782068179570253e-01,4.970274593346146047e-02
4.175212023555773672e-02,9.982552383592440126e-01,4.175212023555773672e-02
4.144986215931206752e-02,9.985648611106997530e-01,3.391352358489169161e-02
4.114946735122386456e-02,9.988097984342519942e-01,2.618602467805154765e-02
4.085100232919811752e-02,9.989926933231175754e-01,1.856863742236277912e-02
4.055452841268637754e-02,9.991161090761826458e-01,1.106032593073264826e-02
4.026010194675922610e-02,9.991825301332062370e-01,3.660009267887202097e-03
4.791505527536770587e-02,3.685773482720592926e-03,9.988446138172807354e-01
4.826780729571435863e-02,1.113872476054946631e-02,9.987723201959355368e-01
4.862302418358675771e-02,1.870116314753336728e-02,9.986421120782819072e-01
4.898063720206484450e-02,2.637418926265030356e-02,9.984514506574757586e-01
4.934057151947086189e-02,3.415885720578751977e-02,9.981977161246797792e-01
4.970274593346146047e-02,4.205616963600584957e-02,9.978782068179570253e-01
5.006707259080642181e-02,5.006707259080642181e-02,9.974901385399125298e-01
5.043345670363359734e-02,5.819245004265415078e-02,9.970306440641411028e-01
5.080179626303129442e-02,6.643311819011783748e-02,9.964967728517676315e-01
5.117198175101841939e-02,7.478981948225768561e-02,9.958854910005892069e-01
5.154389585201958612e-02,8.326321637633933570e-02,9.951936814505321083e-01
5.191741316511649940e-02,9.185388483059073184e-02,9.944181444703084072e-01
5.229239991848863567e-02,1.005623075355550622e-01,9.935555984512840499e-01
5.266871368760414618e-02,1.093888668896393773e-01,9.926026810356165520e-01
5.304620311887640188e-02,1.183338377267242891e-01,9.915559506066896622e-01
5.342470766066121507e-02,1.273973798061921181e-01,9.904118881707194566e-01
5.380405730363359978e-02,1.365795300784545252e-01,9.891668996591100882e-01
5.418407233275054219e-02,1.458801947420206857e-01,9.878173186816828766e-01
5.456456309317465198e-02,1.552991411113432418e-01,9.863594097612340406e-01
5.494532977270296520e-02,1.648359893181089164e-01,9.847893720799839601e-01
5.532616220341177171e-02,1.744902038722986604e-01,9.831033437683168730e-01
5.570683968539134195e-02,1.842610851132175098e-01,9.812974067657397326e-01
5.608713083560049051e-02,1.941477605847709287e-01,9.793675922831778236e-01
5.646679346501705388e-02,2.041491763735232001e-01,9.773098868945259143e-01
5.684557448739425978e-02,2.142640884524860401e-01,9.751202392837630128e-01
5.722320986305007989e-02,2.244910540781195341e-01,9.727945676718513512e-01
5.759942458121440623e-02,2.348284232926433623e-01,9.703287679450735004e-01
5.797393268453198550e-02,2.452743305884045599e-01,9.677187225033415663e-01
5.834643733936462073e-02,2.558266867956756618e-01,9.649603098433380266e-01
5.871663095554877781e-02,2.664831712597983127e-01,9.620494148870684104e-01
5.908419535924044202e-02,2.772412243779743823e-01,9.589819400615179346e-01
5.944880202241321215e-02,2.880980405701563107e-01,9.557538171295661966e-01
5.981011235246373042e-02,2.990505617623186452e-01,9.523610197661531718e-01
6.016777804521583617e-02,3.100954714638047283e-01,9.487995768668651131e-01
6.052144150439827536e-02,3.212291895233447270e-01,9.450655865686807822e-01
6.087073633039512960e-02,3.324478676506195662e-01,9.411552309545708761e-01
6.121528788073164057e-02,3.437473857918007525e-01,9.370647914050458382e-01
6.155471390435727358e-02,3.551233494482150532e-01,9.327906645506448546e-01
6.188862525132136222e-02,3.665710880270572902e-01,9.283293787698204680e-01
6.221662665890360933e-02,3.780856543117988577e-01,9.236776111667996947e-01
6.253831761466273342e-02,3.896618251375139619e-01,9.188322049538909519e-01
6.285329329620323313e-02,4.012941033526821744e-01,9.137901871524931607e-01
6.316114558673488477e-02,4.129767211440357744e-01,9.085487865168786481e-01
6.346146416471881713e-02,4.247036447946567206e-01,9.031054515748446754e-01
6.375383766506151351e-02,4.364685809377288339e-01,8.974578686697121110e-01
6.403785490844382533e-02,4.482649843591067218e-01,8.916039798791024484e-01
6.431310619446496679e-02,4.600860673911724152e-01,8.855420006776330011e-01
6.457918465335266145e-02,4.719248109283463721e-01,8.792704372033400828e-01
6.483568765005306989e-02,4.837739770811652074e-01,8.727881029814836822e-01
6.508221823358331659e-02,4.956261234711344388e-01,8.660941349546087409e-01
6.531838662361899583e-02,5.074736191527322582e-01,8.591880086645268255e-01
6.554381172541835776e-02,5.193086621321608698e-01,8.520695524304385815e-01
6.575812266336858447e-02,5.311232984349001374e-01,8.447389603678887582e-01
6.596096032269832543e-02,5.429094426560554520e-01,8.371968040957864510e-01
6.615197888824986272e-02,5.546588999091719430e-01,8.294440429834406547e-01
6.633084736866259878e-02,5.663633890708883456e-01,8.214820327965137725e-01
6.649725109390317024e-02,5.780145672008506486e-01,8.133125326100464347e-01
6.665089317380028244e-02,5.896040549990024804e-01,8.049377098682033438e-01
6.679149590511888890e-02,6.011234631460700140e-01,7.963601434841097726e-01
6.703257642677572237e-02,6.239185959722971520e-01,7.786091569571642612e-01
6.713260644164853463e-02,6.351777378709823063e-01,7.694429507542794866e-01
6.721870381609440503e-02,6.463336905393692877e-01,7.600884200742983321e-01
6.729070523332053577e-02,6.573784280485929221e-01,7.505501737562674247e-01
6.734847325381791705e-02,6.683040807494239344e-01,7.408332057919969627e-01
6.739189703819921384e-02,6.791029624618536431e-01,7.309428832604684123e-01
6.742089293468195299e-02,6.897675969471307456e-01,7.208849321477532879e-01
6.743540492514994711e-02,7.002907434534801911e-01,7.106654211342725569e-01
6.743540492514994711e-02,7.106654211342725569e-01,7.002907434534801911e-01
6.742089293468195299e-02,7.208849321477532879e-01,6.897675969471307456e-01
6.739189703819921384e-02,7.309428832604684123e-01,6.791029624618536431e-01
6.734847325381791705e-02,7.408332057919969627e-01,6.683040807494239344e-01
6.729070523332053577e-02,7.505501737562674247e-01,6.573784280485929221e-01
6.721870381609440503e-02,7.600884200742983321e-01,6.463336905393692877e-01
6.713260644164853463e-02,7.694429507542794866e-01,6.351777378709823063e-01
6.703257642677572237e-02,7.786091569571642612e-01,6.239185959722971520e-01
6.691880211474660056e-02,7.875828248889408245e-01,6.125644193580650487e-01
6.679149590511888890e-02,7.963601434841097726e-01,6.011234631460700140e-01
6.665089317380028244e-02,8.049377098682033438e-01,5.896040549990024804e-01
6.649725109390317024e-02,8.133125326100464347e-01,5.780145672008506486e-01
6.633084736866259878e-02,8.214820327965137725e-01,5.663633890708883456e-01
6.615197888824986272e-02,8.294440429834406547e-01,5.546588999091719430e-01
6.596096032269832543e-02,8.371968040957864510e-01,5.429094426560554520e-01
6.575812266336858447e-02,8.447389603678887582e-01,5.311232984349001374e-01
6.554381172541835776e-02,8.520695524304385815e-01,5.193086621321608698e-01
6.531838662361899583e-02,8.591880086645268255e-01,5.074736191527322582e-01
6.508221823358331659e-02,8.660941349546087409e-01,4.956261234711344388e-01
6.483568765005306989e-02,8.727881029814836822e-01,4.837739770811652074e-01
6.457918465335266145e-02,8.792704372033400828e-01,4.719248109283463721e-01
6.431310619446496679e-02,8.855420006776330011e-01,4.600860673911724152e-01
6.403785490844382533e-02,8.916039798791024484e-01,4.482649843591067218e-01
6.375383766506151351e-02,8.974578686697121110e-01,4.364685809377288339e-01
6.346146416471881713e-02,9.031054515748446754e-01,4.247036447946567206e-01
6.316114558673488477e-02,9.085487865168786481e-01,4.129767211440357744e-01
6.285329329620323313e-02,9.137901871524931607e-01,4.012941033526821744e-01
6.253831761466273342e-02,9.188322049538909519e-01,3.896618251375139619e-01
6.221662665890360933e-02,9.236776111667996947e-01,3.780856543117988577e-01
6.188862525132136222e-02,9.283293787698204680e-01,3.665710880270572902e-01
6.155471390435727358e-02,9.327906645506448546e-01,3.551233494482150532e-01
6.121528788073164057e-02,9.370647914050458382e-01,3.437473857918007525e-01
6.087073633039512960e-02,9.411552309545708761e-01,3.324478676506195662e-01
6.052144150439827536e-02,9.450655865686807822e-01,3.212291895233447270e-01
6.016777804521583617e-02,9.487995768668651131e-01,3.100954714638047283e-01
5.981011235246373042e-02,9.523610197661531718e-01,2.990505617623186452e-01
5.944880202241321215e-02,9.557538171295661966e-01,2.880980405701563107e-01
5.908419535924044202e-02,9.589819400615179346e-01,2.772412243779743823e-01
5.871663095554877781e-02,9.620494148870684104e-01,2.664831712597983127e-01
5.834643733936462073e-02,9.649603098433380266e-01,2.558266867956756618e-01
5.797393268453198550e-02,9.677187225033415663e-01,2.452743305884045599e-01
5.759942458121440623e-02,9.703287679450735004e-01,2.348284232926433623e-01
5.722320986305007989e-02,9.727945676718513512e-01,2.244910540781195341e-01
5.684557448739425978e-02,9.751202392837630128e-01,2.142640884524860401e-01
5.646679346501705388e-02,9.773098868945259143e-01,2.041491763735232001e-01
5.608713083560049051e-02,9.793675922831778236e-01,1.941477605847709287e-01
5.570683968539134195e-02,9.812974067657397326e-01,1.842610851132175098e-01
5.532616220341177171e-02,9.831033437683168730e-01,1.744902038722986604e-01
5.494532977270296520e-02,9.847893720799839601e-01,1.648359893181089164e-01
5.456456309317465198e-02,9.863594097612340406e-01,1.552991411113432418e-01
5.418407233275054219e-02,9.878173186816828766e-01,1.458801947420206857e-01
5.380405730363359978e-02,9.891668996591100882e-01,1.365795300784545252e-01
5.342470766066121507e-02,9.904118881707194566e-01,1.273973798061921181e-01
5.304620311887640188e-02,9.915559506066896622e-01,1.183338377267242891e-01
5.266871368760414618e-02,9.926026810356165520e-01,1.093888668896393773e-01
5.229239991848863567e-02,9.935555984512840499e-01,1.005623075355550622e-01
5.191741316511649940e-02,9.944181444703084072e-01,9.185388483059073184e-02
5.117198175101841939e-02,9.958854910005892069e-01,7.478981948225768561e-02
5.080179626303129442e-02,9.964967728517676315e-01,6.643311819011783748e-02
5.043345670363359734e-02,9.970306440641411028e-01,5.819245004265415078e-02
5.006707259080642181e-02,9.974901385399125298e-01,5.006707259080642181e-02
4.970274593346146047e-02,9.978782068179570253e-01,4.205616963600584957e-02
4.934057151947086189e-02,9.981977161246797792e-01,3.415885720578751977e-02
4.898063720206484450e-02,9.984514506574757586e-01,2.637418926265030356e-02
4.862302418358675771e-02,9.986421120782819072e-01,1.870116314753336728e-02
4.826780729571435863e-02,9.987723201959355368e-01,1.113872476054946631e-02
4.791505527536770587e-02,9.988446138172807354e-01,3.685773482720592926e-03
5.567520634483737879e-02,3.711680422989158644e-03,9.984420337840836934e-01
5.608779901133870843e-02,1.121755980226774203e-02,9.983628224018290531e-01
5.650328748829351599e-02,1.883442916276450649e-02,9.982247456265188612e-01
5.692158987064382947e-02,2.656340860630045445e-02,9.980252090652885766e-01
5.734261696252171414e-02,3.440557017751302848e-02,9.977615351478777983e-01
5.776627194565899653e-02,4.236193276014992709e-02,9.974309622617120175e-01
5.819245004265415078e-02,5.043345670363359734e-02,9.970306440641411028e-01
5.862103817605491402e-02,5.862103817605491402e-02,9.965576489929335313e-01
5.905191462435307320e-02,6.692550324093347880e-02,9.960089599974217833e-01
5.948494867613413062e-02,7.534760165643657193e-02,9.953814745139778486e-01
5.992000028378112464e-02,8.388800039729357727e-02,9.946720047107666662e-01
6.035691971829686142e-02,9.254727690138851715e-02,9.938772780279550023e-01
6.079554722698313207e-02,1.013259120449718914e-01,9.929939380407245553e-01
6.123571269589773991e-02,1.102242828526159291e-01,9.920185456735433061e-01
6.167723531919979546e-02,1.192426549504529421e-01,9.909475807951434456e-01
6.211992327769037120e-02,1.283811747738934361e-01,9.897774442245331761e-01
6.256357342905639884e-02,1.376398615439240747e-01,9.885044601790911045e-01
6.300797101253151344e-02,1.470185990292402212e-01,9.871248791963270763e-01
6.345288937089374470e-02,1.565171271148712295e-01,9.856348815612160363e-01
6.389808969292710972e-02,1.661350332016104658e-01,9.840305812710774536e-01
6.434332077967783170e-02,1.758717434644527233e-01,9.823080305697481363e-01
6.478831883803361225e-02,1.857265140023630356e-01,9.804632250822420403e-01
6.523280730534422589e-02,1.956984219160326777e-01,9.784921095801633051e-01
6.567649670897757197e-02,2.057863563547963903e-01,9.763905844067999329e-01
6.611908456486645380e-02,2.159890095785637343e-01,9.741545125890322954e-01
6.656025531923931426e-02,2.263048680854136685e-01,9.717797276608939328e-01
6.699968033784327315e-02,2.367322038603795475e-01,9.692620422207993691e-01
6.743701794704969055e-02,2.472690658058488700e-01,9.665972572410455044e-01
6.787191353128067817e-02,2.579132714188666076e-01,9.637811721441856827e-01
6.830399969120035109e-02,2.686623987853880569e-01,9.608095956562182627e-01
6.873289646707406164e-02,2.795137789661011896e-01,9.576783574412319755e-01
6.915821163160512652e-02,2.904644888527415647e-01,9.543833205161507127e-01
6.957954105640698494e-02,3.015113445777636292e-01,9.509203944375621553e-01
6.999646915605382824e-02,3.126508955637071208e-01,9.472855492452618709e-01
7.040856941336899599e-02,3.238794193014973843e-01,9.434748301391445713e-01
7.081540498925424643e-02,3.351929169491367766e-01,9.394843728574397979e-01
7.121652941992996644e-02,3.465871098436591469e-01,9.353104197150802213e-01
7.161148740394328305e-02,3.580574370197164291e-01,9.309493362512627490e-01
7.199981568070779048e-02,3.695990538276333059e-01,9.263976284251068671e-01
7.238104400166167629e-02,3.812068317420848618e-01,9.216519602878253670e-01
7.275469619437499591e-02,3.928753594496249835e-01,9.167091720491250539e-01
7.312029131910047219e-02,4.045989452990226276e-01,9.115662984447858719e-01
7.347734491635370124e-02,4.163716211926709598e-01,9.062205873016956348e-01
7.382537034313078894e-02,4.281871479901585564e-01,9.006695181861955612e-01
7.416388019433547973e-02,4.400390224863905408e-01,8.949108210116480944e-01
7.449238780490272105e-02,4.519204860164098281e-01,8.889424944718391508e-01
7.481040882698430927e-02,4.638245347273027286e-01,8.827628241584148938e-01
7.511746287542016287e-02,4.757439315443277028e-01,8.763704002132352011e-01
7.541307523357149156e-02,4.876712198437623269e-01,8.697641343605245767e-01
7.569677861045949474e-02,4.995987388290326070e-01,8.629432761592381596e-01
7.596811493905343549e-02,5.115186405896264832e-01,8.559074283133354388e-01
7.622663720450867375e-02,5.234229088042928746e-01,8.486565608768632529e-01
7.647191129018726663e-02,5.353033790313108664e-01,8.411910241920598219e-01
7.670351782842627086e-02,5.471517605094406989e-01,8.335115604022321767e-01
7.692105404227178589e-02,5.589596593738416219e-01,8.256193133870505241e-01
7.731239821413384006e-02,5.824200665464749349e-01,8.092031013079342694e-01
7.748549973024392024e-02,5.940554979318700690e-01,8.006834972125204120e-01
7.764312142306215025e-02,6.056163470998847664e-01,7.919598385152339937e-01
7.778496975218386622e-02,6.170940933673253470e-01,7.830353621719842172e-01
7.791077780229198335e-02,6.284802742718219593e-01,7.739137261694336578e-01
7.802030664724672604e-02,6.397665145074231674e-01,7.645990051430179291e-01
7.811334658849432289e-02,6.509445549041193990e-01,7.550956836887784407e-01
7.818971825544732135e-02,6.620062812294540411e-01,7.454086473685979097e-01
7.824927355667866957e-02,6.729437525874365500e-01,7.355431714327794746e-01
7.829189647214525316e-02,6.837492291900686414e-01,7.255049073085461098e-01
7.831750367819578784e-02,6.944151992800026152e-01,7.152998669275215660e-01
7.832604499879573801e-02,7.049344049891616004e-01,7.049344049891616004e-01
7.831750367819578784e-02,7.152998669275215660e-01,6.944151992800026152e-01
7.829189647214525316e-02,7.255049073085461098e-01,6.837492291900686414e-01
7.824927355667866957e-02,7.355431714327794746e-01,6.729437525874365500e-01
7.818971825544732135e-02,7.454086473685979097e-01,6.620062812294540411e-01
7.811334658849432289e-02,7.550956836887784407e-01,6.509445549041193990e-01
7.802030664724672604e-02,7.645990051430179291e-01,6.397665145074231674e-01
7.791077780229198335e-02,7.739137261694336578e-01,6.284802742718219593e-01
7.778496975218386622e-02,7.830353621719842172e-01,6.170940933673253470e-01
7.764312142306215025e-02,7.919598385152339937e-01,6.056163470998847664e-01
7.748549973024392024e-02,8.006834972125204120e-01,5.940554979318700690e-01
7.731239821413384006e-02,8.092031013079342694e-01,5.824200665464749349e-01
7.712413556379124624e-02,8.175158369761872379e-01,5.707186031720552499e-01
7.692105404227178589e-02,8.256193133870505241e-01,5.589596593738416219e-01
7.670351782842627086e-02,8.335115604022321767e-01,5.471517605094406989e-01
7.647191129018726663e-02,8.411910241920598219e-01,5.353033790313108664e-01
7.622663720450867375e-02,8.486565608768632529e-01,5.234229088042928746e-01
7.596811493905343549e-02,8.559074283133354388e-01,5.115186405896264832e-01
7.569677861045949474e-02,8.629432761592381596e-01,4.995987388290326070e-01
7.541307523357149156e-02,8.697641343605245767e-01,4.876712198437623269e-01
7.511746287542016287e-02,8.763704002132352011e-01,4.757439315443277028e-01
7.481040882698430927e-02,8.827628241584148938e-01,4.638245347273027286e-01
7.449238780490272105e-02,8.889424944718391508e-01,4.519204860164098281e-01
7.416388019433547973e-02,8.949108210116480944e-01,4.400390224863905408e-01
7.382537034313078894e-02,9.006695181861955612e-01,4.281871479901585564e-01
7.347734491635370124e-02,9.062205873016956348e-01,4.163716211926709598e-01
7.312029131910047219e-02,9.115662984447858719e-01,4.045989452990226276e-01
7.275469619437499591e-02,9.167091720491250539e-01,3.928753594496249835e-01
7.238104400166167629e-02,9.216519602878253670e-01,3.812068317420848618e-01
7.199981568070779048e-02,9.263976284251068671e-01,3.695990538276333059e-01
7.161148740394328305e-02,9.309493362512627490e-01,3.580574370197164291e-01
7.121652941992996644e-02,9.353104197150802213e-01,3.465871098436591469e-01
7.081540498925424643e-02,9.394843728574397979e-01,3.351929169491367766e-01
7.040856941336899599e-02,9.434748301391445713e-01,3.238794193014973843e-01
6.999646915605382824e-02,9.472855492452618709e-01,3.126508955637071208e-01
6.957954105640698494e-02,9.509203944375621553e-01,3.015113445777636292e-01
6.915821163160512652e-02,9.543833205161507127e-01,2.904644888527415647e-01
6.873289646707406164e-02,9.576783574412319755e-01,2.795137789661011896e-01
6.830399969120035109e-02,9.608095956562182627e-01,2.686623987853880569e-01
6.787191353128067817e-02,9.637811721441856827e-01,2.579132714188666076e-01
6.743701794704969055e-02,9.665972572410455044e-01,2.472690658058488700e-01
6.699968033784327315e-02,9.692620422207993691e-01,2.367322038603795475e-01
6.656025531923931426e-02,9.717797276608939328e-01,2.263048680854136685e-01
6.611908456486645380e-02,9.741545125890322954e-01,2.159890095785637343e-01
6.567649670897757197e-02,9.763905844067999329e-01,2.057863563547963903e-01
6.523280730534422589e-02,9.784921095801633051e-01,1.956984219160326777e-01
6.478831883803361225e-02,9.804632250822420403e-01,1.857265140023630356e-01
6.434332077967783170e-02,9.823080305697481363e-01,1.758717434644527233e-01
6.389808969292710972e-02,9.840305812710774536e-01,1.661350332016104658e-01
6.345288937089374470e-02,9.856348815612160363e-01,1.565171271148712295e-01
6.300797101253151344e-02,9.871248791963270763e-01,1.470185990292402212e-01
6.256357342905639884e-02,9.885044601790911045e-01,1.376398615439240747e-01
6.211992327769037120e-02,9.897774442245331761e-01,1.283811747738934361e-01
6.167723531919979546e-02,9.909475807951434456e-01,1.192426549504529421e-01
6.123571269589773991e-02,9.920185456735433061e-01,1.102242828526159291e-01
6.035691971829686142e-02,9.938772780279550023e-01,9.254727690138851715e-02
5.992000028378112464e-02,9.946720047107666662e-01,8.388800039729357727e-02
5.948494867613413062e-02,9.953814745139778486e-01,7.534760165643657193e-02
5.905191462435307320e-02,9.960089599974217833e-01,6.692550324093347880e-02
5.862103817605491402e-02,9.965576489929335313e-01,5.862103817605491402e-02
5.819245004265415078e-02,9.970306440641411028e-01,5.043345670363359734e-02
5.776627194565899653e-02,9.974309622617120175e-01,4.236193276014992709e-02
5.734261696252171414e-02,9.977615351478777983e-01,3.440557017751302848e-02
5.692158987064382947e-02,9.980252090652885766e-01,2.656340860630045445e-02
5.650328748829351599e-02,9.982247456265188612e-01,1.883442916276450649e-02
5.608779901133870843e-02,9.983628224018290531e-01,1.121755980226774203e-02
5.567520634483737879e-02,9.984420337840836934e-01,3.711680422989158644e-03
6.354130177492575693e-02,3.737723633819162172e-03,9.979722102297163833e-01
6.401526270370774818e-02,1.129681106536018984e-02,9.978849774401501449e-01
6.449256361604077670e-02,1.896840106354140409e-02,9.977378959422777971e-01
6.497310860898050655e-02,2.675363295663903476e-02,9.975283145261125695e-01
6.545679321304205545e-02,3.465359640690461596e-02,9.972534965986994404e-01
6.594350400090628894e-02,4.266932611823347904e-02,9.969106193078185463e-01
6.643311819011783748e-02,5.080179626303129442e-02,9.964967728517676315e-01
6.692550324093347880e-02,5.905191462435307320e-02,9.960089599974217833e-01
6.742051645064596477e-02,6.742051645064596477e-02,9.954440958301257192e-01
6.791800454588567404e-02,7.590835802187223535e-02,9.947990077603255932e-01
6.841780327459158484e-02,8.451610992743666118e-02,9.940704358131835505e-01
6.891973699954213883e-02,9.324435005820407019e-02,9.932550332286955719e-01
6.942361829554814789e-02,1.020935563169825810e-01,9.923493674010706034e-01
6.992924755262903969e-02,1.110640990541755246e-01,9.913499211872704997e-01
7.043641258772349867e-02,1.201562332378812575e-01,9.902530946156421487e-01
7.094488826772227252e-02,1.293700903705523875e-01,9.890552070264810869e-01
7.145443614685340061e-02,1.387056701674213022e-01,9.877524996770910004e-01
7.196480412169722896e-02,1.481628320152590106e-01,9.863411388444385253e-01
7.247572610735755760e-02,1.577412862336605714e-01,9.848172194587997419e-01
7.298692173856259624e-02,1.674405851649377330e-01,9.831767693018138576e-01
7.349809609971409696e-02,1.772601141228399013e-01,9.814157538020648053e-01
7.400893948813869194e-02,1.871990822347037731e-01,9.795300814606592299e-01
7.451912721502108872e-02,1.972565132162322765e-01,9.775156099382177333e-01
7.502831944870697045e-02,2.074312361228957402e-01,9.753681528331906714e-01
7.553616110525189498e-02,2.177218761269024971e-01,9.730834871794213914e-01
7.604228179125353815e-02,2.281268453737606006e-01,9.706573616883539257e-01
7.654629580413452317e-02,2.386443339775958794e-01,9.680855057581719825e-01
7.704780219513381045e-02,2.492723012195505461e-01,9.653636392684412648e-01
7.754638490031098841e-02,2.600084670186897928e-01,9.624874831744482107e-01
7.804161294486297584e-02,2.708503037498185551e-01,9.594527709103742863e-01
7.853304072598854546e-02,2.817950284873706468e-01,9.562552606046840209e-01
7.902020837940788855e-02,2.928395957589821630e-01,9.528907481046244854e-01
7.950264223444365730e-02,3.039806908964022281e-01,9.493550807995331242e-01
7.997985536229101911e-02,3.152147240749116341e-01,9.456441722247349579e-01
8.045134822174107581e-02,3.265378251353020511e-01,9.417540174192043922e-01
8.091660940616961228e-02,3.379458392845907100e-01,9.376807090009066092e-01
8.137511649505646538e-02,3.494343237728895213e-01,9.334204539138829526e-01
8.182633701265761006e-02,3.609985456440776841e-01,9.289695907907598027e-01
8.226972949570954263e-02,3.726334806570373304e-01,9.243246078635600771e-01
8.270474467120494944e-02,3.843338134720700738e-01,9.194821613445727237e-01
8.313082674433953934e-02,3.960939391936177945e-01,9.144390941877349466e-01
8.354741479569857687e-02,4.079079663554695534e-01,9.091924551296610701e-01
8.395394428563222877e-02,4.197697214281611577e-01,9.037395178982763344e-01
8.434984866257055902e-02,4.316727549202140635e-01,8.980778004661924552e-01
8.473456107076327015e-02,4.436103491351724437e-01,8.922050842156838968e-01
8.510751615160894179e-02,4.555755276350831884e-01,8.861194328726342828e-01
8.546815193138102007e-02,4.675610664481432699e-01,8.798192110583340497e-01
8.581591178678023291e-02,4.795595070437719265e-01,8.733031023007635785e-01
8.615024647836898308e-02,4.915631710824582834e-01,8.665701263412408650e-01
8.647061624059275420e-02,5.035641769305108095e-01,8.596196555682457108e-01
8.677649291579520030e-02,5.155544579114891279e-01,8.524514304081057814e-01
8.706736211840901407e-02,5.275257822468309987e-01,8.450655735022051251e-01
8.734272541438622972e-02,5.394697746182679499e-01,8.374626025026444820e-01
8.784503336283949748e-02,5.632416845029120100e-01,8.216094296877340941e-01
8.807108040883880606e-02,5.750523485518298505e-01,8.133623308345701020e-01
8.827983053538966673e-02,5.868012264999430405e-01,8.049043372344351077e-01
8.847089713454314719e-02,5.984795982630860545e-01,7.962380742108883247e-01
8.864392200697951418e-02,6.100787573421531107e-01,7.873666013561121391e-01
8.879857716936702394e-02,6.215900401855690705e-01,7.782934116609226960e-01
8.893456653778336607e-02,6.330048559453992363e-01,7.690224282973032732e-01
8.905162747072513374e-02,6.443147164058348197e-01,7.595579990150085337e-01
8.914953215628203254e-02,6.555112658550149574e-01,7.499048881381370490e-01
8.922808882935202857e-02,6.665863106663357796e-01,7.400682661728609224e-01
8.928714280630731248e-02,6.775318483537436931e-01,7.300536970633362266e-01
8.932657732626624048e-02,6.883400958671104242e-01,7.198671231587338015e-01
8.934631419005863162e-02,6.990035168986939995e-01,7.095148479798774055e-01
8.934631419005863162e-02,7.095148479798774055e-01,6.990035168986939995e-01
8.932657732626624048e-02,7.198671231587338015e-01,6.883400958671104242e-01
8.928714280630731248e-02,7.300536970633362266e-01,6.775318483537436931e-01
8.922808882935202857e-02,7.400682661728609224e-01,6.665863106663357796e-01
8.914953215628203254e-02,7.499048881381370490e-01,6.555112658550149574e-01
8.905162747072513374e-02,7.595579990150085337e-01,6.443147164058348197e-01
8.893456653778336607e-02,7.690224282973032732e-01,6.330048559453992363e-01
8.879857716936702394e-02,7.782934116609226960e-01,6.215900401855690705e-01
8.864392200697951418e-02,7.873666013561121391e-01,6.100787573421531107e-01
8.847089713454314719e-02,7.962380742108883247e-01,5.984795982630860545e-01
8.827983053538966673e-02,8.049043372344351077e-01,5.868012264999430405e-01
8.807108040883880606e-02,8.133623308345701020e-01,5.750523485518298505e-01
8.784503336283949748e-02,8.216094296877340941e-01,5.632416845029120100e-01
8.760210249994029863e-02,8.296434413229640814e-01,5.513779392643300969e-01
8.734272541438622972e-02,8.374626025026444820e-01,5.394697746182679499e-01
8.706736211840901407e-02,8.450655735022051251e-01,5.275257822468309987e-01
8.677649291579520030e-02,8.524514304081057814e-01,5.155544579114891279e-01
8.647061624059275420e-02,8.596196555682457108e-01,5.035641769305108095e-01
8.615024647836898308e-02,8.665701263412408650e-01,4.915631710824582834e-01
8.581591178678023291e-02,8.733031023007635785e-01,4.795595070437719265e-01
8.546815193138102007e-02,8.798192110583340497e-01,4.675610664481432699e-01
8.510751615160894179e-02,8.861194328726342828e-01,4.555755276350831884e-01
8.473456107076327015e-02,8.922050842156838968e-01,4.436103491351724437e-01
8.434984866257055902e-02,8.980778004661924552e-01,4.316727549202140635e-01
8.395394428563222877e-02,9.037395178982763344e-01,4.197697214281611577e-01
8.354741479569857687e-02,9.091924551296610701e-01,4.079079663554695534e-01
8.313082674433953934e-02,9.144390941877349466e-01,3.960939391936177945e-01
8.270474467120494944e-02,9.194821613445727237e-01,3.843338134720700738e-01
8.226972949570954263e-02,9.243246078635600771e-01,3.726334806570373304e-01
8.182633701265761006e-02,9.289695907907598027e-01,3.609985456440776841e-01
8.137511649505646538e-02,9.334204539138829526e-01,3.494343237728895213e-01
8.091660940616961228e-02,9.376807090009066092e-01,3.379458392845907100e-01
8.045134822174107581e-02,9.417540174192043922e-01,3.265378251353020511e-01
7.997985536229101911e-02,9.456441722247349579e-01,3.152147240749116341e-01
7.950264223444365730e-02,9.493550807995331242e-01,3.039806908964022281e-01
7.902020837940788855e-02,9.528907481046244854e-01,2.928395957589821630e-01
7.853304072598854546e-02,9.562552606046840209e-01,2.817950284873706468e-01
7.804161294486297584e-02,9.594527709103742863e-01,2.708503037498185551e-01
7.754638490031098841e-02,9.624874831744482107e-01,2.600084670186897928e-01
7.704780219513381045e-02,9.653636392684412648e-01,2.492723012195505461e-01
7.654629580413452317e-02,9.680855057581719825e-01,2.386443339775958794e-01
7.604228179125353815e-02,9.706573616883539257e-01,2.281268453737606006e-01
7.553616110525189498e-02,9.730834871794213914e-01,2.177218761269024971e-01
7.502831944870697045e-02,9.753681528331906714e-01,2.074312361228957402e-01
7.451912721502108872e-02,9.775156099382177333e-01,1.972565132162322765e-01
7.400893948813869194e-02,9.795300814606592299e-01,1.871990822347037731e-01
7.349809609971409696e-02,9.814157538020648053e-01,1.772601141228399013e-01
7.298692173856259624e-02,9.831767693018138576e-01,1.674405851649377330e-01
7.247572610735755760e-02,9.848172194587997419e-01,1.577412862336605714e-01
7.196480412169722896e-02,9.863411388444385253e-01,1.481628320152590106e-01
7.145443614685340061e-02,9.877524996770910004e-01,1.387056701674213022e-01
7.094488826772227252e-02,9.890552070264810869e-01,1.293700903705523875e-01
7.043641258772349867e-02,9.902530946156421487e-01,1.201562332378812575e-01
6.942361829554814789e-02,9.923493674010706034e-01,1.020935563169825810e-01
6.891973699954213883e-02,9.932550332286955719e-01,9.324435005820407019e-02
6.841780327459158484e-02,9.940704358131835505e-01,8.451610992743666118e-02
6.791800454588567404e-02,9.947990077603255932e-01,7.590835802187223535e-02
6.742051645064596477e-02,9.954440958301257192e-01,6.742051645064596477e-02
6.692550324093347880e-02,9.960089599974217833e-01,5.905191462435307320e-02
6.643311819011783748e-02,9.964967728517676315e-01,5.080179626303129442e-02
6.594350400090628894e-02,9.969106193078185463e-01,4.266932611823347904e-02
6.545679321304205545e-02,9.972534965986994404e-01,3.465359640690461596e-02
6.497310860898050655e-02,9.975283145261125695e-01,2.675363295663903476e-02
6.449256361604077670e-02,9.977378959422777971e-01,1.896840106354140409e-02
6.401526270370774818e-02,9.978849774401501449e-01,1.129681106536018984e-02
6.354130177492575693e-02,9.979722102297163833e-01,3.737723633819162172e-03
7.151402775784325427e-02,3.763896197781223772e-03,9.974324924120242519e-01
7.205089508849057967e-02,1.137645711923535551e-02,9.973360741196327650e-01
7.259155942755379787e-02,1.910304195461941940e-02,9.971787900311337438e-01
7.313590998722016567e-02,2.694480894266005830e-02,9.969579308784222160e-01
7.368382605358310411e-02,3.490286497274989325e-02,9.966706997774136267e-01
7.423517653145196571e-02,4.297826009715640522e-02,9.963142113431712188e-01
7.478981948225768561e-02,5.117198175101841939e-02,9.958854910005892069e-01
7.534760165643657193e-02,5.948494867613413062e-02,9.953814745139778486e-01
7.590835802187223535e-02,6.791800454588567404e-02,9.947990077603255932e-01
7.647191129018725275e-02,7.647191129018725275e-02,9.941348467724342441e-01
7.703807144290114595e-02,8.514734212110126876e-02,9.933856580795148439e-01
7.760663525970962207e-02,9.394487426175375522e-02,9.925480193741810231e-01
7.817738585139075158e-02,1.028649813834088961e-01,9.916184205360617510e-01
7.875009220010566191e-02,1.119080257580448851e-01,9.905932650434342568e-01
7.932450871013446703e-02,1.210742501365210250e-01,9.894688718053614718e-01
7.990037477236948404e-02,1.303637693654449425e-01,9.882414774477278341e-01
8.047741434617583511e-02,1.397765617591474885e-01,9.869072390873141476e-01
8.105533556252308980e-02,1.493124602467530704e-01,9.854622376285702146e-01
8.163383035258570120e-02,1.589711433181932032e-01,9.839024816180065303e-01
8.221257410630322671e-02,1.687521257971487387e-01,9.822239116910964629e-01
8.279122536567899704e-02,1.786547494733073116e-01,9.804224056461986470e-01
8.336942555787334175e-02,1.886781736309765256e-01,9.784937841792503699e-01
8.394679877341118535e-02,1.988213655159738469e-01,9.764338173117826924e-01
8.452295159506588440e-02,2.090830907877945510e-01,9.742382315431277195e-01
8.509747298319859932e-02,2.194619040093016560e-01,9.719027177554787622e-01
8.566993422351594500e-02,2.299561392315427888e-01,9.694229398976804690e-01
8.623988894335256339e-02,2.405639007367202931e-01,9.667945444702155111e-01
8.680687320268243301e-02,2.512830540077649055e-01,9.640131708297891011e-01
8.737040566610379533e-02,2.621112169983113582e-01,9.610744623271416653e-01
8.792998786202109451e-02,2.730457517820654711e-01,9.579740782862298243e-01
8.848510453515401331e-02,2.840837566654944579e-01,9.547077068266616173e-01
8.903522409833096452e-02,2.952220588523605804e-01,9.512710785242729505e-01
8.957979918926367580e-02,3.064572077527441540e-01,9.476599808969472516e-01
9.011826733764403963e-02,3.177854690327447384e-01,9.438702736942717886e-01
9.065005174744615590e-02,3.292028195038834149e-01,9.398979049603627400e-01
9.117456219875105794e-02,3.407049429532276186e-01,9.357389278292871371e-01
9.169119607273201744e-02,3.522872270162861752e-01,9.313895180019621245e-01
9.219933950264322386e-02,3.639447611946443062e-01,9.268459918423608279e-01
9.269836865274129478e-02,3.756723361190041910e-01,9.221048250193739637e-01
9.318765112603817624e-02,3.874644441556324148e-01,9.171626716089019693e-01
9.366654750063778401e-02,3.993152814500874337e-01,9.120163835588416257e-01
9.413441299315448985e-02,4.112187514964116830e-01,9.066630304077510916e-01
9.459059924635386529e-02,4.231684703126357139e-01,9.010999191363184835e-01
9.503445623671107068e-02,4.351577732944138521e-01,8.953246140195411096e-01
9.546533429605853771e-02,4.471797238078531467e-01,8.893349563369663535e-01
9.588258623991535723e-02,4.592271235701209098e-01,8.831290837886940359e-01
9.628556959347120414e-02,4.712925248522538135e-01,8.767054494563431000e-01
9.667364890456635329e-02,4.833682445228317803e-01,8.700628401410972490e-01
9.704619813138762319e-02,4.954463799339262620e-01,8.632003939055004071e-01
9.740260309102109770e-02,5.075188266321626340e-01,8.561176166421328171e-01
9.774226395349344676e-02,5.195772978580441848e-01,8.488143974908641809e-01
9.806459776452743082e-02,5.316133457761224035e-01,8.412910229272616558e-01
9.865505198572287193e-02,5.555837138143340237e-01,8.255870139857861556e-01
9.892211360418742827e-02,5.675005464661279087e-01,8.174090439924961426e-01
9.916973553138398734e-02,5.793600338938749150e-01,8.090162635455010465e-01
9.939745671869905375e-02,5.911532952217365411e-01,8.004110988400503501e-01
9.960484765689212039e-02,6.028714463443469729e-01,7.915964208521425460e-01
9.979151254822582473e-02,6.145056299022326751e-01,7.825755457729287601e-01
9.995709134501021276e-02,6.260470457924324217e-01,7.733522330377106124e-01
1.001012616346174944e-01,6.374869819888798750e-01,7.639306808957651018e-01
1.002237403520992304e-01,6.488168454372739147e-01,7.543155194921152829e-01
1.003242853029150256e-01,6.600281927823357098e-01,7.445118014584746202e-01
1.004026964799507454e-01,6.711127606817760549e-01,7.345249900375344643e-01
1.004588171609378661e-01,6.820624954611044233e-01,7.243609447920256184e-01
1.004925347745612291e-01,6.928695818667116590e-01,7.140259049771455757e-01
1.005037815259212097e-01,7.035264706814484681e-01,7.035264706814484681e-01
1.004925347745612291e-01,7.140259049771455757e-01,6.928695818667116590e-01
1.004588171609378661e-01,7.243609447920256184e-01,6.820624954611044233e-01
1.004026964799507454e-01,7.345249900375344643e-01,6.711127606817760549e-01
1.003242853029150256e-01,7.445118014584746202e-01,6.600281927823357098e-01
1.002237403520992304e-01,7.543155194921152829e-01,6.488168454372739147e-01
1.001012616346174944e-01,7.639306808957651018e-01,6.374869819888798750e-01
9.995709134501021276e-02,7.733522330377106124e-01,6.260470457924324217e-01
9.979151254822582473e-02,7.825755457729287601e-01,6.145056299022326751e-01
9.960484765689212039e-02,7.915964208521425460e-01,6.028714463443469729e-01
9.939745671869905375e-02,8.004110988400503501e-01,5.911532952217365411e-01
9.916973553138398734e-02,8.090162635455010465e-01,5.793600338938749150e-01
9.892211360418742827e-02,8.174090439924961426e-01,5.675005464661279087e-01
9.865505198572287193e-02,8.255870139857861556e-01,5.555837138143340237e-01
9.836904097896688459e-02,8.335481893480878313e-01,5.436183843574485808e-01
9.806459776452743082e-02,8.412910229272616558e-01,5.316133457761224035e-01
9.774226395349344676e-02,8.488143974908641809e-01,5.195772978580441848e-01
9.740260309102109770e-02,8.561176166421328171e-01,5.075188266321626340e-01
9.704619813138762319e-02,8.632003939055004071e-01,4.954463799339262620e-01
9.667364890456635329e-02,8.700628401410972490e-01,4.833682445228317803e-01
9.628556959347120414e-02,8.767054494563431000e-01,4.712925248522538135e-01
9.588258623991535723e-02,8.831290837886940359e-01,4.592271235701209098e-01
9.546533429605853771e-02,8.893349563369663535e-01,4.471797238078531467e-01
9.503445623671107068e-02,8.953246140195411096e-01,4.351577732944138521e-01
9.459059924635386529e-02,9.010999191363184835e-01,4.231684703126357139e-01
9.413441299315448985e-02,9.066630304077510916e-01,4.112187514964116830e-01
9.366654750063778401e-02,9.120163835588416257e-01,3.993152814500874337e-01
9.318765112603817624e-02,9.171626716089019693e-01,3.874644441556324148e-01
9.269836865274129478e-02,9.221048250193739637e-01,3.756723361190041910e-01
9.219933950264322386e-02,9.268459918423608279e-01,3.639447611946443062e-01
9.169119607273201744e-02,9.313895180019621245e-01,3.522872270162861752e-01
9.117456219875105794e-02,9.357389278292871371e-01,3.407049429532276186e-01
9.065005174744615590e-02,9.398979049603627400e-01,3.292028195038834149e-01
9.011826733764403963e-02,9.438702736942717886e-01,3.177854690327447384e-01
8.957979918926367580e-02,9.476599808969472516e-01,3.064572077527441540e-01
8.903522409833096452e-02,9.512710785242729505e-01,2.952220588523605804e-01
8.848510453515401331e-02,9.547077068266616173e-01,2.840837566654944579e-01
8.792998786202109451e-02,9.579740782862298243e-01,2.730457517820654711e-01
8.737040566610379533e-02,9.610744623271416653e-01,2.621112169983113582e-01
8.680687320268243301e-02,9.640131708297891011e-01,2.512830540077649055e-01
8.623988894335256339e-02,9.667945444702155111e-01,2.405639007367202931e-01
8.566993422351594500e-02,9.694229398976804690e-01,2.299561392315427888e-01
8.509747298319859932e-02,9.719027177554787622e-01,2.194619040093016560e-01
8.452295159506588440e-02,9.742382315431277195e-01,2.090830907877945510e-01
8.394679877341118535e-02,9.764338173117826924e-01,1.988213655159738469e-01
8.336942555787334175e-02,9.784937841792503699e-01,1.886781736309765256e-01
8.279122536567899704e-02,9.804224056461986470e-01,1.786547494733073116e-01
8.221257410630322671e-02,9.822239116910964629e-01,1.687521257971487387e-01
8.163383035258570120e-02,9.839024816180065303e-01,1.589711433181932032e-01
8.105533556252308980e-02,9.854622376285702146e-01,1.493124602467530704e-01
8.047741434617583511e-02,9.869072390873141476e-01,1.397765617591474885e-01
7.990037477236948404e-02,9.882414774477278341e-01,1.303637693654449425e-01
7.875009220010566191e-02,9.905932650434342568e-01,1.119080257580448851e-01
7.817738585139075158e-02,9.916184205360617510e-01,1.028649813834088961e-01
7.760663525970962207e-02,9.925480193741810231e-01,9.394487426175375522e-02
7.703807144290114595e-02,9.933856580795148439e-01,8.514734212110126876e-02
7.647191129018725275e-02,9.941348467724342441e-01,7.647191129018725275e-02
7.590835802187223535e-02,9.947990077603255932e-01,6.791800454588567404e-02
7.534760165643657193e-02,9.953814745139778486e-01,5.948494867613413062e-02
7.478981948225768561e-02,9.958854910005892069e-01,5.117198175101841939e-02
7.423517653145196571e-02,9.963142113431712188e-01,4.297826009715640522e-02
7.368382605358310411e-02,9.966706997774136267e-01,3.490286497274989325e-02
7.313590998722016567e-02,9.969579308784222160e-01,2.694480894266005830e-02
7.259155942755379787e-02,9.971787900311337438e-01,1.910304195461941940e-02
7.205089508849057967e-02,9.973360741196327650e-01,1.137645711923535551e-02
7.151402775784325427e-02,9.974324924120242519e-01,3.763896197781223772e-03
7.959400506813525678e-02,3.790190717530250199e-03,9.968201587104558170e-01
8.019532527251026222e-02,1.145647503893003696e-02,9.967133283869132887e-01
8.080091189382246353e-02,1.923831235567201314e-02,9.965445800238103002e-01
8.141063831120540217e-02,2.713687943706846739e-02,9.963111450466566321e-01
8.202436653004199774e-02,3.515329994144657244e-02,9.960101650076529367e-01
8.264194665851563870e-02,4.328863872588914474e-02,9.956386906954503013e-01
8.326321637633933570e-02,5.154389585201958612e-02,9.951936814505321083e-01
8.388800039729357727e-02,5.992000028378112464e-02,9.946720047107666662e-01
8.451610992743666118e-02,6.841780327459158484e-02,9.940704358131835505e-01
8.514734212110126876e-02,7.703807144290114595e-02,9.933856580795148439e-01
8.578147953705567152e-02,8.578147953705567152e-02,9.926142632145014133e-01
8.641828959748922012e-02,9.464860289248819281e-02,9.917527520473762292e-01
8.705752405277636385e-02,1.036399095866385317e-01,9.907975356482643381e-01
8.769891845528277052e-02,1.127557522996492784e-01,9.897449368524769975e-01
8.834219164579724948e-02,1.219963598918152453e-01,9.885911922267787144e-01
8.898704525650431851e-02,1.313618287119825701e-01,9.873324545126431762e-01
8.963316323475063740e-02,1.408521136546081465e-01,9.859647955822570253e-01
9.028021139220181179e-02,1.504670189870030150e-01,9.844842099435340277e-01
9.092783698433069828e-02,1.602061889723921939e-01,9.828866188306223384e-01
9.157566832552077596e-02,1.700690983188242744e-01,9.811678749162939805e-01
9.222331444540214640e-02,1.800550424886422918e-01,9.793237676821275883e-01
9.287036479236102093e-02,1.901631279081678061e-01,9.773500294815136158e-01
9.351638899046610387e-02,2.003922621224273615e-01,9.752423423291465276e-01
9.416093665633445964e-02,2.107411439451294943e-01,9.729963454487894348e-01
9.480353728270536628e-02,2.212082536596458593e-01,9.706076436086501502e-01
9.544370019569610453e-02,2.317918433324048233e-01,9.680718162706318797e-01
9.608091459287079750e-02,2.424899273058167826e-01,9.653844275759875249e-01
9.671464966935246210e-02,2.533002729435421263e-01,9.625410371854601355e-01
9.734435483924006038e-02,2.642203917065087393e-01,9.595372119867948690e-01
9.796946005954799974e-02,2.752475306434919999e-01,9.563685386765399254e-01
9.858937626375367802e-02,2.863786643851892189e-01,9.530306372162855588e-01
9.920349591181111537e-02,2.976104877354333600e-01,9.495191751559063364e-01
9.981119366315585606e-02,3.089394089573871960e-01,9.458298828080007326e-01
1.004118271787782374e-01,3.203615438561019935e-01,9.419585692485386019e-01
1.010047380578727866e-01,3.318727107615820349e-01,9.379011391088187821e-01
1.015892529138722467e-01,3.434684265183299834e-01,9.336536101132068000e-01
1.021646845938414122e-01,3.551439035881153727e-01,9.292121313058909760e-01
1.027303335442353305e-01,3.668940483722690771e-01,9.245730018981179743e-01
1.032854893249153666e-01,3.787134608580229878e-01,9.197326906551986925e-01
1.038294322720696716e-01,3.905964356901668877e-01,9.146878557301375556e-01
1.043614353093025443e-01,4.025369647644526649e-01,9.094353648382078603e-01
1.048807659046495783e-01,4.145287414326626063e-01,9.039723156543606475e-01
1.053866881696529506e-01,4.265651664009761923e-01,8.982960563032322820e-01
1.058784650949065737e-01,4.386393553931843825e-01,8.924042057999268529e-01
1.063553609146748180e-01,4.507441486383837459e-01,8.862946742889568075e-01
1.068166435913204676e-01,4.628721222290553827e-01,8.799656829189733687e-01
1.072615874083757831e-01,4.750156013799499144e-01,8.734157831824885809e-01
1.076894756591805086e-01,4.871666756010546440e-01,8.666438755429287655e-01
1.080996034161291336e-01,4.993172157792631349e-01,8.596492271663601636e-01
1.084912803637470696e-01,5.114588931433790009e-01,8.524314885722984458e-01
1.088638336770910431e-01,5.235832000660093355e-01,8.449907090174210156e-01
1.092166109253803474e-01,5.356814726340083377e-01,8.373273504279160617e-01
1.098603468996147553e-01,5.597646246789894642e-01,8.213368792018816977e-01
1.101501287823730968e-01,5.717316208227937180e-01,8.130128552984681178e-01
1.104177865381122114e-01,5.836368717014502883e-01,8.044724447776746556e-01
1.106628125786006944e-01,5.954713248277084814e-01,7.957183190175574072e-01
1.108847363874323894e-01,6.072259373597488352e-01,7.867536057965441865e-01
1.110831269497023904e-01,6.188917072911990225e-01,7.775818886479167746e-01
1.112575950170833078e-01,6.304597050968053784e-01,7.682072036893847766e-01
1.114077951856238813e-01,6.419211055933566890e-01,7.586340338830578345e-01
1.115334277650088246e-01,6.532672197664802782e-01,7.488673007079164057e-01
1.116342404197875060e-01,6.644895263082589709e-01,7.389123532547839934e-01
1.117100295651778097e-01,6.755797026084562340e-01,7.287749547823504370e-01
1.117606415024493399e-01,6.865296549436173956e-01,7.184612668014600523e-01
1.117859732815540824e-01,6.973315476135040214e-01,7.079778307831757767e-01
1.117859732815540824e-01,7.079778307831757767e-01,6.973315476135040214e-01
1.117606415024493399e-01,7.184612668014600523e-01,6.865296549436173956e-01
1.117100295651778097e-01,7.287749547823504370e-01,6.755797026084562340e-01
1.116342404197875060e-01,7.389123532547839934e-01,6.644895263082589709e-01
1.115334277650088246e-01,7.488673007079164057e-01,6.532672197664802782e-01
1.114077951856238813e-01,7.586340338830578345e-01,6.419211055933566890e-01
1.112575950170833078e-01,7.682072036893847766e-01,6.304597050968053784e-01
1.110831269497023904e-01,7.775818886479167746e-01,6.188917072911990225e-01
1.108847363874323894e-01,7.867536057965441865e-01,6.072259373597488352e-01
1.106628125786006944e-01,7.957183190175574072e-01,5.954713248277084814e-01
1.104177865381122114e-01,8.044724447776746556e-01,5.836368717014502883e-01
1.101501287823730968e-01,8.130128552984681178e-01,5.717316208227937180e-01
1.098603468996147553e-01,8.213368792018816977e-01,5.597646246789894642e-01
1.095489829793501319e-01,8.294422997007938614e-01,5.477449148967507009e-01
1.092166109253803474e-01,8.373273504279160617e-01,5.356814726340083377e-01
1.088638336770910431e-01,8.449907090174210156e-01,5.235832000660093355e-01
1.084912803637470696e-01,8.524314885722984458e-01,5.114588931433790009e-01
1.080996034161291336e-01,8.596492271663601636e-01,4.993172157792631349e-01
1.076894756591805086e-01,8.666438755429287655e-01,4.871666756010546440e-01
1.072615874083757831e-01,8.734157831824885809e-01,4.750156013799499144e-01
1.068166435913204676e-01,8.799656829189733687e-01,4.628721222290553827e-01
1.063553609146748180e-01,8.862946742889568075e-01,4.507441486383837459e-01
1.058784650949065737e-01,8.924042057999268529e-01,4.386393553931843825e-01
1.053866881696529506e-01,8.982960563032322820e-01,4.265651664009761923e-01
1.048807659046495783e-01,9.039723156543606475e-01,4.145287414326626063e-01
1.043614353093025443e-01,9.094353648382078603e-01,4.025369647644526649e-01
1.038294322720696716e-01,9.146878557301375556e-01,3.905964356901668877e-01
1.032854893249153666e-01,9.197326906551986925e-01,3.787134608580229878e-01
1.027303335442353305e-01,9.245730018981179743e-01,3.668940483722690771e-01
1.021646845938414122e-01,9.292121313058909760e-01,3.551439035881153727e-01
1.015892529138722467e-01,9.336536101132068000e-01,3.434684265183299834e-01
1.010047380578727866e-01,9.379011391088187821e-01,3.318727107615820349e-01
1.004118271787782374e-01,9.419585692485386019e-01,3.203615438561019935e-01
9.981119366315585606e-02,9.458298828080007326e-01,3.089394089573871960e-01
9.920349591181111537e-02,9.495191751559063364e-01,2.976104877354333600e-01
9.858937626375367802e-02,9.530306372162855588e-01,2.863786643851892189e-01
9.796946005954799974e-02,9.563685386765399254e-01,2.752475306434919999e-01
9.734435483924006038e-02,9.595372119867948690e-01,2.642203917065087393e-01
9.671464966935246210e-02,9.625410371854601355e-01,2.533002729435421263e-01
9.608091459287079750e-02,9.653844275759875249e-01,2.424899273058167826e-01
9.544370019569610453e-02,9.680718162706318797e-01,2.317918433324048233e-01
9.480353728270536628e-02,9.706076436086501502e-01,2.212082536596458593e-01
9.416093665633445964e-02,9.729963454487894348e-01,2.107411439451294943e-01
9.351638899046610387e-02,9.752423423291465276e-01,2.003922621224273615e-01
9.287036479236102093e-02,9.773500294815136158e-01,1.901631279081678061e-01
9.222331444540214640e-02,9.793237676821275883e-01,1.800550424886422918e-01
9.157566832552077596e-02,9.811678749162939805e-01,1.700690983188242744e-01
9.092783698433069828e-02,9.828866188306223384e-01,1.602061889723921939e-01
9.028021139220181179e-02,9.844842099435340277e-01,1.504670189870030150e-01
8.963316323475063740e-02,9.859647955822570253e-01,1.408521136546081465e-01
8.898704525650431851e-02,9.873324545126431762e-01,1.313618287119825701e-01
8.834219164579724948e-02,9.885911922267787144e-01,1.219963598918152453e-01
8.705752405277636385e-02,9.907975356482643381e-01,1.036399095866385317e-01
8.641828959748922012e-02,9.917527520473762292e-01,9.464860289248819281e-02
8.578147953705567152e-02,9.926142632145014133e-01,8.578147953705567152e-02
8.514734212110126876e-02,9.933856580795148439e-01,7.703807144290114595e-02
8.451610992743666118e-02,9.940704358131835505e-01,6.841780327459158484e-02
8.388800039729357727e-02,9.946720047107666662e-01,5.992000028378112464e-02
8.326321637633933570e-02,9.951936814505321083e-01,5.154389585201958612e-02
8.264194665851563870e-02,9.956386906954503013e-01,4.328863872588914474e-02
8.202436653004199774e-02,9.960101650076529367e-01,3.515329994144657244e-02
8.141063831120540217e-02,9.963111450466566321e-01,2.713687943706846739e-02
8.080091189382246353e-02,9.965445800238103002e-01,1.923831235567201314e-02
8.019532527251026222e-02,9.967133283869132887e-01,1.145647503893003696e-02
7.959400506813525678e-02,9.968201587104558170e-01,3.790190717530250199e-03
8.778178386441219672e-02,3.816599298452704337e-03,9.961324168961558367e-01
8.844910935643809924e-02,1.153684035083975268e-02,9.960138836224986525e-01
8.912118249235834178e-02,1.937417010703442258e-02,9.958323435015693503e-01
8.979785980470209039e-02,2.732978341882237594e-02,9.955849673999579430e-01
9.047898491207645444e-02,3.540482018298643507e-02,9.952688340328409433e-01
9.116438792293463100e-02,4.360035944140351616e-02,9.948809290720257437e-01
9.185388483059073184e-02,5.191741316511649940e-02,9.944181444703084072e-01
9.254727690138851715e-02,6.035691971829686142e-02,9.938772780279550023e-01
9.324435005820407019e-02,6.891973699954213883e-02,9.932550332286955719e-01
9.394487426175375522e-02,7.760663525970962207e-02,9.925480193741810231e-01
9.464860289248819281e-02,8.641828959748922012e-02,9.917527520473762292e-01
9.535527213618068265e-02,9.535527213618068265e-02,9.908656539368340121e-01
9.606460037666306184e-02,1.044180438876772393e-01,9.898830560551802327e-01
9.677628759952121296e-02,1.136069463124814299e-01,9.888011993864124216e-01
9.749001481093665100e-02,1.229221925877027471e-01,9.876162369977495858e-01
9.820544347624492187e-02,1.323638585984170668e-01,9.863242366527208427e-01
9.892221498317518846e-02,1.419318736715122209e-01,9.849211839629181675e-01
9.963995013513350651e-02,1.516260110752031542e-01,9.834029861163176012e-01
1.003582486802917229e-01,1.614458783117736496e-01,9.817654762202451257e-01
1.010766888826385296e-01,1.713909072357783780e-01,9.800044182968866702e-01
1.017948271415353712e-01,1.814603440349108754e-01,9.781155129686660565e-01
1.025121976666890089e-01,1.916532391159838089e-01,9.760944038697779712e-01
1.032283122157989508e-01,2.019684369439544713e-01,9.739366848186248315e-01
1.039426599024537434e-01,2.124045658876228537e-01,9.716379077838067646e-01
1.046547070821252368e-01,2.229600281314841892e-01,9.691935916735945344e-01
1.053638973243366805e-01,2.336329897191813110e-01,9.665992319754364015e-01
1.060696514792476841e-01,2.444213708000055330e-01,9.638503112679462914e-01
1.067713678469964511e-01,2.553228361558610993e-01,9.609423106229680878e-01
1.074684224581556324e-01,2.663347860919508814e-01,9.578707219096479486e-01
1.081601694735829788e-01,2.774543477800606728e-01,9.546310610059715041e-01
1.088459417117673411e-01,2.886783671486003455e-01,9.512188819158797770e-01
1.095250513114762875e-01,3.000034014183915465e-01,9.476297917819035410e-01
1.101967905370910827e-01,3.114257123874313304e-01,9.438594667742148392e-01
1.108604327334576922e-01,3.229412605713767870e-01,9.399036688271413809e-01
1.115152334363815612e-01,3.345457003091446557e-01,9.357582631835495990e-01
1.121604316440394655e-01,3.462343759446435687e-01,9.314192366961538960e-01
1.127952512535703722e-01,3.580023191961146378e-01,9.268827168228174207e-01
1.134189026659331162e-01,3.698442478236949604e-01,9.221449912404127147e-01
1.140305845607843677e-01,3.817545657034954742e-01,9.172025279889177707e-01
1.146294858416347651e-01,3.937273644125716121e-01,9.120519960443114194e-01
1.152147877498936462e-01,4.057564264235384854e-01,9.066902862056848145e-01
1.157856661446207969e-01,4.178352300001533237e-01,9.011145321690053889e-01
1.163412939428828813e-01,4.299569558758715160e-01,8.953221316474030411e-01
1.168808437135799710e-01,4.421144957861503078e-01,8.893107673859345086e-01
1.174034904154876158e-01,4.543004629121042415e-01,8.830784279077982246e-01
1.179084142680781738e-01,4.665072042780484263e-01,8.766234278191898932e-01
1.183948037414747634e-01,4.787268151285718476e-01,8.699444274917058628e-01
1.188618586496862084e-01,4.909511552921821953e-01,8.630404519346781544e-01
1.193087933291114427e-01,5.031718675184265743e-01,8.559109086653646781e-01
1.197348398822281335e-01,5.153803977539385128e-01,8.485556043827472417e-01
1.201392514644377268e-01,5.275680173003569617e-01,8.409747602510641018e-01
1.205213055902708413e-01,5.397258467738216270e-01,8.331690256023071006e-01
1.212155930952930477e-01,5.639160200520154653e-01,8.168876925987140769e-01
1.215265328105150644e-01,5.759300902759192375e-01,8.084156313047307085e-01
1.218125340677388563e-01,5.878778818051745292e-01,7.997257671403724677e-01
1.220730446106479822e-01,5.997501756957922536e-01,7.908210281298500011e-01
1.223075552947416600e-01,6.115377764737083277e-01,7.817048099272618789e-01
1.225156027707591105e-01,6.232315445295137923e-01,7.723809739895682869e-01
1.226967719680929214e-01,6.348224288783937963e-01,7.628538431059690428e-01
1.228506983527596769e-01,6.463015000297357426e-01,7.531281942495267057e-01
1.229770699363250674e-01,6.576599827029557810e-01,7.432092487456167795e-01
1.230756290144062320e-01,6.688892881217730624e-01,7.331026597814632728e-01
1.231461736159711606e-01,6.799810456186233809e-01,7.228144973111350069e-01
1.231885586475830602e-01,6.909271332842701341e-01,7.123512304403716300e-01
1.232026967199502249e-01,7.017197074049338346e-01,7.017197074049338346e-01
1.231885586475830602e-01,7.123512304403716300e-01,6.909271332842701341e-01
1.231461736159711606e-01,7.228144973111350069e-01,6.799810456186233809e-01
1.230756290144062320e-01,7.331026597814632728e-01,6.688892881217730624e-01
1.229770699363250674e-01,7.432092487456167795e-01,6.576599827029557810e-01
1.228506983527596769e-01,7.531281942495267057e-01,6.463015000297357426e-01
1.226967719680929214e-01,7.628538431059690428e-01,6.348224288783937963e-01
1.225156027707591105e-01,7.723809739895682869e-01,6.232315445295137923e-01
1.223075552947416600e-01,7.817048099272618789e-01,6.115377764737083277e-01
1.220730446106479822e-01,7.908210281298500011e-01,5.997501756957922536e-01
1.218125340677388563e-01,7.997257671403724677e-01,5.878778818051745292e-01
1.215265328105150644e-01,8.084156313047307085e-01,5.759300902759192375e-01
1.212155930952930477e-01,8.168876925987140769e-01,5.639160200520154653e-01
1.208803074336087385e-01,8.251394898728944272e-01,5.518448817621268709e-01
1.205213055902708413e-01,8.331690256023071006e-01,5.397258467738216270e-01
1.201392514644377268e-01,8.409747602510641018e-01,5.275680173003569617e-01
1.197348398822281335e-01,8.485556043827472417e-01,5.153803977539385128e-01
1.193087933291114427e-01,8.559109086653646781e-01,5.031718675184265743e-01
1.188618586496862084e-01,8.630404519346781544e-01,4.909511552921821953e-01
1.183948037414747634e-01,8.699444274917058628e-01,4.787268151285718476e-01
1.179084142680781738e-01,8.766234278191898932e-01,4.665072042780484263e-01
1.174034904154876158e-01,8.830784279077982246e-01,4.543004629121042415e-01
1.168808437135799710e-01,8.893107673859345086e-01,4.421144957861503078e-01
1.163412939428828813e-01,8.953221316474030411e-01,4.299569558758715160e-01
1.157856661446207969e-01,9.011145321690053889e-01,4.178352300001533237e-01
1.152147877498936462e-01,9.066902862056848145e-01,4.057564264235384854e-01
1.146294858416347651e-01,9.120519960443114194e-01,3.937273644125716121e-01
1.140305845607843677e-01,9.172025279889177707e-01,3.817545657034954742e-01
1.134189026659331162e-01,9.221449912404127147e-01,3.698442478236949604e-01
1.127952512535703722e-01,9.268827168228174207e-01,3.580023191961146378e-01
1.121604316440394655e-01,9.314192366961538960e-01,3.462343759446435687e-01
1.115152334363815612e-01,9.357582631835495990e-01,3.345457003091446557e-01
1.108604327334576922e-01,9.399036688271413809e-01,3.229412605713767870e-01
1.101967905370910827e-01,9.438594667742148392e-01,3.114257123874313304e-01
1.095250513114762875e-01,9.476297917819035410e-01,3.000034014183915465e-01
1.088459417117673411e-01,9.512188819158797770e-01,2.886783671486003455e-01
1.081601694735829788e-01,9.546310610059715041e-01,2.774543477800606728e-01
1.074684224581556324e-01,9.578707219096479486e-01,2.663347860919508814e-01
1.067713678469964511e-01,9.609423106229680878e-01,2.553228361558610993e-01
1.060696514792476841e-01,9.638503112679462914e-01,2.444213708000055330e-01
1.053638973243366805e-01,9.665992319754364015e-01,2.336329897191813110e-01
1.046547070821252368e-01,9.691935916735945344e-01,2.229600281314841892e-01
1.039426599024537434e-01,9.716379077838067646e-01,2.124045658876228537e-01
1.032283122157989508e-01,9.739366848186248315e-01,2.019684369439544713e-01
1.025121976666890089e-01,9.760944038697779712e-01,1.916532391159838089e-01
1.017948271415353712e-01,9.781155129686660565e-01,1.814603440349108754e-01
1.010766888826385296e-01,9.800044182968866702e-01,1.713909072357783780e-01
1.003582486802917229e-01,9.817654762202451257e-01,1.614458783117736496e-01
9.963995013513350651e-02,9.834029861163176012e-01,1.516260110752031542e-01
9.892221498317518846e-02,9.849211839629181675e-01,1.419318736715122209e-01
9.820544347624492187e-02,9.863242366527208427e-01,1.323638585984170668e-01
9.749001481093665100e-02,9.876162369977495858e-01,1.229221925877027471e-01
9.677628759952121296e-02,9.888011993864124216e-01,1.136069463124814299e-01
9.606460037666306184e-02,9.898830560551802327e-01,1.044180438876772393e-01
9.464860289248819281e-02,9.917527520473762292e-01,8.641828959748922012e-02
9.394487426175375522e-02,9.925480193741810231e-01,7.760663525970962207e-02
9.324435005820407019e-02,9.932550332286955719e-01,6.891973699954213883e-02
9.254727690138851715e-02,9.938772780279550023e-01,6.035691971829686142e-02
9.185388483059073184e-02,9.944181444703084072e-01,5.191741316511649940e-02
9.116438792293463100e-02,9.948809290720257437e-01,4.360035944140351616e-02
9.047898491207645444e-02,9.952688340328409433e-01,3.540482018298643507e-02
8.979785980470209039e-02,9.955849673999579430e-01,2.732978341882237594e-02
8.912118249235834178e-02,9.958323435015693503e-01,1.937417010703442258e-02
8.844910935643809924e-02,9.960138836224986525e-01,1.153684035083975268e-02
8.778178386441219672e-02,9.961324168961558367e-01,3.816599298452704337e-03
9.607783828488648814e-02,3.843113531395459751e-03,9.953664046314241176e-01
9.681272482270364410e-02,1.161752697872443785e-02,9.952348111773934303e-01
9.755285137982108723e-02,1.951057027596421814e-02,9.950390840741750731e-01
9.829805655889894966e-02,2.752345583649170799e-02,9.947763323760574483e-01
9.904816441145808392e-02,3.565733918812491465e-02,9.944435706910391692e-01
9.980298376418582362e-02,4.391331285624176101e-02,9.940377182912908394e-01
1.005623075355550622e-01,5.229239991848863567e-02,9.935555984512840499e-01
1.013259120449718914e-01,6.079554722698313207e-02,9.929939380407245553e-01
1.020935563169825810e-01,6.942361829554814789e-02,9.923493674010706034e-01
1.028649813834088961e-01,7.817738585139075158e-02,9.916184205360617510e-01
1.036399095866385317e-01,8.705752405277636385e-02,9.907975356482643381e-01
1.044180438876772393e-01,9.606460037666306184e-02,9.898830560551802327e-01
1.051990671829671903e-01,1.051990671829671903e-01,9.888712315198916469e-01
1.059826416343923605e-01,1.144612529651437421e-01,9.877582200325367712e-01
1.067684080173229855e-01,1.238513533000946687e-01,9.865400900800644912e-01
1.075559850919953209e-01,1.333694215140741879e-01,9.852128234426771325e-01
1.083449690039757912e-01,1.430153590852480394e-01,9.837723185561002559e-01
1.091349327199171715e-01,1.527889058078840401e-01,9.822143944792545156e-01
1.099254255052721230e-01,1.626896297478027387e-01,9.805347955070272681e-01
1.107159724510819315e-01,1.727169170236877993e-01,9.787291964675641776e-01
1.115060740573981107e-01,1.828699614541328955e-01,9.767932087428075061e-01
1.122952058813141002e-01,1.931477541158602429e-01,9.747223870498064047e-01
1.130828182579751567e-01,2.035490728643552794e-01,9.725122370185863563e-01
1.138683361032886837e-01,2.140724718741827404e-01,9.701582236000195758e-01
1.146511588073605703e-01,2.247162712624267145e-01,9.676557803341231390e-01
1.154306602279297628e-01,2.354785468649767399e-01,9.650003195054929206e-01
1.162061887932468868e-01,2.463571202416834083e-01,9.621872432080842419e-01
1.169770677239327233e-01,2.573495489926519997e-01,9.592119553362483675e-01
1.177425953833463601e-01,2.684531174740297232e-01,9.560698745127724774e-01
1.185020457658754606e-01,2.796648280074660597e-01,9.527564479576386969e-01
1.192546691323220498e-01,2.909813926828657693e-01,9.492671662932834487e-01
1.199996928011796415e-01,3.023992258589727200e-01,9.455975792732955743e-01
1.207363221040737983e-01,3.139144374705918894e-01,9.417433124117756682e-01
1.214637415129516951e-01,3.255228272547105450e-01,9.377000844799870949e-01
1.221811159457518309e-01,3.372198800102750305e-01,9.334637258255439329e-01
1.228875922562508854e-01,3.490007620077525408e-01,9.290301974572566790e-01
1.235823009125666533e-01,3.608603186646945904e-01,9.243956108259985260e-01
1.242643578673916643e-01,3.727930736021750069e-01,9.195562482186983022e-01
1.249328666214402500e-01,3.847932291940359684e-01,9.145085836689426095e-01
1.255869204798175098e-01,3.968546687162233244e-01,9.092493042738787334e-01
1.262256049990705953e-01,4.089709601969886976e-01,9.037753317933454600e-01
1.268480006205736921e-01,4.211353620603046632e-01,8.980838443936617344e-01
1.274531854836454259e-01,4.333408306443944924e-01,8.921722983855180367e-01
1.280402384094250223e-01,4.455800296647990377e-01,8.860384497932211056e-01
1.286082420440703422e-01,4.578453416768903939e-01,8.796803755814410763e-01
1.291562861473179447e-01,4.701288815762372786e-01,8.730964943558692237e-01
1.296834710099037391e-01,4.824225121568418984e-01,8.662855863461570438e-01
1.301889109808238854e-01,4.947178617271307255e-01,8.592468124734375934e-01
1.306717380829647002e-01,5.070063437619030111e-01,8.519797323009298262e-01
1.311311056933013031e-01,5.192791785454732301e-01,8.444843206648604550e-01
1.315661922617019086e-01,5.315274167372757708e-01,8.367609827844241233e-01
1.319762050404388321e-01,5.437419647666080769e-01,8.288105676539559985e-01
1.323603837948430506e-01,5.559136119383407681e-01,8.206343795280268694e-01
1.327180044641992629e-01,5.680330591067729307e-01,8.122341873208995811e-01
1.333508775362060306e-01,5.920778962607547991e-01,7.947712301157879855e-01
1.336248942977394938e-01,6.039845222257824719e-01,7.857143784707082412e-01
1.338698881504164773e-01,6.158014854919158232e-01,7.764453512724156514e-01
1.340853668255979625e-01,6.275195167437984667e-01,7.669682982424204098e-01
1.342708933508043045e-01,6.391294523498285418e-01,7.572878384985363143e-01
1.344260884710631321e-01,6.506222681999456192e-01,7.474090518991109988e-01
1.345506327761605003e-01,6.619891132587096827e-01,7.373374676133594985e-01
1.346442685107116788e-01,6.732213425535583662e-01,7.270790499578431154e-01
1.347068010471347832e-01,6.843105493194446831e-01,7.166401815707570400e-01
1.347381000051354194e-01,6.952485960264986886e-01,7.060276440269095399e-01
1.347381000051354194e-01,7.060276440269095399e-01,6.952485960264986886e-01
1.347068010471347832e-01,7.166401815707570400e-01,6.843105493194446831e-01
1.346442685107116788e-01,7.270790499578431154e-01,6.732213425535583662e-01
1.345506327761605003e-01,7.373374676133594985e-01,6.619891132587096827e-01
1.344260884710631321e-01,7.474090518991109988e-01,6.506222681999456192e-01
1.342708933508043045e-01,7.572878384985363143e-01,6.391294523498285418e-01
1.340853668255979625e-01,7.669682982424204098e-01,6.275195167437984667e-01
1.338698881504164773e-01,7.764453512724156514e-01,6.158014854919158232e-01
1.336248942977394938e-01,7.857143784707082412e-01,6.039845222257824719e-01
1.333508775362060306e-01,7.947712301157879855e-01,5.920778962607547991e-01
1.330483827410111342e-01,8.036122317557071737e-01,5.800909487508084661e-01
1.327180044641992629e-01,8.122341873208995811e-01,5.680330591067729307e-01
1.323603837948430506e-01,8.206343795280268694e-01,5.559136119383407681e-01
1.319762050404388321e-01,8.288105676539559985e-01,5.437419647666080769e-01
1.315661922617019086e-01,8.367609827844241233e-01,5.315274167372757708e-01
1.311311056933013031e-01,8.444843206648604550e-01,5.192791785454732301e-01
1.306717380829647002e-01,8.519797323009298262e-01,5.070063437619030111e-01
1.301889109808238854e-01,8.592468124734375934e-01,4.947178617271307255e-01
1.296834710099037391e-01,8.662855863461570438e-01,4.824225121568418984e-01
1.291562861473179447e-01,8.730964943558692237e-01,4.701288815762372786e-01
1.286082420440703422e-01,8.796803755814410763e-01,4.578453416768903939e-01
1.280402384094250223e-01,8.860384497932211056e-01,4.455800296647990377e-01
1.274531854836454259e-01,8.921722983855180367e-01,4.333408306443944924e-01
1.268480006205736921e-01,8.980838443936617344e-01,4.211353620603046632e-01
1.262256049990705953e-01,9.037753317933454600e-01,4.089709601969886976e-01
1.255869204798175098e-01,9.092493042738787334e-01,3.968546687162233244e-01
1.249328666214402500e-01,9.145085836689426095e-01,3.847932291940359684e-01
1.242643578673916643e-01,9.195562482186983022e-01,3.727930736021750069e-01
1.235823009125666533e-01,9.243956108259985260e-01,3.608603186646945904e-01
1.228875922562508854e-01,9.290301974572566790e-01,3.490007620077525408e-01
1.221811159457518309e-01,9.334637258255439329e-01,3.372198800102750305e-01
1.214637415129516951e-01,9.377000844799870949e-01,3.255228272547105450e-01
1.207363221040737983e-01,9.417433124117756682e-01,3.139144374705918894e-01
1.199996928011796415e-01,9.455975792732955743e-01,3.023992258589727200e-01
1.192546691323220498e-01,9.492671662932834487e-01,2.909813926828657693e-01
1.185020457658754606e-01,9.527564479576386969e-01,2.796648280074660597e-01
1.177425953833463601e-01,9.560698745127724774e-01,2.684531174740297232e-01
1.169770677239327233e-01,9.592119553362483675e-01,2.573495489926519997e-01
1.162061887932468868e-01,9.621872432080842419e-01,2.463571202416834083e-01
1.154306602279297628e-01,9.650003195054929206e-01,2.354785468649767399e-01
1.146511588073605703e-01,9.676557803341231390e-01,2.247162712624267145e-01
1.138683361032886837e-01,9.701582236000195758e-01,2.140724718741827404e-01
1.130828182579751567e-01,9.725122370185863563e-01,2.035490728643552794e-01
1.122952058813141002e-01,9.747223870498064047e-01,1.931477541158602429e-01
1.115060740573981107e-01,9.767932087428075061e-01,1.828699614541328955e-01
1.107159724510819315e-01,9.787291964675641776e-01,1.727169170236877993e-01
1.099254255052721230e-01,9.805347955070272681e-01,1.626896297478027387e-01
1.091349327199171715e-01,9.822143944792545156e-01,1.527889058078840401e-01
1.083449690039757912e-01,9.837723185561002559e-01,1.430153590852480394e-01
1.075559850919953209e-01,9.852128234426771325e-01,1.333694215140741879e-01
1.067684080173229855e-01,9.865400900800644912e-01,1.238513533000946687e-01
1.059826416343923605e-01,9.877582200325367712e-01,1.144612529651437421e-01
1.051990671829671903e-01,9.888712315198916469e-01,1.051990671829671903e-01
1.044180438876772393e-01,9.898830560551802327e-01,9.606460037666306184e-02
1.036399095866385317e-01,9.907975356482643381e-01,8.705752405277636385e-02
1.020935563169825810e-01,9.923493674010706034e-01,6.942361829554814789e-02
1.013259120449718914e-01,9.929939380407245553e-01,6.079554722698313207e-02
1.005623075355550622e-01,9.935555984512840499e-01,5.229239991848863567e-02
9.980298376418582362e-02,9.940377182912908394e-01,4.391331285624176101e-02
9.904816441145808392e-02,9.944435706910391692e-01,3.565733918812491465e-02
9.829805655889894966e-02,9.947763323760574483e-01,2.752345583649170799e-02
9.755285137982108723e-02,9.950390840741750731e-01,1.951057027596421814e-02
9.681272482270364410e-02,9.952348111773934303e-01,1.161752697872443785e-02
9.607783828488648814e-02,9.953664046314241176e-01,3.843113531395459751e-03
1.044825608400718198e-01,3.869724475558215370e-03,9.945191902184613575e-01
1.052865647122616655e-01,1.169850719025129770e-02,9.943731111713601800e-01
1.060963113449719247e-01,1.964746506388368938e-02,9.941617322325146944e-01
1.069116202534901583e-01,2.771782747312707615e-02,9.938820993935566506e-01
1.077322946630613482e-01,3.591076488768711605e-02,9.935311618926768729e-01
1.085581207529075914e-01,4.422738252896235567e-02,9.931057713321547187e-01
1.093888668896393773e-01,5.266871368760414618e-02,9.926026810356165520e-01
1.102242828526159291e-01,6.123571269589773991e-02,9.920185456735433061e-01
1.110640990541755246e-01,6.992924755262903969e-02,9.913499211872704997e-01
1.119080257580448851e-01,7.875009220010566191e-02,9.905932650434342568e-01
1.127557522996492784e-01,8.769891845528277052e-02,9.897449368524769975e-01
1.136069463124814299e-01,9.677628759952121296e-02,9.888011993864124216e-01
1.144612529651437421e-01,1.059826416343923605e-01,9.877582200325367712e-01
1.153182942141574435e-01,1.153182942141574435e-01,9.866120727211248331e-01
1.161776680781254900e-01,1.247834212690977496e-01,9.853587403663235378e-01
1.170389479393456750e-01,1.343780513377672570e-01,9.839941178604247884e-01
1.179016818794881016e-01,1.441020556304854483e-01,9.825140156624009302e-01
1.187653920564739340e-01,1.539551378509847190e-01,9.809141640219883884e-01
1.196295741302145360e-01,1.639368238080717854e-01,9.791902178806448642e-01
1.204936967453830998e-01,1.740464508544422584e-01,9.773377624903296645e-01
1.213572010798886353e-01,1.842831571953864600e-01,9.753523197902160824e-01
1.222195004681945196e-01,1.946458711160135024e-01,9.732293555800674012e-01
1.230799801090612100e-01,2.051333001817687018e-01,9.709642875270384499e-01
1.239379968676842803e-01,2.157439204733763438e-01,9.685524940400511706e-01
1.247928791825310274e-01,2.264759659238526068e-01,9.659893240425549976e-01
1.256439270874418201e-01,2.373274178318345584e-01,9.632701076703872323e-01
1.264904123597374308e-01,2.482959946320771882e-01,9.603901679165249838e-01
1.273315788051510300e-01,2.593791420104928358e-01,9.573448332387282100e-01
1.281666426903645128e-01,2.705740234574361969e-01,9.541294511393803024e-01
1.289947933337607655e-01,2.818775113589586656e-01,9.507394027191996555e-01
1.298151938646883996e-01,2.932861787313330582e-01,9.471701181979116368e-01
1.306269821610620552e-01,3.047962917091447954e-01,9.434170933854482133e-01
1.314292719744709348e-01,3.164038029015041054e-01,9.394759070767737530e-01
1.322211542511331772e-01,3.281043457342934788e-01,9.353422393320902639e-01
1.330016986559987013e-01,3.398932298986633294e-01,9.310118905919909649e-01
1.337699553060616442e-01,3.517654380270509584e-01,9.264808015642046479e-01
1.345249567174902072e-01,3.637156237176586981e-01,9.217450738050254611e-01
1.352657199695124768e-01,3.757381110264235713e-01,9.168009909044735339e-01
1.359912490861148182e-01,3.878268955418830433e-01,9.116450401698809047e-01
1.367005376345208356e-01,3.999756471528572721e-01,9.062739346881195646e-01
1.373925715371343559e-01,4.121777146114030121e-01,9.006846356323251479e-01
1.380663320911672820e-01,4.244261319839587321e-01,8.948743746649732156e-01
1.387207991875546165e-01,4.367136270719311764e-01,8.888406762758128687e-01
1.393549547180126802e-01,4.490326318691519325e-01,8.825813798807469190e-01
1.399677861562599046e-01,4.613752951076715569e-01,8.760946614965898771e-01
1.405582902965286929e-01,4.737334969253373940e-01,8.693790547970478011e-01
1.411254771296018840e-01,4.860988656686286991e-01,8.624334713475670933e-01
1.416683738337590481e-01,4.984627968224855654e-01,8.552572198112120549e-01
1.421860288552664331e-01,5.108164740355868316e-01,8.478500239147369610e-01
1.426775160504563378e-01,5.231508921850065441e-01,8.402120389637983688e-01
1.431419388590686181e-01,5.354568823987382320e-01,8.323438666990287116e-01
1.435784344764358678e-01,5.477251389286257321e-01,8.242465682906503499e-01
1.439861779903375549e-01,5.599462477402016303e-01,8.159216752785795057e-01
1.443643864469902893e-01,5.721107166602948935e-01,8.073711982776123897e-01
1.447123228097232650e-01,5.842090068985124063e-01,7.985976332832877000e-01
1.450292997734633493e-01,5.962315657353493004e-01,7.896039654333004698e-01
1.453146833982533470e-01,6.081688601482454493e-01,7.803936701017308852e-01
1.457884219432756256e-01,6.317498284208611370e-01,7.613395368148838660e-01
1.459758052638465697e-01,6.433748454221386304e-01,7.515050715435064310e-01
1.461296574888110988e-01,6.548773539313386127e-01,7.414727065173006837e-01
1.462496572277675599e-01,6.662484384820522854e-01,7.312482861388378552e-01
1.463355525496693454e-01,6.774794099521729285e-01,7.208380921891119897e-01
1.463871624448990771e-01,6.885618381667475418e-01,7.102488251956214915e-01
1.464043778816969121e-01,6.994875832125518889e-01,6.994875832125518889e-01
1.463871624448990771e-01,7.102488251956214915e-01,6.885618381667475418e-01
1.463355525496693454e-01,7.208380921891119897e-01,6.774794099521729285e-01
1.462496572277675599e-01,7.312482861388378552e-01,6.662484384820522854e-01
1.461296574888110988e-01,7.414727065173006837e-01,6.548773539313386127e-01
1.459758052638465697e-01,7.515050715435064310e-01,6.433748454221386304e-01
1.457884219432756256e-01,7.613395368148838660e-01,6.317498284208611370e-01
1.455678965256762269e-01,7.709707112285815178e-01,6.200114111278801632e-01
1.453146833982533470e-01,7.803936701017308852e-01,6.081688601482454493e-01
1.450292997734633493e-01,7.896039654333004698e-01,5.962315657353493004e-01
1.447123228097232650e-01,7.985976332832877000e-01,5.842090068985124063e-01
1.443643864469902893e-01,8.073711982776123897e-01,5.721107166602948935e-01
1.439861779903375549e-01,8.159216752785795057e-01,5.599462477402016303e-01
1.435784344764358678e-01,8.242465682906503499e-01,5.477251389286257321e-01
1.431419388590686181e-01,8.323438666990287116e-01,5.354568823987382320e-01
1.426775160504563378e-01,8.402120389637983688e-01,5.231508921850065441e-01
1.421860288552664331e-01,8.478500239147369610e-01,5.108164740355868316e-01
1.416683738337590481e-01,8.552572198112120549e-01,4.984627968224855654e-01
1.411254771296018840e-01,8.624334713475670933e-01,4.860988656686286991e-01
1.405582902965286929e-01,8.693790547970478011e-01,4.737334969253373940e-01
1.399677861562599046e-01,8.760946614965898771e-01,4.613752951076715569e-01
1.393549547180126802e-01,8.825813798807469190e-01,4.490326318691519325e-01
1.387207991875546165e-01,8.888406762758128687e-01,4.367136270719311764e-01
1.380663320911672820e-01,8.948743746649732156e-01,4.244261319839587321e-01
1.373925715371343559e-01,9.006846356323251479e-01,4.121777146114030121e-01
1.367005376345208356e-01,9.062739346881195646e-01,3.999756471528572721e-01
1.359912490861148182e-01,9.116450401698809047e-01,3.878268955418830433e-01
1.352657199695124768e-01,9.168009909044735339e-01,3.757381110264235713e-01
1.345249567174902072e-01,9.217450738050254611e-01,3.637156237176586981e-01
1.337699553060616442e-01,9.264808015642046479e-01,3.517654380270509584e-01
1.330016986559987013e-01,9.310118905919909649e-01,3.398932298986633294e-01
1.322211542511331772e-01,9.353422393320902639e-01,3.281043457342934788e-01
1.314292719744709348e-01,9.394759070767737530e-01,3.164038029015041054e-01
1.306269821610620552e-01,9.434170933854482133e-01,3.047962917091447954e-01
1.298151938646883996e-01,9.471701181979116368e-01,2.932861787313330582e-01
1.289947933337607655e-01,9.507394027191996555e-01,2.818775113589586656e-01
1.281666426903645128e-01,9.541294511393803024e-01,2.705740234574361969e-01
1.273315788051510300e-01,9.573448332387282100e-01,2.593791420104928358e-01
1.264904123597374308e-01,9.603901679165249838e-01,2.482959946320771882e-01
1.256439270874418201e-01,9.632701076703872323e-01,2.373274178318345584e-01
1.247928791825310274e-01,9.659893240425549976e-01,2.264759659238526068e-01
1.239379968676842803e-01,9.685524940400511706e-01,2.157439204733763438e-01
1.230799801090612100e-01,9.709642875270384499e-01,2.051333001817687018e-01
1.222195004681945196e-01,9.732293555800674012e-01,1.946458711160135024e-01
1.213572010798886353e-01,9.753523197902160824e-01,1.842831571953864600e-01
1.204936967453830998e-01,9.773377624903296645e-01,1.740464508544422584e-01
1.196295741302145360e-01,9.791902178806448642e-01,1.639368238080717854e-01
1.187653920564739340e-01,9.809141640219883884e-01,1.539551378509847190e-01
1.179016818794881016e-01,9.825140156624009302e-01,1.441020556304854483e-01
1.170389479393456750e-01,9.839941178604247884e-01,1.343780513377672570e-01
1.161776680781254900e-01,9.853587403663235378e-01,1.247834212690977496e-01
1.153182942141574435e-01,9.866120727211248331e-01,1.153182942141574435e-01
1.144612529651437421e-01,9.877582200325367712e-01,1.059826416343923605e-01
1.136069463124814299e-01,9.888011993864124216e-01,9.677628759952121296e-02
1.127557522996492784e-01,9.897449368524769975e-01,8.769891845528277052e-02
1.119080257580448851e-01,9.905932650434342568e-01,7.875009220010566191e-02
1.110640990541755246e-01,9.913499211872704997e-01,6.992924755262903969e-02
1.102242828526159291e-01,9.920185456735433061e-01,6.123571269589773991e-02
1.093888668896393773e-01,9.926026810356165520e-01,5.266871368760414618e-02
1.077322946630613482e-01,9.935311618926768729e-01,3.591076488768711605e-02
1.069116202534901583e-01,9.938820993935566506e-01,2.771782747312707615e-02
1.060963113449719247e-01,9.941617322325146944e-01,1.964746506388368938e-02
1.052865647122616655e-01,9.943731111713601800e-01,1.169850719025129770e-02
1.044825608400718198e-01,9.945191902184613575e-01,3.869724475558215370e-03
1.129962566075433106e-01,3.896422641639424398e-03,9.935877736180532827e-01
1.138709315955030166e-01,1.177975154436238132e-02,9.934257135745607759e-01
1.147518615476666726e-01,1.978480371511494307e-02,9.931971464987702225e-01
1.156388456555186850e-01,2.791282481340106106e-02,9.928990540766948758e-01
1.165316649751771821e-01,3.616499947505499163e-02,9.925283189265091677e-01
1.174300815841725909e-01,4.454244473882408573e-02,9.920817237283546808e-01
1.183338377267242891e-01,5.304620311887640188e-02,9.915559506066896622e-01
1.192426549504529421e-01,6.167723531919979546e-02,9.909475807951434456e-01
1.201562332378812575e-01,7.043641258772349867e-02,9.902530946156421487e-01
1.210742501365210250e-01,7.932450871013446703e-02,9.894688718053614718e-01
1.219963598918152453e-01,8.834219164579724948e-02,9.885911922267787144e-01
1.229221925877027471e-01,9.749001481093665100e-02,9.876162369977495858e-01
1.238513533000946687e-01,1.067684080173229855e-01,9.865400900800644912e-01
1.247834212690977496e-01,1.161776680781254900e-01,9.853587403663235378e-01
1.257179490963818980e-01,1.257179490963818980e-01,9.840680843061616612e-01
1.266544619746693690e-01,1.353892524556810362e-01,9.826639291138140608e-01
1.275924569569104605e-01,1.451914165371739895e-01,9.811419965996908132e-01
1.285314022733043959e-01,1.551241061919191033e-01,9.794979276689748104e-01
1.294707367049127422e-01,1.651868020028196826e-01,9.777272875302029931e-01
1.304098690231929314e-01,1.753787893760180849e-01,9.758255716563057902e-01
1.313481775053364498e-01,1.856991475075446540e-01,9.737882125395633803e-01
1.322850095358246436e-01,1.961467382772572043e-01,9.716105872803670884e-01
1.332196813050996187e-01,2.067201951286028461e-01,9.692880260474489029e-01
1.341514776166767009e-01,2.174179119994415488e-01,9.668158214443252074e-01
1.350796518143839442e-01,2.282380323760280494e-01,9.641892388130164360e-01
1.360034258416884523e-01,2.391784385491762810e-01,9.614035275015908599e-01
1.369219904452422809e-01,2.502367411585462165e-01,9.584539331166959109e-01
1.378345055348342840e-01,2.614102691177891402e-01,9.553357107759203881e-01
1.387401007118551077e-01,2.726960600198531370e-01,9.520441393675573849e-01
1.396378759781464196e-01,2.840908511279530702e-01,9.485745368170637182e-01
1.405269026367025331e-01,2.955910710634087613e-01,9.449222763502411748e-01
1.414062243950989506e-01,3.071928323065942767e-01,9.410828037328998752e-01
1.422748586817286776e-01,3.188919246314608213e-01,9.370516554555232691e-01
1.431317981839133613e-01,3.306838095973170799e-01,9.328244778192974485e-01
1.439760126157149656e-01,3.425636162235976556e-01,9.283970468668516496e-01
1.448064507217945995e-01,3.545261379740488605e-01,9.237652890873104816e-01
1.456220425219408032e-01,3.665658311759199539e-01,9.189253028108678167e-01
1.464217017989218883e-01,3.786768149972117858e-01,9.138733801932710232e-01
1.472043288301075614e-01,3.908528731006303825e-01,9.086060296754914223e-01
1.479688133608627332e-01,4.030874570864881323e-01,9.031199987887139624e-01
1.487140378150587916e-01,4.153736918282676660e-01,8.974122971598375020e-01
1.494388807351922921e-01,4.277043827938261655e-01,8.914802195582159916e-01
1.501422204415810424e-01,4.400720254322202929e-01,8.853213688107020030e-01
1.508229388969538065e-01,4.524688166908614750e-01,8.789336783994894375e-01
1.514799257595084436e-01,4.648866687102155559e-01,8.723154345461348047e-01
1.521120826042295093e-01,4.773172247236167620e-01,8.654652975757887168e-01
1.527183272889898746e-01,4.897518771681399485e-01,8.583823223484603471e-01
1.532975984387657531e-01,5.021817879890602132e-01,8.510659775393547566e-01
1.538488600182425226e-01,5.145979110955007929e-01,8.435161635482951725e-01
1.543711059602413393e-01,5.269910168987549381e-01,8.357332288192376168e-01
1.548633648148274033e-01,5.393517188378471605e-01,8.277179843551120131e-01
1.553247043817351514e-01,5.516705017696110769e-01,8.194717162208785544e-01
1.557542362869329955e-01,5.639377520733781513e-01,8.109961958388580694e-01
1.561511204628105998e-01,5.761437892938184868e-01,8.022936878951303363e-01
1.565145694906611151e-01,5.882788991200711415e-01,7.933669556940409207e-01
1.568438527638971181e-01,6.003333674756061722e-01,7.842192638194854792e-01
1.571383004308180287e-01,6.122975154718082180e-01,7.748543779864476289e-01
1.573973070767633597e-01,6.241617349595788289e-01,7.652765619939183583e-01
1.576203351071486236e-01,6.359165243978065485e-01,7.554905717204709603e-01
1.578069177951912094e-01,6.475525247457846190e-01,7.455016461359033064e-01
1.580692502527192567e-01,6.704316476236023004e-01,7.249382856417814214e-01
1.581444430027440784e-01,6.816570819083797028e-01,7.143766218399818513e-01
1.581820796400171536e-01,6.927284177338681737e-01,7.036375266745590329e-01
1.581820796400171536e-01,7.036375266745590329e-01,6.927284177338681737e-01
1.581444430027440784e-01,7.143766218399818513e-01,6.816570819083797028e-01
1.580692502527192567e-01,7.249382856417814214e-01,6.704316476236023004e-01
1.579566619610618117e-01,7.353154953359773982e-01,6.590605550789130351e-01
1.578069177951912094e-01,7.455016461359033064e-01,6.475525247457846190e-01
1.576203351071486236e-01,7.554905717204709603e-01,6.359165243978065485e-01
1.573973070767633597e-01,7.652765619939183583e-01,6.241617349595788289e-01
1.571383004308180287e-01,7.748543779864476289e-01,6.122975154718082180e-01
1.568438527638971181e-01,7.842192638194854792e-01,6.003333674756061722e-01
1.565145694906611151e-01,7.933669556940409207e-01,5.882788991200711415e-01
1.561511204628105998e-01,8.022936878951303363e-01,5.761437892938184868e-01
1.557542362869329955e-01,8.109961958388580694e-01,5.639377520733781513e-01
1.553247043817351514e-01,8.194717162208785544e-01,5.516705017696110769e-01
1.548633648148274033e-01,8.277179843551120131e-01,5.393517188378471605e-01
1.543711059602413393e-01,8.357332288192376168e-01,5.269910168987549381e-01
1.538488600182425226e-01,8.435161635482951725e-01,5.145979110955007929e-01
1.532975984387657531e-01,8.510659775393547566e-01,5.021817879890602132e-01
1.527183272889898746e-01,8.583823223484603471e-01,4.897518771681399485e-01
1.521120826042295093e-01,8.654652975757887168e-01,4.773172247236167620e-01
1.514799257595084436e-01,8.723154345461348047e-01,4.648866687102155559e-01
1.508229388969538065e-01,8.789336783994894375e-01,4.524688166908614750e-01
1.501422204415810424e-01,8.853213688107020030e-01,4.400720254322202929e-01
1.494388807351922921e-01,8.914802195582159916e-01,4.277043827938261655e-01
1.487140378150587916e-01,8.974122971598375020e-01,4.153736918282676660e-01
1.479688133608627332e-01,9.031199987887139624e-01,4.030874570864881323e-01
1.472043288301075614e-01,9.086060296754914223e-01,3.908528731006303825e-01
1.464217017989218883e-01,9.138733801932710232e-01,3.786768149972117858e-01
1.456220425219408032e-01,9.189253028108678167e-01,3.665658311759199539e-01
1.448064507217945995e-01,9.237652890873104816e-01,3.545261379740488605e-01
1.439760126157149656e-01,9.283970468668516496e-01,3.425636162235976556e-01
1.431317981839133613e-01,9.328244778192974485e-01,3.306838095973170799e-01
1.422748586817286776e-01,9.370516554555232691e-01,3.188919246314608213e-01
1.414062243950989506e-01,9.410828037328998752e-01,3.071928323065942767e-01
1.405269026367025331e-01,9.449222763502411748e-01,2.955910710634087613e-01
1.396378759781464196e-01,9.485745368170637182e-01,2.840908511279530702e-01
1.387401007118551077e-01,9.520441393675573849e-01,2.726960600198531370e-01
1.378345055348342840e-01,9.553357107759203881e-01,2.614102691177891402e-01
1.369219904452422809e-01,9.584539331166959109e-01,2.502367411585462165e-01
1.360034258416884523e-01,9.614035275015908599e-01,2.391784385491762810e-01
1.350796518143839442e-01,9.641892388130164360e-01,2.282380323760280494e-01
1.341514776166767009e-01,9.668158214443252074e-01,2.174179119994415488e-01
1.332196813050996187e-01,9.692880260474489029e-01,2.067201951286028461e-01
1.322850095358246436e-01,9.716105872803670884e-01,1.961467382772572043e-01
1.313481775053364498e-01,9.737882125395633803e-01,1.856991475075446540e-01
1.304098690231929314e-01,9.758255716563057902e-01,1.753787893760180849e-01
1.294707367049127422e-01,9.777272875302029931e-01,1.651868020028196826e-01
1.285314022733043959e-01,9.794979276689748104e-01,1.551241061919191033e-01
1.275924569569104605e-01,9.811419965996908132e-01,1.451914165371739895e-01
1.266544619746693690e-01,9.826639291138140608e-01,1.353892524556810362e-01
1.257179490963818980e-01,9.840680843061616612e-01,1.257179490963818980e-01
1.247834212690977496e-01,9.853587403663235378e-01,1.161776680781254900e-01
1.238513533000946687e-01,9.865400900800644912e-01,1.067684080173229855e-01
1.229221925877027471e-01,9.876162369977495858e-01,9.749001481093665100e-02
1.219963598918152453e-01,9.885911922267787144e-01,8.834219164579724948e-02
1.210742501365210250e-01,9.894688718053614718e-01,7.932450871013446703e-02
1.201562332378812575e-01,9.902530946156421487e-01,7.043641258772349867e-02
1.192426549504529421e-01,9.909475807951434456e-01,6.167723531919979546e-02
1.183338377267242891e-01,9.915559506066896622e-01,5.304620311887640188e-02
1.174300815841725909e-01,9.920817237283546808e-01,4.454244473882408573e-02
1.165316649751771821e-01,9.925283189265091677e-01,3.616499947505499163e-02
1.156388456555186850e-01,9.928990540766948758e-01,2.791282481340106106e-02
1.147518615476666726e-01,9.931971464987702225e-01,1.978480371511494307e-02
1.138709315955030166e-01,9.934257135745607759e-01,1.177975154436238132e-02
1.216191372353567085e-01,3.923197975334087595e-03,9.925690877595240158e-01
1.225660313444059679e-01,1.186122883978122343e-02,9.923894795950289893e-01
1.235197010515289573e-01,1.992253242766596141e-02,9.921421148977648263e-01
1.244799239042152367e-01,2.810836991385505176e-02,9.918239098174568280e-01
1.254464573580333364e-01,3.641993923297742047e-02,9.914316791199407897e-01
1.264190378410983973e-01,4.485836826619620660e-02,9.909621353350617223e-01
1.273973798061921181e-01,5.342470766066121507e-02,9.904118881707194566e-01
1.283811747738934361e-01,6.211992327769037120e-02,9.897774442245331761e-01
1.293700903705523875e-01,7.094488826772227252e-02,9.890552070264810869e-01
1.303637693654449425e-01,7.990037477236948404e-02,9.882414774477278341e-01
1.313618287119825701e-01,8.898704525650431851e-02,9.873324545126431762e-01
1.323638585984170668e-01,9.820544347624492187e-02,9.863242366527208427e-01
1.333694215140741879e-01,1.075559850919953209e-01,9.852128234426771325e-01
1.343780513377672570e-01,1.170389479393456750e-01,9.839941178604247884e-01
1.353892524556810362e-01,1.266544619746693690e-01,9.826639291138140608e-01
1.364024989166704449e-01,1.364024989166704449e-01,9.812179760779841109e-01
1.374172336335831857e-01,1.462828616099434154e-01,9.796518913878028423e-01
1.384328676398837443e-01,1.562951731418042445e-01,9.779612262301464742e-01
1.394487794115179258e-01,1.664388657492310852e-01,9.761414558806255082e-01
1.404643142646060938e-01,1.767131695586979800e-01,9.741879860287196990e-01
1.414787838401747044e-01,1.871171012079730078e-01,9.720961599341035875e-01
1.424914656877207808e-01,1.976494524055481539e-01,9.698612664551317097e-01
1.435016029599358034e-01,2.083087784902294126e-01,9.674785489879543787e-01
1.445084042313820316e-01,2.190933870604824252e-01,9.649432153514864163e-01
1.455110434542959130e-01,2.300013267503387138e-01,9.622504486493762554e-01
1.465086600649754267e-01,2.410303762359273239e-01,9.593954191351616867e-01
1.475003592543692177e-01,2.521780335639215997e-01,9.563732971009101247e-01
1.484852124165088605e-01,2.634415059002576665e-01,9.531792668027503357e-01
1.494622577882891989e-01,2.748176998042736741e-01,9.498085414288055528e-01
1.504305012937863228e-01,2.863032121397868779e-01,9.462563791060751850e-01
1.513889176057887087e-01,2.978943217404229071e-01,9.425180999328135467e-01
1.523364514364861366e-01,3.095869819515685850e-01,9.385891040118984341e-01
1.532720190682933248e-01,3.213768141754537733e-01,9.344648904486270169e-01
1.541945101345689184e-01,3.332591025489070047e-01,9.301410772633673663e-01
1.551027896585093768e-01,3.452287898850692205e-01,9.256134221556204800e-01
1.559957003567457312e-01,3.572804750106111649e-01,9.208778440414344679e-01
1.568720652121404768e-01,3.694084116285888397e-01,9.159304452708846300e-01
1.577306903179766795e-01,3.816065088338145839e-01,9.107675344167041054e-01
1.585703679931537158e-01,3.938683334023495575e-01,9.053856495092970080e-01
1.593898801651685848e-01,4.061871139693005728e-01,8.997815815775646042e-01
1.601880020145896588e-01,4.185557471994116874e-01,8.939523983394842555e-01
1.609635058714425637e-01,4.309668060428946124e-01,8.878954678715058613e-01
1.617151653504692310e-01,4.434125501545124193e-01,8.816084820719130022e-01
1.624417597086259268e-01,4.558849385371114282e-01,8.750894797206622000e-01
1.631420784045103656e-01,4.683756444516588013e-01,8.683368689272326080e-01
1.638149258357091131e-01,4.808760726145009379e-01,8.613494487490511720e-01
1.644591262263971621e-01,4.933773786791915139e-01,8.541264297564498120e-01
1.650735286339770347e-01,5.058704909750909584e-01,8.466674533162048544e-01
1.656570120401855695e-01,5.183461344483225597e-01,8.389726093648107730e-01
1.662084904890038517e-01,5.307948567229477943e-01,8.310424524450191752e-01
1.667269182309578934e-01,5.432070561718305157e-01,8.228780157850501542e-01
1.672112948310697789e-01,5.555730118580706201e-01,8.144808232094044032e-01
1.676606701958900103e-01,5.678829151796274122e-01,8.058528986834713193e-01
1.680741494737730268e-01,5.801269030223779044e-01,7.969967733111172903e-01
1.684508977819169362e-01,5.922950922009336816e-01,7.879154896250952778e-01
1.687901447137152844e-01,6.043776149426579591e-01,7.786126030342349624e-01
1.690911885807079851e-01,6.163646551490322700e-01,7.690921803187040773e-01
1.693534003448834702e-01,6.282464851503740677e-01,7.593587950947999765e-01
1.695762271992862780e-01,6.400135026553708251e-01,7.494175202032974381e-01
1.697591957578051813e-01,6.516562675864134846e-01,7.392739170097968326e-01
1.699019148186299288e-01,6.631655384856199875e-01,7.289340216412186768e-01
1.700040776701207124e-01,6.745323081749950989e-01,7.184043282188972146e-01
1.700654639126665812e-01,6.857478383575265068e-01,7.076917691849673453e-01
1.700859407754375940e-01,6.968036928542120645e-01,6.968036928542120645e-01
1.700654639126665812e-01,7.076917691849673453e-01,6.857478383575265068e-01
1.699019148186299288e-01,7.289340216412186768e-01,6.631655384856199875e-01
1.697591957578051813e-01,7.392739170097968326e-01,6.516562675864134846e-01
1.695762271992862780e-01,7.494175202032974381e-01,6.400135026553708251e-01
1.693534003448834702e-01,7.593587950947999765e-01,6.282464851503740677e-01
1.690911885807079851e-01,7.690921803187040773e-01,6.163646551490322700e-01
1.687901447137152844e-01,7.786126030342349624e-01,6.043776149426579591e-01
1.684508977819169362e-01,7.879154896250952778e-01,5.922950922009336816e-01
1.680741494737730268e-01,7.969967733111172903e-01,5.801269030223779044e-01
1.676606701958900103e-01,8.058528986834713193e-01,5.678829151796274122e-01
1.672112948310697789e-01,8.144808232094044032e-01,5.555730118580706201e-01
1.667269182309578934e-01,8.228780157850501542e-01,5.432070561718305157e-01
1.662084904890038517e-01,8.310424524450191752e-01,5.307948567229477943e-01
1.656570120401855695e-01,8.389726093648107730e-01,5.183461344483225597e-01
1.650735286339770347e-01,8.466674533162048544e-01,5.058704909750909584e-01
1.644591262263971621e-01,8.541264297564498120e-01,4.933773786791915139e-01
1.638149258357091131e-01,8.613494487490511720e-01,4.808760726145009379e-01
1.631420784045103656e-01,8.683368689272326080e-01,4.683756444516588013e-01
1.624417597086259268e-01,8.750894797206622000e-01,4.558849385371114282e-01
1.617151653504692310e-01,8.816084820719130022e-01,4.434125501545124193e-01
1.609635058714425637e-01,8.878954678715058613e-01,4.309668060428946124e-01
1.601880020145896588e-01,8.939523983394842555e-01,4.185557471994116874e-01
1.593898801651685848e-01,8.997815815775646042e-01,4.061871139693005728e-01
1.585703679931537158e-01,9.053856495092970080e-01,3.938683334023495575e-01
1.577306903179766795e-01,9.107675344167041054e-01,3.816065088338145839e-01
1.568720652121404768e-01,9.159304452708846300e-01,3.694084116285888397e-01
1.559957003567457312e-01,9.208778440414344679e-01,3.572804750106111649e-01
1.551027896585093768e-01,9.256134221556204800e-01,3.452287898850692205e-01
1.541945101345689184e-01,9.301410772633673663e-01,3.332591025489070047e-01
1.532720190682933248e-01,9.344648904486270169e-01,3.213768141754537733e-01
1.523364514364861366e-01,9.385891040118984341e-01,3.095869819515685850e-01
1.513889176057887087e-01,9.425180999328135467e-01,2.978943217404229071e-01
1.504305012937863228e-01,9.462563791060751850e-01,2.863032121397868779e-01
1.494622577882891989e-01,9.498085414288055528e-01,2.748176998042736741e-01
1.484852124165088605e-01,9.531792668027503357e-01,2.634415059002576665e-01
1.475003592543692177e-01,9.563732971009101247e-01,2.521780335639215997e-01
1.465086600649754267e-01,9.593954191351616867e-01,2.410303762359273239e-01
1.455110434542959130e-01,9.622504486493762554e-01,2.300013267503387138e-01
1.445084042313820316e-01,9.649432153514864163e-01,2.190933870604824252e-01
1.435016029599358034e-01,9.674785489879543787e-01,2.083087784902294126e-01
1.424914656877207808e-01,9.698612664551317097e-01,1.976494524055481539e-01
1.414787838401747044e-01,9.720961599341035875e-01,1.871171012079730078e-01
1.404643142646060938e-01,9.741879860287196990e-01,1.767131695586979800e-01
1.394487794115179258e-01,9.761414558806255082e-01,1.664388657492310852e-01
1.384328676398837443e-01,9.779612262301464742e-01,1.562951731418042445e-01
1.374172336335831857e-01,9.796518913878028423e-01,1.462828616099434154e-01
1.364024989166704449e-01,9.812179760779841109e-01,1.364024989166704449e-01
1.353892524556810362e-01,9.826639291138140608e-01,1.266544619746693690e-01
1.343780513377672570e-01,9.839941178604247884e-01,1.170389479393456750e-01
1.333694215140741879e-01,9.852128234426771325e-01,1.075559850919953209e-01
1.323638585984170668e-01,9.863242366527208427e-01,9.820544347624492187e-02
1.313618287119825701e-01,9.873324545126431762e-01,8.898704525650431851e-02
1.303637693654449425e-01,9.882414774477278341e-01,7.990037477236948404e-02
1.293700903705523875e-01,9.890552070264810869e-01,7.094488826772227252e-02
1.283811747738934361e-01,9.897774442245331761e-01,6.211992327769037120e-02
1.273973798061921181e-01,9.904118881707194566e-01,5.342470766066121507e-02
1.264190378410983973e-01,9.909621353350617223e-01,4.485836826619620660e-02
1.254464573580333364e-01,9.914316791199407897e-01,3.641993923297742047e-02
1.244799239042152367e-01,9.918239098174568280e-01,2.810836991385505176e-02
1.235197010515289573e-01,9.921421148977648263e-01,1.992253242766596141e-02
1.225660313444059679e-01,9.923894795950289893e-01,1.186122883978122343e-02
1.216191372353567085e-01,9.925690877595240158e-01,3.923197975334087595e-03
1.303513147625790791e-01,3.950039841290275099e-03,9.914600001638590454e-01
1.313719667150034243e-01,1.194290606500031035e-02,9.912612033950257695e-01
1.323999221600539455e-01,2.006059426667484297e-02,9.909933567737371218e-01
1.334349355923153679e-01,2.830438027715780416e-02,9.906533097005232325e-01
1.355250425409395276e-01,4.517501418031317356e-02,9.897434924959522817e-01
1.365795300784545252e-01,5.380405730363359978e-02,9.891668996591100882e-01
1.376398615439240747e-01,6.256357342905639884e-02,9.885044601790911045e-01
1.387056701674213022e-01,7.145443614685340061e-02,9.877524996770910004e-01
1.397765617591474885e-01,8.047741434617583511e-02,9.869072390873141476e-01
1.408521136546081465e-01,8.963316323475063740e-02,9.859647955822570253e-01
1.419318736715122209e-01,9.892221498317518846e-02,9.849211839629181675e-01
1.430153590852480394e-01,1.083449690039757912e-01,9.837723185561002559e-01
1.441020556304854483e-01,1.179016818794881016e-01,9.825140156624009302e-01
1.451914165371739895e-01,1.275924569569104605e-01,9.811419965996908132e-01
1.462828616099434154e-01,1.374172336335831857e-01,9.796518913878028423e-01
1.473757763606591553e-01,1.473757763606591553e-01,9.780392431207379778e-01
1.484695112046330867e-01,1.574676633988532637e-01,9.762995130728903126e-01
1.495633807317303388e-01,1.676922753658794674e-01,9.744280865855158291e-01
1.506566630643330906e-01,1.780487836214845465e-01,9.724202797788772390e-01
1.517485993148118550e-01,1.885361385426450320e-01,9.702713471341000151e-01
1.528383931557963649e-01,1.991530577484619535e-01,9.679764899867103756e-01
1.539252105171189100e-01,2.098980143415258015e-01,9.655308659710186703e-01
1.550081794238029331e-01,2.207692252399617583e-01,9.629295994508970669e-01
1.560863899898714824e-01,2.317646396819303678e-01,9.601677929679972578e-01
1.571588945830318662e-01,2.428819279919583463e-01,9.572405397330122634e-01
1.582247081754356577e-01,2.541184707060027415e-01,9.541429371791423364e-01
1.592828088956906030e-01,2.654713481594843105e-01,9.508701015894256425e-01
1.603321387970962353e-01,2.769373306495298559e-01,9.474171838010232438e-01
1.613716048566591066e-01,2.885128692891784086e-01,9.437793859798547791e-01
1.624000802187995640e-01,3.001940876771749811e-01,9.399519794482035229e-01
1.634164056967650491e-01,3.119767745120060054e-01,9.359303235360180162e-01
1.644193915435991360e-01,3.238563772828467746e-01,9.317098854137284558e-01
1.654078195030613818e-01,3.358279971728821978e-01,9.272862608504955917e-01
1.663804451491389114e-01,3.478863853118359106e-01,9.226551958270430287e-01
1.673360005207287227e-01,3.600259405142951508e-01,9.178126089167242263e-01
1.682731970556925194e-01,3.722407086383500707e-01,9.127546143323926886e-01
1.691907288258006903e-01,3.845243836950015814e-01,9.074775455202037655e-01
1.700872760710944454e-01,3.968703108325537521e-01,9.019779791648948608e-01
1.709615090289223760e-01,4.092714913116626829e-01,8.962527594546537690e-01
1.718120920493781678e-01,4.217205895757464296e-01,8.902990224376868822e-01
1.726376879851088952e-01,4.342099425080011565e-01,8.841142202873758515e-01
1.734369628395255880e-01,4.467315709502931997e-01,8.776961452788113460e-01
1.742085906533792639e-01,4.592771935407271577e-01,8.710429532668964026e-01
1.749512586055283203e-01,4.718382429058188277e-01,8.641531864454884415e-01
1.756636722995849886e-01,4.844058842200676951e-01,8.570257951585812384e-01
1.763445612040685229e-01,4.969710361205567084e-01,8.496601585286936986e-01
1.769926842097893360e-01,5.095243939372723352e-01,8.420561036647552511e-01
1.776068352645318593e-01,5.220564551715027868e-01,8.342139232121951187e-01
1.781858490417813357e-01,5.345575471253439792e-01,8.261343910118952305e-01
1.787286065973412164e-01,5.470178565554988381e-01,8.178187756423794808e-01
1.792340409652989630e-01,5.594274611947209763e-01,8.092688516311983271e-01
1.797011426430016601e-01,5.717763629550052240e-01,8.004869081370074024e-01
1.801289649135703330e-01,5.840545225985462885e-01,7.914757549232636080e-01
1.805166289540789393e-01,5.962518956362001799e-01,7.822387254676754775e-01
1.808633286778963678e-01,6.083584691892878205e-01,7.727796770782845437e-01
1.811683352608742803e-01,6.203642995296603235e-01,7.631029879170158070e-01
1.814310013030741853e-01,6.322595499955615539e-01,7.532135508642776589e-01
1.816507645805612303e-01,6.440345289674443974e-01,7.431167641932050483e-01
1.818271513454259303e-01,6.556797275789600921e-01,7.328185190588377695e-01
1.819597791365855088e-01,6.671858568341468843e-01,7.223251838452333651e-01
1.820483590689988829e-01,6.785438838026321973e-01,7.116435854515411608e-01
1.820926975746202936e-01,6.897450665705314732e-01,7.007809876356599910e-01
1.820926975746202936e-01,7.007809876356599910e-01,6.897450665705314732e-01
1.820483590689988829e-01,7.116435854515411608e-01,6.785438838026321973e-01
1.819597791365855088e-01,7.223251838452333651e-01,6.671858568341468843e-01
1.818271513454259303e-01,7.328185190588377695e-01,6.556797275789600921e-01
1.816507645805612303e-01,7.431167641932050483e-01,6.440345289674443974e-01
1.814310013030741853e-01,7.532135508642776589e-01,6.322595499955615539e-01
1.811683352608742803e-01,7.631029879170158070e-01,6.203642995296603235e-01
1.808633286778963678e-01,7.727796770782845437e-01,6.083584691892878205e-01
1.801289649135703330e-01,7.914757549232636080e-01,5.840545225985462885e-01
1.797011426430016601e-01,8.004869081370074024e-01,5.717763629550052240e-01
1.792340409652989630e-01,8.092688516311983271e-01,5.594274611947209763e-01
1.787286065973412164e-01,8.178187756423794808e-01,5.470178565554988381e-01
1.781858490417813357e-01,8.261343910118952305e-01,5.345575471253439792e-01
1.776068352645318593e-01,8.342139232121951187e-01,5.220564551715027868e-01
1.769926842097893360e-01,8.420561036647552511e-01,5.095243939372723352e-01
1.763445612040685229e-01,8.496601585286936986e-01,4.969710361205567084e-01
1.756636722995849886e-01,8.570257951585812384e-01,4.844058842200676951e-01
1.749512586055283203e-01,8.641531864454884415e-01,4.718382429058188277e-01
1.742085906533792639e-01,8.710429532668964026e-01,4.592771935407271577e-01
1.734369628395255880e-01,8.776961452788113460e-01,4.467315709502931997e-01
1.726376879851088952e-01,8.841142202873758515e-01,4.342099425080011565e-01
1.718120920493781678e-01,8.902990224376868822e-01,4.217205895757464296e-01
1.709615090289223760e-01,8.962527594546537690e-01,4.092714913116626829e-01
1.700872760710944454e-01,9.019779791648948608e-01,3.968703108325537521e-01
1.691907288258006903e-01,9.074775455202037655e-01,3.845243836950015814e-01
1.682731970556925194e-01,9.127546143323926886e-01,3.722407086383500707e-01
1.673360005207287227e-01,9.178126089167242263e-01,3.600259405142951508e-01
1.663804451491389114e-01,9.226551958270430287e-01,3.478863853118359106e-01
1.654078195030613818e-01,9.272862608504955917e-01,3.358279971728821978e-01
1.644193915435991360e-01,9.317098854137284558e-01,3.238563772828467746e-01
1.634164056967650491e-01,9.359303235360180162e-01,3.119767745120060054e-01
1.624000802187995640e-01,9.399519794482035229e-01,3.001940876771749811e-01
1.613716048566591066e-01,9.437793859798547791e-01,2.885128692891784086e-01
1.603321387970962353e-01,9.474171838010232438e-01,2.769373306495298559e-01
1.592828088956906030e-01,9.508701015894256425e-01,2.654713481594843105e-01
1.582247081754356577e-01,9.541429371791423364e-01,2.541184707060027415e-01
1.571588945830318662e-01,9.572405397330122634e-01,2.428819279919583463e-01
1.560863899898714824e-01,9.601677929679972578e-01,2.317646396819303678e-01
1.550081794238029331e-01,9.629295994508970669e-01,2.207692252399617583e-01
1.539252105171189100e-01,9.655308659710186703e-01,2.098980143415258015e-01
1.528383931557963649e-01,9.679764899867103756e-01,1.991530577484619535e-01
1.517485993148118550e-01,9.702713471341000151e-01,1.885361385426450320e-01
1.506566630643330906e-01,9.724202797788772390e-01,1.780487836214845465e-01
1.495633807317303388e-01,9.744280865855158291e-01,1.676922753658794674e-01
1.484695112046330867e-01,9.762995130728903126e-01,1.574676633988532637e-01
1.473757763606591553e-01,9.780392431207379778e-01,1.473757763606591553e-01
1.462828616099434154e-01,9.796518913878028423e-01,1.374172336335831857e-01
1.451914165371739895e-01,9.811419965996908132e-01,1.275924569569104605e-01
1.441020556304854483e-01,9.825140156624009302e-01,1.179016818794881016e-01
1.430153590852480394e-01,9.837723185561002559e-01,1.083449690039757912e-01
1.419318736715122209e-01,9.849211839629181675e-01,9.892221498317518846e-02
1.408521136546081465e-01,9.859647955822570253e-01,8.963316323475063740e-02
1.397765617591474885e-01,9.869072390873141476e-01,8.047741434617583511e-02
1.387056701674213022e-01,9.877524996770910004e-01,7.145443614685340061e-02
1.376398615439240747e-01,9.885044601790911045e-01,6.256357342905639884e-02
1.365795300784545252e-01,9.891668996591100882e-01,5.380405730363359978e-02
1.355250425409395276e-01,9.897434924959522817e-01,4.517501418031317356e-02
1.344767393417999057e-01,9.902378078805265105e-01,3.667547436594542631e-02
1.334349355923153679e-01,9.906533097005232325e-01,2.830438027715780416e-02
1.323999221600539455e-01,9.909933567737371218e-01,2.006059426667484297e-02
1.313719667150034243e-01,9.912612033950257695e-01,1.194290606500031035e-02
1.303513147625790791e-01,9.914600001638590454e-01,3.950039841290275099e-03
1.391927952674036906e-01,3.976937007640105395e-03,9.902573149023863319e-01
1.402887307513922821e-01,1.202474835011933807e-02,9.900376141598254964e-01
1.413925035681859732e-01,2.019892908116942276e-02,9.897475249773017847e-01
1.425038436567825084e-01,2.850076873135650585e-02,9.893838288170900830e-01
1.436224565979644374e-01,3.693148883947656308e-02,9.889432011459836636e-01
1.447480224785798464e-01,4.549223563612509597e-02,9.884222106394452423e-01
1.458801947420206857e-01,5.418407233275054219e-02,9.878173186816828766e-01
1.470185990292402212e-01,6.300797101253151344e-02,9.871248791963270763e-01
1.481628320152590106e-01,7.196480412169722896e-02,9.863411388444385253e-01
1.493124602467530704e-01,8.105533556252308980e-02,9.854622376285702146e-01
1.504670189870030150e-01,9.028021139220181179e-02,9.844842099435340277e-01
1.527889058078840401e-01,1.091349327199171715e-01,9.822143944792545156e-01
1.539551378509847190e-01,1.187653920564739340e-01,9.809141640219883884e-01
1.551241061919191033e-01,1.285314022733043959e-01,9.794979276689748104e-01
1.562951731418042445e-01,1.384328676398837443e-01,9.779612262301464742e-01
1.574676633988532637e-01,1.484695112046330867e-01,9.762995130728903126e-01
1.586408631847678052e-01,1.586408631847678052e-01,9.745081595635737282e-01
1.598140194667871938e-01,1.689462491506036057e-01,9.725824613264478780e-01
1.609863392788486169e-01,1.793847780535741676e-01,9.705176453667730962e-01
1.621569891560685484e-01,1.899553301542517281e-01,9.683088781033807324e-01
1.633250946974589557e-01,2.006565449140209900e-01,9.659512743535428880e-01
1.644897402724157798e-01,2.114868089216774272e-01,9.634399073098638411e-01
1.656499688870510523e-01,2.224442439340399980e-01,9.607698195448961531e-01
1.668047822268532154e-01,2.335266951175944961e-01,9.579360350742142094e-01
1.679531408924361535e-01,2.447317195861212491e-01,9.549335725027083832e-01
1.690939648452477184e-01,2.560565753370894204e-01,9.517574592718228699e-01
1.702261340800291234e-01,2.674982106971885987e-01,9.484027470173050922e-01
1.713484895405229802e-01,2.790532543945659638e-01,9.448645280377409028e-01
1.724598342943918783e-01,2.907180063819748694e-01,9.411379528636814040e-01
1.735589349825096550e-01,3.024884295409454027e-01,9.372182489055521648e-01
1.746445235566978504e-01,3.143601424020561752e-01,9.331007401457857009e-01
1.757152993185817635e-01,3.263284130202232514e-01,9.287808678267892581e-01
1.767699312705148518e-01,3.383881541464141551e-01,9.242542120715491194e-01
1.778070607874543685e-01,3.505339198381243193e-01,9.195165143579782097e-01
1.788253046162557869e-01,3.627599036501188423e-01,9.145637007517081196e-01
1.798232582060892981e-01,3.750599385441291123e-01,9.093919057850802234e-01
1.807994993705691333e-01,3.874274986512195595e-01,9.039974968528456944e-01
1.817525922787434356e-01,3.998557030132355306e-01,8.983770989777889460e-01
1.826810917683389379e-01,4.123373214199650416e-01,8.925276197824559832e-01
1.835835479706218465e-01,4.248647824462962741e-01,8.864462744867168675e-01
1.844585112319676867e-01,4.374301837786662150e-01,8.801306107353886743e-01
1.853045373127802653e-01,4.500253049024663388e-01,8.735785330459641118e-01
1.861201928398242555e-01,4.626416222018489011e-01,8.667883266540387099e-01
1.869040609834123901e-01,4.752703265006772426e-01,8.597586805236969720e-01
1.876547473262946686e-01,4.879023430483661050e-01,8.524887092823100199e-01
1.883708858866247060e-01,5.005283539273170934e-01,8.449779738342879654e-01
1.890511452531222769e-01,5.131388228299033072e-01,8.372265004066844485e-01
1.896942347866084067e-01,5.257240221228861587e-01,8.292347977814596982e-01
1.902989108385632622e-01,5.382740620862218606e-01,8.210038724749444405e-01
1.908639829343463101e-01,5.507789221819707759e-01,8.125352416347885187e-01
1.913883198663170193e-01,5.632284841780186291e-01,8.038309434385314534e-01
1.918708556403950216e-01,5.756125669211851203e-01,7.948935447959222245e-01
1.923105952186735523e-01,5.879209625256591742e-01,7.857261461791519297e-01
1.927066200006204710e-01,6.001434737162180122e-01,7.763323834310710270e-01
1.930580929862095452e-01,6.122699520419787600e-01,7.667164264309463961e-01
1.933642635660535181e-01,6.242903366561155520e-01,7.568829745299808787e-01
1.936244718862686065e-01,6.361946933405968618e-01,7.468372487041788910e-01
1.938381527393714387e-01,6.479732534430416857e-01,7.365849804096115117e-01
1.940048389369585513e-01,6.596164523856591355e-01,7.261323971640448738e-01
1.941241641251859329e-01,6.711149674042141688e-01,7.154862049185424233e-01
1.941958650100680805e-01,6.824597541782392307e-01,7.046535673222470431e-01
1.942197829662520303e-01,6.936420820223286876e-01,6.936420820223286876e-01
1.941958650100680805e-01,7.046535673222470431e-01,6.824597541782392307e-01
1.941241641251859329e-01,7.154862049185424233e-01,6.711149674042141688e-01
1.940048389369585513e-01,7.261323971640448738e-01,6.596164523856591355e-01
1.938381527393714387e-01,7.365849804096115117e-01,6.479732534430416857e-01
1.936244718862686065e-01,7.468372487041788910e-01,6.361946933405968618e-01
1.933642635660535181e-01,7.568829745299808787e-01,6.242903366561155520e-01
1.930580929862095452e-01,7.667164264309463961e-01,6.122699520419787600e-01
1.927066200006204710e-01,7.763323834310710270e-01,6.001434737162180122e-01
1.923105952186735523e-01,7.857261461791519297e-01,5.879209625256591742e-01
1.918708556403950216e-01,7.948935447959222245e-01,5.756125669211851203e-01
1.913883198663170193e-01,8.038309434385314534e-01,5.632284841780186291e-01
1.908639829343463101e-01,8.125352416347885187e-01,5.507789221819707759e-01
1.902989108385632622e-01,8.210038724749444405e-01,5.382740620862218606e-01
1.896942347866084067e-01,8.292347977814596982e-01,5.257240221228861587e-01
1.890511452531222769e-01,8.372265004066844485e-01,5.131388228299033072e-01
1.876547473262946686e-01,8.524887092823100199e-01,4.879023430483661050e-01
1.869040609834123901e-01,8.597586805236969720e-01,4.752703265006772426e-01
1.861201928398242555e-01,8.667883266540387099e-01,4.626416222018489011e-01
1.853045373127802653e-01,8.735785330459641118e-01,4.500253049024663388e-01
1.844585112319676867e-01,8.801306107353886743e-01,4.374301837786662150e-01
1.835835479706218465e-01,8.864462744867168675e-01,4.248647824462962741e-01
1.826810917683389379e-01,8.925276197824559832e-01,4.123373214199650416e-01
1.817525922787434356e-01,8.983770989777889460e-01,3.998557030132355306e-01
1.807994993705691333e-01,9.039974968528456944e-01,3.874274986512195595e-01
1.798232582060892981e-01,9.093919057850802234e-01,3.750599385441291123e-01
1.788253046162557869e-01,9.145637007517081196e-01,3.627599036501188423e-01
1.778070607874543685e-01,9.195165143579782097e-01,3.505339198381243193e-01
1.767699312705148518e-01,9.242542120715491194e-01,3.383881541464141551e-01
1.757152993185817635e-01,9.287808678267892581e-01,3.263284130202232514e-01
1.746445235566978504e-01,9.331007401457857009e-01,3.143601424020561752e-01
1.735589349825096550e-01,9.372182489055521648e-01,3.024884295409454027e-01
1.724598342943918783e-01,9.411379528636814040e-01,2.907180063819748694e-01
1.713484895405229802e-01,9.448645280377409028e-01,2.790532543945659638e-01
1.702261340800291234e-01,9.484027470173050922e-01,2.674982106971885987e-01
1.690939648452477184e-01,9.517574592718228699e-01,2.560565753370894204e-01
1.679531408924361535e-01,9.549335725027083832e-01,2.447317195861212491e-01
1.668047822268532154e-01,9.579360350742142094e-01,2.335266951175944961e-01
1.656499688870510523e-01,9.607698195448961531e-01,2.224442439340399980e-01
1.644897402724157798e-01,9.634399073098638411e-01,2.114868089216774272e-01
1.633250946974589557e-01,9.659512743535428880e-01,2.006565449140209900e-01
1.621569891560685484e-01,9.683088781033807324e-01,1.899553301542517281e-01
1.609863392788486169e-01,9.705176453667730962e-01,1.793847780535741676e-01
1.598140194667871938e-01,9.725824613264478780e-01,1.689462491506036057e-01
1.586408631847678052e-01,9.745081595635737282e-01,1.586408631847678052e-01
1.574676633988532637e-01,9.762995130728903126e-01,1.484695112046330867e-01
1.562951731418042445e-01,9.779612262301464742e-01,1.384328676398837443e-01
1.551241061919191033e-01,9.794979276689748104e-01,1.285314022733043959e-01
1.539551378509847190e-01,9.809141640219883884e-01,1.187653920564739340e-01
1.527889058078840401e-01,9.822143944792545156e-01,1.091349327199171715e-01
1.516260110752031542e-01,9.834029861163176012e-01,9.963995013513350651e-02
1.504670189870030150e-01,9.844842099435340277e-01,9.028021139220181179e-02
1.493124602467530704e-01,9.854622376285702146e-01,8.105533556252308980e-02
1.481628320152590106e-01,9.863411388444385253e-01,7.196480412169722896e-02
1.470185990292402212e-01,9.871248791963270763e-01,6.300797101253151344e-02
1.458801947420206857e-01,9.878173186816828766e-01,5.418407233275054219e-02
1.447480224785798464e-01,9.884222106394452423e-01,4.549223563612509597e-02
1.436224565979644374e-01,9.889432011459836636e-01,3.693148883947656308e-02
1.425038436567825084e-01,9.893838288170900830e-01,2.850076873135650585e-02
1.413925035681859732e-01,9.897475249773017847e-01,2.019892908116942276e-02
1.402887307513922821e-01,9.900376141598254964e-01,1.202474835011933807e-02
1.391927952674036906e-01,9.902573149023863319e-01,3.976937007640105395e-03
1.481434723555020427e-01,4.003877631229784892e-03,9.889577749137568041e-01
1.493162000248371146e-01,1.210671892093274048e-02,9.887153785428404174e-01
1.504973033438912755e-01,2.033747342485017415e-02,9.884012084477185045e-01
1.516864860945053017e-01,2.869744331517667599e-02,9.880119769939399443e-01
1.528834253807756227e-01,3.718786022775623368e-02,9.875442882704155156e-01
1.540877703853460456e-01,4.580987768212990696e-02,9.869946373331625056e-01
1.552991411113432418e-01,5.456456309317465198e-02,9.863594097612340406e-01
1.565171271148712295e-01,6.345288937089374470e-02,9.856348815612160363e-01
1.577412862336605714e-01,7.247572610735755760e-02,9.848172194587997419e-01
1.589711433181932032e-01,8.163383035258570120e-02,9.839024816180065303e-01
1.602061889723921939e-01,9.092783698433069828e-02,9.828866188306223384e-01
1.614458783117736496e-01,1.003582486802917229e-01,9.817654762202451257e-01
1.626896297478027387e-01,1.099254255052721230e-01,9.805347955070272681e-01
1.639368238080717854e-01,1.196295741302145360e-01,9.791902178806448642e-01
1.651868020028196826e-01,1.294707367049127422e-01,9.777272875302029931e-01
1.664388657492310852e-01,1.394487794115179258e-01,9.761414558806255082e-01
1.676922753658794674e-01,1.495633807317303388e-01,9.744280865855158291e-01
1.689462491506036057e-01,1.598140194667871938e-01,9.725824613264478780e-01
1.701999625560123575e-01,1.701999625560123575e-01,9.705997864680704357e-01
1.727030916709962616e-01,1.913736961759688326e-01,9.662037831323304626e-01
1.739506383131337319e-01,2.021588499314797283e-01,9.637805636268219622e-01
1.751941857277860837e-01,2.130740096689290319e-01,9.612005325065020589e-01
1.764326872902391430e-01,2.241171973686821584e-01,9.584586525767044840e-01
1.776650515312771239e-01,2.352861493252048353e-01,9.555498717493012828e-01
1.788901424584245781e-01,2.465783044697203719e-01,9.524691368732335350e-01
1.801067801131638613e-01,2.579907931350725603e-01,9.492114087045122606e-01
1.813137413826057531e-01,2.695204263795490940e-01,9.457716780227813924e-01
1.825097610836872164e-01,2.811636859937884370e-01,9.421449828914665314e-01
1.836935333372915202e-01,2.929167153216269970e-01,9.383264270472457813e-01
1.848637132487004620e-01,3.047753110316412939e-01,9.343111993920807379e-01
1.860189189094763607e-01,3.167349159810002868e-01,9.300945945473817478e-01
1.871577337342028857e-01,3.287906133168429501e-01,9.256720344151115887e-01
1.882787091434804105e-01,3.409371219625185745e-01,9.210390906748635587e-01
1.893803676021477977e-01,3.531687936364377722e-01,9.161915081293096064e-01
1.904612060188941858e-01,3.654796115497699338e-01,9.111252287930883265e-01
1.915196995102199651e-01,3.778631909255691368e-01,9.058364166023917807e-01
1.925543055281233318e-01,3.903127814759256853e-01,9.003214826044685370e-01
1.935634683469402706e-01,4.028212719652540796e-01,8.945771104682915809e-01
1.945456239004834109e-01,4.153811969767078338e-01,8.886002821400459384e-01
1.954992049560459744e-01,4.279847459848574176e-01,8.823883034502615352e-01
1.964226466070149169e-01,4.406237748211415672e-01,8.759388294637151517e-01
1.973143920608329549e-01,4.532898195992108303e-01,8.692498893490748779e-01
1.981728986939379489e-01,4.659741131452054819e-01,8.623199105330814351e-01
1.989966443401755269e-01,4.786676039533951932e-01,8.551477418942677877e-01
1.997841337741184664e-01,4.913609776606697177e-01,8.477326757442323890e-01
2.005339053458431720e-01,5.040446810044166837e-01,8.400744683406944358e-01
2.012445377191106333e-01,5.167089481977165111e-01,8.321733586763223611e-01
2.019146566606956905e-01,5.293438296239859620e-01,8.240300852909473450e-01
2.025429418249130309e-01,5.419392227207132651e-01,8.156459008624876716e-01
2.031281334743135769e-01,5.544849048893424337e-01,8.070225843438945112e-01
2.036690390751747237e-01,5.669705682362972121e-01,7.981624504297387679e-01
2.041645397048773014e-01,5.793858559192464064e-01,7.890683561566880222e-01
2.046135962076322257e-01,5.917203998436931789e-01,7.797437044669227602e-01
2.050152550353564196e-01,6.039638594284824080e-01,7.701924445922849749e-01
2.053686537118460109e-01,6.161059611355380605e-01,7.604190691492676013e-01
2.056730258607759876e-01,6.281365384396672136e-01,7.504286078703988894e-01
2.059277057414718726e-01,6.400455718991693299e-01,7.402266179355609932e-01
2.061321322408176671e-01,6.518232289777207145e-01,7.298191709066786936e-01
2.062858522750385115e-01,6.634599032629617810e-01,7.192128363102694433e-01
2.063885235613406033e-01,6.749462527276274271e-01,7.084146619537907696e-01
2.064399167264068247e-01,6.862732366850822219e-01,6.974321511027258280e-01
2.064399167264068247e-01,6.974321511027258280e-01,6.862732366850822219e-01
2.063885235613406033e-01,7.084146619537907696e-01,6.749462527276274271e-01
2.062858522750385115e-01,7.192128363102694433e-01,6.634599032629617810e-01
2.061321322408176671e-01,7.298191709066786936e-01,6.518232289777207145e-01
2.059277057414718726e-01,7.402266179355609932e-01,6.400455718991693299e-01
2.056730258607759876e-01,7.504286078703988894e-01,6.281365384396672136e-01
2.053686537118460109e-01,7.604190691492676013e-01,6.161059611355380605e-01
2.050152550353564196e-01,7.701924445922849749e-01,6.039638594284824080e-01
2.046135962076322257e-01,7.797437044669227602e-01,5.917203998436931789e-01
2.041645397048773014e-01,7.890683561566880222e-01,5.793858559192464064e-01
2.036690390751747237e-01,7.981624504297387679e-01,5.669705682362972121e-01
2.031281334743135769e-01,8.070225843438945112e-01,5.544849048893424337e-01
2.025429418249130309e-01,8.156459008624876716e-01,5.419392227207132651e-01
2.019146566606956905e-01,8.240300852909473450e-01,5.293438296239859620e-01
2.012445377191106333e-01,8.321733586763223611e-01,5.167089481977165111e-01
2.005339053458431720e-01,8.400744683406944358e-01,5.040446810044166837e-01
1.997841337741184664e-01,8.477326757442323890e-01,4.913609776606697177e-01
1.989966443401755269e-01,8.551477418942677877e-01,4.786676039533951932e-01
1.981728986939379489e-01,8.623199105330814351e-01,4.659741131452054819e-01
1.973143920608329549e-01,8.692498893490748779e-01,4.532898195992108303e-01
1.964226466070149169e-01,8.759388294637151517e-01,4.406237748211415672e-01
1.954992049560459744e-01,8.823883034502615352e-01,4.279847459848574176e-01
1.945456239004834109e-01,8.886002821400459384e-01,4.153811969767078338e-01
1.925543055281233318e-01,9.003214826044685370e-01,3.903127814759256853e-01
1.915196995102199651e-01,9.058364166023917807e-01,3.778631909255691368e-01
1.904612060188941858e-01,9.111252287930883265e-01,3.654796115497699338e-01
1.893803676021477977e-01,9.161915081293096064e-01,3.531687936364377722e-01
1.882787091434804105e-01,9.210390906748635587e-01,3.409371219625185745e-01
1.871577337342028857e-01,9.256720344151115887e-01,3.287906133168429501e-01
1.860189189094763607e-01,9.300945945473817478e-01,3.167349159810002868e-01
1.848637132487004620e-01,9.343111993920807379e-01,3.047753110316412939e-01
1.836935333372915202e-01,9.383264270472457813e-01,2.929167153216269970e-01
1.825097610836872164e-01,9.421449828914665314e-01,2.811636859937884370e-01
1.813137413826057531e-01,9.457716780227813924e-01,2.695204263795490940e-01
1.801067801131638613e-01,9.492114087045122606e-01,2.579907931350725603e-01
1.788901424584245781e-01,9.524691368732335350e-01,2.465783044697203719e-01
1.776650515312771239e-01,9.555498717493012828e-01,2.352861493252048353e-01
1.764326872902391430e-01,9.584586525767044840e-01,2.241171973686821584e-01
1.751941857277860837e-01,9.612005325065020589e-01,2.130740096689290319e-01
1.739506383131337319e-01,9.637805636268219622e-01,2.021588499314797283e-01
1.727030916709962616e-01,9.662037831323304626e-01,1.913736961759688326e-01
1.714525474776892877e-01,9.684752006172178129e-01,1.807202527467535735e-01
1.701999625560123575e-01,9.705997864680704357e-01,1.701999625560123575e-01
1.689462491506036057e-01,9.725824613264478780e-01,1.598140194667871938e-01
1.676922753658794674e-01,9.744280865855158291e-01,1.495633807317303388e-01
1.664388657492310852e-01,9.761414558806255082e-01,1.394487794115179258e-01
1.651868020028196826e-01,9.777272875302029931e-01,1.294707367049127422e-01
1.639368238080717854e-01,9.791902178806448642e-01,1.196295741302145360e-01
1.626896297478027387e-01,9.805347955070272681e-01,1.099254255052721230e-01
1.614458783117736496e-01,9.817654762202451257e-01,1.003582486802917229e-01
1.602061889723921939e-01,9.828866188306223384e-01,9.092783698433069828e-02
1.589711433181932032e-01,9.839024816180065303e-01,8.163383035258570120e-02
1.577412862336605714e-01,9.848172194587997419e-01,7.247572610735755760e-02
1.565171271148712295e-01,9.856348815612160363e-01,6.345288937089374470e-02
1.552991411113432418e-01,9.863594097612340406e-01,5.456456309317465198e-02
1.540877703853460456e-01,9.869946373331625056e-01,4.580987768212990696e-02
1.528834253807756227e-01,9.875442882704155156e-01,3.718786022775623368e-02
1.516864860945053017e-01,9.880119769939399443e-01,2.869744331517667599e-02
1.504973033438912755e-01,9.884012084477185045e-01,2.033747342485017415e-02
1.493162000248371146e-01,9.887153785428404174e-01,1.210671892093274048e-02
1.481434723555020427e-01,9.889577749137568041e-01,4.003877631229784892e-03
1.572031205036112655e-01,4.030849243682340342e-03,9.875580647021733327e-01
1.584541277240188450e-01,1.218877905569375718e-02,9.872911035111943123e-01
1.597140517569118623e-01,2.047616048165536856e-02,9.869509352157886939e-01
1.609825685213759905e-01,2.889430717050338326e-02,9.865342019643297267e-01
1.622593248084784889e-01,3.744445957118733986e-02,9.860374353745999798e-01
1.635439369242816243e-01,4.612777708120763959e-02,9.854570558257995661e-01
1.648359893181089164e-01,5.494532977270296520e-02,9.847893720799839601e-01
1.661350332016104658e-01,6.389808969292710972e-02,9.840305812710774536e-01
1.674405851649377330e-01,7.298692173856259624e-02,9.831767693018138576e-01
1.687521257971487387e-01,8.221257410630322671e-02,9.822239116910964629e-01
1.700690983188242744e-01,9.157566832552077596e-02,9.811678749162939805e-01
1.713909072357783780e-01,1.010766888826385296e-01,9.800044182968866702e-01
1.727169170236877993e-01,1.107159724510819315e-01,9.787291964675641776e-01
1.740464508544422584e-01,1.204936967453830998e-01,9.773377624903296645e-01
1.753787893760180849e-01,1.304098690231929314e-01,9.758255716563057902e-01
1.767131695586979800e-01,1.404643142646060938e-01,9.741879860287196990e-01
1.780487836214845465e-01,1.506566630643330906e-01,9.724202797788772390e-01
1.793847780535741676e-01,1.609863392788486169e-01,9.705176453667730962e-01
1.807202527467535735e-01,1.714525474776892877e-01,9.684752006172178129e-01
1.820542602555391964e-01,1.820542602555391964e-01,9.662879967409389037e-01
1.833858052027763919e-01,1.927902054695854461e-01,9.639510273479272584e-01
1.847138438492315904e-01,2.036588534747937884e-01,9.614592384972823202e-01
1.860372838464224021e-01,2.146584044381796841e-01,9.588075398238692371e-01
1.873549841925074289e-01,2.257867758217397269e-01,9.559908167771532517e-01
1.886657554114770097e-01,2.370415901323685570e-01,9.530039440015634078e-01
1.899683599761119723e-01,2.484201630456848997e-01,9.498417998805599449e-01
1.912615129951845405e-01,2.599194920190969205e-01,9.464992822582208865e-01
1.925438831851253862e-01,2.715362455174845646e-01,9.429713253425372477e-01
1.950707259595648169e-01,2.951069956824186047e-01,9.353391219086826247e-01
1.963123171302430803e-01,3.070525985883288955e-01,9.312250940793581622e-01
1.975373668797484605e-01,3.190988234211321051e-01,9.269061061280504665e-01
1.987443378147828177e-01,3.312405630246380572e-01,9.223775678070690320e-01
1.999316589763064644e-01,3.434723372157059695e-01,9.176350501733040455e-01
2.010977292803271810e-01,3.557882902651942625e-01,9.126743098107157337e-01
2.022409213556780605e-01,3.681821901603369862e-01,9.074913137754784254e-01
2.033595857807177221e-01,3.806474297946767504e-01,9.020822651298503470e-01
2.044520557167785468e-01,3.931770302245741200e-01,8.964436289120290002e-01
2.055166519316870000e-01,4.057636461215358703e-01,8.905721583706437405e-01
2.065516882018180733e-01,4.183995735370160673e-01,8.844649212744517541e-01
2.075554770759773515e-01,4.310767600808760314e-01,8.781193260906734466e-01
2.085263359789859827e-01,4.437868175963035067e-01,8.715331478096081108e-01
2.094625936272547229e-01,4.565210373927346965e-01,8.647045531791798245e-01
2.103625967229587612e-01,4.692704080742925998e-01,8.576321251012933855e-01
2.112247168877668946e-01,4.820256359746475372e-01,8.503148859328051312e-01
2.120473577915419350e-01,4.947771681802645150e-01,8.427523194279230578e-01
2.128289624261387181e-01,5.075152180930999624e-01,8.349443910563902893e-01
2.135680204694968554e-01,5.202297934513384625e-01,8.268915664331800697e-01
2.142630756807928638e-01,5.329107266932540110e-01,8.185948276009779034e-01
2.149127332635976939e-01,5.455477075152864730e-01,8.100556869166374296e-01
2.155156671309083893e-01,5.581303174415832569e-01,8.012761983072235195e-01
2.160706270036971965e-01,5.706480661892515682e-01,7.922589656802230262e-01
2.165764452733454914e-01,5.830904295820840133e-01,7.830071482959414242e-01
2.170320435580941065e-01,5.954468887363094654e-01,7.735244629378225101e-01
2.174364388845000662e-01,6.077069702156540076e-01,7.638151827481155509e-01
2.177887494268919977e-01,6.198602868303848545e-01,7.538841326315491864e-01
2.180881997409671591e-01,6.318965787366483955e-01,7.437366811679135825e-01
2.183341254319653146e-01,6.438057544788721165e-01,7.333787290150629579e-01
2.185259772032393522e-01,6.555779316097181120e-01,7.228166938260994767e-01
2.186633242374479980e-01,6.672034765193926020e-01,7.120574917475871457e-01
2.187458568699232608e-01,6.786730431092490301e-01,7.011085156087283332e-01
2.187733885218833552e-01,6.899776099536321095e-01,6.899776099536321095e-01
2.187458568699232608e-01,7.011085156087283332e-01,6.786730431092490301e-01
2.186633242374479980e-01,7.120574917475871457e-01,6.672034765193926020e-01
2.185259772032393522e-01,7.228166938260994767e-01,6.555779316097181120e-01
2.183341254319653146e-01,7.333787290150629579e-01,6.438057544788721165e-01
2.180881997409671591e-01,7.437366811679135825e-01,6.318965787366483955e-01
2.177887494268919977e-01,7.538841326315491864e-01,6.198602868303848545e-01
2.174364388845000662e-01,7.638151827481155509e-01,6.077069702156540076e-01
2.170320435580941065e-01,7.735244629378225101e-01,5.954468887363094654e-01
2.165764452733454914e-01,7.830071482959414242e-01,5.830904295820840133e-01
2.160706270036971965e-01,7.922589656802230262e-01,5.706480661892515682e-01
2.155156671309083893e-01,8.012761983072235195e-01,5.581303174415832569e-01
2.149127332635976939e-01,8.100556869166374296e-01,5.455477075152864730e-01
2.142630756807928638e-01,8.185948276009779034e-01,5.329107266932540110e-01
2.135680204694968554e-01,8.268915664331800697e-01,5.202297934513384625e-01
2.128289624261387181e-01,8.349443910563902893e-01,5.075152180930999624e-01
2.120473577915419350e-01,8.427523194279230578e-01,4.947771681802645150e-01
2.112247168877668946e-01,8.503148859328051312e-01,4.820256359746475372e-01
2.103625967229587612e-01,8.576321251012933855e-01,4.692704080742925998e-01
2.094625936272547229e-01,8.647045531791798245e-01,4.565210373927346965e-01
2.085263359789859827e-01,8.715331478096081108e-01,4.437868175963035067e-01
2.075554770759773515e-01,8.781193260906734466e-01,4.310767600808760314e-01
2.065516882018180733e-01,8.844649212744517541e-01,4.183995735370160673e-01
2.055166519316870000e-01,8.905721583706437405e-01,4.057636461215358703e-01
2.044520557167785468e-01,8.964436289120290002e-01,3.931770302245741200e-01
2.033595857807177221e-01,9.020822651298503470e-01,3.806474297946767504e-01
2.022409213556780605e-01,9.074913137754784254e-01,3.681821901603369862e-01
2.010977292803271810e-01,9.126743098107157337e-01,3.557882902651942625e-01
1.999316589763064644e-01,9.176350501733040455e-01,3.434723372157059695e-01
1.987443378147828177e-01,9.223775678070690320e-01,3.312405630246380572e-01
1.975373668797484605e-01,9.269061061280504665e-01,3.190988234211321051e-01
1.963123171302430803e-01,9.312250940793581622e-01,3.070525985883288955e-01
1.950707259595648169e-01,9.353391219086826247e-01,2.951069956824186047e-01
1.925438831851253862e-01,9.429713253425372477e-01,2.715362455174845646e-01
1.912615129951845405e-01,9.464992822582208865e-01,2.599194920190969205e-01
1.899683599761119723e-01,9.498417998805599449e-01,2.484201630456848997e-01
1.886657554114770097e-01,9.530039440015634078e-01,2.370415901323685570e-01
1.873549841925074289e-01,9.559908167771532517e-01,2.257867758217397269e-01
1.860372838464224021e-01,9.588075398238692371e-01,2.146584044381796841e-01
1.847138438492315904e-01,9.614592384972823202e-01,2.036588534747937884e-01
1.833858052027763919e-01,9.639510273479272584e-01,1.927902054695854461e-01
1.820542602555391964e-01,9.662879967409389037e-01,1.820542602555391964e-01
1.807202527467535735e-01,9.684752006172178129e-01,1.714525474776892877e-01
1.793847780535741676e-01,9.705176453667730962e-01,1.609863392788486169e-01
1.780487836214845465e-01,9.724202797788772390e-01,1.506566630643330906e-01
1.767131695586979800e-01,9.741879860287196990e-01,1.404643142646060938e-01
1.753787893760180849e-01,9.758255716563057902e-01,1.304098690231929314e-01
1.740464508544422584e-01,9.773377624903296645e-01,1.204936967453830998e-01
1.727169170236877993e-01,9.787291964675641776e-01,1.107159724510819315e-01
1.713909072357783780e-01,9.800044182968866702e-01,1.010766888826385296e-01
1.700690983188242744e-01,9.811678749162939805e-01,9.157566832552077596e-02
1.687521257971487387e-01,9.822239116910964629e-01,8.221257410630322671e-02
1.674405851649377330e-01,9.831767693018138576e-01,7.298692173856259624e-02
1.661350332016104658e-01,9.840305812710774536e-01,6.389808969292710972e-02
1.648359893181089164e-01,9.847893720799839601e-01,5.494532977270296520e-02
1.635439369242816243e-01,9.854570558257995661e-01,4.612777708120763959e-02
1.622593248084784889e-01,9.860374353745999798e-01,3.744445957118733986e-02
1.609825685213759905e-01,9.865342019643297267e-01,2.889430717050338326e-02
1.597140517569118623e-01,9.869509352157886939e-01,2.047616048165536856e-02
1.584541277240188450e-01,9.872911035111943123e-01,1.218877905569375718e-02
1.572031205036112655e-01,9.875580647021733327e-01,4.030849243682340342e-03
1.663713882758626750e-01,4.057838738435674830e-03,9.860548134398691156e-01
1.677021366151502380e-01,1.227088804501099209e-02,9.857613396158830810e-01
1.690423439747291978e-01,2.061491999691819621e-02,9.853931758526897067e-01
1.703916565961874074e-01,2.909125844325150673e-02,9.849468930072295958e-01
1.717496890072908178e-01,3.770115124550286329e-02,9.844189491881303322e-01
1.731160225464584146e-01,4.644576214661079450e-02,9.838056891054831610e-01
1.744902038722986604e-01,5.532616220341177171e-02,9.831033437683168730e-01
1.758717434644527233e-01,6.434332077967783170e-02,9.823080305697481363e-01
1.772601141228399013e-01,7.349809609971409696e-02,9.814157538020648053e-01
1.786547494733073116e-01,8.279122536567899704e-02,9.804224056461986470e-01
1.800550424886422918e-01,9.222331444540214640e-02,9.793237676821275883e-01
1.814603440349108754e-01,1.017948271415353712e-01,9.781155129686660565e-01
1.828699614541328955e-01,1.115060740573981107e-01,9.767932087428075061e-01
1.842831571953864600e-01,1.213572010798886353e-01,9.753523197902160824e-01
1.856991475075446540e-01,1.313481775053364498e-01,9.737882125395633803e-01
1.871171012079730078e-01,1.414787838401747044e-01,9.720961599341035875e-01
1.885361385426450320e-01,1.517485993148118550e-01,9.702713471341000151e-01
1.899553301542517281e-01,1.621569891560685484e-01,9.683088781033807324e-01
1.913736961759688326e-01,1.727030916709962616e-01,9.662037831323304626e-01
1.927902054695854461e-01,1.833858052027763919e-01,9.639510273479272584e-01
1.942037750276648100e-01,1.942037750276648100e-01,9.615455202589258121e-01
1.956132695602785243e-01,2.051553802705360363e-01,9.589821263808776530e-01
1.970175012876008713e-01,2.162387209254155729e-01,9.562556769812822210e-01
1.984152299602406633e-01,2.274516050763734365e-01,9.533609829796928503e-01
1.998051631295909569e-01,2.387915364231696647e-01,9.502928490309813236e-01
2.011859566906597230e-01,2.502557022249669583e-01,9.470460888121299270e-01
2.025562157197700330e-01,2.618409617840929959e-01,9.436155415238067778e-01
2.039144956291530641e-01,2.735438356000833848e-01,9.399960896075593153e-01
2.052593036597627485e-01,2.853604953318653048e-01,9.361826776676983597e-01
2.065891007325857676e-01,2.972867547127453491e-01,9.321703325738626145e-01
2.079023036772690292e-01,3.093180615686197954e-01,9.279541847058593307e-01
2.091972878550128201e-01,3.214494910942879979e-01,9.235294902867640099e-01
2.104723901903524652e-01,3.336757405456807768e-01,9.188916547334901042e-01
2.117259126236607780e-01,3.459911255069578750e-01,9.140362569362916467e-01
2.129561259929314276e-01,3.583895778905430984e-01,9.089590743600731715e-01
2.141612743496498772e-01,3.708646458250034472e-01,9.036561088412055076e-01
2.153395797093294040e-01,3.834094955800255167e-01,8.981236129340324226e-01
2.176084708276768420e-01,4.086793232617345617e-01,8.863564543468789303e-01
2.186954391593778912e-01,4.213887730144110777e-01,8.801157917389598184e-01
2.197483420443945845e-01,4.341369684291698228e-01,8.736336525179589918e-01
2.207653772060425845e-01,4.469152758073545173e-01,8.669079446383624044e-01
2.217447573558545271e-01,4.597147408596984342e-01,8.599369858434358083e-01
2.226847175629471931e-01,4.725261079994245161e-01,8.527195282288465572e-01
2.235835228659485419e-01,4.853398423187663124e-01,8.452547815663907782e-01
2.244394760762550012e-01,4.981461542180293800e-01,8.375424351138296419e-01
2.252509257157053191e-01,5.109350266234291560e-01,8.295826776358903309e-01
2.260162740265325709e-01,5.236962446956242578e-01,8.213762153647159447e-01
2.267339849868356960e-01,5.364194278956844197e-01,8.129242876357279934e-01
2.274025922609320960e-01,5.490940642398116633e-01,8.042286799471988212e-01
2.280207070109443734e-01,5.617095465391556131e-01,7.952917342089035335e-01
2.285870254939615931e-01,5.742552103872693436e-01,7.861163559670386602e-01
2.291003363681955729e-01,5.867203736258667091e-01,7.767060184190045513e-01
2.295595276318174172e-01,5.990943769903527283e-01,7.670647630624143343e-01
2.299635931196629124e-01,6.113666256108111208e-01,7.571971968574265910e-01
2.303116384857698540e-01,6.235266310224500952e-01,7.471084858196924694e-01
2.306028866037609371e-01,6.355640533225606070e-01,7.368043450022605523e-01
2.308366823223751974e-01,6.474687430993451009e-01,7.262910248679609326e-01
2.310124965199212288e-01,6.592307827519703345e-01,7.155752940982925692e-01
2.311299294089773637e-01,6.708405268211782291e-01,7.046644189298090222e-01
2.311887130511699751e-01,6.822886409558919230e-01,6.935661391535099529e-01
2.311887130511699751e-01,6.935661391535099529e-01,6.822886409558919230e-01
2.311299294089773637e-01,7.046644189298090222e-01,6.708405268211782291e-01
2.310124965199212288e-01,7.155752940982925692e-01,6.592307827519703345e-01
2.308366823223751974e-01,7.262910248679609326e-01,6.474687430993451009e-01
2.306028866037609371e-01,7.368043450022605523e-01,6.355640533225606070e-01
2.303116384857698540e-01,7.471084858196924694e-01,6.235266310224500952e-01
2.299635931196629124e-01,7.571971968574265910e-01,6.113666256108111208e-01
2.295595276318174172e-01,7.670647630624143343e-01,5.990943769903527283e-01
2.291003363681955729e-01,7.767060184190045513e-01,5.867203736258667091e-01
2.285870254939615931e-01,7.861163559670386602e-01,5.742552103872693436e-01
2.280207070109443734e-01,7.952917342089035335e-01,5.617095465391556131e-01
2.274025922609320960e-01,8.042286799471988212e-01,5.490940642398116633e-01
2.267339849868356960e-01,8.129242876357279934e-01,5.364194278956844197e-01
2.260162740265325709e-01,8.213762153647159447e-01,5.236962446956242578e-01
2.252509257157053191e-01,8.295826776358903309e-01,5.109350266234291560e-01
2.244394760762550012e-01,8.375424351138296419e-01,4.981461542180293800e-01
2.235835228659485419e-01,8.452547815663907782e-01,4.853398423187663124e-01
2.226847175629471931e-01,8.527195282288465572e-01,4.725261079994245161e-01
2.217447573558545271e-01,8.599369858434358083e-01,4.597147408596984342e-01
2.207653772060425845e-01,8.669079446383624044e-01,4.469152758073545173e-01
2.197483420443945845e-01,8.736336525179589918e-01,4.341369684291698228e-01
2.186954391593778912e-01,8.801157917389598184e-01,4.213887730144110777e-01
2.176084708276768420e-01,8.863564543468789303e-01,4.086793232617345617e-01
2.164892472326060968e-01,8.923581166417178245e-01,3.960169156694013926e-01
2.153395797093294040e-01,8.981236129340324226e-01,3.834094955800255167e-01
2.141612743496498772e-01,9.036561088412055076e-01,3.708646458250034472e-01
2.129561259929314276e-01,9.089590743600731715e-01,3.583895778905430984e-01
2.117259126236607780e-01,9.140362569362916467e-01,3.459911255069578750e-01
2.104723901903524652e-01,9.188916547334901042e-01,3.336757405456807768e-01
2.091972878550128201e-01,9.235294902867640099e-01,3.214494910942879979e-01
2.079023036772690292e-01,9.279541847058593307e-01,3.093180615686197954e-01
2.065891007325857676e-01,9.321703325738626145e-01,2.972867547127453491e-01
2.052593036597627485e-01,9.361826776676983597e-01,2.853604953318653048e-01
2.039144956291530641e-01,9.399960896075593153e-01,2.735438356000833848e-01
2.025562157197700330e-01,9.436155415238067778e-01,2.618409617840929959e-01
2.011859566906597230e-01,9.470460888121299270e-01,2.502557022249669583e-01
1.998051631295909569e-01,9.502928490309813236e-01,2.387915364231696647e-01
1.984152299602406633e-01,9.533609829796928503e-01,2.274516050763734365e-01
1.970175012876008713e-01,9.562556769812822210e-01,2.162387209254155729e-01
1.956132695602785243e-01,9.589821263808776530e-01,2.051553802705360363e-01
1.942037750276648100e-01,9.615455202589258121e-01,1.942037750276648100e-01
1.927902054695854461e-01,9.639510273479272584e-01,1.833858052027763919e-01
1.913736961759688326e-01,9.662037831323304626e-01,1.727030916709962616e-01
1.885361385426450320e-01,9.702713471341000151e-01,1.517485993148118550e-01
1.871171012079730078e-01,9.720961599341035875e-01,1.414787838401747044e-01
1.856991475075446540e-01,9.737882125395633803e-01,1.313481775053364498e-01
1.842831571953864600e-01,9.753523197902160824e-01,1.213572010798886353e-01
1.828699614541328955e-01,9.767932087428075061e-01,1.115060740573981107e-01
1.814603440349108754e-01,9.781155129686660565e-01,1.017948271415353712e-01
1.800550424886422918e-01,9.793237676821275883e-01,9.222331444540214640e-02
1.786547494733073116e-01,9.804224056461986470e-01,8.279122536567899704e-02
1.772601141228399013e-01,9.814157538020648053e-01,7.349809609971409696e-02
1.758717434644527233e-01,9.823080305697481363e-01,6.434332077967783170e-02
1.744902038722986604e-01,9.831033437683168730e-01,5.532616220341177171e-02
1.731160225464584146e-01,9.838056891054831610e-01,4.644576214661079450e-02
1.717496890072908178e-01,9.844189491881303322e-01,3.770115124550286329e-02
1.703916565961874074e-01,9.849468930072295958e-01,2.909125844325150673e-02
1.690423439747291978e-01,9.853931758526897067e-01,2.061491999691819621e-02
1.677021366151502380e-01,9.857613396158830810e-01,1.227088804501099209e-02
1.663713882758626750e-01,9.860548134398691156e-01,4.057838738435674830e-03
1.756477914330187573e-01,4.084832358907413384e-03,9.844445984966865293e-01
1.770597118935166581e-01,1.235300315536162763e-02,9.841225847104763114e-01
1.784816326487899951e-01,2.075367821497558010e-02,9.837243473898426016e-01
1.799131683340011723e-01,2.928819019390717024e-02,9.832463850811692385e-01
1.813538991444950677e-01,3.795779284419664029e-02,9.826850814108685217e-01
1.828033692365452767e-01,4.676365259539530528e-02,9.820367045033013831e-01
1.842610851132175098e-01,5.570683968539134195e-02,9.812974067657397326e-01
1.857265140023630356e-01,6.478831883803361225e-02,9.804632250822420403e-01
1.871990822347037731e-01,7.400893948813869194e-02,9.795300814606592299e-01
1.886781736309765256e-01,8.336942555787334175e-02,9.784937841792503699e-01
1.901631279081678061e-01,9.287036479236102093e-02,9.773500294815136158e-01
1.916532391159838089e-01,1.025121976666890089e-01,9.760944038697779712e-01
1.931477541158602429e-01,1.122952058813141002e-01,9.747223870498064047e-01
1.946458711160135024e-01,1.222195004681945196e-01,9.732293555800674012e-01
1.961467382772572043e-01,1.322850095358246436e-01,9.716105872803670884e-01
1.976494524055481539e-01,1.424914656877207808e-01,9.698612664551317097e-01
1.991530577484619535e-01,1.528383931557963649e-01,9.679764899867103756e-01
2.006565449140209900e-01,1.633250946974589557e-01,9.659512743535428880e-01
2.021588499314797283e-01,1.739506383131337319e-01,9.637805636268219622e-01
2.036588534747937884e-01,1.847138438492315904e-01,9.614592384972823202e-01
2.051553802705360363e-01,1.956132695602785243e-01,9.589821263808776530e-01
2.066471987129420151e-01,2.066471987129420151e-01,9.563440126482665171e-01
2.081330207095412332e-01,2.178136263239384973e-01,9.535396530181308172e-01
2.096115017814213499e-01,2.291102461331814832e-01,9.505637871483061385e-01
2.110812414425484729e-01,2.405344379229040763e-01,9.474111534514384481e-01
2.125407838826858242e-01,2.520832553027204104e-01,9.440765051533254182e-01
2.139886189782767845e-01,2.637534140895039236e-01,9.405546276021932162e-01
2.154231836551495083e-01,2.755412814193772819e-01,9.368403568258827363e-01
2.168428636260163189e-01,2.874428657368123252e-01,9.329285993212329542e-01
2.182459955244460681e-01,2.994538078126120495e-01,9.288143530458984332e-01
2.196308694552456531e-01,3.115693729481391894e-01,9.244927295674294498e-01
2.209957319789684071e-01,3.237844445273257987e-01,9.199589773077987420e-01
2.223387895455430363e-01,3.360935190804720252e-01,9.152085058037469079e-01
2.236582123887739249e-01,3.484907030243686865e-01,9.102369108845450585e-01
2.249521388896873475e-01,3.609697112415913289e-01,9.050400006492071991e-01
2.262186804123915429e-01,3.735238676576697614e-01,8.996138221050918871e-01
2.274559266112953781e-01,3.861461079680130748e-01,8.939546883095097485e-01
2.286619512032126711e-01,3.988289846567662500e-01,8.880592058357329455e-01
2.298348181921119338e-01,4.115646744370376475e-01,8.819243023650806812e-01
2.309725885281083135e-01,4.243449882260594275e-01,8.755472541879454340e-01
2.320733271758078919e-01,4.371613837497776434e-01,8.689257133791876697e-01
2.331351105603948481e-01,4.500049808491342063e-01,8.620577343977390283e-01
2.341560343530021404e-01,4.628665795350042633e-01,8.549417998470077995e-01
2.351342215500466237e-01,4.757366808105594203e-01,8.475768451222610578e-01
2.360678307944725218e-01,4.886055102490245439e-01,8.399622816640534007e-01
2.369550648803769310e-01,5.014630442817279432e-01,8.320980185334166945e-01
2.377941793764374312e-01,5.142990391164810049e-01,8.239844820253297009e-01
2.385834912980836497e-01,5.271030621701847663e-01,8.156226330422859938e-01
2.400063344854982961e-01,5.525727235828914452e-01,7.981606007308431616e-01
2.406368842255793561e-01,5.652168675996166458e-01,7.890651319955043208e-01
2.412116847805380604e-01,5.777861286603586111e-01,7.797307949882509304e-01
2.417294867643487166e-01,5.902696769827120438e-01,7.701613880631575926e-01
2.421891508946887595e-01,6.026567243193418077e-01,7.603612876926274522e-01
2.425896547728693953e-01,6.149365667498316590e-01,7.503354438323633913e-01
2.429300990704422736e-01,6.270986278330021868e-01,7.400893715866961875e-01
2.432097130507283045e-01,6.391325017379604345e-01,7.296291391521848579e-01
2.434278593599337459e-01,6.510279959626135149e-01,7.189613520630602217e-01
2.435840380301947106e-01,6.627751732449483901e-01,7.080931338087055327e-01
2.436778896456971155e-01,6.743643922753013165e-01,6.970321029400172730e-01
2.437091976328042142e-01,6.857863468271931939e-01,6.857863468271931939e-01
2.436778896456971155e-01,6.970321029400172730e-01,6.743643922753013165e-01
2.435840380301947106e-01,7.080931338087055327e-01,6.627751732449483901e-01
2.434278593599337459e-01,7.189613520630602217e-01,6.510279959626135149e-01
2.432097130507283045e-01,7.296291391521848579e-01,6.391325017379604345e-01
2.429300990704422736e-01,7.400893715866961875e-01,6.270986278330021868e-01
2.425896547728693953e-01,7.503354438323633913e-01,6.149365667498316590e-01
2.421891508946887595e-01,7.603612876926274522e-01,6.026567243193418077e-01
2.417294867643487166e-01,7.701613880631575926e-01,5.902696769827120438e-01
2.412116847805380604e-01,7.797307949882509304e-01,5.777861286603586111e-01
2.406368842255793561e-01,7.890651319955043208e-01,5.652168675996166458e-01
2.400063344854982961e-01,7.981606007308431616e-01,5.525727235828914452e-01
2.393213877536024270e-01,8.070139819598221020e-01,5.398645258627775556e-01
2.385834912980836497e-01,8.156226330422859938e-01,5.271030621701847663e-01
2.377941793764374312e-01,8.239844820253297009e-01,5.142990391164810049e-01
2.369550648803769310e-01,8.320980185334166945e-01,5.014630442817279432e-01
2.360678307944725218e-01,8.399622816640534007e-01,4.886055102490245439e-01
2.351342215500466237e-01,8.475768451222610578e-01,4.757366808105594203e-01
2.341560343530021404e-01,8.549417998470077995e-01,4.628665795350042633e-01
2.331351105603948481e-01,8.620577343977390283e-01,4.500049808491342063e-01
2.320733271758078919e-01,8.689257133791876697e-01,4.371613837497776434e-01
2.309725885281083135e-01,8.755472541879454340e-01,4.243449882260594275e-01
2.298348181921119338e-01,8.819243023650806812e-01,4.115646744370376475e-01
2.286619512032126711e-01,8.880592058357329455e-01,3.988289846567662500e-01
2.274559266112953781e-01,8.939546883095097485e-01,3.861461079680130748e-01
2.262186804123915429e-01,8.996138221050918871e-01,3.735238676576697614e-01
2.249521388896873475e-01,9.050400006492071991e-01,3.609697112415913289e-01
2.236582123887739249e-01,9.102369108845450585e-01,3.484907030243686865e-01
2.223387895455430363e-01,9.152085058037469079e-01,3.360935190804720252e-01
2.209957319789684071e-01,9.199589773077987420e-01,3.237844445273257987e-01
2.196308694552456531e-01,9.244927295674294498e-01,3.115693729481391894e-01
2.182459955244460681e-01,9.288143530458984332e-01,2.994538078126120495e-01
2.168428636260163189e-01,9.329285993212329542e-01,2.874428657368123252e-01
2.154231836551495083e-01,9.368403568258827363e-01,2.755412814193772819e-01
2.139886189782767845e-01,9.405546276021932162e-01,2.637534140895039236e-01
2.125407838826858242e-01,9.440765051533254182e-01,2.520832553027204104e-01
2.110812414425484729e-01,9.474111534514384481e-01,2.405344379229040763e-01
2.096115017814213499e-01,9.505637871483061385e-01,2.291102461331814832e-01
2.081330207095412332e-01,9.535396530181308172e-01,2.178136263239384973e-01
2.066471987129420151e-01,9.563440126482665171e-01,2.066471987129420151e-01
2.051553802705360363e-01,9.589821263808776530e-01,1.956132695602785243e-01
2.036588534747937884e-01,9.614592384972823202e-01,1.847138438492315904e-01
2.021588499314797283e-01,9.637805636268219622e-01,1.739506383131337319e-01
2.006565449140209900e-01,9.659512743535428880e-01,1.633250946974589557e-01
1.991530577484619535e-01,9.679764899867103756e-01,1.528383931557963649e-01
1.976494524055481539e-01,9.698612664551317097e-01,1.424914656877207808e-01
1.961467382772572043e-01,9.716105872803670884e-01,1.322850095358246436e-01
1.946458711160135024e-01,9.732293555800674012e-01,1.222195004681945196e-01
1.931477541158602429e-01,9.747223870498064047e-01,1.122952058813141002e-01
1.916532391159838089e-01,9.760944038697779712e-01,1.025121976666890089e-01
1.901631279081678061e-01,9.773500294815136158e-01,9.287036479236102093e-02
1.886781736309765256e-01,9.784937841792503699e-01,8.336942555787334175e-02
1.871990822347037731e-01,9.795300814606592299e-01,7.400893948813869194e-02
1.857265140023630356e-01,9.804632250822420403e-01,6.478831883803361225e-02
1.828033692365452767e-01,9.820367045033013831e-01,4.676365259539530528e-02
1.813538991444950677e-01,9.826850814108685217e-01,3.795779284419664029e-02
1.799131683340011723e-01,9.832463850811692385e-01,2.928819019390717024e-02
1.784816326487899951e-01,9.837243473898426016e-01,2.075367821497558010e-02
1.770597118935166581e-01,9.841225847104763114e-01,1.235300315536162763e-02
1.756477914330187573e-01,9.844445984966865293e-01,4.084832358907413384e-03
1.850317059575993794e-01,4.111815687946653204e-03,9.827239494192501201e-01
1.865261939509939848e-01,1.243507959673293209e-02,9.823712881419016663e-01
1.880312204172306934e-01,2.089235782413674178e-02,9.819408177344269850e-01
1.895463663370323959e-01,2.948499031909392748e-02,9.814289634784121308e-01
1.910711753806255409e-01,3.821423507612511233e-02,9.808320336205444967e-01
1.926051521796890431e-01,4.708125942170176409e-02,9.801462188699731071e-01
1.941477605847709287e-01,5.608713083560049051e-02,9.793675922831778236e-01
1.956984219160326777e-01,6.523280730534422589e-02,9.784921095801633051e-01
1.972565132162322765e-01,7.451912721502108872e-02,9.775156099382177333e-01
1.988213655159738469e-01,8.394679877341118535e-02,9.764338173117826924e-01
2.003922621224273615e-01,9.351638899046610387e-02,9.752423423291465276e-01
2.019684369439544713e-01,1.032283122157989508e-01,9.739366848186248315e-01
2.035490728643552794e-01,1.130828182579751567e-01,9.725122370185863563e-01
2.051333001817687018e-01,1.230799801090612100e-01,9.709642875270384499e-01
2.067201951286028461e-01,1.332196813050996187e-01,9.692880260474489029e-01
2.083087784902294126e-01,1.435016029599358034e-01,9.674785489879543787e-01
2.098980143415258015e-01,1.539252105171189100e-01,9.655308659710186703e-01
2.114868089216774272e-01,1.644897402724157798e-01,9.634399073098638411e-01
2.130740096689290319e-01,1.751941857277860837e-01,9.612005325065020589e-01
2.146584044381796841e-01,1.860372838464224021e-01,9.588075398238692371e-01
2.162387209254155729e-01,1.970175012876008713e-01,9.562556769812822210e-01
2.178136263239384973e-01,2.081330207095412332e-01,9.535396530181308172e-01
2.193817272381391736e-01,2.193817272381391736e-01,9.506541513652697617e-01
2.209415698811457440e-01,2.307611952091966623e-01,9.475938441569139448e-01
2.224916405830064392e-01,2.422686753014959005e-01,9.443534078078718030e-01
2.240303666361012636e-01,2.539010821875814505e-01,9.409275398716253624e-01
2.255561175041745914e-01,2.656549828382500644e-01,9.373109771840144600e-01
2.270672064206972762e-01,2.775265856252966956e-01,9.334985152850888701e-01
2.285618924011581787e-01,2.895117303748003246e-01,9.294850290980432028e-01
2.300383826923110553e-01,3.016058795299189632e-01,9.252654948290733872e-01
2.314948356793266049e-01,3.138041105875316039e-01,9.208350130355436036e-01
2.329293642691864508e-01,3.261011099768610366e-01,9.161888327921333675e-01
2.343400397654829825e-01,3.384911685501420520e-01,9.113223768657671142e-01
2.357248962460371244e-01,3.509681788552108661e-01,9.062312677903205937e-01
2.370819354504098697e-01,3.635256343572951243e-01,9.009113547115574772e-01
2.384091321794642448e-01,3.761566307720435876e-01,8.953587408517656998e-01
2.397044402036591360e-01,3.888538696637137138e-01,8.895698114224683817e-01
2.409657986707496868e-01,4.016096644512494596e-01,8.835412617927488332e-01
2.421911389970889117e-01,4.144159489505743199e-01,8.772701257005665054e-01
2.433783922198403393e-01,4.272642885637196741e-01,8.707538032754287283e-01
2.445254967802019952e-01,4.401458942043635636e-01,8.639900886233803368e-01
2.456304067003231839e-01,4.530516390250405312e-01,8.569771967100164867e-01
2.466911001090793254e-01,4.659720779838165128e-01,8.497137892646065005e-01
2.477055880644016828e-01,4.788974702578432385e-01,8.421989994189656992e-01
2.486719236125866095e-01,4.918178044782268721e-01,8.344324547889017119e-01
2.495882110180961955e-01,5.047228267254834089e-01,8.264142987043628930e-01
2.504526150909792692e-01,5.176020711880238157e-01,8.181452092971990275e-01
2.512633705333606748e-01,5.304448933482057704e-01,8.096264161630509770e-01
2.520187912216363402e-01,5.432405055221938284e-01,8.008597143265332452e-01
2.527172793372415849e-01,5.559780145419314090e-01,7.918474752566901920e-01
2.533573342562654429e-01,5.686464613307291582e-01,7.825926547026865743e-01
2.539375611069170091e-01,5.812348620891656381e-01,7.730987971477251142e-01
2.544566789039912624e-01,5.937322507759795753e-01,7.633700367119737873e-01
2.549135281711339962e-01,6.061277225402519342e-01,7.534110943724626752e-01
2.553070779648878297e-01,6.184104777371727257e-01,7.432272714088956622e-01
2.556364322192378746e-01,6.305698661407868055e-01,7.328244390284819332e-01
2.559008353356168608e-01,6.425954309538822740e-01,7.222090241694074653e-01
2.560996769510124893e-01,6.544769522081430591e-01,7.113879915305902912e-01
2.562324958258196395e-01,6.662044891471310404e-01,7.003688219239070367e-01
2.562989828032484207e-01,6.777684211908124867e-01,6.891594870931789796e-01
2.562324958258196395e-01,7.003688219239070367e-01,6.662044891471310404e-01
2.560996769510124893e-01,7.113879915305902912e-01,6.544769522081430591e-01
2.559008353356168608e-01,7.222090241694074653e-01,6.425954309538822740e-01
2.556364322192378746e-01,7.328244390284819332e-01,6.305698661407868055e-01
2.553070779648878297e-01,7.432272714088956622e-01,6.184104777371727257e-01
2.549135281711339962e-01,7.534110943724626752e-01,6.061277225402519342e-01
2.544566789039912624e-01,7.633700367119737873e-01,5.937322507759795753e-01
2.539375611069170091e-01,7.730987971477251142e-01,5.812348620891656381e-01
2.533573342562654429e-01,7.825926547026865743e-01,5.686464613307291582e-01
2.527172793372415849e-01,7.918474752566901920e-01,5.559780145419314090e-01
2.520187912216363402e-01,8.008597143265332452e-01,5.432405055221938284e-01
2.512633705333606748e-01,8.096264161630509770e-01,5.304448933482057704e-01
2.504526150909792692e-01,8.181452092971990275e-01,5.176020711880238157e-01
2.495882110180961955e-01,8.264142987043628930e-01,5.047228267254834089e-01
2.486719236125866095e-01,8.344324547889017119e-01,4.918178044782268721e-01
2.477055880644016828e-01,8.421989994189656992e-01,4.788974702578432385e-01
2.466911001090793254e-01,8.497137892646065005e-01,4.659720779838165128e-01
2.456304067003231839e-01,8.569771967100164867e-01,4.530516390250405312e-01
2.445254967802019952e-01,8.639900886233803368e-01,4.401458942043635636e-01
2.433783922198403393e-01,8.707538032754287283e-01,4.272642885637196741e-01
2.421911389970889117e-01,8.772701257005665054e-01,4.144159489505743199e-01
2.409657986707496868e-01,8.835412617927488332e-01,4.016096644512494596e-01
2.397044402036591360e-01,8.895698114224683817e-01,3.888538696637137138e-01
2.384091321794642448e-01,8.953587408517656998e-01,3.761566307720435876e-01
2.370819354504098697e-01,9.009113547115574772e-01,3.635256343572951243e-01
2.357248962460371244e-01,9.062312677903205937e-01,3.509681788552108661e-01
2.343400397654829825e-01,9.113223768657671142e-01,3.384911685501420520e-01
2.329293642691864508e-01,9.161888327921333675e-01,3.261011099768610366e-01
2.314948356793266049e-01,9.208350130355436036e-01,3.138041105875316039e-01
2.300383826923110553e-01,9.252654948290733872e-01,3.016058795299189632e-01
2.285618924011581787e-01,9.294850290980432028e-01,2.895117303748003246e-01
2.270672064206972762e-01,9.334985152850888701e-01,2.775265856252966956e-01
2.255561175041745914e-01,9.373109771840144600e-01,2.656549828382500644e-01
2.240303666361012636e-01,9.409275398716253624e-01,2.539010821875814505e-01
2.224916405830064392e-01,9.443534078078718030e-01,2.422686753014959005e-01
2.209415698811457440e-01,9.475938441569139448e-01,2.307611952091966623e-01
2.193817272381391736e-01,9.506541513652697617e-01,2.193817272381391736e-01
2.178136263239384973e-01,9.535396530181308172e-01,2.081330207095412332e-01
2.162387209254155729e-01,9.562556769812822210e-01,1.970175012876008713e-01
2.146584044381796841e-01,9.588075398238692371e-01,1.860372838464224021e-01
2.130740096689290319e-01,9.612005325065020589e-01,1.751941857277860837e-01
2.114868089216774272e-01,9.634399073098638411e-01,1.644897402724157798e-01
2.098980143415258015e-01,9.655308659710186703e-01,1.539252105171189100e-01
2.083087784902294126e-01,9.674785489879543787e-01,1.435016029599358034e-01
2.067201951286028461e-01,9.692880260474489029e-01,1.332196813050996187e-01
2.051333001817687018e-01,9.709642875270384499e-01,1.230799801090612100e-01
2.035490728643552794e-01,9.725122370185863563e-01,1.130828182579751567e-01
2.019684369439544713e-01,9.739366848186248315e-01,1.032283122157989508e-01
2.003922621224273615e-01,9.752423423291465276e-01,9.351638899046610387e-02
1.988213655159738469e-01,9.764338173117826924e-01,8.394679877341118535e-02
1.972565132162322765e-01,9.775156099382177333e-01,7.451912721502108872e-02
1.956984219160326777e-01,9.784921095801633051e-01,6.523280730534422589e-02
1.941477605847709287e-01,9.793675922831778236e-01,5.608713083560049051e-02
1.926051521796890431e-01,9.801462188699731071e-01,4.708125942170176409e-02
1.910711753806255409e-01,9.808320336205444967e-01,3.821423507612511233e-02
1.895463663370323959e-01,9.814289634784121308e-01,2.948499031909392748e-02
1.880312204172306934e-01,9.819408177344269850e-01,2.089235782413674178e-02
1.865261939509939848e-01,9.823712881419016663e-01,1.243507959673293209e-02
1.850317059575993794e-01,9.827239494192501201e-01,4.111815687946653204e-03
1.945223610208291765e-01,4.138773638741046271e-03,9.808893523816279991e-01
1.961007710872362808e-01,1.251707049492997541e-02,9.805038554361814596e-01
1.976902523536788747e-01,2.103087790996583523e-02,9.800389106044079535e-01
1.992903499746457308e-01,2.968154148558553238e-02,9.794908690243225857e-01
2.009005687745070989e-01,3.847032168022476023e-02,9.788559627523856221e-01
2.025203713857730847e-01,4.739838479241497565e-02,9.781303043525636509e-01
2.057863563547963903e-01,6.567649670897757197e-02,9.763905844067999329e-01
2.074312361228957402e-01,7.502831944870697045e-02,9.753681528331906714e-01
2.090830907877945510e-01,8.452295159506588440e-02,9.742382315431277195e-01
2.107411439451294943e-01,9.416093665633445964e-02,9.729963454487894348e-01
2.124045658876228537e-01,1.039426599024537434e-01,9.716379077838067646e-01
2.140724718741827404e-01,1.138683361032886837e-01,9.701582236000195758e-01
2.157439204733763438e-01,1.239379968676842803e-01,9.685524940400511706e-01
2.174179119994415488e-01,1.341514776166767009e-01,9.668158214443252074e-01
2.190933870604824252e-01,1.445084042313820316e-01,9.649432153514864163e-01
2.207692252399617583e-01,1.550081794238029331e-01,9.629295994508970669e-01
2.224442439340399980e-01,1.656499688870510523e-01,9.607698195448961531e-01
2.241171973686821584e-01,1.764326872902391430e-01,9.584586525767044840e-01
2.257867758217397269e-01,1.873549841925074289e-01,9.559908167771532517e-01
2.274516050763734365e-01,1.984152299602406633e-01,9.533609829796928503e-01
2.291102461331814832e-01,2.096115017814213499e-01,9.505637871483061385e-01
2.307611952091966623e-01,2.209415698811457440e-01,9.475938441569139448e-01
2.324028840524683115e-01,2.324028840524683115e-01,9.444457628515201542e-01
2.340336806012089377e-01,2.439925606267922820e-01,9.411141624176273535e-01
2.356518900164125685e-01,2.557073700178094100e-01,9.375936900653010220e-01
2.372557561163924356e-01,2.675437249823148789e-01,9.338790400326084651e-01
2.388434632407938629e-01,2.794976697498651186e-01,9.299649738950058753e-01
2.404131385702653056e-01,2.915648701809600563e-01,9.258463421535748639e-01
2.419628549260744999e-01,3.037406051199658674e-01,9.215181070588794876e-01
2.434906340714955153e-01,3.160197591140686546e-01,9.169753666096746025e-01
2.449944505337349476e-01,3.283968166728787885e-01,9.122133796468855360e-01
2.464722359614856251e-01,3.408658582446078000e-01,9.072275919433406832e-01
2.479218840288770209e-01,3.534205580837183058e-01,9.020136631688930873e-01
2.493412558916344168e-01,3.660541841813356179e-01,8.965674945890683700e-01
2.507281861956681679e-01,3.787596004232433589e-01,8.908852573335442893e-01
2.520804896321242050e-01,3.915292711307460927e-01,8.849634210489466524e-01
2.533959680261771430e-01,4.043552681268783866e-01,8.787987827290824061e-01
2.546724179396016585e-01,4.172292804542410138e-01,8.723884954952312309e-01
2.559076387595038415e-01,4.301426268510809003e-01,8.657300970800235751e-01
2.570994412376275684e-01,4.430862710691028661e-01,8.588215377512240511e-01
2.582456564365044893e-01,4.560508400899973003e-01,8.516612073969829222e-01
2.593441450305198348e-01,4.690266452679613951e-01,8.442479614823305001e-01
2.603928069018914826e-01,4.820037063928629406e-01,8.365811455784173400e-01
2.613895909637654613e-01,4.949717786335133818e-01,8.286606181617246492e-01
2.623325051353120885e-01,5.079203822832638604e-01,8.204867713806569540e-01
2.632196263870423825e-01,5.208388351913817438e-01,8.120605494919392875e-01
2.640491107687517602e-01,5.337162877240726466e-01,8.033834646793935885e-01
2.648192033277145807e-01,5.465417600593258651e-01,7.944576099831437421e-01
2.655282478211810626e-01,5.593041815807856532e-01,7.852856690881738766e-01
2.661746961250142096e-01,5.719924320984347554e-01,7.758709227473817860e-01
2.667571172395911683e-01,5.845953845888912648e-01,7.662172516456342564e-01
2.672742057949775707e-01,5.971019491164393234e-01,7.563291355474897060e-01
2.677247899599328740e-01,6.095011175683577864e-01,7.462116486117277292e-01
2.681078386635541988e-01,6.217820088154767388e-01,7.358704507999679345e-01
2.684224680442938160e-01,6.339339138918428374e-01,7.253117753537300372e-01
2.686679470486377785e-01,6.459463407765120291e-01,7.145424123633983271e-01
2.688437021108054936e-01,6.578090583562261617e-01,7.035696885027462599e-01
2.689493208552738435e-01,6.695121391503625619e-01,6.924014430529390474e-01
2.689845547755580490e-01,6.810460003891788405e-01,6.810460003891788405e-01
2.689493208552738435e-01,6.924014430529390474e-01,6.695121391503625619e-01
2.688437021108054936e-01,7.035696885027462599e-01,6.578090583562261617e-01
2.686679470486377785e-01,7.145424123633983271e-01,6.459463407765120291e-01
2.684224680442938160e-01,7.253117753537300372e-01,6.339339138918428374e-01
2.681078386635541988e-01,7.358704507999679345e-01,6.217820088154767388e-01
2.677247899599328740e-01,7.462116486117277292e-01,6.095011175683577864e-01
2.672742057949775707e-01,7.563291355474897060e-01,5.971019491164393234e-01
2.667571172395911683e-01,7.662172516456342564e-01,5.845953845888912648e-01
2.661746961250142096e-01,7.758709227473817860e-01,5.719924320984347554e-01
2.655282478211810626e-01,7.852856690881738766e-01,5.593041815807856532e-01
2.648192033277145807e-01,7.944576099831437421e-01,5.465417600593258651e-01
2.640491107687517602e-01,8.033834646793935885e-01,5.337162877240726466e-01
2.623325051353120885e-01,8.204867713806569540e-01,5.079203822832638604e-01
2.613895909637654613e-01,8.286606181617246492e-01,4.949717786335133818e-01
2.603928069018914826e-01,8.365811455784173400e-01,4.820037063928629406e-01
2.593441450305198348e-01,8.442479614823305001e-01,4.690266452679613951e-01
2.582456564365044893e-01,8.516612073969829222e-01,4.560508400899973003e-01
2.570994412376275684e-01,8.588215377512240511e-01,4.430862710691028661e-01
2.559076387595038415e-01,8.657300970800235751e-01,4.301426268510809003e-01
2.546724179396016585e-01,8.723884954952312309e-01,4.172292804542410138e-01
2.533959680261771430e-01,8.787987827290824061e-01,4.043552681268783866e-01
2.520804896321242050e-01,8.849634210489466524e-01,3.915292711307460927e-01
2.507281861956681679e-01,8.908852573335442893e-01,3.787596004232433589e-01
2.493412558916344168e-01,8.965674945890683700e-01,3.660541841813356179e-01
2.479218840288770209e-01,9.020136631688930873e-01,3.534205580837183058e-01
2.464722359614856251e-01,9.072275919433406832e-01,3.408658582446078000e-01
2.449944505337349476e-01,9.122133796468855360e-01,3.283968166728787885e-01
2.434906340714955153e-01,9.169753666096746025e-01,3.160197591140686546e-01
2.419628549260744999e-01,9.215181070588794876e-01,3.037406051199658674e-01
2.404131385702653056e-01,9.258463421535748639e-01,2.915648701809600563e-01
2.388434632407938629e-01,9.299649738950058753e-01,2.794976697498651186e-01
2.372557561163924356e-01,9.338790400326084651e-01,2.675437249823148789e-01
2.356518900164125685e-01,9.375936900653010220e-01,2.557073700178094100e-01
2.340336806012089377e-01,9.411141624176273535e-01,2.439925606267922820e-01
2.324028840524683115e-01,9.444457628515201542e-01,2.324028840524683115e-01
2.307611952091966623e-01,9.475938441569139448e-01,2.209415698811457440e-01
2.291102461331814832e-01,9.505637871483061385e-01,2.096115017814213499e-01
2.274516050763734365e-01,9.533609829796928503e-01,1.984152299602406633e-01
2.257867758217397269e-01,9.559908167771532517e-01,1.873549841925074289e-01
2.241171973686821584e-01,9.584586525767044840e-01,1.764326872902391430e-01
2.224442439340399980e-01,9.607698195448961531e-01,1.656499688870510523e-01
2.207692252399617583e-01,9.629295994508970669e-01,1.550081794238029331e-01
2.190933870604824252e-01,9.649432153514864163e-01,1.445084042313820316e-01
2.174179119994415488e-01,9.668158214443252074e-01,1.341514776166767009e-01
2.157439204733763438e-01,9.685524940400511706e-01,1.239379968676842803e-01
2.140724718741827404e-01,9.701582236000195758e-01,1.138683361032886837e-01
2.124045658876228537e-01,9.716379077838067646e-01,1.039426599024537434e-01
2.107411439451294943e-01,9.729963454487894348e-01,9.416093665633445964e-02
2.090830907877945510e-01,9.742382315431277195e-01,8.452295159506588440e-02
2.074312361228957402e-01,9.753681528331906714e-01,7.502831944870697045e-02
2.057863563547963903e-01,9.763905844067999329e-01,6.567649670897757197e-02
2.041491763735232001e-01,9.773098868945259143e-01,5.646679346501705388e-02
2.025203713857730847e-01,9.781303043525636509e-01,4.739838479241497565e-02
2.009005687745070989e-01,9.788559627523856221e-01,3.847032168022476023e-02
1.992903499746457308e-01,9.794908690243225857e-01,2.968154148558553238e-02
1.976902523536788747e-01,9.800389106044079535e-01,2.103087790996583523e-02
1.961007710872362808e-01,9.805038554361814596e-01,1.251707049492997541e-02
1.945223610208291765e-01,9.808893523816279991e-01,4.138773638741046271e-03
2.041188319204128854e-01,4.165690447355365096e-03,9.789372551285108193e-01
2.057824721954957803e-01,1.259892686911198711e-02,9.785166535010308975e-01
2.074577083951845424e-01,2.116915391787597273e-02,9.780149110058700135e-01
2.091440475477514827e-01,2.987772107825021131e-02,9.774283038456140771e-01
2.108409531788203173e-01,3.872588935937516103e-02,9.767529871753513060e-01
2.125478433112798216e-01,4.771482196783832785e-02,9.759849947966930950e-01
2.142640884524860401e-01,5.684557448739425978e-02,9.751202392837630128e-01
2.159890095785637343e-01,6.611908456486645380e-02,9.741545125890322954e-01
2.177218761269024971e-01,7.553616110525189498e-02,9.730834871794213914e-01
2.194619040093016560e-01,8.509747298319859932e-02,9.719027177554787622e-01
2.212082536596458593e-01,9.480353728270536628e-02,9.706076436086501502e-01
2.229600281314841892e-01,1.046547070821252368e-01,9.691935916735945344e-01
2.247162712624267145e-01,1.146511588073605703e-01,9.676557803341231390e-01
2.264759659238526068e-01,1.247928791825310274e-01,9.659893240425549976e-01
2.282380323760280494e-01,1.350796518143839442e-01,9.641892388130164360e-01
2.300013267503387138e-01,1.455110434542959130e-01,9.622504486493762554e-01
2.317646396819303678e-01,1.560863899898714824e-01,9.601677929679972578e-01
2.335266951175944961e-01,1.668047822268532154e-01,9.579360350742142094e-01
2.352861493252048353e-01,1.776650515312771239e-01,9.555498717493012828e-01
2.370415901323685570e-01,1.886657554114770097e-01,9.530039440015634078e-01
2.405344379229040763e-01,2.110812414425484729e-01,9.474111534514384481e-01
2.422686753014959005e-01,2.224916405830064392e-01,9.443534078078718030e-01
2.439925606267922820e-01,2.340336806012089377e-01,9.411141624176273535e-01
2.457043381991076136e-01,2.457043381991076136e-01,9.376879845557780646e-01
2.474021857981783534e-01,2.575002341981039722e-01,9.340694769931223718e-01
2.490842163730406511e-01,2.694176217912480631e-01,9.302532978829886057e-01
2.507484802042034833e-01,2.814523757394120640e-01,9.262341819787924813e-01
2.523929675658102556e-01,2.935999826785956057e-01,9.220069631485721118e-01
2.540156119132124246e-01,3.058555327118272493e-01,9.175665981354816925e-01
2.556142936184836456e-01,3.182137124638265702e-01,9.129081914945844645e-01
2.571868442728382220e-01,3.306687997793634204e-01,9.080270216163470742e-01
2.587310515706756076e-01,3.432146602468145735e-01,9.029185677262352439e-01
2.602446647850205630e-01,3.558447457264567459e-01,8.975785377279281718e-01
2.617254008384879982e-01,3.685520950582790722e-01,8.920028967352551241e-01
2.631709509675764780e-01,3.813293371162842504e-01,8.861878961153084600e-01
2.645789879711298309e-01,3.941686963651526154e-01,8.801301028427380713e-01
2.659471740262553396e-01,4.070620010605948691e-01,8.738264289434103382e-01
2.672731690469254962e-01,4.200006942165972479e-01,8.672741607849215884e-01
2.685546395520279628e-01,4.329758474410246305e-01,8.604709879524160554e-01
2.697892680008686650e-01,4.459781777157216243e-01,8.534150314313192487e-01
2.709747625452426645e-01,4.589980671684723013e-01,8.461048708045332267e-01
2.721088671383058988e-01,4.720255858521632542e-01,8.385395701609017483e-01
2.731893719318077562e-01,4.850505175115770728e-01,8.307187024048848789e-01
2.742141238849625240e-01,4.980623882808502545e-01,8.226423716548875165e-01
2.751810375005518949e-01,5.110504982153106779e-01,8.143112334200005575e-01
2.760881055969789943e-01,5.240039555207969268e-01,8.057265122524082113e-01
2.769334100191258585e-01,5.369117133023869615e-01,7.968900165856479534e-01
2.777151321862187383e-01,5.497626086135350976e-01,7.878041504874369050e-01
2.784315633716470950e-01,5.625454035467971625e-01,7.784719220799112271e-01
2.790811146079815730e-01,5.752488280695130518e-01,7.688969484097452067e-01
2.796623261104243530e-01,5.878616242729327590e-01,7.590834565854375215e-01
2.801738761136966516e-01,6.003725916722071343e-01,7.490362810386583803e-01
2.806145890209817972e-01,6.127706331682662988e-01,7.387608568103397610e-01
2.809834427690036107e-01,6.250448012616610649e-01,7.282632088094582734e-01
2.812795753205986626e-01,6.371843440936010294e-01,7.175499370423435996e-01
2.815022902051402265e-01,6.491787508812416618e-01,7.066281978618825788e-01
2.816510610377642720e-01,6.610177963131202983e-01,6.955056813381526037e-01
2.817255349603450254e-01,6.726915834767422941e-01,6.841905849036951093e-01
2.817255349603450254e-01,6.841905849036951093e-01,6.726915834767422941e-01
2.816510610377642720e-01,6.955056813381526037e-01,6.610177963131202983e-01
2.815022902051402265e-01,7.066281978618825788e-01,6.491787508812416618e-01
2.812795753205986626e-01,7.175499370423435996e-01,6.371843440936010294e-01
2.809834427690036107e-01,7.282632088094582734e-01,6.250448012616610649e-01
2.806145890209817972e-01,7.387608568103397610e-01,6.127706331682662988e-01
2.801738761136966516e-01,7.490362810386583803e-01,6.003725916722071343e-01
2.796623261104243530e-01,7.590834565854375215e-01,5.878616242729327590e-01
2.790811146079815730e-01,7.688969484097452067e-01,5.752488280695130518e-01
2.784315633716470950e-01,7.784719220799112271e-01,5.625454035467971625e-01
2.777151321862187383e-01,7.878041504874369050e-01,5.497626086135350976e-01
2.769334100191258585e-01,7.968900165856479534e-01,5.369117133023869615e-01
2.760881055969789943e-01,8.057265122524082113e-01,5.240039555207969268e-01
2.751810375005518949e-01,8.143112334200005575e-01,5.110504982153106779e-01
2.742141238849625240e-01,8.226423716548875165e-01,4.980623882808502545e-01
2.731893719318077562e-01,8.307187024048848789e-01,4.850505175115770728e-01
2.721088671383058988e-01,8.385395701609017483e-01,4.720255858521632542e-01
2.709747625452426645e-01,8.461048708045332267e-01,4.589980671684723013e-01
2.697892680008686650e-01,8.534150314313192487e-01,4.459781777157216243e-01
2.685546395520279628e-01,8.604709879524160554e-01,4.329758474410246305e-01
2.672731690469254962e-01,8.672741607849215884e-01,4.200006942165972479e-01
2.659471740262553396e-01,8.738264289434103382e-01,4.070620010605948691e-01
2.645789879711298309e-01,8.801301028427380713e-01,3.941686963651526154e-01
2.631709509675764780e-01,8.861878961153084600e-01,3.813293371162842504e-01
2.617254008384879982e-01,8.920028967352551241e-01,3.685520950582790722e-01
2.602446647850205630e-01,8.975785377279281718e-01,3.558447457264567459e-01
2.587310515706756076e-01,9.029185677262352439e-01,3.432146602468145735e-01
2.556142936184836456e-01,9.129081914945844645e-01,3.182137124638265702e-01
2.540156119132124246e-01,9.175665981354816925e-01,3.058555327118272493e-01
2.523929675658102556e-01,9.220069631485721118e-01,2.935999826785956057e-01
2.507484802042034833e-01,9.262341819787924813e-01,2.814523757394120640e-01
2.490842163730406511e-01,9.302532978829886057e-01,2.694176217912480631e-01
2.474021857981783534e-01,9.340694769931223718e-01,2.575002341981039722e-01
2.457043381991076136e-01,9.376879845557780646e-01,2.457043381991076136e-01
2.439925606267922820e-01,9.411141624176273535e-01,2.340336806012089377e-01
2.422686753014959005e-01,9.443534078078718030e-01,2.224916405830064392e-01
2.405344379229040763e-01,9.474111534514384481e-01,2.110812414425484729e-01
2.387915364231696647e-01,9.502928490309813236e-01,1.998051631295909569e-01
2.370415901323685570e-01,9.530039440015634078e-01,1.886657554114770097e-01
2.352861493252048353e-01,9.555498717493012828e-01,1.776650515312771239e-01
2.335266951175944961e-01,9.579360350742142094e-01,1.668047822268532154e-01
2.317646396819303678e-01,9.601677929679972578e-01,1.560863899898714824e-01
2.300013267503387138e-01,9.622504486493762554e-01,1.455110434542959130e-01
2.282380323760280494e-01,9.641892388130164360e-01,1.350796518143839442e-01
2.264759659238526068e-01,9.659893240425549976e-01,1.247928791825310274e-01
2.247162712624267145e-01,9.676557803341231390e-01,1.146511588073605703e-01
2.229600281314841892e-01,9.691935916735945344e-01,1.046547070821252368e-01
2.212082536596458593e-01,9.706076436086501502e-01,9.480353728270536628e-02
2.194619040093016560e-01,9.719027177554787622e-01,8.509747298319859932e-02
2.177218761269024971e-01,9.730834871794213914e-01,7.553616110525189498e-02
2.159890095785637343e-01,9.741545125890322954e-01,6.611908456486645380e-02
2.142640884524860401e-01,9.751202392837630128e-01,5.684557448739425978e-02
2.125478433112798216e-01,9.759849947966930950e-01,4.771482196783832785e-02
2.108409531788203173e-01,9.767529871753513060e-01,3.872588935937516103e-02
2.091440475477514827e-01,9.774283038456140771e-01,2.987772107825021131e-02
2.074577083951845424e-01,9.780149110058700135e-01,2.116915391787597273e-02
2.057824721954957803e-01,9.785166535010308975e-01,1.259892686911198711e-02
2.041188319204128854e-01,9.789372551285108193e-01,4.165690447355365096e-03
2.138200330213293476e-01,4.192549667084889339e-03,9.768640724307792178e-01
2.155701594574178093e-01,1.268059761514222367e-02,9.764060163659512570e-01
2.173323957859234767e-01,2.130709762607092828e-02,9.758650712740485345e-01
2.191062084766979001e-01,3.007340116346833916e-02,9.752374377296161301e-01
2.208910171679092371e-01,3.898076773551339275e-02,9.745191933878348811e-01
2.226861925232641870e-01,4.803035525011580681e-02,9.737062927978021865e-01
2.244910540781195341e-01,5.722320986305007989e-02,9.727945676718513512e-01
2.263048680854136685e-01,6.656025531923931426e-02,9.717797276608939328e-01
2.281268453737606006e-01,7.604228179125353815e-02,9.706573616883539257e-01
2.299561392315427888e-01,8.566993422351594500e-02,9.694229398976804690e-01
2.317918433324048233e-01,9.544370019569610453e-02,9.680718162706318797e-01
2.336329897191813110e-01,1.053638973243366805e-01,9.665992319754364015e-01
2.354785468649767399e-01,1.154306602279297628e-01,9.650003195054929206e-01
2.373274178318345584e-01,1.256439270874418201e-01,9.632701076703872323e-01
2.391784385491762810e-01,1.360034258416884523e-01,9.614035275015908599e-01
2.410303762359273239e-01,1.465086600649754267e-01,9.593954191351616867e-01
2.428819279919583463e-01,1.571588945830318662e-01,9.572405397330122634e-01
2.447317195861212491e-01,1.679531408924361535e-01,9.549335725027083832e-01
2.465783044697203719e-01,1.788901424584245781e-01,9.524691368732335350e-01
2.484201630456848997e-01,1.899683599761119723e-01,9.498417998805599449e-01
2.502557022249669583e-01,2.011859566906597230e-01,9.470460888121299270e-01
2.520832553027204104e-01,2.125407838826858242e-01,9.440765051533254182e-01
2.539010821875814505e-01,2.240303666361012636e-01,9.409275398716253624e-01
2.557073700178094100e-01,2.356518900164125685e-01,9.375936900653010220e-01
2.575002341981039722e-01,2.474021857981783534e-01,9.340694769931223718e-01
2.592777198905360514e-01,2.592777198905360514e-01,9.303494654895705374e-01
2.610378039921496529e-01,2.712745806192927711e-01,9.264282847564526691e-01
2.627783976303674773e-01,2.833884680327492522e-01,9.223006505065839411e-01
2.644973492052907771e-01,2.956146844059132084e-01,9.179613884183620565e-01
2.661924480052939024e-01,3.079481261237713707e-01,9.134054588416946618e-01
2.678614284189219652e-01,3.203832771285144987e-01,9.086279826759509071e-01
2.695019747619730732e-01,3.329142041177314271e-01,9.036242683195567782e-01
2.711117267337696535e-01,3.455345536802946760e-01,8.983898395687661687e-01
2.726882855109816761e-01,3.582375515536426192e-01,8.929204643202733882e-01
2.757320766094880082e-01,3.838623027308558089e-01,8.812613428891479250e-01
2.771943824298130910e-01,3.967684297524775583e-01,8.750646190431354832e-01
2.786136586319050701e-01,4.097259685763309234e-01,8.686190533818216597e-01
2.799874272213511706e-01,4.227261156087066540e-01,8.619220798774926973e-01
2.813132212084767381e-01,4.357596955974443742e-01,8.549715546532136168e-01
2.825885947784642638e-01,4.488171799422667752e-01,8.477657843353927358e-01
2.838111338836615261e-01,4.618887080851746263e-01,8.403035532633900129e-01
2.849784671897067079e-01,4.749641119828444946e-01,8.325841492405156030e-01
2.860882772978474708e-01,4.880329436257397901e-01,8.246073875055603963e-01
2.871383121571008390e-01,5.010845055290583661e-01,8.163736326035220259e-01
2.881263965719199072e-01,5.141078840793080751e-01,8.078838178389127211e-01
2.890504437040236074e-01,5.270919855779253593e-01,7.991394620052416631e-01
2.899084664612359696e-01,5.400255747807336526e-01,7.901426831002313911e-01
2.906985886617780568e-01,5.528973156900484076e-01,7.808962087581096112e-01
2.914190558596521652e-01,5.656958143157954089e-01,7.714033831579028000e-01
2.920682457157157130e-01,5.784096630840644959e-01,7.616681701998077036e-01
2.926446777998905624e-01,5.910274865370338526e-01,7.516951527801110089e-01
2.931470227127750960e-01,6.035379879380663448e-01,7.414895280381957887e-01
2.935741104197673312e-01,6.159299963708844139e-01,7.310570984962833085e-01
2.939249376976452721e-01,6.281925139028105010e-01,7.204042590628561005e-01
2.941986746023268484e-01,6.403147623697701407e-01,7.095379799232588436e-01
2.943946698771241488e-01,6.522862293355887742e-01,6.984657853947454642e-01
2.945124552330362633e-01,6.640967127803759640e-01,6.871957288770846883e-01
2.945517484462771285e-01,6.757363640826357098e-01,6.757363640826357098e-01
2.945124552330362633e-01,6.871957288770846883e-01,6.640967127803759640e-01
2.943946698771241488e-01,6.984657853947454642e-01,6.522862293355887742e-01
2.941986746023268484e-01,7.095379799232588436e-01,6.403147623697701407e-01
2.939249376976452721e-01,7.204042590628561005e-01,6.281925139028105010e-01
2.935741104197673312e-01,7.310570984962833085e-01,6.159299963708844139e-01
2.931470227127750960e-01,7.414895280381957887e-01,6.035379879380663448e-01
2.926446777998905624e-01,7.516951527801110089e-01,5.910274865370338526e-01
2.920682457157157130e-01,7.616681701998077036e-01,5.784096630840644959e-01
2.914190558596521652e-01,7.714033831579028000e-01,5.656958143157954089e-01
2.906985886617780568e-01,7.808962087581096112e-01,5.528973156900484076e-01
2.899084664612359696e-01,7.901426831002313911e-01,5.400255747807336526e-01
2.890504437040236074e-01,7.991394620052416631e-01,5.270919855779253593e-01
2.881263965719199072e-01,8.078838178389127211e-01,5.141078840793080751e-01
2.871383121571008390e-01,8.163736326035220259e-01,5.010845055290583661e-01
2.860882772978474708e-01,8.246073875055603963e-01,4.880329436257397901e-01
2.849784671897067079e-01,8.325841492405156030e-01,4.749641119828444946e-01
2.838111338836615261e-01,8.403035532633900129e-01,4.618887080851746263e-01
2.825885947784642638e-01,8.477657843353927358e-01,4.488171799422667752e-01
2.813132212084767381e-01,8.549715546532136168e-01,4.357596955974443742e-01
2.799874272213511706e-01,8.619220798774926973e-01,4.227261156087066540e-01
2.786136586319050701e-01,8.686190533818216597e-01,4.097259685763309234e-01
2.771943824298130910e-01,8.750646190431354832e-01,3.967684297524775583e-01
2.757320766094880082e-01,8.812613428891479250e-01,3.838623027308558089e-01
2.742292204809688161e-01,8.872121839090166828e-01,3.710160041801342512e-01
2.726882855109816761e-01,8.929204643202733882e-01,3.582375515536426192e-01
2.711117267337696535e-01,8.983898395687661687e-01,3.455345536802946760e-01
2.695019747619730732e-01,9.036242683195567782e-01,3.329142041177314271e-01
2.678614284189219652e-01,9.086279826759509071e-01,3.203832771285144987e-01
2.661924480052939024e-01,9.134054588416946618e-01,3.079481261237713707e-01
2.644973492052907771e-01,9.179613884183620565e-01,2.956146844059132084e-01
2.627783976303674773e-01,9.223006505065839411e-01,2.833884680327492522e-01
2.610378039921496529e-01,9.264282847564526691e-01,2.712745806192927711e-01
2.592777198905360514e-01,9.303494654895705374e-01,2.592777198905360514e-01
2.575002341981039722e-01,9.340694769931223718e-01,2.474021857981783534e-01
2.557073700178094100e-01,9.375936900653010220e-01,2.356518900164125685e-01
2.539010821875814505e-01,9.409275398716253624e-01,2.240303666361012636e-01
2.520832553027204104e-01,9.440765051533254182e-01,2.125407838826858242e-01
2.502557022249669583e-01,9.470460888121299270e-01,2.011859566906597230e-01
2.484201630456848997e-01,9.498417998805599449e-01,1.899683599761119723e-01
2.465783044697203719e-01,9.524691368732335350e-01,1.788901424584245781e-01
2.447317195861212491e-01,9.549335725027083832e-01,1.679531408924361535e-01
2.428819279919583463e-01,9.572405397330122634e-01,1.571588945830318662e-01
2.391784385491762810e-01,9.614035275015908599e-01,1.360034258416884523e-01
2.373274178318345584e-01,9.632701076703872323e-01,1.256439270874418201e-01
2.354785468649767399e-01,9.650003195054929206e-01,1.154306602279297628e-01
2.336329897191813110e-01,9.665992319754364015e-01,1.053638973243366805e-01
2.317918433324048233e-01,9.680718162706318797e-01,9.544370019569610453e-02
2.299561392315427888e-01,9.694229398976804690e-01,8.566993422351594500e-02
2.281268453737606006e-01,9.706573616883539257e-01,7.604228179125353815e-02
2.263048680854136685e-01,9.717797276608939328e-01,6.656025531923931426e-02
2.244910540781195341e-01,9.727945676718513512e-01,5.722320986305007989e-02
2.226861925232641870e-01,9.737062927978021865e-01,4.803035525011580681e-02
2.208910171679092371e-01,9.745191933878348811e-01,3.898076773551339275e-02
2.191062084766979001e-01,9.752374377296161301e-01,3.007340116346833916e-02
2.173323957859234767e-01,9.758650712740485345e-01,2.130709762607092828e-02
2.155701594574178093e-01,9.764060163659512570e-01,1.268059761514222367e-02
2.138200330213293476e-01,9.768640724307792178e-01,4.192549667084889339e-03
2.236247107351007068e-01,4.219334164813221162e-03,9.746661920718540095e-01
2.254625210846207262e-01,1.276202949535588937e-02,9.741682514788329028e-01
2.273129415769906680e-01,2.144461712990478053e-02,9.735856176976770415e-01
2.291753955556514455e-01,3.026844846961434035e-02,9.729144150947467429e-01
2.310492560436706588e-01,3.923477932817048819e-02,9.721506433535577196e-01
2.329338434543100356e-01,4.834475996221529459e-02,9.712901774226890828e-01
2.348284232926433623e-01,5.759942458121440623e-02,9.703287679450735004e-01
2.367322038603795475e-01,6.699968033784327315e-02,9.692620422207993691e-01
2.386443339775958794e-01,7.654629580413452317e-02,9.680855057581719825e-01
2.405639007367202931e-01,8.623988894335256339e-02,9.667945444702155111e-01
2.424899273058167826e-01,9.608091459287079750e-02,9.653844275759875249e-01
2.444213708000055330e-01,1.060696514792476841e-01,9.638503112679462914e-01
2.463571202416834083e-01,1.162061887932468868e-01,9.621872432080842419e-01
2.482959946320771882e-01,1.264904123597374308e-01,9.603901679165249838e-01
2.502367411585462165e-01,1.369219904452422809e-01,9.584539331166959109e-01
2.521780335639215997e-01,1.475003592543692177e-01,9.563732971009101247e-01
2.541184707060027415e-01,1.582247081754356577e-01,9.541429371791423364e-01
2.560565753370894204e-01,1.690939648452477184e-01,9.517574592718228699e-01
2.579907931350725603e-01,1.801067801131638613e-01,9.492114087045122606e-01
2.599194920190969205e-01,1.912615129951845405e-01,9.464992822582208865e-01
2.618409617840929959e-01,2.025562157197700330e-01,9.436155415238067778e-01
2.637534140895039236e-01,2.139886189782767845e-01,9.405546276021932162e-01
2.656549828382500644e-01,2.255561175041745914e-01,9.373109771840144600e-01
2.675437249823148789e-01,2.372557561163924356e-01,9.338790400326084651e-01
2.694176217912480631e-01,2.490842163730406511e-01,9.302532978829886057e-01
2.712745806192927711e-01,2.610378039921496529e-01,9.264282847564526691e-01
2.731124372056962235e-01,2.731124372056962235e-01,9.223986086758420022e-01
2.749289585409959158e-01,2.853036362217882260e-01,9.181589747501185395e-01
2.767218463296250985e-01,2.976065139771439938e-01,9.137042095789508211e-01
2.784887410760065185e-01,3.100157683676298959e-01,9.090292869084740657e-01
2.802272268173530145e-01,3.225256761482742096e-01,9.041293544484407807e-01
2.819348365216391983e-01,3.351300886955334013e-01,8.989997617388117979e-01
2.836090581636317443e-01,3.478224298233219547e-01,8.936360889306887989e-01
2.852473414854602707e-01,3.605956958401101420e-01,8.880341763226593521e-01
2.868471054409995613e-01,3.734424580269616878e-01,8.821901544694891184e-01
2.884057463153494871e-01,3.863548677054681746e-01,8.761004746560615564e-01
2.899206465020056078e-01,3.993246640499322209e-01,8.697619395060167680e-01
2.913891839109979398e-01,4.123431847797140448e-01,8.631717334722014412e-01
2.928087419714524575e-01,4.254013798453177286e-01,8.563274529353798181e-01
2.941767201818334954e-01,4.384898281955630917e-01,8.492271356192551135e-01
2.954905451507308656e-01,4.515987576831924644e-01,8.418692890143464336e-01
2.967476820606420596e-01,4.647180681327035545e-01,8.342529174912389767e-01
2.979456464769879576e-01,4.778373575574335064e-01,8.263775477757967503e-01
2.990820164148133564e-01,4.909459514733728880e-01,8.182432524556214615e-01
3.001544445665053629e-01,5.040329352154524489e-01,8.098506711888729948e-01
3.011606705856590960e-01,5.170871891187731606e-01,8.012010292939232281e-01
3.020985333151811059e-01,5.300974263832423095e-01,7.922961534115127158e-01
3.029659828420808720e-01,5.430522333961826931e-01,7.831384839502845141e-01
3.037610922573832917e-01,5.559401122446449017e-01,7.737310840518254462e-01
3.044820689973965488e-01,5.687495251083445336e-01,7.640776448425233847e-01
3.056951900502649644e-01,5.940868787769300052e-01,7.440505569147958242e-01
3.061845147080836105e-01,6.065919631009203394e-01,7.336874220363512888e-01
3.065940851880795126e-01,6.189729644363115568e-01,7.230992575190555716e-01
3.069229276062510614e-01,6.312188511147427405e-01,7.122928319918657714e-01
3.071702549895868328e-01,6.433188359215875618e-01,7.012754878064152431e-01
3.073354724715245401e-01,6.552624224392881169e-01,6.900551174360645135e-01
3.074181812488744892e-01,6.670394498796332616e-01,6.786401359644964604e-01
3.074181812488744892e-01,6.786401359644964604e-01,6.670394498796332616e-01
3.073354724715245401e-01,6.900551174360645135e-01,6.552624224392881169e-01
3.071702549895868328e-01,7.012754878064152431e-01,6.433188359215875618e-01
3.069229276062510614e-01,7.122928319918657714e-01,6.312188511147427405e-01
3.065940851880795126e-01,7.230992575190555716e-01,6.189729644363115568e-01
3.061845147080836105e-01,7.336874220363512888e-01,6.065919631009203394e-01
3.056951900502649644e-01,7.440505569147958242e-01,5.940868787769300052e-01
3.051272656423457130e-01,7.541824867763639029e-01,5.814689401863568641e-01
3.044820689973965488e-01,7.640776448425233847e-01,5.687495251083445336e-01
3.037610922573832917e-01,7.737310840518254462e-01,5.559401122446449017e-01
3.029659828420808720e-01,7.831384839502845141e-01,5.430522333961826931e-01
3.020985333151811059e-01,7.922961534115127158e-01,5.300974263832423095e-01
3.011606705856590960e-01,8.012010292939232281e-01,5.170871891187731606e-01
3.001544445665053629e-01,8.098506711888729948e-01,5.040329352154524489e-01
2.990820164148133564e-01,8.182432524556214615e-01,4.909459514733728880e-01
2.979456464769879576e-01,8.263775477757967503e-01,4.778373575574335064e-01
2.967476820606420596e-01,8.342529174912389767e-01,4.647180681327035545e-01
2.954905451507308656e-01,8.418692890143464336e-01,4.515987576831924644e-01
2.941767201818334954e-01,8.492271356192551135e-01,4.384898281955630917e-01
2.928087419714524575e-01,8.563274529353798181e-01,4.254013798453177286e-01
2.913891839109979398e-01,8.631717334722014412e-01,4.123431847797140448e-01
2.899206465020056078e-01,8.697619395060167680e-01,3.993246640499322209e-01
2.884057463153494871e-01,8.761004746560615564e-01,3.863548677054681746e-01
2.868471054409995613e-01,8.821901544694891184e-01,3.734424580269616878e-01
2.852473414854602707e-01,8.880341763226593521e-01,3.605956958401101420e-01
2.836090581636317443e-01,8.936360889306887989e-01,3.478224298233219547e-01
2.819348365216391983e-01,8.989997617388117979e-01,3.351300886955334013e-01
2.802272268173530145e-01,9.041293544484407807e-01,3.225256761482742096e-01
2.784887410760065185e-01,9.090292869084740657e-01,3.100157683676298959e-01
2.767218463296250985e-01,9.137042095789508211e-01,2.976065139771439938e-01
2.749289585409959158e-01,9.181589747501185395e-01,2.853036362217882260e-01
2.731124372056962235e-01,9.223986086758420022e-01,2.731124372056962235e-01
2.712745806192927711e-01,9.264282847564526691e-01,2.610378039921496529e-01
2.694176217912480631e-01,9.302532978829886057e-01,2.490842163730406511e-01
2.675437249823148789e-01,9.338790400326084651e-01,2.372557561163924356e-01
2.656549828382500644e-01,9.373109771840144600e-01,2.255561175041745914e-01
2.637534140895039236e-01,9.405546276021932162e-01,2.139886189782767845e-01
2.618409617840929959e-01,9.436155415238067778e-01,2.025562157197700330e-01
2.599194920190969205e-01,9.464992822582208865e-01,1.912615129951845405e-01
2.579907931350725603e-01,9.492114087045122606e-01,1.801067801131638613e-01
2.560565753370894204e-01,9.517574592718228699e-01,1.690939648452477184e-01
2.541184707060027415e-01,9.541429371791423364e-01,1.582247081754356577e-01
2.521780335639215997e-01,9.563732971009101247e-01,1.475003592543692177e-01
2.502367411585462165e-01,9.584539331166959109e-01,1.369219904452422809e-01
2.482959946320771882e-01,9.603901679165249838e-01,1.264904123597374308e-01
2.463571202416834083e-01,9.621872432080842419e-01,1.162061887932468868e-01
2.444213708000055330e-01,9.638503112679462914e-01,1.060696514792476841e-01
2.424899273058167826e-01,9.653844275759875249e-01,9.608091459287079750e-02
2.405639007367202931e-01,9.667945444702155111e-01,8.623988894335256339e-02
2.386443339775958794e-01,9.680855057581719825e-01,7.654629580413452317e-02
2.367322038603795475e-01,9.692620422207993691e-01,6.699968033784327315e-02
2.348284232926433623e-01,9.703287679450735004e-01,5.759942458121440623e-02
2.329338434543100356e-01,9.712901774226890828e-01,4.834475996221529459e-02
2.310492560436706588e-01,9.721506433535577196e-01,3.923477932817048819e-02
2.291753955556514455e-01,9.729144150947467429e-01,3.026844846961434035e-02
2.273129415769906680e-01,9.735856176976770415e-01,2.144461712990478053e-02
2.254625210846207262e-01,9.741682514788329028e-01,1.276202949535588937e-02
2.236247107351007068e-01,9.746661920718540095e-01,4.219334164813221162e-03
2.335314365763201117e-01,4.246026119569456733e-03,9.723399813814055381e-01
2.373977852263326471e-01,2.158161683875751274e-02,9.711727577440880665e-01
2.393499773204038616e-01,3.046272438623321907e-02,9.704553625900010916e-01
2.413139639695379146e-01,3.948773955865166052e-02,9.696433824957796377e-01
2.432890123017484862e-01,4.865780246034969586e-02,9.687326126196894593e-01
2.452743305884045599e-01,5.797393268453198550e-02,9.677187225033415663e-01
2.472690658058488700e-01,6.743701794704969055e-02,9.665972572410455044e-01
2.492723012195505461e-01,7.704780219513381045e-02,9.653636392684412648e-01
2.512830540077649055e-01,8.680687320268243301e-02,9.640131708297891011e-01
2.533002729435421263e-01,9.671464966935246210e-02,9.625410371854601355e-01
2.553228361558610993e-01,1.067713678469964511e-01,9.609423106229680878e-01
2.573495489926519997e-01,1.169770677239327233e-01,9.592119553362483675e-01
2.593791420104928358e-01,1.273315788051510300e-01,9.573448332387282100e-01
2.614102691177891402e-01,1.378345055348342840e-01,9.553357107759203881e-01
2.634415059002576665e-01,1.484852124165088605e-01,9.531792668027503357e-01
2.654713481594843105e-01,1.592828088956906030e-01,9.508701015894256425e-01
2.674982106971885987e-01,1.702261340800291234e-01,9.484027470173050922e-01
2.695204263795490940e-01,1.813137413826057531e-01,9.457716780227813924e-01
2.715362455174845646e-01,1.925438831851253862e-01,9.429713253425372477e-01
2.735438356000833848e-01,2.039144956291530641e-01,9.399960896075593153e-01
2.755412814193772819e-01,2.154231836551495083e-01,9.368403568258827363e-01
2.775265856252966956e-01,2.270672064206972762e-01,9.334985152850888701e-01
2.794976697498651186e-01,2.388434632407938629e-01,9.299649738950058753e-01
2.814523757394120640e-01,2.507484802042034833e-01,9.262341819787924813e-01
2.833884680327492522e-01,2.627783976303674773e-01,9.223006505065839411e-01
2.853036362217882260e-01,2.749289585409959158e-01,9.181589747501185395e-01
2.871954983289177199e-01,2.871954983289177199e-01,9.138038583192835684e-01
2.890616047325426652e-01,2.995729358137260157e-01,9.092301385223614529e-01
2.908994427684667428e-01,3.120557658789006594e-01,9.044328129710510478e-01
2.927064420302244452e-01,3.246380538880671573e-01,8.994070673292351437e-01
2.944799803860179699e-01,3.373134320785297069e-01,8.941483040811818439e-01
2.962173907235656767e-01,3.500750981278503704e-01,8.886521721706970300e-01
2.979159684269339081e-01,3.629158160837195335e-01,8.829145973380041479e-01
2.995729795813241170e-01,3.758279198383884800e-01,8.769318129562396757e-01
3.011856698928801479e-01,3.888033193162634960e-01,8.707003911448717437e-01
3.027512743009354024e-01,4.018335095266960533e-01,8.642172739135791648e-01
3.042670272498506634e-01,4.149095826134327480e-01,8.574798040677610311e-01
3.057301735768291895e-01,4.280222430075608653e-01,8.504857555864521190e-01
3.071379799610015060e-01,4.411618257621658379e-01,8.432333631656587780e-01
3.084877468678404733e-01,4.543183181144559990e-01,8.357213506056041519e-01
3.097768209118111904e-01,4.674813842850968904e-01,8.279489577097499664e-01
3.110026075493226849e-01,4.806403934853168414e-01,8.199159653573051543e-01
3.121625840037768884e-01,4.937844510605198245e-01,8.116227184098199210e-01
3.132543123150813846e-01,5.069024326553135396e-01,8.030701461168450184e-01
3.142754523976641345e-01,5.199830212397715812e-01,7.942597796959147693e-01
3.152237749840769987e-01,5.330147467912574877e-01,7.851937667785191532e-01
3.160971743259429756e-01,5.459860283811741599e-01,7.758748824364054553e-01
3.168936805205218588e-01,5.588852183725567802e-01,7.663065365314437605e-01
3.176114713297449876e-01,5.717006483935410666e-01,7.564927771672108614e-01
3.182488833593402622e-01,5.844206767144248804e-01,7.464382900609980442e-01
3.188044224687604511e-01,5.970337366233149368e-01,7.361483937005922629e-01
3.192767732880781306e-01,6.095283853681491282e-01,7.256290302001775494e-01
3.196648077258144593e-01,6.218933532120389795e-01,7.148867518231850626e-01
3.199675923617517626e-01,6.341175921351080991e-01,7.039287031958538776e-01
3.201843946310029554e-01,6.461903237098423070e-01,6.927625992925336984e-01
3.203146877197682318e-01,6.581010856787965491e-01,6.813966993311433296e-01
3.203581541090472773e-01,6.698397767734625141e-01,6.698397767734625141e-01
3.203146877197682318e-01,6.813966993311433296e-01,6.581010856787965491e-01
3.201843946310029554e-01,6.927625992925336984e-01,6.461903237098423070e-01
3.199675923617517626e-01,7.039287031958538776e-01,6.341175921351080991e-01
3.196648077258144593e-01,7.148867518231850626e-01,6.218933532120389795e-01
3.192767732880781306e-01,7.256290302001775494e-01,6.095283853681491282e-01
3.188044224687604511e-01,7.361483937005922629e-01,5.970337366233149368e-01
3.182488833593402622e-01,7.464382900609980442e-01,5.844206767144248804e-01
3.176114713297449876e-01,7.564927771672108614e-01,5.717006483935410666e-01
3.168936805205218588e-01,7.663065365314437605e-01,5.588852183725567802e-01
3.152237749840769987e-01,7.851937667785191532e-01,5.330147467912574877e-01
3.142754523976641345e-01,7.942597796959147693e-01,5.199830212397715812e-01
3.132543123150813846e-01,8.030701461168450184e-01,5.069024326553135396e-01
3.121625840037768884e-01,8.116227184098199210e-01,4.937844510605198245e-01
3.110026075493226849e-01,8.199159653573051543e-01,4.806403934853168414e-01
3.097768209118111904e-01,8.279489577097499664e-01,4.674813842850968904e-01
3.084877468678404733e-01,8.357213506056041519e-01,4.543183181144559990e-01
3.071379799610015060e-01,8.432333631656587780e-01,4.411618257621658379e-01
3.057301735768291895e-01,8.504857555864521190e-01,4.280222430075608653e-01
3.042670272498506634e-01,8.574798040677610311e-01,4.149095826134327480e-01
3.027512743009354024e-01,8.642172739135791648e-01,4.018335095266960533e-01
3.011856698928801479e-01,8.707003911448717437e-01,3.888033193162634960e-01
2.995729795813241170e-01,8.769318129562396757e-01,3.758279198383884800e-01
2.979159684269339081e-01,8.829145973380041479e-01,3.629158160837195335e-01
2.962173907235656767e-01,8.886521721706970300e-01,3.500750981278503704e-01
2.944799803860179699e-01,8.941483040811818439e-01,3.373134320785297069e-01
2.927064420302244452e-01,8.994070673292351437e-01,3.246380538880671573e-01
2.908994427684667428e-01,9.044328129710510478e-01,3.120557658789006594e-01
2.890616047325426652e-01,9.092301385223614529e-01,2.995729358137260157e-01
2.871954983289177199e-01,9.138038583192835684e-01,2.871954983289177199e-01
2.853036362217882260e-01,9.181589747501185395e-01,2.749289585409959158e-01
2.833884680327492522e-01,9.223006505065839411e-01,2.627783976303674773e-01
2.814523757394120640e-01,9.262341819787924813e-01,2.507484802042034833e-01
2.794976697498651186e-01,9.299649738950058753e-01,2.388434632407938629e-01
2.775265856252966956e-01,9.334985152850888701e-01,2.270672064206972762e-01
2.755412814193772819e-01,9.368403568258827363e-01,2.154231836551495083e-01
2.735438356000833848e-01,9.399960896075593153e-01,2.039144956291530641e-01
2.715362455174845646e-01,9.429713253425372477e-01,1.925438831851253862e-01
2.695204263795490940e-01,9.457716780227813924e-01,1.813137413826057531e-01
2.674982106971885987e-01,9.484027470173050922e-01,1.702261340800291234e-01
2.654713481594843105e-01,9.508701015894256425e-01,1.592828088956906030e-01
2.634415059002576665e-01,9.531792668027503357e-01,1.484852124165088605e-01
2.614102691177891402e-01,9.553357107759203881e-01,1.378345055348342840e-01
2.593791420104928358e-01,9.573448332387282100e-01,1.273315788051510300e-01
2.573495489926519997e-01,9.592119553362483675e-01,1.169770677239327233e-01
2.553228361558610993e-01,9.609423106229680878e-01,1.067713678469964511e-01
2.533002729435421263e-01,9.625410371854601355e-01,9.671464966935246210e-02
2.512830540077649055e-01,9.640131708297891011e-01,8.680687320268243301e-02
2.492723012195505461e-01,9.653636392684412648e-01,7.704780219513381045e-02
2.472690658058488700e-01,9.665972572410455044e-01,6.743701794704969055e-02
2.452743305884045599e-01,9.677187225033415663e-01,5.797393268453198550e-02
2.432890123017484862e-01,9.687326126196894593e-01,4.865780246034969586e-02
2.413139639695379146e-01,9.696433824957796377e-01,3.948773955865166052e-02
2.393499773204038616e-01,9.704553625900010916e-01,3.046272438623321907e-02
2.373977852263326471e-01,9.711727577440880665e-01,2.158161683875751274e-02
2.354580641483931813e-01,9.717996465760955216e-01,1.284316713536690080e-02
2.335314365763201117e-01,9.723399813814055381e-01,4.246026119569456733e-03
2.435386003385734410e-01,4.272607023483744777e-03,9.698817943308100098e-01
2.455551075423878515e-01,1.292395302854672939e-02,9.692964771410047531e-01
2.475851713466132309e-01,2.171799748654502232e-02,9.686226878999079082e-01
2.496281205805003789e-01,3.065608498357022191e-02,9.678563973384313179e-01
2.516832262867436665e-01,3.973945678211741883e-02,9.669934483648572332e-01
2.537496991288125670e-01,4.896924018275330276e-02,9.660295563324969859e-01
2.558266867956756618e-01,5.834643733936462073e-02,9.649603098433380266e-01
2.579132714188666076e-01,6.787191353128067817e-02,9.637811721441856827e-01
2.600084670186897928e-01,7.754638490031098841e-02,9.624874831744482107e-01
2.621112169983113582e-01,8.737040566610379533e-02,9.610744623271416653e-01
2.642203917065087393e-01,9.734435483924006038e-02,9.595372119867948690e-01
2.663347860919508814e-01,1.074684224581556324e-01,9.578707219096479486e-01
2.684531174740297232e-01,1.177425953833463601e-01,9.560698745127724774e-01
2.705740234574361969e-01,1.281666426903645128e-01,9.541294511393803024e-01
2.726960600198531370e-01,1.387401007118551077e-01,9.520441393675573849e-01
2.748176998042736741e-01,1.494622577882891989e-01,9.498085414288055528e-01
2.769373306495298559e-01,1.603321387970962353e-01,9.474171838010232438e-01
2.790532543945659638e-01,1.713484895405229802e-01,9.448645280377409028e-01
2.832667529823926222e-01,1.938140941458475763e-01,9.392529177837228849e-01
2.853604953318653048e-01,2.052593036597627485e-01,9.361826776676983597e-01
2.874428657368123252e-01,2.168428636260163189e-01,9.329285993212329542e-01
2.895117303748003246e-01,2.285618924011581787e-01,9.294850290980432028e-01
2.915648701809600563e-01,2.404131385702653056e-01,9.258463421535748639e-01
2.935999826785956057e-01,2.523929675658102556e-01,9.220069631485721118e-01
2.956146844059132084e-01,2.644973492052907771e-01,9.179613884183620565e-01
2.976065139771439938e-01,2.767218463296250985e-01,9.137042095789508211e-01
2.995729358137260157e-01,2.890616047325426652e-01,9.092301385223614529e-01
3.015113445777636292e-01,3.015113445777636292e-01,9.045340337332908875e-01
3.034190703356468011e-01,3.140653535053186118e-01,8.996109278372684814e-01
3.052933844744449843e-01,3.267174816305463692e-01,8.944560562672334569e-01
3.071315063874672791e-01,3.394611386387796359e-01,8.890648869110895358e-01
3.089306109381908527e-01,3.522892931751299139e-01,8.834331505776334970e-01
3.106878367036206012e-01,3.651944747217996667e-01,8.775568720926827382e-01
3.124002949890937186e-01,3.781687781446924079e-01,8.714324018116824666e-01
3.140650795966447584e-01,3.912038710765224359e-01,8.650564473100565976e-01
3.156792773184049494e-01,4.042910042849747199e-01,8.584261049886450223e-01
3.172399791152404336e-01,4.174210251516321524e-01,8.515388913093295820e-01
3.187442919291058607e-01,4.305843943603710477e-01,8.443927733560523397e-01
3.201893510655824393e-01,4.437712058628248135e-01,8.369861983995050547e-01
3.215723330710129058e-01,4.569712101535446380e-01,8.293181221305069295e-01
3.228904690167697100e-01,4.701738408489805066e-01,8.213880352180984445e-01
3.241410580917813422e-01,4.833682445228317803e-01,8.131959878442934775e-01
3.253214813937589378e-01,4.965433137062635893e-01,8.047426118687720509e-01
3.264292157999175714e-01,5.096877229156607791e-01,7.960291402840095065e-01
3.274618477896528712e-01,5.227899675238317778e-01,7.870574236347797070e-01
3.284170870849044688e-01,5.358384052437914491e-01,7.778299430958264260e-01
3.292927799690710811e-01,5.488212999484517463e-01,7.683498199278324670e-01
3.300869221425719036e-01,5.617268675057802696e-01,7.586208210645073446e-01
3.307976709726743736e-01,5.745433232683292424e-01,7.486473606223683630e-01
3.314233569971664628e-01,5.872589308195405033e-01,7.384344971691252368e-01
3.319624945459416221e-01,5.998620515479295978e-01,7.279879266358368906e-01
3.324137913516027054e-01,6.123411945950576474e-01,7.173139708113531743e-01
3.327761570297379512e-01,6.246850667049467232e-01,7.064195614140050816e-01
3.330487103214671007e-01,6.368826214919283135e-01,6.953122197939400895e-01
3.332307850050079678e-01,6.489231076413313204e-01,6.840000323787005510e-01
3.333219343991303263e-01,6.607961155631881800e-01,6.724916220333331252e-01
3.333219343991303263e-01,6.724916220333331252e-01,6.607961155631881800e-01
3.332307850050079678e-01,6.840000323787005510e-01,6.489231076413313204e-01
3.330487103214671007e-01,6.953122197939400895e-01,6.368826214919283135e-01
3.327761570297379512e-01,7.064195614140050816e-01,6.246850667049467232e-01
3.324137913516027054e-01,7.173139708113531743e-01,6.123411945950576474e-01
3.319624945459416221e-01,7.279879266358368906e-01,5.998620515479295978e-01
3.314233569971664628e-01,7.384344971691252368e-01,5.872589308195405033e-01
3.307976709726743736e-01,7.486473606223683630e-01,5.745433232683292424e-01
3.300869221425719036e-01,7.586208210645073446e-01,5.617268675057802696e-01
3.292927799690710811e-01,7.683498199278324670e-01,5.488212999484517463e-01
3.284170870849044688e-01,7.778299430958264260e-01,5.358384052437914491e-01
3.274618477896528712e-01,7.870574236347797070e-01,5.227899675238317778e-01
3.264292157999175714e-01,7.960291402840095065e-01,5.096877229156607791e-01
3.253214813937589378e-01,8.047426118687720509e-01,4.965433137062635893e-01
3.241410580917813422e-01,8.131959878442934775e-01,4.833682445228317803e-01
3.228904690167697100e-01,8.213880352180984445e-01,4.701738408489805066e-01
3.215723330710129058e-01,8.293181221305069295e-01,4.569712101535446380e-01
3.201893510655824393e-01,8.369861983995050547e-01,4.437712058628248135e-01
3.187442919291058607e-01,8.443927733560523397e-01,4.305843943603710477e-01
3.172399791152404336e-01,8.515388913093295820e-01,4.174210251516321524e-01
3.156792773184049494e-01,8.584261049886450223e-01,4.042910042849747199e-01
3.140650795966447584e-01,8.650564473100565976e-01,3.912038710765224359e-01
3.124002949890937186e-01,8.714324018116824666e-01,3.781687781446924079e-01
3.106878367036206012e-01,8.775568720926827382e-01,3.651944747217996667e-01
3.089306109381908527e-01,8.834331505776334970e-01,3.522892931751299139e-01
3.071315063874672791e-01,8.890648869110895358e-01,3.394611386387796359e-01
3.052933844744449843e-01,8.944560562672334569e-01,3.267174816305463692e-01
3.034190703356468011e-01,8.996109278372684814e-01,3.140653535053186118e-01
2.995729358137260157e-01,9.092301385223614529e-01,2.890616047325426652e-01
2.976065139771439938e-01,9.137042095789508211e-01,2.767218463296250985e-01
2.956146844059132084e-01,9.179613884183620565e-01,2.644973492052907771e-01
2.935999826785956057e-01,9.220069631485721118e-01,2.523929675658102556e-01
2.915648701809600563e-01,9.258463421535748639e-01,2.404131385702653056e-01
2.895117303748003246e-01,9.294850290980432028e-01,2.285618924011581787e-01
2.874428657368123252e-01,9.329285993212329542e-01,2.168428636260163189e-01
2.853604953318653048e-01,9.361826776676983597e-01,2.052593036597627485e-01
2.832667529823926222e-01,9.392529177837228849e-01,1.938140941458475763e-01
2.811636859937884370e-01,9.421449828914665314e-01,1.825097610836872164e-01
2.790532543945659638e-01,9.448645280377409028e-01,1.713484895405229802e-01
2.769373306495298559e-01,9.474171838010232438e-01,1.603321387970962353e-01
2.748176998042736741e-01,9.498085414288055528e-01,1.494622577882891989e-01
2.726960600198531370e-01,9.520441393675573849e-01,1.387401007118551077e-01
2.705740234574361969e-01,9.541294511393803024e-01,1.281666426903645128e-01
2.684531174740297232e-01,9.560698745127724774e-01,1.177425953833463601e-01
2.663347860919508814e-01,9.578707219096479486e-01,1.074684224581556324e-01
2.642203917065087393e-01,9.595372119867948690e-01,9.734435483924006038e-02
2.621112169983113582e-01,9.610744623271416653e-01,8.737040566610379533e-02
2.600084670186897928e-01,9.624874831744482107e-01,7.754638490031098841e-02
2.579132714188666076e-01,9.637811721441856827e-01,6.787191353128067817e-02
2.558266867956756618e-01,9.649603098433380266e-01,5.834643733936462073e-02
2.537496991288125670e-01,9.660295563324969859e-01,4.896924018275330276e-02
2.516832262867436665e-01,9.669934483648572332e-01,3.973945678211741883e-02
2.496281205805003789e-01,9.678563973384313179e-01,3.065608498357022191e-02
2.475851713466132309e-01,9.686226878999079082e-01,2.171799748654502232e-02
2.455551075423878515e-01,9.692964771410047531e-01,1.292395302854672939e-02
2.435386003385734410e-01,9.698817943308100098e-01,4.272607023483744777e-03
2.536444034352336452e-01,4.299057685342943212e-03,9.672879792021622514e-01
2.557517751267183170e-01,1.300432754881618649e-02,9.666550144620031926e-01
2.578731426525297521e-01,2.185365615699404532e-02,9.659316021391368690e-01
2.600077831705014941e-01,3.084838105412729403e-02,9.651136358362681911e-01
2.621549120711683112e-01,3.998973234983923403e-02,9.641968799905682452e-01
2.643136802297334498e-01,4.927882173774691260e-02,9.631769703286896522e-01
2.664831712597983127e-01,5.871663095554877781e-02,9.620494148870684104e-01
2.686623987853880569e-01,6.830399969120035109e-02,9.608095956562182627e-01
2.708503037498185551e-01,7.804161294486297584e-02,9.594527709103742863e-01
2.730457517820654711e-01,8.792998786202109451e-02,9.579740782862298243e-01
2.752475306434919999e-01,9.796946005954799974e-02,9.563685386765399254e-01
2.774543477800606728e-01,1.081601694735829788e-01,9.546310610059715041e-01
2.796648280074660597e-01,1.185020457658754606e-01,9.527564479576386969e-01
2.818775113589586656e-01,1.289947933337607655e-01,9.507394027191996555e-01
2.840908511279530702e-01,1.396378759781464196e-01,9.485745368170637182e-01
2.863032121397868779e-01,1.504305012937863228e-01,9.462563791060751850e-01
2.885128692891784086e-01,1.613716048566591066e-01,9.437793859798547791e-01
2.907180063819748694e-01,1.724598342943918783e-01,9.411379528636814040e-01
2.929167153216269970e-01,1.836935333372915202e-01,9.383264270472457813e-01
2.951069956824186047e-01,1.950707259595648169e-01,9.353391219086826247e-01
2.972867547127453491e-01,2.065891007325857676e-01,9.321703325738626145e-01
2.994538078126120495e-01,2.182459955244460681e-01,9.288143530458984332e-01
3.016058795299189632e-01,2.300383826923110553e-01,9.252654948290733872e-01
3.037406051199658674e-01,2.419628549260744999e-01,9.215181070588794876e-01
3.058555327118272493e-01,2.540156119132124246e-01,9.175665981354816925e-01
3.079481261237713707e-01,2.661924480052939024e-01,9.134054588416946618e-01
3.100157683676298959e-01,2.784887410760065185e-01,9.090292869084740657e-01
3.120557658789006594e-01,2.908994427684667428e-01,9.044328129710510478e-01
3.140653535053186118e-01,3.034190703356468011e-01,8.996109278372684814e-01
3.160417002816114374e-01,3.160417002816114374e-01,8.945587109665951164e-01
3.179819160121195587e-01,3.287609640125304100e-01,8.892714600338936792e-01
3.198830586758906191e-01,3.415700457047645133e-01,8.837447214266129780e-01
3.217421426607551815e-01,3.544616825923574410e-01,8.779743214979930377e-01
3.235561478237781174e-01,3.674281678676802332e-01,8.719563983725546752e-01
3.253220293654104922e-01,3.804613563764969730e-01,8.656874340740583484e-01
3.270367284937301111e-01,3.935526732721159049e-01,8.591642867208164613e-01
3.286971838434660231e-01,4.066931257724240578e-01,8.523842225093271052e-01
3.318431782834608823e-01,4.330834699631607720e-01,8.380446366819604975e-01
3.333226940733975407e-01,4.463134378270915970e-01,8.304819665896514547e-01
3.347359466650751680e-01,4.595527403367981045e-01,8.226561401090830561e-01
3.360800554816178454e-01,4.727905865249878437e-01,8.145669141334127561e-01
3.373522181777163786e-01,4.860159075441676801e-01,8.062146231026781074e-01
3.385497252979126070e-01,4.992173915409897633e-01,7.976002002781330535e-01
3.396699749603471208e-01,5.123835215503540486e-01,7.887251960943653106e-01
3.407104874264537120e-01,5.255026162001235068e-01,7.795917932639195858e-01
3.416689194107323524e-01,5.385628729694594830e-01,7.702028183326677935e-01
3.425430779805023196e-01,5.515524136974190306e-01,7.605617494143356305e-01
3.433309338936673116e-01,5.644593319946733523e-01,7.506727198692046965e-01
3.440306342231885806e-01,5.772717421711131003e-01,7.405405177346602308e-01
3.446405141203109368e-01,5.899778292568034210e-01,7.301705807633706025e-01
3.451591075746612280e-01,6.025658996642390131e-01,7.195689869776835668e-01
3.455851570381565652e-01,6.150244320170582535e-01,7.087424407053719566e-01
3.459176217911161255e-01,6.273421276550750214e-01,6.976982541210647870e-01
3.461556849429252569e-01,6.395079603182857175e-01,6.864443243783433513e-01
3.462987589758080298e-01,6.515112245138083846e-01,6.749891064782699290e-01
3.463464897584302982e-01,6.633415820797055051e-01,6.633415820797055051e-01
3.462987589758080298e-01,6.749891064782699290e-01,6.515112245138083846e-01
3.461556849429252569e-01,6.864443243783433513e-01,6.395079603182857175e-01
3.459176217911161255e-01,6.976982541210647870e-01,6.273421276550750214e-01
3.455851570381565652e-01,7.087424407053719566e-01,6.150244320170582535e-01
3.451591075746612280e-01,7.195689869776835668e-01,6.025658996642390131e-01
3.446405141203109368e-01,7.301705807633706025e-01,5.899778292568034210e-01
3.440306342231885806e-01,7.405405177346602308e-01,5.772717421711131003e-01
3.433309338936673116e-01,7.506727198692046965e-01,5.644593319946733523e-01
3.425430779805023196e-01,7.605617494143356305e-01,5.515524136974190306e-01
3.416689194107323524e-01,7.702028183326677935e-01,5.385628729694594830e-01
3.407104874264537120e-01,7.795917932639195858e-01,5.255026162001235068e-01
3.396699749603471208e-01,7.887251960943653106e-01,5.123835215503540486e-01
3.385497252979126070e-01,7.976002002781330535e-01,4.992173915409897633e-01
3.373522181777163786e-01,8.062146231026781074e-01,4.860159075441676801e-01
3.360800554816178454e-01,8.145669141334127561e-01,4.727905865249878437e-01
3.347359466650751680e-01,8.226561401090830561e-01,4.595527403367981045e-01
3.333226940733975407e-01,8.304819665896514547e-01,4.463134378270915970e-01
3.318431782834608823e-01,8.380446366819604975e-01,4.330834699631607720e-01
3.303003436022039496e-01,8.453449471853016206e-01,4.198733181383948465e-01
3.286971838434660231e-01,8.523842225093271052e-01,4.066931257724240578e-01
3.270367284937301111e-01,8.591642867208164613e-01,3.935526732721159049e-01
3.253220293654104922e-01,8.656874340740583484e-01,3.804613563764969730e-01
3.235561478237781174e-01,8.719563983725546752e-01,3.674281678676802332e-01
3.217421426607551815e-01,8.779743214979930377e-01,3.544616825923574410e-01
3.198830586758906191e-01,8.837447214266129780e-01,3.415700457047645133e-01
3.179819160121195587e-01,8.892714600338936792e-01,3.287609640125304100e-01
3.160417002816114374e-01,8.945587109665951164e-01,3.160417002816114374e-01
3.140653535053186118e-01,8.996109278372684814e-01,3.034190703356468011e-01
3.120557658789006594e-01,9.044328129710510478e-01,2.908994427684667428e-01
3.100157683676298959e-01,9.090292869084740657e-01,2.784887410760065185e-01
3.079481261237713707e-01,9.134054588416946618e-01,2.661924480052939024e-01
3.058555327118272493e-01,9.175665981354816925e-01,2.540156119132124246e-01
3.037406051199658674e-01,9.215181070588794876e-01,2.419628549260744999e-01
3.016058795299189632e-01,9.252654948290733872e-01,2.300383826923110553e-01
2.994538078126120495e-01,9.288143530458984332e-01,2.182459955244460681e-01
2.972867547127453491e-01,9.321703325738626145e-01,2.065891007325857676e-01
2.951069956824186047e-01,9.353391219086826247e-01,1.950707259595648169e-01
2.929167153216269970e-01,9.383264270472457813e-01,1.836935333372915202e-01
2.907180063819748694e-01,9.411379528636814040e-01,1.724598342943918783e-01
2.885128692891784086e-01,9.437793859798547791e-01,1.613716048566591066e-01
2.863032121397868779e-01,9.462563791060751850e-01,1.504305012937863228e-01
2.840908511279530702e-01,9.485745368170637182e-01,1.396378759781464196e-01
2.818775113589586656e-01,9.507394027191996555e-01,1.289947933337607655e-01
2.796648280074660597e-01,9.527564479576386969e-01,1.185020457658754606e-01
2.774543477800606728e-01,9.546310610059715041e-01,1.081601694735829788e-01
2.752475306434919999e-01,9.563685386765399254e-01,9.796946005954799974e-02
2.708503037498185551e-01,9.594527709103742863e-01,7.804161294486297584e-02
2.686623987853880569e-01,9.608095956562182627e-01,6.830399969120035109e-02
2.664831712597983127e-01,9.620494148870684104e-01,5.871663095554877781e-02
2.643136802297334498e-01,9.631769703286896522e-01,4.927882173774691260e-02
2.621549120711683112e-01,9.641968799905682452e-01,3.998973234983923403e-02
2.600077831705014941e-01,9.651136358362681911e-01,3.084838105412729403e-02
2.578731426525297521e-01,9.659316021391368690e-01,2.185365615699404532e-02
2.557517751267183170e-01,9.666550144620031926e-01,1.300432754881618649e-02
2.536444034352336452e-01,9.672879792021622514e-01,4.299057685342943212e-03
2.638468524539011595e-01,4.325358236949199478e-03,9.645548868396713882e-01
2.660459891053334469e-01,1.308422897239344858e-02,9.638715342996506674e-01
2.682595331627377067e-01,2.198848632481456566e-02,9.630957010268780261e-01
2.704867069790169443e-01,3.103945817791997977e-02,9.622232035155193763e-01
2.727266669930901166e-01,4.023836070389853747e-02,9.612497279264650141e-01
2.749785008249804319e-01,4.958628703401286170e-02,9.601708307495218087e-01
2.772412243779743823e-01,5.908419535924044202e-02,9.589819400615179346e-01
2.795137789661011896e-01,6.873289646707406164e-02,9.576783574412319755e-01
2.817950284873706468e-01,7.853304072598854546e-02,9.562552606046840209e-01
2.840837566654944579e-01,8.848510453515401331e-02,9.547077068266616173e-01
2.863786643851892189e-01,9.858937626375367802e-02,9.530306372162855588e-01
2.886783671486003455e-01,1.088459417117673411e-01,9.512188819158797770e-01
2.909813926828657693e-01,1.192546691323220498e-01,9.492671662932834487e-01
2.932861787313330582e-01,1.298151938646883996e-01,9.471701181979116368e-01
2.955910710634087613e-01,1.405269026367025331e-01,9.449222763502411748e-01
2.978943217404229071e-01,1.513889176057887087e-01,9.425180999328135467e-01
3.001940876771749811e-01,1.624000802187995640e-01,9.399519794482035229e-01
3.024884295409454027e-01,1.735589349825096550e-01,9.372182489055521648e-01
3.047753110316412939e-01,1.848637132487004620e-01,9.343111993920807379e-01
3.070525985883288955e-01,1.963123171302430803e-01,9.312250940793581622e-01
3.093180615686197954e-01,2.079023036772690292e-01,9.279541847058593307e-01
3.115693729481391894e-01,2.196308694552456531e-01,9.244927295674294498e-01
3.138041105875316039e-01,2.314948356793266049e-01,9.208350130355436036e-01
3.160197591140686546e-01,2.434906340714955153e-01,9.169753666096746025e-01
3.182137124638265702e-01,2.556142936184836456e-01,9.129081914945844645e-01
3.203832771285144987e-01,2.678614284189219652e-01,9.086279826759509071e-01
3.225256761482742096e-01,2.802272268173530145e-01,9.041293544484407807e-01
3.246380538880671573e-01,2.927064420302244452e-01,8.994070673292351437e-01
3.267174816305463692e-01,3.052933844744449843e-01,8.944560562672334569e-01
3.287609640125304100e-01,3.179819160121195587e-01,8.892714600338936792e-01
3.307654463253152377e-01,3.307654463253152377e-01,8.838486516561702144e-01
3.327278226910705405e-01,3.436369316317613998e-01,8.781832697256124476e-01
3.346449451184729806e-01,3.565888759459138191e-01,8.722712503907738002e-01
3.365136334305737220e-01,3.696133350794825745e-01,8.661088598131159166e-01
3.383306860467525934e-01,3.827019235610808479e-01,8.596927268401091116e-01
3.400928915885770287e-01,3.958458246358847465e-01,8.530198756238079882e-01
3.417970412666051505e-01,4.090358034829865153e-01,8.460877578894652196e-01
3.434399419918264806e-01,4.222622237604424233e-01,8.388942845374123269e-01
3.450184301417308363e-01,4.355150675559553153e-01,8.314378562431874453e-01
3.465293858971891239e-01,4.487839587848842515e-01,8.237173927064331824e-01
3.479697480526979803e-01,4.620581900371891759e-01,8.157323601891116605e-01
3.493365291893854585e-01,4.753267528314589208e-01,8.074827969787434778e-01
3.506268310878289940e-01,4.885783711879584934e-01,7.989693364132497422e-01
3.518378602465313532e-01,5.018015383843972277e-01,7.901932271110622130e-01
3.529669433621773766e-01,5.149845567087506515e-01,7.811563500638352142e-01
3.540115426198796045e-01,5.281155799739187806e-01,7.718612322695735939e-01
3.549692706358255068e-01,5.411826585103569620e-01,7.623110566113630027e-01
3.558379048913387077e-01,5.541737863061831915e-01,7.525096677210276752e-01
3.566154014965874364e-01,5.670769499208030417e-01,7.424615736076493056e-01
3.572999081241957642e-01,5.798801787589407120e-01,7.321719428774503546e-01
3.578897759579396931e-01,5.925715962582279728e-01,7.216465974233865488e-01
3.583835705095832491e-01,6.051394715161815263e-01,7.108920005190093594e-01
3.587800811676725710e-01,6.175722708623871959e-01,6.999152403107055109e-01
3.590783293556459865e-01,6.298587088697397141e-01,6.887240087641078867e-01
3.592775751927119732e-01,6.419877982951738282e-01,6.773265761829815323e-01
3.593773225693186468e-01,6.539488984458092791e-01,6.657317614808689887e-01
3.593773225693186468e-01,6.657317614808689887e-01,6.539488984458092791e-01
3.590783293556459865e-01,6.887240087641078867e-01,6.298587088697397141e-01
3.587800811676725710e-01,6.999152403107055109e-01,6.175722708623871959e-01
3.583835705095832491e-01,7.108920005190093594e-01,6.051394715161815263e-01
3.578897759579396931e-01,7.216465974233865488e-01,5.925715962582279728e-01
3.572999081241957642e-01,7.321719428774503546e-01,5.798801787589407120e-01
3.566154014965874364e-01,7.424615736076493056e-01,5.670769499208030417e-01
3.558379048913387077e-01,7.525096677210276752e-01,5.541737863061831915e-01
3.549692706358255068e-01,7.623110566113630027e-01,5.411826585103569620e-01
3.540115426198796045e-01,7.718612322695735939e-01,5.281155799739187806e-01
3.529669433621773766e-01,7.811563500638352142e-01,5.149845567087506515e-01
3.518378602465313532e-01,7.901932271110622130e-01,5.018015383843972277e-01
3.506268310878289940e-01,7.989693364132497422e-01,4.885783711879584934e-01
3.493365291893854585e-01,8.074827969787434778e-01,4.753267528314589208e-01
3.479697480526979803e-01,8.157323601891116605e-01,4.620581900371891759e-01
3.465293858971891239e-01,8.237173927064331824e-01,4.487839587848842515e-01
3.450184301417308363e-01,8.314378562431874453e-01,4.355150675559553153e-01
3.434399419918264806e-01,8.388942845374123269e-01,4.222622237604424233e-01
3.417970412666051505e-01,8.460877578894652196e-01,4.090358034829865153e-01
3.400928915885770287e-01,8.530198756238079882e-01,3.958458246358847465e-01
3.383306860467525934e-01,8.596927268401091116e-01,3.827019235610808479e-01
3.365136334305737220e-01,8.661088598131159166e-01,3.696133350794825745e-01
3.346449451184729806e-01,8.722712503907738002e-01,3.565888759459138191e-01
3.327278226910705405e-01,8.781832697256124476e-01,3.436369316317613998e-01
3.307654463253152377e-01,8.838486516561702144e-01,3.307654463253152377e-01
3.287609640125304100e-01,8.892714600338936792e-01,3.179819160121195587e-01
3.267174816305463692e-01,8.944560562672334569e-01,3.052933844744449843e-01
3.246380538880671573e-01,8.994070673292351437e-01,2.927064420302244452e-01
3.225256761482742096e-01,9.041293544484407807e-01,2.802272268173530145e-01
3.203832771285144987e-01,9.086279826759509071e-01,2.678614284189219652e-01
3.182137124638265702e-01,9.129081914945844645e-01,2.556142936184836456e-01
3.160197591140686546e-01,9.169753666096746025e-01,2.434906340714955153e-01
3.138041105875316039e-01,9.208350130355436036e-01,2.314948356793266049e-01
3.115693729481391894e-01,9.244927295674294498e-01,2.196308694552456531e-01
3.093180615686197954e-01,9.279541847058593307e-01,2.079023036772690292e-01
3.070525985883288955e-01,9.312250940793581622e-01,1.963123171302430803e-01
3.047753110316412939e-01,9.343111993920807379e-01,1.848637132487004620e-01
3.024884295409454027e-01,9.372182489055521648e-01,1.735589349825096550e-01
3.001940876771749811e-01,9.399519794482035229e-01,1.624000802187995640e-01
2.978943217404229071e-01,9.425180999328135467e-01,1.513889176057887087e-01
2.955910710634087613e-01,9.449222763502411748e-01,1.405269026367025331e-01
2.932861787313330582e-01,9.471701181979116368e-01,1.298151938646883996e-01
2.909813926828657693e-01,9.492671662932834487e-01,1.192546691323220498e-01
2.886783671486003455e-01,9.512188819158797770e-01,1.088459417117673411e-01
2.863786643851892189e-01,9.530306372162855588e-01,9.858937626375367802e-02
2.840837566654944579e-01,9.547077068266616173e-01,8.848510453515401331e-02
2.817950284873706468e-01,9.562552606046840209e-01,7.853304072598854546e-02
2.795137789661011896e-01,9.576783574412319755e-01,6.873289646707406164e-02
2.772412243779743823e-01,9.589819400615179346e-01,5.908419535924044202e-02
2.749785008249804319e-01,9.601708307495218087e-01,4.958628703401286170e-02
2.727266669930901166e-01,9.612497279264650141e-01,4.023836070389853747e-02
2.704867069790169443e-01,9.622232035155193763e-01,3.103945817791997977e-02
2.682595331627377067e-01,9.630957010268780261e-01,2.198848632481456566e-02
2.660459891053334469e-01,9.638715342996506674e-01,1.308422897239344858e-02
2.638468524539011595e-01,9.645548868396713882e-01,4.325358236949199478e-03
2.741437529764592096e-01,4.351488142483479586e-03,9.616788794888488923e-01
2.764354636918958108e-01,1.316359350913789625e-02,9.609423261670664296e-01
2.787419617150571072e-01,2.212237791389342137e-02,9.601112014629744618e-01
2.810624113178225580e-01,3.122915681309139727e-02,9.591812449735214186e-01
2.833959065459880633e-01,4.048512950656972531e-02,9.581480649888167722e-01
2.857414681568402615e-01,4.989136745595624395e-02,9.570071393824333139e-01
2.880980405701563107e-01,5.944880202241321215e-02,9.557538171295661966e-01
2.904644888527415647e-01,6.915821163160512652e-02,9.543833205161507127e-01
2.928395957589821630e-01,7.902020837940788855e-02,9.528907481046244854e-01
2.952220588523605804e-01,8.903522409833096452e-02,9.512710785242729505e-01
2.976104877354333600e-01,9.920349591181111537e-02,9.495191751559063364e-01
3.023992258589727200e-01,1.199996928011796415e-01,9.455975792732955743e-01
3.047962917091447954e-01,1.306269821610620552e-01,9.434170933854482133e-01
3.071928323065942767e-01,1.414062243950989506e-01,9.410828037328998752e-01
3.095869819515685850e-01,1.523364514364861366e-01,9.385891040118984341e-01
3.119767745120060054e-01,1.634164056967650491e-01,9.359303235360180162e-01
3.143601424020561752e-01,1.746445235566978504e-01,9.331007401457857009e-01
3.167349159810002868e-01,1.860189189094763607e-01,9.300945945473817478e-01
3.190988234211321051e-01,1.975373668797484605e-01,9.269061061280504665e-01
3.214494910942879979e-01,2.091972878550128201e-01,9.235294902867640099e-01
3.237844445273257987e-01,2.209957319789684071e-01,9.199589773077987420e-01
3.261011099768610366e-01,2.329293642691864508e-01,9.161888327921333675e-01
3.283968166728787885e-01,2.449944505337349476e-01,9.122133796468855360e-01
3.306687997793634204e-01,2.571868442728382220e-01,9.080270216163470742e-01
3.329142041177314271e-01,2.695019747619730732e-01,9.036242683195567782e-01
3.351300886955334013e-01,2.819348365216391983e-01,8.989997617388117979e-01
3.373134320785297069e-01,2.944799803860179699e-01,8.941483040811818439e-01
3.394611386387796359e-01,3.071315063874672791e-01,8.890648869110895358e-01
3.415700457047645133e-01,3.198830586758906191e-01,8.837447214266129780e-01
3.436369316317613998e-01,3.327278226910705405e-01,8.781832697256124476e-01
3.456585248016957879e-01,3.456585248016957879e-01,8.723762768804702583e-01
3.476315135515478660e-01,3.586674346166763283e-01,8.663198036125875356e-01
3.495525570181225450e-01,3.717463701621303573e-01,8.600102593303015075e-01
3.514182968747150970e-01,3.848867061008784396e-01,8.534444352671651801e-01
3.532253699220314069e-01,3.980793851502258396e-01,8.466195374321705547e-01
3.549704214818301673e-01,4.113149328281524020e-01,8.395332190602015077e-01
3.566501195273448221e-01,4.245834756277914179e-01,8.321836122304712147e-01
3.582611694698635829e-01,4.378747626853888297e-01,8.245693583036541874e-01
3.598003295061810158e-01,4.511781909680682712e-01,8.166896368156172370e-01
3.612644264172903408e-01,4.644828339650875493e-01,8.085441924577450035e-01
3.626503716950066902e-01,4.777774738204056404e-01,8.001333597715227786e-01
3.639551778605522037e-01,4.910506367959831531e-01,7.914580851888198820e-01
3.651759748278528561e-01,5.042906319051301267e-01,7.825199460596846679e-01
3.663100261547629355e-01,5.174855925043475580e-01,7.733211663267217650e-01
3.673547450179810436e-01,5.306235205815281741e-01,7.638646285294526939e-01
3.683077097423771984e-01,5.436923334292235177e-01,7.541538818534390121e-01
3.691666787130795657e-01,5.566799123451200426e-01,7.441931459771604640e-01
3.699296044992020360e-01,5.695741529590888641e-01,7.339873105142897813e-01
3.705946470216767152e-01,5.823630167483491160e-01,7.235419298994639759e-01
3.711601856043782455e-01,5.950345832705111748e-01,7.128632136211074943e-01
3.716248297575773796e-01,6.075771026195312396e-01,7.019580117643128281e-01
3.719874285556590277e-01,6.199790475927650091e-01,6.908337958890811148e-01
3.722470784868000537e-01,6.322291650490096115e-01,6.794986353330477735e-01
3.724031296706623584e-01,6.443165259381300469e-01,6.679611690918229039e-01
3.724551903607667969e-01,6.562305734927795786e-01,6.562305734927795786e-01
3.724031296706623584e-01,6.679611690918229039e-01,6.443165259381300469e-01
3.722470784868000537e-01,6.794986353330477735e-01,6.322291650490096115e-01
3.719874285556590277e-01,6.908337958890811148e-01,6.199790475927650091e-01
3.716248297575773796e-01,7.019580117643128281e-01,6.075771026195312396e-01
3.711601856043782455e-01,7.128632136211074943e-01,5.950345832705111748e-01
3.705946470216767152e-01,7.235419298994639759e-01,5.823630167483491160e-01
3.699296044992020360e-01,7.339873105142897813e-01,5.695741529590888641e-01
3.691666787130795657e-01,7.441931459771604640e-01,5.566799123451200426e-01
3.683077097423771984e-01,7.541538818534390121e-01,5.436923334292235177e-01
3.673547450179810436e-01,7.638646285294526939e-01,5.306235205815281741e-01
3.663100261547629355e-01,7.733211663267217650e-01,5.174855925043475580e-01
3.651759748278528561e-01,7.825199460596846679e-01,5.042906319051301267e-01
3.639551778605522037e-01,7.914580851888198820e-01,4.910506367959831531e-01
3.626503716950066902e-01,8.001333597715227786e-01,4.777774738204056404e-01
3.612644264172903408e-01,8.085441924577450035e-01,4.644828339650875493e-01
3.598003295061810158e-01,8.166896368156172370e-01,4.511781909680682712e-01
3.582611694698635829e-01,8.245693583036541874e-01,4.378747626853888297e-01
3.566501195273448221e-01,8.321836122304712147e-01,4.245834756277914179e-01
3.549704214818301673e-01,8.395332190602015077e-01,4.113149328281524020e-01
3.532253699220314069e-01,8.466195374321705547e-01,3.980793851502258396e-01
3.514182968747150970e-01,8.534444352671651801e-01,3.848867061008784396e-01
3.476315135515478660e-01,8.663198036125875356e-01,3.586674346166763283e-01
3.456585248016957879e-01,8.723762768804702583e-01,3.456585248016957879e-01
3.436369316317613998e-01,8.781832697256124476e-01,3.327278226910705405e-01
3.415700457047645133e-01,8.837447214266129780e-01,3.198830586758906191e-01
3.394611386387796359e-01,8.890648869110895358e-01,3.071315063874672791e-01
3.373134320785297069e-01,8.941483040811818439e-01,2.944799803860179699e-01
3.351300886955334013e-01,8.989997617388117979e-01,2.819348365216391983e-01
3.329142041177314271e-01,9.036242683195567782e-01,2.695019747619730732e-01
3.306687997793634204e-01,9.080270216163470742e-01,2.571868442728382220e-01
3.283968166728787885e-01,9.122133796468855360e-01,2.449944505337349476e-01
3.261011099768610366e-01,9.161888327921333675e-01,2.329293642691864508e-01
3.237844445273257987e-01,9.199589773077987420e-01,2.209957319789684071e-01
3.214494910942879979e-01,9.235294902867640099e-01,2.091972878550128201e-01
3.190988234211321051e-01,9.269061061280504665e-01,1.975373668797484605e-01
3.167349159810002868e-01,9.300945945473817478e-01,1.860189189094763607e-01
3.143601424020561752e-01,9.331007401457857009e-01,1.746445235566978504e-01
3.119767745120060054e-01,9.359303235360180162e-01,1.634164056967650491e-01
3.095869819515685850e-01,9.385891040118984341e-01,1.523364514364861366e-01
3.071928323065942767e-01,9.410828037328998752e-01,1.414062243950989506e-01
3.047962917091447954e-01,9.434170933854482133e-01,1.306269821610620552e-01
3.023992258589727200e-01,9.455975792732955743e-01,1.199996928011796415e-01
3.000034014183915465e-01,9.476297917819035410e-01,1.095250513114762875e-01
2.976104877354333600e-01,9.495191751559063364e-01,9.920349591181111537e-02
2.952220588523605804e-01,9.512710785242729505e-01,8.903522409833096452e-02
2.928395957589821630e-01,9.528907481046244854e-01,7.902020837940788855e-02
2.904644888527415647e-01,9.543833205161507127e-01,6.915821163160512652e-02
2.880980405701563107e-01,9.557538171295661966e-01,5.944880202241321215e-02
2.857414681568402615e-01,9.570071393824333139e-01,4.989136745595624395e-02
2.833959065459880633e-01,9.581480649888167722e-01,4.048512950656972531e-02
2.810624113178225580e-01,9.591812449735214186e-01,3.122915681309139727e-02
2.787419617150571072e-01,9.601112014629744618e-01,2.212237791389342137e-02
2.764354636918958108e-01,9.609423261670664296e-01,1.316359350913789625e-02
2.741437529764592096e-01,9.616788794888488923e-01,4.351488142483479586e-03
2.845327037197638576e-01,4.377426211073290156e-03,9.586563402250505295e-01
2.869176991225763640e-01,1.324235534411890951e-02,9.578637032246011263e-01
2.893178258569515937e-01,2.225521737361165972e-02,9.569743470653013784e-01
2.917321866968231037e-01,3.141731241350402548e-02,9.559839348680511106e-01
2.941598097141309154e-01,4.072981980657197632e-02,9.548879976874097286e-01
2.965996450592416345e-01,5.019378608694858440e-02,9.536819356520230828e-01
2.990505617623186452e-01,5.981011235246373042e-02,9.523610197661531718e-01
3.015113445777636292e-01,6.957954105640698494e-02,9.509203944375621553e-01
3.039806908964022281e-01,7.950264223444365730e-02,9.493550807995331242e-01
3.064572077527441540e-01,8.957979918926367580e-02,9.476599808969472516e-01
3.089394089573871960e-01,9.981119366315585606e-02,9.458298828080007326e-01
3.114257123874313304e-01,1.101967905370910827e-01,9.438594667742148392e-01
3.139144374705918894e-01,1.207363221040737983e-01,9.417433124117756682e-01
3.164038029015041054e-01,1.314292719744709348e-01,9.394759070767737530e-01
3.188919246314608213e-01,1.422748586817286776e-01,9.370516554555232691e-01
3.213768141754537733e-01,1.532720190682933248e-01,9.344648904486270169e-01
3.238563772828467746e-01,1.644193915435991360e-01,9.317098854137284558e-01
3.263284130202232514e-01,1.757152993185817635e-01,9.287808678267892581e-01
3.287906133168429501e-01,1.871577337342028857e-01,9.256720344151115887e-01
3.312405630246380572e-01,1.987443378147828177e-01,9.223775678070690320e-01
3.336757405456807768e-01,2.104723901903524652e-01,9.188916547334901042e-01
3.360935190804720252e-01,2.223387895455430363e-01,9.152085058037469079e-01
3.384911685501420520e-01,2.343400397654829825e-01,9.113223768657671142e-01
3.408658582446078000e-01,2.464722359614856251e-01,9.072275919433406832e-01
3.432146602468145735e-01,2.587310515706756076e-01,9.029185677262352439e-01
3.455345536802946760e-01,2.711117267337696535e-01,8.983898395687661687e-01
3.478224298233219547e-01,2.836090581636317443e-01,8.936360889306887989e-01
3.500750981278503704e-01,2.962173907235656767e-01,8.886521721706970300e-01
3.522892931751299139e-01,3.089306109381908527e-01,8.834331505776334970e-01
3.544616825923574410e-01,3.217421426607551815e-01,8.779743214979930377e-01
3.565888759459138191e-01,3.346449451184729806e-01,8.722712503907738002e-01
3.586674346166763283e-01,3.476315135515478660e-01,8.663198036125875356e-01
3.606938826516108976e-01,3.606938826516108976e-01,8.601161817076875549e-01
3.645764281165387311e-01,3.870119006160180342e-01,8.469390868553439145e-01
3.664254978435007026e-01,4.002493899521314957e-01,8.399599873643323056e-01
3.682084295805269081e-01,4.135263901442840506e-01,8.327175253590377579e-01
3.699217555959069537e-01,4.268327949183541303e-01,8.252100701754846446e-01
3.715620544289671145e-01,4.401581260158533571e-01,8.174365197437276631e-01
3.731259672620186318e-01,4.534915602107611465e-01,8.093963289837635688e-01
3.746102147126851856e-01,4.668219598727307296e-01,8.010895360778960139e-01
3.760116139099088928e-01,4.801379069926528520e-01,7.925167862408848407e-01
3.773270957040923412e-01,4.934277405361207625e-01,7.836793526161917045e-01
3.785537218506351831e-01,5.066795969385424758e-01,7.745791539405304515e-01
3.796887019969527044e-01,5.198814535035198858e-01,7.652187686400123701e-01
3.807294102962741622e-01,5.330211744147838049e-01,7.556014450495287527e-01
3.816734014674306730e-01,5.460865590226315902e-01,7.457311074825184738e-01
3.825184261187247747e-01,5.590653920196746451e-01,7.356123579206246266e-01
3.832624451560339152e-01,5.719454950790043846e-01,7.252504731414179950e-01
3.839036431006652705e-01,5.847147794917824104e-01,7.146513971566229584e-01
3.844404401511983815e-01,5.973612993118621040e-01,7.038217288921939652e-01
3.848715028355735313e-01,6.098733044932934666e-01,6.927687051040323230e-01
3.851957531148738623e-01,6.222392934932577946e-01,6.815001785878537222e-01
3.854123758183636839e-01,6.344480648086909813e-01,6.700245918073092222e-01
3.855208243100653465e-01,6.464887669199558262e-01,6.583509461294962950e-01
3.855208243100653465e-01,6.583509461294962950e-01,6.464887669199558262e-01
3.854123758183636839e-01,6.700245918073092222e-01,6.344480648086909813e-01
3.851957531148738623e-01,6.815001785878537222e-01,6.222392934932577946e-01
3.848715028355735313e-01,6.927687051040323230e-01,6.098733044932934666e-01
3.844404401511983815e-01,7.038217288921939652e-01,5.973612993118621040e-01
3.839036431006652705e-01,7.146513971566229584e-01,5.847147794917824104e-01
3.832624451560339152e-01,7.252504731414179950e-01,5.719454950790043846e-01
3.825184261187247747e-01,7.356123579206246266e-01,5.590653920196746451e-01
3.816734014674306730e-01,7.457311074825184738e-01,5.460865590226315902e-01
3.807294102962741622e-01,7.556014450495287527e-01,5.330211744147838049e-01
3.796887019969527044e-01,7.652187686400123701e-01,5.198814535035198858e-01
3.785537218506351831e-01,7.745791539405304515e-01,5.066795969385424758e-01
3.773270957040923412e-01,7.836793526161917045e-01,4.934277405361207625e-01
3.760116139099088928e-01,7.925167862408848407e-01,4.801379069926528520e-01
3.746102147126851856e-01,8.010895360778960139e-01,4.668219598727307296e-01
3.731259672620186318e-01,8.093963289837635688e-01,4.534915602107611465e-01
3.715620544289671145e-01,8.174365197437276631e-01,4.401581260158533571e-01
3.699217555959069537e-01,8.252100701754846446e-01,4.268327949183541303e-01
3.682084295805269081e-01,8.327175253590377579e-01,4.135263901442840506e-01
3.664254978435007026e-01,8.399599873643323056e-01,4.002493899521314957e-01
3.645764281165387311e-01,8.469390868553439145e-01,3.870119006160180342e-01
3.626647185734174217e-01,8.536569529497363140e-01,3.738236329910610278e-01
3.606938826516108976e-01,8.601161817076875549e-01,3.606938826516108976e-01
3.586674346166763283e-01,8.663198036125875356e-01,3.476315135515478660e-01
3.565888759459138191e-01,8.722712503907738002e-01,3.346449451184729806e-01
3.544616825923574410e-01,8.779743214979930377e-01,3.217421426607551815e-01
3.522892931751299139e-01,8.834331505776334970e-01,3.089306109381908527e-01
3.500750981278503704e-01,8.886521721706970300e-01,2.962173907235656767e-01
3.478224298233219547e-01,8.936360889306887989e-01,2.836090581636317443e-01
3.455345536802946760e-01,8.983898395687661687e-01,2.711117267337696535e-01
3.432146602468145735e-01,9.029185677262352439e-01,2.587310515706756076e-01
3.408658582446078000e-01,9.072275919433406832e-01,2.464722359614856251e-01
3.384911685501420520e-01,9.113223768657671142e-01,2.343400397654829825e-01
3.360935190804720252e-01,9.152085058037469079e-01,2.223387895455430363e-01
3.336757405456807768e-01,9.188916547334901042e-01,2.104723901903524652e-01
3.312405630246380572e-01,9.223775678070690320e-01,1.987443378147828177e-01
3.287906133168429501e-01,9.256720344151115887e-01,1.871577337342028857e-01
3.263284130202232514e-01,9.287808678267892581e-01,1.757152993185817635e-01
3.238563772828467746e-01,9.317098854137284558e-01,1.644193915435991360e-01
3.213768141754537733e-01,9.344648904486270169e-01,1.532720190682933248e-01
3.188919246314608213e-01,9.370516554555232691e-01,1.422748586817286776e-01
3.164038029015041054e-01,9.394759070767737530e-01,1.314292719744709348e-01
3.139144374705918894e-01,9.417433124117756682e-01,1.207363221040737983e-01
3.114257123874313304e-01,9.438594667742148392e-01,1.101967905370910827e-01
3.064572077527441540e-01,9.476599808969472516e-01,8.957979918926367580e-02
3.039806908964022281e-01,9.493550807995331242e-01,7.950264223444365730e-02
3.015113445777636292e-01,9.509203944375621553e-01,6.957954105640698494e-02
2.990505617623186452e-01,9.523610197661531718e-01,5.981011235246373042e-02
2.965996450592416345e-01,9.536819356520230828e-01,5.019378608694858440e-02
2.941598097141309154e-01,9.548879976874097286e-01,4.072981980657197632e-02
2.917321866968231037e-01,9.559839348680511106e-01,3.141731241350402548e-02
2.893178258569515937e-01,9.569743470653013784e-01,2.225521737361165972e-02
2.869176991225763640e-01,9.578637032246011263e-01,1.324235534411890951e-02
2.845327037197638576e-01,9.586563402250505295e-01,4.377426211073290156e-03
2.950110910548337517e-01,4.403150612758713334e-03,9.554836829686407240e-01
2.974899760771314572e-01,1.332044669002081273e-02,9.546320127848249015e-01
2.999842961763309335e-01,2.238688777435305505e-02,9.536814191874402047e-01
3.024930890737868028e-01,3.160375557487325043e-02,9.526274894711793673e-01
3.050153131519399707e-01,4.097220624429044611e-02,9.514656783396336914e-01
3.075498440790683796e-01,5.049325798313063218e-02,9.501913093189128245e-01
3.100954714638047283e-01,6.016777804521583617e-02,9.487995768668651131e-01
3.126508955637071208e-01,6.999646915605382824e-02,9.472855492452618709e-01
3.152147240749116341e-01,7.997985536229101911e-02,9.456441722247349579e-01
3.177854690327447384e-01,9.011826733764403963e-02,9.438702736942717886e-01
3.203615438561019935e-01,1.004118271787782374e-01,9.419585692485386019e-01
3.229412605713767870e-01,1.108604327334576922e-01,9.399036688271413809e-01
3.255228272547105450e-01,1.214637415129516951e-01,9.377000844799870949e-01
3.281043457342934788e-01,1.322211542511331772e-01,9.353422393320902639e-01
3.306838095973170799e-01,1.431317981839133613e-01,9.328244778192974485e-01
3.332591025489070047e-01,1.541945101345689184e-01,9.301410772633673663e-01
3.358279971728821978e-01,1.654078195030613818e-01,9.272862608504955917e-01
3.383881541464141551e-01,1.767699312705148518e-01,9.242542120715491194e-01
3.409371219625185745e-01,1.882787091434804105e-01,9.210390906748635587e-01
3.434723372157059695e-01,1.999316589763064644e-01,9.176350501733040455e-01
3.459911255069578750e-01,2.117259126236607780e-01,9.140362569362916467e-01
3.484907030243686865e-01,2.236582123887739249e-01,9.102369108845450585e-01
3.509681788552108661e-01,2.357248962460371244e-01,9.062312677903205937e-01
3.534205580837183058e-01,2.479218840288770209e-01,9.020136631688930873e-01
3.558447457264567459e-01,2.602446647850205630e-01,8.975785377279281718e-01
3.582375515536426192e-01,2.726882855109816761e-01,8.929204643202733882e-01
3.605956958401101420e-01,2.852473414854602707e-01,8.880341763226593521e-01
3.629158160837195335e-01,2.979159684269339081e-01,8.829145973380041479e-01
3.651944747217996667e-01,3.106878367036206012e-01,8.775568720926827382e-01
3.674281678676802332e-01,3.235561478237781174e-01,8.719563983725546752e-01
3.696133350794825745e-01,3.365136334305737220e-01,8.661088598131159166e-01
3.717463701621303573e-01,3.495525570181225450e-01,8.600102593303015075e-01
3.738236329910610278e-01,3.626647185734174217e-01,8.536569529497363140e-01
3.758414623324662918e-01,3.758414623324662918e-01,8.470456837642150738e-01
3.777961896202046144e-01,3.890736878178226443e-01,8.401736157225445645e-01
3.796841536339931600e-01,4.023518642987091720e-01,8.330383669283133452e-01
3.815017160073314595e-01,4.156660487841074003e-01,8.256380421054188012e-01
3.832452774771056836e-01,4.290059076236257818e-01,8.179712638690465054e-01
3.849112947702937326e-01,4.423607417509345940e-01,8.100372024270361404e-01
3.864962980069783782e-01,4.557195155604670811e-01,8.018356033279103734e-01
3.879969084833740367e-01,4.690708893604969565e-01,7.933668128689886911e-01
3.894098566841739939e-01,4.824032552953199660e-01,7.846318007815445972e-01
3.907320003606558068e-01,4.957047765769513892e-01,7.756321798204063311e-01
3.919603425000389718e-01,5.089634298134834145e-01,7.663702219030613660e-01
3.930920490029829462e-01,5.221670501681414667e-01,7.568488704684298574e-01
3.941244658801958400e-01,5.353033790313107554e-01,7.470717487579832117e-01
3.950551357762195348e-01,5.483601138386331453e-01,7.370431637616036147e-01
3.958818136288191347e-01,5.613249596229524796e-01,7.267681056170858245e-01
3.966024812762211083e-01,5.741856818476633872e-01,7.162522423048172104e-01
3.972153608318066409e-01,5.869301600350576020e-01,7.055019095370893556e-01
3.977189266567818238e-01,5.995464416766412841e-01,6.945240958036339451e-01
3.981119157757166960e-01,6.120227958940122059e-01,6.833264226001106723e-01
3.983933365974686169e-01,6.243477663094657570e-01,6.719171199330440380e-01
3.985624758245887578e-01,6.365102225855372442e-01,6.603049972616320540e-01
3.986189034574520451e-01,6.484994101024220692e-01,6.484994101024220692e-01
3.983933365974686169e-01,6.719171199330440380e-01,6.243477663094657570e-01
3.981119157757166960e-01,6.833264226001106723e-01,6.120227958940122059e-01
3.977189266567818238e-01,6.945240958036339451e-01,5.995464416766412841e-01
3.972153608318066409e-01,7.055019095370893556e-01,5.869301600350576020e-01
3.966024812762211083e-01,7.162522423048172104e-01,5.741856818476633872e-01
3.958818136288191347e-01,7.267681056170858245e-01,5.613249596229524796e-01
3.950551357762195348e-01,7.370431637616036147e-01,5.483601138386331453e-01
3.941244658801958400e-01,7.470717487579832117e-01,5.353033790313107554e-01
3.930920490029829462e-01,7.568488704684298574e-01,5.221670501681414667e-01
3.919603425000389718e-01,7.663702219030613660e-01,5.089634298134834145e-01
3.907320003606558068e-01,7.756321798204063311e-01,4.957047765769513892e-01
3.894098566841739939e-01,7.846318007815445972e-01,4.824032552953199660e-01
3.879969084833740367e-01,7.933668128689886911e-01,4.690708893604969565e-01
3.864962980069783782e-01,8.018356033279103734e-01,4.557195155604670811e-01
3.849112947702937326e-01,8.100372024270361404e-01,4.423607417509345940e-01
3.832452774771056836e-01,8.179712638690465054e-01,4.290059076236257818e-01
3.815017160073314595e-01,8.256380421054188012e-01,4.156660487841074003e-01
3.796841536339931600e-01,8.330383669283133452e-01,4.023518642987091720e-01
3.777961896202046144e-01,8.401736157225445645e-01,3.890736878178226443e-01
3.758414623324662918e-01,8.470456837642150738e-01,3.758414623324662918e-01
3.738236329910610278e-01,8.536569529497363140e-01,3.626647185734174217e-01
3.717463701621303573e-01,8.600102593303015075e-01,3.495525570181225450e-01
3.696133350794825745e-01,8.661088598131159166e-01,3.365136334305737220e-01
3.674281678676802332e-01,8.719563983725546752e-01,3.235561478237781174e-01
3.651944747217996667e-01,8.775568720926827382e-01,3.106878367036206012e-01
3.629158160837195335e-01,8.829145973380041479e-01,2.979159684269339081e-01
3.605956958401101420e-01,8.880341763226593521e-01,2.852473414854602707e-01
3.582375515536426192e-01,8.929204643202733882e-01,2.726882855109816761e-01
3.558447457264567459e-01,8.975785377279281718e-01,2.602446647850205630e-01
3.534205580837183058e-01,9.020136631688930873e-01,2.479218840288770209e-01
3.509681788552108661e-01,9.062312677903205937e-01,2.357248962460371244e-01
3.484907030243686865e-01,9.102369108845450585e-01,2.236582123887739249e-01
3.459911255069578750e-01,9.140362569362916467e-01,2.117259126236607780e-01
3.434723372157059695e-01,9.176350501733040455e-01,1.999316589763064644e-01
3.409371219625185745e-01,9.210390906748635587e-01,1.882787091434804105e-01
3.383881541464141551e-01,9.242542120715491194e-01,1.767699312705148518e-01
3.358279971728821978e-01,9.272862608504955917e-01,1.654078195030613818e-01
3.332591025489070047e-01,9.301410772633673663e-01,1.541945101345689184e-01
3.306838095973170799e-01,9.328244778192974485e-01,1.431317981839133613e-01
3.281043457342934788e-01,9.353422393320902639e-01,1.322211542511331772e-01
3.255228272547105450e-01,9.377000844799870949e-01,1.214637415129516951e-01
3.229412605713767870e-01,9.399036688271413809e-01,1.108604327334576922e-01
3.203615438561019935e-01,9.419585692485386019e-01,1.004118271787782374e-01
3.177854690327447384e-01,9.438702736942717886e-01,9.011826733764403963e-02
3.152147240749116341e-01,9.456441722247349579e-01,7.997985536229101911e-02
3.126508955637071208e-01,9.472855492452618709e-01,6.999646915605382824e-02
3.100954714638047283e-01,9.487995768668651131e-01,6.016777804521583617e-02
3.075498440790683796e-01,9.501913093189128245e-01,5.049325798313063218e-02
3.050153131519399707e-01,9.514656783396336914e-01,4.097220624429044611e-02
3.024930890737868028e-01,9.526274894711793673e-01,3.160375557487325043e-02
2.999842961763309335e-01,9.536814191874402047e-01,2.238688777435305505e-02
2.974899760771314572e-01,9.546320127848249015e-01,1.332044669002081273e-02
2.950110910548337517e-01,9.554836829686407240e-01,4.403150612758713334e-03
3.055760839649860894e-01,4.428638898043277261e-03,9.521573630793045417e-01
3.081493505722873172e-01,1.339779785096901349e-02,9.512436474187999647e-01
3.107383111404586340e-01,2.251726892322164150e-02,9.502287485599532069e-01
3.133419346505645353e-01,3.178831221092683762e-02,9.491081788691012600e-01
3.159591059509553879e-01,4.121205729795070216e-02,9.478773178528661081e-01
3.185886222290861824e-01,5.078949050028910145e-02,9.465314138690240631e-01
3.212291895233447270e-01,6.052144150439827536e-02,9.450655865686807822e-01
3.238794193014973843e-01,7.040856941336899599e-02,9.434748301391445713e-01
3.265378251353020511e-01,8.045134822174107581e-02,9.417540174192043922e-01
3.292028195038834149e-01,9.065005174744615590e-02,9.398979049603627400e-01
3.318727107615820349e-01,1.010047380578727866e-01,9.379011391088187821e-01
3.345457003091446557e-01,1.115152334363815612e-01,9.357582631835495990e-01
3.372198800102750305e-01,1.221811159457518309e-01,9.334637258255439329e-01
3.425636162235976556e-01,1.439760126157149656e-01,9.283970468668516496e-01
3.452287898850692205e-01,1.551027896585093768e-01,9.256134221556204800e-01
3.478863853118359106e-01,1.663804451491389114e-01,9.226551958270430287e-01
3.505339198381243193e-01,1.778070607874543685e-01,9.195165143579782097e-01
3.531687936364377722e-01,1.893803676021477977e-01,9.161915081293096064e-01
3.557882902651942625e-01,2.010977292803271810e-01,9.126743098107157337e-01
3.583895778905430984e-01,2.129561259929314276e-01,9.089590743600731715e-01
3.609697112415913289e-01,2.249521388896873475e-01,9.050400006492071991e-01
3.635256343572951243e-01,2.370819354504098697e-01,9.009113547115574772e-01
3.660541841813356179e-01,2.493412558916344168e-01,8.965674945890683700e-01
3.685520950582790722e-01,2.617254008384879982e-01,8.920028967352551241e-01
3.710160041801342512e-01,2.742292204809688161e-01,8.872121839090166828e-01
3.734424580269616878e-01,2.868471054409995613e-01,8.821901544694891184e-01
3.758279198383884800e-01,2.995729795813241170e-01,8.769318129562396757e-01
3.781687781446924079e-01,3.124002949890937186e-01,8.714324018116824666e-01
3.804613563764969730e-01,3.253220293654104922e-01,8.656874340740583484e-01
3.827019235610808479e-01,3.383306860467525934e-01,8.596927268401091116e-01
3.848867061008784396e-01,3.514182968747150970e-01,8.534444352671651801e-01
3.870119006160180342e-01,3.645764281165387311e-01,8.469390868553439145e-01
3.890736878178226443e-01,3.777961896202046144e-01,8.401736157225445645e-01
3.910682473642672075e-01,3.910682473642672075e-01,8.331453965586562704e-01
3.929917736316475563e-01,4.043828395340141602e-01,8.258522779215782261e-01
3.948404923194445693e-01,4.177297962220211103e-01,8.182926145171097732e-01
3.966106777878721790e-01,4.310985628129045399e-01,8.104652980882605107e-01
3.982986710102267569e-01,4.444782270693835025e-01,8.023697865278480723e-01
3.999008980053111451e-01,4.578575498901388818e-01,7.940061308221395553e-01
4.014138885992886152e-01,4.712249996600344493e-01,7.853749994333907303e-01
4.028342953517880520e-01,4.845687900608465215e-01,7.764776997360551825e-01
4.041589124683525602e-01,4.978769211566662078e-01,7.673161961355678962e-01
4.053846945108400268e-01,5.111372235136678599e-01,7.578931245202661371e-01
4.065087747095571524e-01,5.243374050601533609e-01,7.482118027262862903e-01
4.075284826760908197e-01,5.374651003409313121e-01,7.382762367320485630e-01
4.084413613143172417e-01,5.505079217714711204e-01,7.280911223429133994e-01
4.092451827291463395e-01,5.634535124531724337e-01,7.176618421771986389e-01
4.099379629383566592e-01,5.762896000727621981e-01,7.069944578212237207e-01
4.105179752024506468e-01,5.890040513774291719e-01,6.960956970824162537e-01
4.109837618007575188e-01,6.015849266938624318e-01,6.849729363345957722e-01
4.113341440988909636e-01,6.140205339447213362e-01,6.736341780170242988e-01
4.115682307728478206e-01,6.262994816108553575e-01,6.620880234171899748e-01
4.116854240781660512e-01,6.384107300922284844e-01,6.503436409350739078e-01
4.116854240781660512e-01,6.503436409350739078e-01,6.384107300922284844e-01
4.115682307728478206e-01,6.620880234171899748e-01,6.262994816108553575e-01
4.113341440988909636e-01,6.736341780170242988e-01,6.140205339447213362e-01
4.109837618007575188e-01,6.849729363345957722e-01,6.015849266938624318e-01
4.105179752024506468e-01,6.960956970824162537e-01,5.890040513774291719e-01
4.099379629383566592e-01,7.069944578212237207e-01,5.762896000727621981e-01
4.092451827291463395e-01,7.176618421771986389e-01,5.634535124531724337e-01
4.084413613143172417e-01,7.280911223429133994e-01,5.505079217714711204e-01
4.075284826760908197e-01,7.382762367320485630e-01,5.374651003409313121e-01
4.065087747095571524e-01,7.482118027262862903e-01,5.243374050601533609e-01
4.053846945108400268e-01,7.578931245202661371e-01,5.111372235136678599e-01
4.041589124683525602e-01,7.673161961355678962e-01,4.978769211566662078e-01
4.028342953517880520e-01,7.764776997360551825e-01,4.845687900608465215e-01
4.014138885992886152e-01,7.853749994333907303e-01,4.712249996600344493e-01
3.999008980053111451e-01,7.940061308221395553e-01,4.578575498901388818e-01
3.982986710102267569e-01,8.023697865278480723e-01,4.444782270693835025e-01
3.966106777878721790e-01,8.104652980882605107e-01,4.310985628129045399e-01
3.948404923194445693e-01,8.182926145171097732e-01,4.177297962220211103e-01
3.929917736316475563e-01,8.258522779215782261e-01,4.043828395340141602e-01
3.910682473642672075e-01,8.331453965586562704e-01,3.910682473642672075e-01
3.890736878178226443e-01,8.401736157225445645e-01,3.777961896202046144e-01
3.870119006160180342e-01,8.469390868553439145e-01,3.645764281165387311e-01
3.848867061008784396e-01,8.534444352671651801e-01,3.514182968747150970e-01
3.827019235610808479e-01,8.596927268401091116e-01,3.383306860467525934e-01
3.804613563764969730e-01,8.656874340740583484e-01,3.253220293654104922e-01
3.758279198383884800e-01,8.769318129562396757e-01,2.995729795813241170e-01
3.734424580269616878e-01,8.821901544694891184e-01,2.868471054409995613e-01
3.710160041801342512e-01,8.872121839090166828e-01,2.742292204809688161e-01
3.685520950582790722e-01,8.920028967352551241e-01,2.617254008384879982e-01
3.660541841813356179e-01,8.965674945890683700e-01,2.493412558916344168e-01
3.635256343572951243e-01,9.009113547115574772e-01,2.370819354504098697e-01
3.609697112415913289e-01,9.050400006492071991e-01,2.249521388896873475e-01
3.583895778905430984e-01,9.089590743600731715e-01,2.129561259929314276e-01
3.557882902651942625e-01,9.126743098107157337e-01,2.010977292803271810e-01
3.531687936364377722e-01,9.161915081293096064e-01,1.893803676021477977e-01
3.505339198381243193e-01,9.195165143579782097e-01,1.778070607874543685e-01
3.478863853118359106e-01,9.226551958270430287e-01,1.663804451491389114e-01
3.452287898850692205e-01,9.256134221556204800e-01,1.551027896585093768e-01
3.425636162235976556e-01,9.283970468668516496e-01,1.439760126157149656e-01
3.398932298986633294e-01,9.310118905919909649e-01,1.330016986559987013e-01
3.372198800102750305e-01,9.334637258255439329e-01,1.221811159457518309e-01
3.345457003091446557e-01,9.357582631835495990e-01,1.115152334363815612e-01
3.318727107615820349e-01,9.379011391088187821e-01,1.010047380578727866e-01
3.292028195038834149e-01,9.398979049603627400e-01,9.065005174744615590e-02
3.265378251353020511e-01,9.417540174192043922e-01,8.045134822174107581e-02
3.238794193014973843e-01,9.434748301391445713e-01,7.040856941336899599e-02
3.212291895233447270e-01,9.450655865686807822e-01,6.052144150439827536e-02
3.185886222290861824e-01,9.465314138690240631e-01,5.078949050028910145e-02
3.159591059509553879e-01,9.478773178528661081e-01,4.121205729795070216e-02
3.133419346505645353e-01,9.491081788691012600e-01,3.178831221092683762e-02
3.107383111404586340e-01,9.502287485599532069e-01,2.251726892322164150e-02
3.081493505722873172e-01,9.512436474187999647e-01,1.339779785096901349e-02
3.055760839649860894e-01,9.521573630793045417e-01,4.428638898043277261e-03
3.162246295056173606e-01,4.453868021205878783e-03,9.486738885168520818e-01
3.188926493937490614e-01,1.347433729832742642e-02,9.476950566490289773e-01
3.215765725130651509e-01,2.264623750092007934e-02,9.466127275384592643e-01
3.242752952898475538e-01,3.197080376097088256e-02,9.454223397887103753e-01
3.269876250725726186e-01,4.144913557257962761e-02,9.441191991532025263e-01
3.297122764549244578e-01,5.108218367611505606e-02,9.426984805683050750e-01
3.324478676506195662e-01,6.087073633039512960e-02,9.411552309545708761e-01
3.351929169491367766e-01,7.081540498925424643e-02,9.394843728574397979e-01
3.379458392845907100e-01,8.091660940616961228e-02,9.376807090009066092e-01
3.407049429532276186e-01,9.117456219875105794e-02,9.357389278292871371e-01
3.434684265183299834e-01,1.015892529138722467e-01,9.336536101132068000e-01
3.462343759446435687e-01,1.121604316440394655e-01,9.314192366961538960e-01
3.490007620077525408e-01,1.228875922562508854e-01,9.290301974572566790e-01
3.517654380270509584e-01,1.337699553060616442e-01,9.264808015642046479e-01
3.545261379740488605e-01,1.448064507217945995e-01,9.237652890873104816e-01
3.572804750106111649e-01,1.559957003567457312e-01,9.208778440414344679e-01
3.600259405142951508e-01,1.673360005207287227e-01,9.178126089167242263e-01
3.627599036501188423e-01,1.788253046162557869e-01,9.145637007517081196e-01
3.654796115497699338e-01,1.904612060188941858e-01,9.111252287930883265e-01
3.681821901603369862e-01,2.022409213556780605e-01,9.074913137754784254e-01
3.708646458250034472e-01,2.141612743496498772e-01,9.036561088412055076e-01
3.735238676576697614e-01,2.262186804123915429e-01,8.996138221050918871e-01
3.761566307720435876e-01,2.384091321794642448e-01,8.953587408517656998e-01
3.787596004232433589e-01,2.507281861956681679e-01,8.908852573335442893e-01
3.813293371162842504e-01,2.631709509675764780e-01,8.861878961153084600e-01
3.838623027308558089e-01,2.757320766094880082e-01,8.812613428891479250e-01
3.863548677054681746e-01,2.884057463153494871e-01,8.761004746560615564e-01
3.888033193162634960e-01,3.011856698928801479e-01,8.707003911448717437e-01
3.912038710765224359e-01,3.140650795966447584e-01,8.650564473100565976e-01
3.935526732721159049e-01,3.270367284937301111e-01,8.591642867208164613e-01
3.958458246358847465e-01,3.400928915885770287e-01,8.530198756238079882e-01
3.980793851502258396e-01,3.532253699220314069e-01,8.466195374321705547e-01
4.002493899521314957e-01,3.664254978435007026e-01,8.399599873643323056e-01
4.023518642987091720e-01,3.796841536339931600e-01,8.330383669283133452e-01
4.043828395340141602e-01,3.929917736316475563e-01,8.258522779215782261e-01
4.063383699800983129e-01,4.063383699800983129e-01,8.183998155937191044e-01
4.082145506568264914e-01,4.197135520837793621e-01,8.106796006001765198e-01
4.117135574618536187e-01,4.465062524586299597e-01,7.944332024263935921e-01
4.133289457963856273e-01,4.599012213790769632e-01,7.859071504579163703e-01
4.148501479442835982e-01,4.732797462462953741e-01,7.771136574167566424e-01
4.162737482571058911e-01,4.866298747230956012e-01,7.680543805870545526e-01
4.175964879164713595e-01,4.999394573647896189e-01,7.587316470595042439e-01
4.188152843299681183e-01,5.131961934747496512e-01,7.491484663367036223e-01
4.199272500113089834e-01,5.263876795916407891e-01,7.393085387523045116e-01
4.209297107322129694e-01,5.395014602342448340e-01,7.292162594374957951e-01
4.218202227336713128e-01,5.525250804821328909e-01,7.188767176165384853e-01
4.225965887882827676e-01,5.654461399279839817e-01,7.082956910676851958e-01
4.232568729133515673e-01,5.782523475013394698e-01,6.974796356459455060e-01
4.237994135464242529e-01,5.909315766351549426e-01,6.864356698287152891e-01
4.242228350107998813e-01,6.034719202266308757e-01,6.751715543129632735e-01
4.245260571180690667e-01,6.158617448332551758e-01,6.636956667620517170e-01
4.247083027775717112e-01,6.280897435442962529e-01,6.520169718697932382e-01
4.247691035083907551e-01,6.401449869774339385e-01,6.401449869774339385e-01
4.247083027775717112e-01,6.520169718697932382e-01,6.280897435442962529e-01
4.245260571180690667e-01,6.636956667620517170e-01,6.158617448332551758e-01
4.242228350107998813e-01,6.751715543129632735e-01,6.034719202266308757e-01
4.237994135464242529e-01,6.864356698287152891e-01,5.909315766351549426e-01
4.232568729133515673e-01,6.974796356459455060e-01,5.782523475013394698e-01
4.225965887882827676e-01,7.082956910676851958e-01,5.654461399279839817e-01
4.218202227336713128e-01,7.188767176165384853e-01,5.525250804821328909e-01
4.209297107322129694e-01,7.292162594374957951e-01,5.395014602342448340e-01
4.199272500113089834e-01,7.393085387523045116e-01,5.263876795916407891e-01
4.188152843299681183e-01,7.491484663367036223e-01,5.131961934747496512e-01
4.175964879164713595e-01,7.587316470595042439e-01,4.999394573647896189e-01
4.162737482571058911e-01,7.680543805870545526e-01,4.866298747230956012e-01
4.148501479442835982e-01,7.771136574167566424e-01,4.732797462462953741e-01
4.133289457963856273e-01,7.859071504579163703e-01,4.599012213790769632e-01
4.117135574618536187e-01,7.944332024263935921e-01,4.465062524586299597e-01
4.100075357165799406e-01,8.026908093606283101e-01,4.331065518132886649e-01
4.082145506568264914e-01,8.106796006001765198e-01,4.197135520837793621e-01
4.063383699800983129e-01,8.183998155937191044e-01,4.063383699800983129e-01
4.043828395340141602e-01,8.258522779215782261e-01,3.929917736316475563e-01
4.023518642987091720e-01,8.330383669283133452e-01,3.796841536339931600e-01
4.002493899521314957e-01,8.399599873643323056e-01,3.664254978435007026e-01
3.980793851502258396e-01,8.466195374321705547e-01,3.532253699220314069e-01
3.958458246358847465e-01,8.530198756238079882e-01,3.400928915885770287e-01
3.935526732721159049e-01,8.591642867208164613e-01,3.270367284937301111e-01
3.912038710765224359e-01,8.650564473100565976e-01,3.140650795966447584e-01
3.888033193162634960e-01,8.707003911448717437e-01,3.011856698928801479e-01
3.863548677054681746e-01,8.761004746560615564e-01,2.884057463153494871e-01
3.838623027308558089e-01,8.812613428891479250e-01,2.757320766094880082e-01
3.813293371162842504e-01,8.861878961153084600e-01,2.631709509675764780e-01
3.787596004232433589e-01,8.908852573335442893e-01,2.507281861956681679e-01
3.761566307720435876e-01,8.953587408517656998e-01,2.384091321794642448e-01
3.735238676576697614e-01,8.996138221050918871e-01,2.262186804123915429e-01
3.708646458250034472e-01,9.036561088412055076e-01,2.141612743496498772e-01
3.681821901603369862e-01,9.074913137754784254e-01,2.022409213556780605e-01
3.654796115497699338e-01,9.111252287930883265e-01,1.904612060188941858e-01
3.627599036501188423e-01,9.145637007517081196e-01,1.788253046162557869e-01
3.600259405142951508e-01,9.178126089167242263e-01,1.673360005207287227e-01
3.572804750106111649e-01,9.208778440414344679e-01,1.559957003567457312e-01
3.545261379740488605e-01,9.237652890873104816e-01,1.448064507217945995e-01
3.517654380270509584e-01,9.264808015642046479e-01,1.337699553060616442e-01
3.490007620077525408e-01,9.290301974572566790e-01,1.228875922562508854e-01
3.462343759446435687e-01,9.314192366961538960e-01,1.121604316440394655e-01
3.434684265183299834e-01,9.336536101132068000e-01,1.015892529138722467e-01
3.407049429532276186e-01,9.357389278292871371e-01,9.117456219875105794e-02
3.379458392845907100e-01,9.376807090009066092e-01,8.091660940616961228e-02
3.351929169491367766e-01,9.394843728574397979e-01,7.081540498925424643e-02
3.324478676506195662e-01,9.411552309545708761e-01,6.087073633039512960e-02
3.297122764549244578e-01,9.426984805683050750e-01,5.108218367611505606e-02
3.269876250725726186e-01,9.441191991532025263e-01,4.144913557257962761e-02
3.242752952898475538e-01,9.454223397887103753e-01,3.197080376097088256e-02
3.188926493937490614e-01,9.476950566490289773e-01,1.347433729832742642e-02
3.162246295056173606e-01,9.486738885168520818e-01,4.453868021205878783e-03
3.269534488301840680e-01,4.478814367536768613e-03,9.450298315502581037e-01
3.297164661350046599e-01,1.354999175897279515e-02,9.439827592084381047e-01
3.324955414216029803e-01,2.277366722065773605e-02,9.428298229352303217e-01
3.352894946283124789e-01,3.215104743011215627e-02,9.415663890247131240e-01
3.380970515264586362e-01,4.168319813339901175e-02,9.401876912311110113e-01
3.409168399002200922e-01,5.137103066989617828e-02,9.386888331499210203e-01
3.437473857918007525e-01,6.121528788073164057e-02,9.370647914050458382e-01
3.465871098436591469e-01,7.121652941992996644e-02,9.353104197150802213e-01
3.494343237728895213e-01,8.137511649505646538e-02,9.334204539138829526e-01
3.522872270162861752e-01,9.169119607273201744e-02,9.313895180019621245e-01
3.551439035881153727e-01,1.021646845938414122e-01,9.292121313058909760e-01
3.580023191961146378e-01,1.127952512535703722e-01,9.268827168228174207e-01
3.608603186646945904e-01,1.235823009125666533e-01,9.243956108259985260e-01
3.637156237176586981e-01,1.345249567174902072e-01,9.217450738050254611e-01
3.665658311759199539e-01,1.456220425219408032e-01,9.189253028108678167e-01
3.694084116285888397e-01,1.568720652121404768e-01,9.159304452708846300e-01
3.722407086383500707e-01,1.682731970556925194e-01,9.127546143323926886e-01
3.750599385441291123e-01,1.798232582060892981e-01,9.093919057850802234e-01
3.778631909255691368e-01,1.915196995102199651e-01,9.058364166023917807e-01
3.806474297946767504e-01,2.033595857807177221e-01,9.020822651298503470e-01
3.834094955800255167e-01,2.153395797093294040e-01,8.981236129340324226e-01
3.861461079680130748e-01,2.274559266112953781e-01,8.939546883095097485e-01
3.888538696637137138e-01,2.397044402036591360e-01,8.895698114224683817e-01
3.915292711307460927e-01,2.520804896321242050e-01,8.849634210489466524e-01
3.941686963651526154e-01,2.645789879711298309e-01,8.801301028427380713e-01
3.967684297524775583e-01,2.771943824298130910e-01,8.750646190431354832e-01
3.993246640499322209e-01,2.899206465020056078e-01,8.697619395060167680e-01
4.018335095266960533e-01,3.027512743009354024e-01,8.642172739135791648e-01
4.042910042849747199e-01,3.156792773184049494e-01,8.584261049886450223e-01
4.066931257724240578e-01,3.286971838434660231e-01,8.523842225093271052e-01
4.090358034829865153e-01,3.417970412666051505e-01,8.460877578894652196e-01
4.113149328281524020e-01,3.549704214818301673e-01,8.395332190602015077e-01
4.135263901442840506e-01,3.682084295805269081e-01,8.327175253590377579e-01
4.156660487841074003e-01,3.815017160073314595e-01,8.256380421054188012e-01
4.177297962220211103e-01,3.948404923194445693e-01,8.182926145171097732e-01
4.197135520837793621e-01,4.082145506568264914e-01,8.106796006001765198e-01
4.216132869917300074e-01,4.216132869917300074e-01,8.027979026280885888e-01
4.234250420975063101e-01,4.350257281823695088e-01,7.946469968131283368e-01
4.251449491553287996e-01,4.484405628076755801e-01,7.862269607667038418e-01
4.267692509713259530e-01,4.618461757086952391e-01,7.775384983450185361e-01
4.282943220480261992e-01,4.752306861080838329e-01,7.685829614834442935e-01
4.297166892288878381e-01,4.885819891232560108e-01,7.593623686373497383e-01
4.310330521359223566e-01,5.018878004322383513e-01,7.498794194693444437e-01
4.322403031845671872e-01,5.151357037953061546e-01,7.401375054530260345e-01
4.333355469544040717e-01,5.283132010813967883e-01,7.301407161012561930e-01
4.343161186924477946e-01,5.414077643974348764e-01,7.198938405724134570e-01
4.351796017278121709e-01,5.544068898724182626e-01,7.094023644604061651e-01
4.359238435827831326e-01,5.672981526077314207e-01,6.986724616326798198e-01
4.365469705757494268e-01,5.800692622718862657e-01,6.877109810439887561e-01
4.370474007260302107e-01,5.927081187928354700e-01,6.765254285211153018e-01
4.374238547892020934e-01,6.052028675850603667e-01,6.651239435835811786e-01
4.376753652738003542e-01,6.175419537424854388e-01,6.535152714362224557e-01
4.378012833158269057e-01,6.297141746323537959e-01,6.417087303396367126e-01
4.378012833158269057e-01,6.417087303396367126e-01,6.297141746323537959e-01
4.376753652738003542e-01,6.535152714362224557e-01,6.175419537424854388e-01
4.374238547892020934e-01,6.651239435835811786e-01,6.052028675850603667e-01
4.370474007260302107e-01,6.765254285211153018e-01,5.927081187928354700e-01
4.365469705757494268e-01,6.877109810439887561e-01,5.800692622718862657e-01
4.359238435827831326e-01,6.986724616326798198e-01,5.672981526077314207e-01
4.351796017278121709e-01,7.094023644604061651e-01,5.544068898724182626e-01
4.343161186924477946e-01,7.198938405724134570e-01,5.414077643974348764e-01
4.333355469544040717e-01,7.301407161012561930e-01,5.283132010813967883e-01
4.322403031845671872e-01,7.401375054530260345e-01,5.151357037953061546e-01
4.297166892288878381e-01,7.593623686373497383e-01,4.885819891232560108e-01
4.282943220480261992e-01,7.685829614834442935e-01,4.752306861080838329e-01
4.267692509713259530e-01,7.775384983450185361e-01,4.618461757086952391e-01
4.251449491553287996e-01,7.862269607667038418e-01,4.484405628076755801e-01
4.234250420975063101e-01,7.946469968131283368e-01,4.350257281823695088e-01
4.216132869917300074e-01,8.027979026280885888e-01,4.216132869917300074e-01
4.197135520837793621e-01,8.106796006001765198e-01,4.082145506568264914e-01
4.177297962220211103e-01,8.182926145171097732e-01,3.948404923194445693e-01
4.156660487841074003e-01,8.256380421054188012e-01,3.815017160073314595e-01
4.135263901442840506e-01,8.327175253590377579e-01,3.682084295805269081e-01
4.113149328281524020e-01,8.395332190602015077e-01,3.549704214818301673e-01
4.090358034829865153e-01,8.460877578894652196e-01,3.417970412666051505e-01
4.066931257724240578e-01,8.523842225093271052e-01,3.286971838434660231e-01
4.042910042849747199e-01,8.584261049886450223e-01,3.156792773184049494e-01
4.018335095266960533e-01,8.642172739135791648e-01,3.027512743009354024e-01
3.993246640499322209e-01,8.697619395060167680e-01,2.899206465020056078e-01
3.967684297524775583e-01,8.750646190431354832e-01,2.771943824298130910e-01
3.941686963651526154e-01,8.801301028427380713e-01,2.645789879711298309e-01
3.915292711307460927e-01,8.849634210489466524e-01,2.520804896321242050e-01
3.888538696637137138e-01,8.895698114224683817e-01,2.397044402036591360e-01
3.861461079680130748e-01,8.939546883095097485e-01,2.274559266112953781e-01
3.834094955800255167e-01,8.981236129340324226e-01,2.153395797093294040e-01
3.806474297946767504e-01,9.020822651298503470e-01,2.033595857807177221e-01
3.778631909255691368e-01,9.058364166023917807e-01,1.915196995102199651e-01
3.750599385441291123e-01,9.093919057850802234e-01,1.798232582060892981e-01
3.722407086383500707e-01,9.127546143323926886e-01,1.682731970556925194e-01
3.694084116285888397e-01,9.159304452708846300e-01,1.568720652121404768e-01
3.665658311759199539e-01,9.189253028108678167e-01,1.456220425219408032e-01
3.637156237176586981e-01,9.217450738050254611e-01,1.345249567174902072e-01
3.608603186646945904e-01,9.243956108259985260e-01,1.235823009125666533e-01
3.580023191961146378e-01,9.268827168228174207e-01,1.127952512535703722e-01
3.551439035881153727e-01,9.292121313058909760e-01,1.021646845938414122e-01
3.522872270162861752e-01,9.313895180019621245e-01,9.169119607273201744e-02
3.494343237728895213e-01,9.334204539138829526e-01,8.137511649505646538e-02
3.465871098436591469e-01,9.353104197150802213e-01,7.121652941992996644e-02
3.437473857918007525e-01,9.370647914050458382e-01,6.121528788073164057e-02
3.409168399002200922e-01,9.386888331499210203e-01,5.137103066989617828e-02
3.380970515264586362e-01,9.401876912311110113e-01,4.168319813339901175e-02
3.352894946283124789e-01,9.415663890247131240e-01,3.215104743011215627e-02
3.324955414216029803e-01,9.428298229352303217e-01,2.277366722065773605e-02
3.297164661350046599e-01,9.439827592084381047e-01,1.354999175897279515e-02
3.269534488301840680e-01,9.450298315502581037e-01,4.478814367536768613e-03
3.377590338483246191e-01,4.503453784644327954e-03,9.412218409906645267e-01
3.406171579124282478e-01,1.362468631649712929e-02,9.401033558383019573e-01
3.434914351478455252e-01,2.289942900985636812e-02,9.388765894041111171e-01
3.463806049631776296e-01,3.232885646322991580e-02,9.375368374336674471e-01
3.492833073756079210e-01,4.191399688507294746e-02,9.360792637666291993e-01
3.521980790549285589e-01,5.165571826138952438e-02,9.344989030924104600e-01
3.551233494482150532e-01,6.155471390435727358e-02,9.327906645506448546e-01
3.580574370197164291e-01,7.161148740394328305e-02,9.309493362512627490e-01
3.609985456440776841e-01,8.182633701265761006e-02,9.289695907907598027e-01
3.639447611946443062e-01,9.219933950264322386e-02,9.268459918423608279e-01
3.668940483722690771e-01,1.027303335442353305e-01,9.245730018981179743e-01
3.698442478236949604e-01,1.134189026659331162e-01,9.221449912404127147e-01
3.727930736021750069e-01,1.242643578673916643e-01,9.195562482186983022e-01
3.757381110264235713e-01,1.352657199695124768e-01,9.168009909044735339e-01
3.786768149972117858e-01,1.464217017989218883e-01,9.138733801932710232e-01
3.816065088338145839e-01,1.577306903179766795e-01,9.107675344167041054e-01
3.845243836950015814e-01,1.691907288258006903e-01,9.074775455202037655e-01
3.874274986512195595e-01,1.807994993705691333e-01,9.039974968528456944e-01
3.903127814759256853e-01,1.925543055281233318e-01,9.003214826044685370e-01
3.931770302245741200e-01,2.044520557167785468e-01,8.964436289120290002e-01
3.960169156694013926e-01,2.164892472326060968e-01,8.923581166417178245e-01
3.988289846567662500e-01,2.286619512032126711e-01,8.880592058357329455e-01
4.016096644512494596e-01,2.409657986707496868e-01,8.835412617927488332e-01
4.043552681268783866e-01,2.533959680261771430e-01,8.787987827290824061e-01
4.097259685763309234e-01,2.786136586319050701e-01,8.686190533818216597e-01
4.123431847797140448e-01,2.913891839109979398e-01,8.631717334722014412e-01
4.149095826134327480e-01,3.042670272498506634e-01,8.574798040677610311e-01
4.174210251516321524e-01,3.172399791152404336e-01,8.515388913093295820e-01
4.198733181383948465e-01,3.303003436022039496e-01,8.453449471853016206e-01
4.222622237604424233e-01,3.434399419918264806e-01,8.388942845374123269e-01
4.245834756277914179e-01,3.566501195273448221e-01,8.321836122304712147e-01
4.268327949183541303e-01,3.699217555959069537e-01,8.252100701754846446e-01
4.290059076236257818e-01,3.832452774771056836e-01,8.179712638690465054e-01
4.310985628129045399e-01,3.966106777878721790e-01,8.104652980882605107e-01
4.331065518132886649e-01,4.100075357165799406e-01,8.026908093606283101e-01
4.350257281823695088e-01,4.234250420975063101e-01,7.946469968131283368e-01
4.368520283305190044e-01,4.368520283305190044e-01,7.863336509949342412e-01
4.385814926304346106e-01,4.502769991005795558e-01,7.777511802646374095e-01
4.402102868336542629e-01,4.636881687981158628e-01,7.689006343361161067e-01
4.417347235975966901e-01,4.770735014854043943e-01,7.597837245878662493e-01
4.431512839128572412e-01,4.904207541968953477e-01,7.504028407591049055e-01
4.444566382094698453e-01,5.037175233040658284e-01,7.407610636824497607e-01
4.456476669131156920e-01,5.169512936192142138e-01,7.308621737375097238e-01
4.467214802182146727e-01,5.301094898589481241e-01,7.207106547520529816e-01
4.476754368448143118e-01,5.431795300383747138e-01,7.103116931271054035e-01
4.485071615504274689e-01,5.561488803225300703e-01,6.996711720186669092e-01
4.492145611766098501e-01,5.690051108237058619e-01,6.887956604708017627e-01
4.497958390231098225e-01,5.817359518032220178e-01,6.776923974614854629e-01
4.502495073597710951e-01,5.943293497148978144e-01,6.663692708924612296e-01
4.505743979077720396e-01,6.067735225157997458e-01,6.548347916259620316e-01
4.507696701468822398e-01,6.190570136683849478e-01,6.430980627428853902e-01
4.508348173337161091e-01,6.311687442672025972e-01,6.311687442672025972e-01
4.507696701468822398e-01,6.430980627428853902e-01,6.190570136683849478e-01
4.505743979077720396e-01,6.548347916259620316e-01,6.067735225157997458e-01
4.502495073597710951e-01,6.663692708924612296e-01,5.943293497148978144e-01
4.497958390231098225e-01,6.776923974614854629e-01,5.817359518032220178e-01
4.492145611766098501e-01,6.887956604708017627e-01,5.690051108237058619e-01
4.485071615504274689e-01,6.996711720186669092e-01,5.561488803225300703e-01
4.476754368448143118e-01,7.103116931271054035e-01,5.431795300383747138e-01
4.467214802182146727e-01,7.207106547520529816e-01,5.301094898589481241e-01
4.456476669131156920e-01,7.308621737375097238e-01,5.169512936192142138e-01
4.444566382094698453e-01,7.407610636824497607e-01,5.037175233040658284e-01
4.431512839128572412e-01,7.504028407591049055e-01,4.904207541968953477e-01
4.417347235975966901e-01,7.597837245878662493e-01,4.770735014854043943e-01
4.402102868336542629e-01,7.689006343361161067e-01,4.636881687981158628e-01
4.385814926304346106e-01,7.777511802646374095e-01,4.502769991005795558e-01
4.368520283305190044e-01,7.863336509949342412e-01,4.368520283305190044e-01
4.350257281823695088e-01,7.946469968131283368e-01,4.234250420975063101e-01
4.331065518132886649e-01,8.026908093606283101e-01,4.100075357165799406e-01
4.310985628129045399e-01,8.104652980882605107e-01,3.966106777878721790e-01
4.290059076236257818e-01,8.179712638690465054e-01,3.832452774771056836e-01
4.268327949183541303e-01,8.252100701754846446e-01,3.699217555959069537e-01
4.245834756277914179e-01,8.321836122304712147e-01,3.566501195273448221e-01
4.222622237604424233e-01,8.388942845374123269e-01,3.434399419918264806e-01
4.198733181383948465e-01,8.453449471853016206e-01,3.303003436022039496e-01
4.174210251516321524e-01,8.515388913093295820e-01,3.172399791152404336e-01
4.149095826134327480e-01,8.574798040677610311e-01,3.042670272498506634e-01
4.123431847797140448e-01,8.631717334722014412e-01,2.913891839109979398e-01
4.097259685763309234e-01,8.686190533818216597e-01,2.786136586319050701e-01
4.070620010605948691e-01,8.738264289434103382e-01,2.659471740262553396e-01
4.043552681268783866e-01,8.787987827290824061e-01,2.533959680261771430e-01
4.016096644512494596e-01,8.835412617927488332e-01,2.409657986707496868e-01
3.988289846567662500e-01,8.880592058357329455e-01,2.286619512032126711e-01
3.960169156694013926e-01,8.923581166417178245e-01,2.164892472326060968e-01
3.931770302245741200e-01,8.964436289120290002e-01,2.044520557167785468e-01
3.903127814759256853e-01,9.003214826044685370e-01,1.925543055281233318e-01
3.874274986512195595e-01,9.039974968528456944e-01,1.807994993705691333e-01
3.845243836950015814e-01,9.074775455202037655e-01,1.691907288258006903e-01
3.816065088338145839e-01,9.107675344167041054e-01,1.577306903179766795e-01
3.757381110264235713e-01,9.168009909044735339e-01,1.352657199695124768e-01
3.727930736021750069e-01,9.195562482186983022e-01,1.242643578673916643e-01
3.698442478236949604e-01,9.221449912404127147e-01,1.134189026659331162e-01
3.668940483722690771e-01,9.245730018981179743e-01,1.027303335442353305e-01
3.639447611946443062e-01,9.268459918423608279e-01,9.219933950264322386e-02
3.609985456440776841e-01,9.289695907907598027e-01,8.182633701265761006e-02
3.580574370197164291e-01,9.309493362512627490e-01,7.161148740394328305e-02
3.551233494482150532e-01,9.327906645506448546e-01,6.155471390435727358e-02
3.521980790549285589e-01,9.344989030924104600e-01,5.165571826138952438e-02
3.492833073756079210e-01,9.360792637666291993e-01,4.191399688507294746e-02
3.463806049631776296e-01,9.375368374336674471e-01,3.232885646322991580e-02
3.434914351478455252e-01,9.388765894041111171e-01,2.289942900985636812e-02
3.406171579124282478e-01,9.401033558383019573e-01,1.362468631649712929e-02
3.377590338483246191e-01,9.412218409906645267e-01,4.503453784644327954e-03
3.486376445829110771e-01,4.527761617959884591e-03,9.372466549176960982e-01
3.515908428269318708e-01,1.369834452572461780e-02,9.360535425911822305e-01
3.545602247156412479e-01,2.302339121530138158e-02,9.347496833412360928e-01
3.575444449896441057e-01,3.250404045360400646e-02,9.333303044534865256e-01
3.605420536492634498e-01,4.214127899796586002e-02,9.317905022883562483e-01
3.635514918718501520e-01,5.193592741026430842e-02,9.301252454383699408e-01
3.665710880270572902e-01,6.188862525132136222e-02,9.283293787698204680e-01
3.695990538276333059e-01,7.199981568070779048e-02,9.263976284251068671e-01
3.726334806570373304e-01,8.226972949570954263e-02,9.243246078635600771e-01
3.756723361190041910e-01,9.269836865274129478e-02,9.221048250193739637e-01
3.787134608580229878e-01,1.032854893249153666e-01,9.197326906551986925e-01
3.817545657034954742e-01,1.140305845607843677e-01,9.172025279889177707e-01
3.847932291940359684e-01,1.249328666214402500e-01,9.145085836689426095e-01
3.878268955418830433e-01,1.359912490861148182e-01,9.116450401698809047e-01
3.908528731006303825e-01,1.472043288301075614e-01,9.086060296754914223e-01
3.938683334023495575e-01,1.585703679931537158e-01,9.053856495092970080e-01
3.968703108325537521e-01,1.700872760710944454e-01,9.019779791648948608e-01
3.998557030132355306e-01,1.817525922787434356e-01,8.983770989777889460e-01
4.028212719652540796e-01,1.935634683469402706e-01,8.945771104682915809e-01
4.057636461215358703e-01,2.055166519316870000e-01,8.905721583706437405e-01
4.086793232617345617e-01,2.176084708276768420e-01,8.863564543468789303e-01
4.115646744370376475e-01,2.298348181921119338e-01,8.819243023650806812e-01
4.144159489505743199e-01,2.421911389970889117e-01,8.772701257005665054e-01
4.172292804542410138e-01,2.546724179396016585e-01,8.723884954952312309e-01
4.200006942165972479e-01,2.672731690469254962e-01,8.672741607849215884e-01
4.227261156087066540e-01,2.799874272213511706e-01,8.619220798774926973e-01
4.254013798453177286e-01,2.928087419714524575e-01,8.563274529353798181e-01
4.280222430075608653e-01,3.057301735768291895e-01,8.504857555864521190e-01
4.305843943603710477e-01,3.187442919291058607e-01,8.443927733560523397e-01
4.330834699631607720e-01,3.318431782834608823e-01,8.380446366819604975e-01
4.355150675559553153e-01,3.450184301417308363e-01,8.314378562431874453e-01
4.378747626853888297e-01,3.582611694698635829e-01,8.245693583036541874e-01
4.401581260158533571e-01,3.715620544289671145e-01,8.174365197437276631e-01
4.423607417509345940e-01,3.849112947702937326e-01,8.100372024270361404e-01
4.444782270693835025e-01,3.982986710102267569e-01,8.023697865278480723e-01
4.465062524586299597e-01,4.117135574618536187e-01,7.944332024263935921e-01
4.484405628076755801e-01,4.251449491553287996e-01,7.862269607667038418e-01
4.502769991005795558e-01,4.385814926304346106e-01,7.777511802646374095e-01
4.520115205321887375e-01,4.520115205321887375e-01,7.690066128534639445e-01
4.536402268497956580e-01,4.654230898848552567e-01,7.599946657613459999e-01
4.551593807085873022e-01,4.788040238622801592e-01,7.507174201297478477e-01
4.565654298156000546e-01,4.921419568142182399e-01,7.411776458045455929e-01
4.578550286269415515e-01,5.054243822505198880e-01,7.313788119625169726e-01
4.590250593567333781e-01,5.186387034290363962e-01,7.213250932748667132e-01
4.600726520539660802e-01,5.317722861402984780e-01,7.110213713561294169e-01
4.609952035055386865e-01,5.448125132338185184e-01,7.004732313006237776e-01
4.617903947303927392e-01,5.577468403886561843e-01,6.896869531687683796e-01
4.624562068409078242e-01,5.705628525959252073e-01,6.786694983509425905e-01
4.629909350635784127e-01,5.832483207943779391e-01,6.674284908059376908e-01
4.633932007312338563e-01,5.957912580830149185e-01,6.559721932429154467e-01
4.636619610833933591e-01,6.081799749275679234e-01,6.443094783886115229e-01
4.637965167393135468e-01,6.324497955536093619e-01,6.204031327811596608e-01
4.636619610833933591e-01,6.443094783886115229e-01,6.081799749275679234e-01
4.633932007312338563e-01,6.559721932429154467e-01,5.957912580830149185e-01
4.629909350635784127e-01,6.674284908059376908e-01,5.832483207943779391e-01
4.624562068409078242e-01,6.786694983509425905e-01,5.705628525959252073e-01
4.617903947303927392e-01,6.896869531687683796e-01,5.577468403886561843e-01
4.609952035055386865e-01,7.004732313006237776e-01,5.448125132338185184e-01
4.600726520539660802e-01,7.110213713561294169e-01,5.317722861402984780e-01
4.590250593567333781e-01,7.213250932748667132e-01,5.186387034290363962e-01
4.578550286269415515e-01,7.313788119625169726e-01,5.054243822505198880e-01
4.565654298156000546e-01,7.411776458045455929e-01,4.921419568142182399e-01
4.551593807085873022e-01,7.507174201297478477e-01,4.788040238622801592e-01
4.536402268497956580e-01,7.599946657613459999e-01,4.654230898848552567e-01
4.520115205321887375e-01,7.690066128534639445e-01,4.520115205321887375e-01
4.502769991005795558e-01,7.777511802646374095e-01,4.385814926304346106e-01
4.484405628076755801e-01,7.862269607667038418e-01,4.251449491553287996e-01
4.465062524586299597e-01,7.944332024263935921e-01,4.117135574618536187e-01
4.444782270693835025e-01,8.023697865278480723e-01,3.982986710102267569e-01
4.423607417509345940e-01,8.100372024270361404e-01,3.849112947702937326e-01
4.401581260158533571e-01,8.174365197437276631e-01,3.715620544289671145e-01
4.378747626853888297e-01,8.245693583036541874e-01,3.582611694698635829e-01
4.355150675559553153e-01,8.314378562431874453e-01,3.450184301417308363e-01
4.330834699631607720e-01,8.380446366819604975e-01,3.318431782834608823e-01
4.305843943603710477e-01,8.443927733560523397e-01,3.187442919291058607e-01
4.280222430075608653e-01,8.504857555864521190e-01,3.057301735768291895e-01
4.254013798453177286e-01,8.563274529353798181e-01,2.928087419714524575e-01
4.227261156087066540e-01,8.619220798774926973e-01,2.799874272213511706e-01
4.200006942165972479e-01,8.672741607849215884e-01,2.672731690469254962e-01
4.172292804542410138e-01,8.723884954952312309e-01,2.546724179396016585e-01
4.144159489505743199e-01,8.772701257005665054e-01,2.421911389970889117e-01
4.115646744370376475e-01,8.819243023650806812e-01,2.298348181921119338e-01
4.086793232617345617e-01,8.863564543468789303e-01,2.176084708276768420e-01
4.057636461215358703e-01,8.905721583706437405e-01,2.055166519316870000e-01
4.028212719652540796e-01,8.945771104682915809e-01,1.935634683469402706e-01
3.998557030132355306e-01,8.983770989777889460e-01,1.817525922787434356e-01
3.968703108325537521e-01,9.019779791648948608e-01,1.700872760710944454e-01
3.938683334023495575e-01,9.053856495092970080e-01,1.585703679931537158e-01
3.908528731006303825e-01,9.086060296754914223e-01,1.472043288301075614e-01
3.878268955418830433e-01,9.116450401698809047e-01,1.359912490861148182e-01
3.847932291940359684e-01,9.145085836689426095e-01,1.249328666214402500e-01
3.817545657034954742e-01,9.172025279889177707e-01,1.140305845607843677e-01
3.787134608580229878e-01,9.197326906551986925e-01,1.032854893249153666e-01
3.756723361190041910e-01,9.221048250193739637e-01,9.269836865274129478e-02
3.726334806570373304e-01,9.243246078635600771e-01,8.226972949570954263e-02
3.695990538276333059e-01,9.263976284251068671e-01,7.199981568070779048e-02
3.665710880270572902e-01,9.283293787698204680e-01,6.188862525132136222e-02
3.635514918718501520e-01,9.301252454383699408e-01,5.193592741026430842e-02
3.605420536492634498e-01,9.317905022883562483e-01,4.214127899796586002e-02
3.575444449896441057e-01,9.333303044534865256e-01,3.250404045360400646e-02
3.545602247156412479e-01,9.347496833412360928e-01,2.302339121530138158e-02
3.515908428269318708e-01,9.360535425911822305e-01,1.369834452572461780e-02
3.486376445829110771e-01,9.372466549176960982e-01,4.527761617959884591e-03
3.595853072930557115e-01,4.551712750545009248e-03,9.331011138617267830e-01
3.626333982424836400e-01,1.377088854085380815e-02,9.318301245977743674e-01
3.656976333495138287e-01,2.314541983224771213e-02,9.304458772563579672e-01
3.687765784663486479e-01,3.267640568689165331e-02,9.289435330987769746e-01
3.718686892443120451e-01,4.236478738226340246e-02,9.273181238117654823e-01
3.749723069354946592e-01,5.221133387709419454e-02,9.255645550939425314e-01
3.780856543117988577e-01,6.221662665890360933e-02,9.236776111667996947e-01
3.812068317420848618e-01,7.238104400166167629e-02,9.216519602878253670e-01
3.843338134720700738e-01,8.270474467120494944e-02,9.194821613445727237e-01
3.874644441556324148e-01,9.318765112603817624e-02,9.171626716089019693e-01
3.905964356901668877e-01,1.038294322720696716e-01,9.146878557301375556e-01
3.937273644125716121e-01,1.146294858416347651e-01,9.120519960443114194e-01
3.968546687162233244e-01,1.255869204798175098e-01,9.092493042738787334e-01
3.999756471528572721e-01,1.367005376345208356e-01,9.062739346881195646e-01
4.061871139693005728e-01,1.593898801651685848e-01,8.997815815775646042e-01
4.092714913116626829e-01,1.709615090289223760e-01,8.962527594546537690e-01
4.123373214199650416e-01,1.826810917683389379e-01,8.925276197824559832e-01
4.153811969767078338e-01,1.945456239004834109e-01,8.886002821400459384e-01
4.183995735370160673e-01,2.065516882018180733e-01,8.844649212744517541e-01
4.213887730144110777e-01,2.186954391593778912e-01,8.801157917389598184e-01
4.243449882260594275e-01,2.309725885281083135e-01,8.755472541879454340e-01
4.272642885637196741e-01,2.433783922198403393e-01,8.707538032754287283e-01
4.301426268510809003e-01,2.559076387595038415e-01,8.657300970800235751e-01
4.329758474410246305e-01,2.685546395520279628e-01,8.604709879524160554e-01
4.357596955974443742e-01,2.813132212084767381e-01,8.549715546532136168e-01
4.384898281955630917e-01,2.941767201818334954e-01,8.492271356192551135e-01
4.411618257621658379e-01,3.071379799610015060e-01,8.432333631656587780e-01
4.437712058628248135e-01,3.201893510655824393e-01,8.369861983995050547e-01
4.463134378270915970e-01,3.333226940733975407e-01,8.304819665896514547e-01
4.487839587848842515e-01,3.465293858971891239e-01,8.237173927064331824e-01
4.511781909680682712e-01,3.598003295061810158e-01,8.166896368156172370e-01
4.534915602107611465e-01,3.731259672620186318e-01,8.093963289837635688e-01
4.557195155604670811e-01,3.864962980069783782e-01,8.018356033279103734e-01
4.578575498901388818e-01,3.999008980053111451e-01,7.940061308221395553e-01
4.599012213790769632e-01,4.133289457963856273e-01,7.859071504579163703e-01
4.618461757086952391e-01,4.267692509713259530e-01,7.775384983450185361e-01
4.636881687981158628e-01,4.402102868336542629e-01,7.689006343361161067e-01
4.654230898848552567e-01,4.536402268497956580e-01,7.599946657613459999e-01
4.670469847381044093e-01,4.670469847381044093e-01,7.508223678701172465e-01
4.685560787768486835e-01,4.804182579863891522e-01,7.413862005962795765e-01
4.699467998528732982e-01,4.937415745289681634e-01,7.316893212899165944e-01
4.712158004500721642e-01,5.070043422564067814e-01,7.217355930944143738e-01
4.723599790468656079e-01,5.201939009756620935e-01,7.115295886908481471e-01
4.733765003883145805e-01,5.332975763868353924e-01,7.010765891826937768e-01
4.742628144189588446e-01,5.463027355965222043e-01,6.903825779516489236e-01
4.750166736366583375e-01,5.591968436482180893e-01,6.794542293790176712e-01
4.756361486418010931e-01,5.719675205186215416e-01,6.682988923954420457e-01
4.761196416750405058e-01,5.846025980060624017e-01,6.569245688934103322e-01
4.764658979599796784e-01,5.970901759245315077e-01,6.453398871103521728e-01
4.766740146945253054e-01,6.094186770145196830e-01,6.335540701636096506e-01
4.767434475654656056e-01,6.215768999904172087e-01,6.215768999904172087e-01
4.766740146945253054e-01,6.335540701636096506e-01,6.094186770145196830e-01
4.764658979599796784e-01,6.453398871103521728e-01,5.970901759245315077e-01
4.761196416750405058e-01,6.569245688934103322e-01,5.846025980060624017e-01
4.756361486418010931e-01,6.682988923954420457e-01,5.719675205186215416e-01
4.750166736366583375e-01,6.794542293790176712e-01,5.591968436482180893e-01
4.742628144189588446e-01,6.903825779516489236e-01,5.463027355965222043e-01
4.733765003883145805e-01,7.010765891826937768e-01,5.332975763868353924e-01
4.723599790468656079e-01,7.115295886908481471e-01,5.201939009756620935e-01
4.712158004500721642e-01,7.217355930944143738e-01,5.070043422564067814e-01
4.699467998528732982e-01,7.316893212899165944e-01,4.937415745289681634e-01
4.685560787768486835e-01,7.413862005962795765e-01,4.804182579863891522e-01
4.670469847381044093e-01,7.508223678701172465e-01,4.670469847381044093e-01
4.654230898848552567e-01,7.599946657613459999e-01,4.536402268497956580e-01
4.636881687981158628e-01,7.689006343361161067e-01,4.402102868336542629e-01
4.618461757086952391e-01,7.775384983450185361e-01,4.267692509713259530e-01
4.599012213790769632e-01,7.859071504579163703e-01,4.133289457963856273e-01
4.578575498901388818e-01,7.940061308221395553e-01,3.999008980053111451e-01
4.557195155604670811e-01,8.018356033279103734e-01,3.864962980069783782e-01
4.534915602107611465e-01,8.093963289837635688e-01,3.731259672620186318e-01
4.511781909680682712e-01,8.166896368156172370e-01,3.598003295061810158e-01
4.487839587848842515e-01,8.237173927064331824e-01,3.465293858971891239e-01
4.463134378270915970e-01,8.304819665896514547e-01,3.333226940733975407e-01
4.437712058628248135e-01,8.369861983995050547e-01,3.201893510655824393e-01
4.411618257621658379e-01,8.432333631656587780e-01,3.071379799610015060e-01
4.384898281955630917e-01,8.492271356192551135e-01,2.941767201818334954e-01
4.357596955974443742e-01,8.549715546532136168e-01,2.813132212084767381e-01
4.329758474410246305e-01,8.604709879524160554e-01,2.685546395520279628e-01
4.301426268510809003e-01,8.657300970800235751e-01,2.559076387595038415e-01
4.243449882260594275e-01,8.755472541879454340e-01,2.309725885281083135e-01
4.213887730144110777e-01,8.801157917389598184e-01,2.186954391593778912e-01
4.183995735370160673e-01,8.844649212744517541e-01,2.065516882018180733e-01
4.153811969767078338e-01,8.886002821400459384e-01,1.945456239004834109e-01
4.123373214199650416e-01,8.925276197824559832e-01,1.826810917683389379e-01
4.092714913116626829e-01,8.962527594546537690e-01,1.709615090289223760e-01
4.061871139693005728e-01,8.997815815775646042e-01,1.593898801651685848e-01
4.030874570864881323e-01,9.031199987887139624e-01,1.479688133608627332e-01
3.999756471528572721e-01,9.062739346881195646e-01,1.367005376345208356e-01
3.968546687162233244e-01,9.092493042738787334e-01,1.255869204798175098e-01
3.937273644125716121e-01,9.120519960443114194e-01,1.146294858416347651e-01
3.905964356901668877e-01,9.146878557301375556e-01,1.038294322720696716e-01
3.874644441556324148e-01,9.171626716089019693e-01,9.318765112603817624e-02
3.843338134720700738e-01,9.194821613445727237e-01,8.270474467120494944e-02
3.812068317420848618e-01,9.216519602878253670e-01,7.238104400166167629e-02
3.780856543117988577e-01,9.236776111667996947e-01,6.221662665890360933e-02
3.749723069354946592e-01,9.255645550939425314e-01,5.221133387709419454e-02
3.718686892443120451e-01,9.273181238117654823e-01,4.236478738226340246e-02
3.687765784663486479e-01,9.289435330987769746e-01,3.267640568689165331e-02
3.656976333495138287e-01,9.304458772563579672e-01,2.314541983224771213e-02
3.626333982424836400e-01,9.318301245977743674e-01,1.377088854085380815e-02
3.595853072930557115e-01,9.331011138617267830e-01,4.551712750545009248e-03
3.705978134296444848e-01,4.575281647279562033e-03,9.287821743977510147e-01
3.737404599511319203e-01,1.384223925744933019e-02,9.274300302491050862e-01
3.768991358768566391e-01,2.326537875783065562e-02,9.259620745616601312e-01
3.800723138847096894e-01,3.284575552090083367e-02,9.243734053739235401e-01
3.832583508941754258e-01,4.258426121046393620e-02,9.226589928933852658e-01
3.864554837654283204e-01,5.248160890641619114e-02,9.208136835398477160e-01
3.896618251375139619e-01,6.253831761466273342e-02,9.188322049538909519e-01
3.928753594496249835e-01,7.275469619437499591e-02,9.167091720491250539e-01
3.960939391936177945e-01,8.313082674433953934e-02,9.144390941877349466e-01
3.993152814500874337e-01,9.366654750063778401e-02,9.120163835588416257e-01
4.025369647644526649e-01,1.043614353093025443e-01,9.094353648382078603e-01
4.057564264235384854e-01,1.152147877498936462e-01,9.066902862056848145e-01
4.089709601969886976e-01,1.262256049990705953e-01,9.037753317933454600e-01
4.121777146114030121e-01,1.373925715371343559e-01,9.006846356323251479e-01
4.153736918282676660e-01,1.487140378150587916e-01,8.974122971598375020e-01
4.185557471994116874e-01,1.601880020145896588e-01,8.939523983394842555e-01
4.217205895757464296e-01,1.718120920493781678e-01,8.902990224376868822e-01
4.248647824462962741e-01,1.835835479706218465e-01,8.864462744867168675e-01
4.279847459848574176e-01,1.954992049560459744e-01,8.823883034502615352e-01
4.310767600808760314e-01,2.075554770759773515e-01,8.781193260906734466e-01
4.341369684291698228e-01,2.197483420443945845e-01,8.736336525179589918e-01
4.371613837497776434e-01,2.320733271758078919e-01,8.689257133791876697e-01
4.401458942043635636e-01,2.445254967802019952e-01,8.639900886233803368e-01
4.430862710691028661e-01,2.570994412376275684e-01,8.588215377512240511e-01
4.459781777157216243e-01,2.697892680008686650e-01,8.534150314313192487e-01
4.488171799422667752e-01,2.825885947784642638e-01,8.477657843353927358e-01
4.515987576831924644e-01,2.954905451507308656e-01,8.418692890143464336e-01
4.543183181144559990e-01,3.084877468678404733e-01,8.357213506056041519e-01
4.569712101535446380e-01,3.215723330710129058e-01,8.293181221305069295e-01
4.595527403367981045e-01,3.347359466650751680e-01,8.226561401090830561e-01
4.620581900371891759e-01,3.479697480526979803e-01,8.157323601891116605e-01
4.644828339650875493e-01,3.612644264172903408e-01,8.085441924577450035e-01
4.668219598727307296e-01,3.746102147126851856e-01,8.010895360778960139e-01
4.690708893604969565e-01,3.879969084833740367e-01,7.933668128689886911e-01
4.712249996600344493e-01,4.014138885992886152e-01,7.853749994333907303e-01
4.732797462462953741e-01,4.148501479442835982e-01,7.771136574167566424e-01
4.752306861080838329e-01,4.282943220480261992e-01,7.685829614834442935e-01
4.770735014854043943e-01,4.417347235975966901e-01,7.597837245878662493e-01
4.788040238622801592e-01,4.551593807085873022e-01,7.507174201297478477e-01
4.804182579863891522e-01,4.685560787768486835e-01,7.413862005962795765e-01
4.819124056724420346e-01,4.819124056724420346e-01,7.317929123174119477e-01
4.832828891352384248e-01,4.952157999780837927e-01,7.219411059921462259e-01
4.845263735913142300e-01,5.084536019168112153e-01,7.118350426835357014e-01
4.866203497403938094e-01,5.346816188505562062e-01,6.908807434585838569e-01
4.874655747951940343e-01,5.476465099550945625e-01,6.800445673068756802e-01
4.881733034895985313e-01,5.604952743769464618e-01,6.689782307079683576e-01
4.887417112690702337e-01,5.732155872908848426e-01,6.576894633126995071e-01
4.891693224868252643e-01,5.857953614965685230e-01,6.461866358776580110e-01
4.894550209656367556e-01,5.982228034024449359e-01,6.344787308813809590e-01
4.895980580524427195e-01,6.104864674481075282e-01,6.225753083876740535e-01
4.895980580524427195e-01,6.225753083876740535e-01,6.104864674481075282e-01
4.894550209656367556e-01,6.344787308813809590e-01,5.982228034024449359e-01
4.891693224868252643e-01,6.461866358776580110e-01,5.857953614965685230e-01
4.887417112690702337e-01,6.576894633126995071e-01,5.732155872908848426e-01
4.881733034895985313e-01,6.689782307079683576e-01,5.604952743769464618e-01
4.874655747951940343e-01,6.800445673068756802e-01,5.476465099550945625e-01
4.866203497403938094e-01,6.908807434585838569e-01,5.346816188505562062e-01
4.856397888654497286e-01,7.014796950278717746e-01,5.216131065591866900e-01
4.845263735913142300e-01,7.118350426835357014e-01,5.084536019168112153e-01
4.832828891352384248e-01,7.219411059921462259e-01,4.952157999780837927e-01
4.819124056724420346e-01,7.317929123174119477e-01,4.819124056724420346e-01
4.804182579863891522e-01,7.413862005962795765e-01,4.685560787768486835e-01
4.788040238622801592e-01,7.507174201297478477e-01,4.551593807085873022e-01
4.770735014854043943e-01,7.597837245878662493e-01,4.417347235975966901e-01
4.752306861080838329e-01,7.685829614834442935e-01,4.282943220480261992e-01
4.732797462462953741e-01,7.771136574167566424e-01,4.148501479442835982e-01
4.712249996600344493e-01,7.853749994333907303e-01,4.014138885992886152e-01
4.690708893604969565e-01,7.933668128689886911e-01,3.879969084833740367e-01
4.668219598727307296e-01,8.010895360778960139e-01,3.746102147126851856e-01
4.644828339650875493e-01,8.085441924577450035e-01,3.612644264172903408e-01
4.620581900371891759e-01,8.157323601891116605e-01,3.479697480526979803e-01
4.595527403367981045e-01,8.226561401090830561e-01,3.347359466650751680e-01
4.569712101535446380e-01,8.293181221305069295e-01,3.215723330710129058e-01
4.543183181144559990e-01,8.357213506056041519e-01,3.084877468678404733e-01
4.515987576831924644e-01,8.418692890143464336e-01,2.954905451507308656e-01
4.488171799422667752e-01,8.477657843353927358e-01,2.825885947784642638e-01
4.459781777157216243e-01,8.534150314313192487e-01,2.697892680008686650e-01
4.430862710691028661e-01,8.588215377512240511e-01,2.570994412376275684e-01
4.401458942043635636e-01,8.639900886233803368e-01,2.445254967802019952e-01
4.371613837497776434e-01,8.689257133791876697e-01,2.320733271758078919e-01
4.341369684291698228e-01,8.736336525179589918e-01,2.197483420443945845e-01
4.310767600808760314e-01,8.781193260906734466e-01,2.075554770759773515e-01
4.279847459848574176e-01,8.823883034502615352e-01,1.954992049560459744e-01
4.248647824462962741e-01,8.864462744867168675e-01,1.835835479706218465e-01
4.217205895757464296e-01,8.902990224376868822e-01,1.718120920493781678e-01
4.185557471994116874e-01,8.939523983394842555e-01,1.601880020145896588e-01
4.153736918282676660e-01,8.974122971598375020e-01,1.487140378150587916e-01
4.121777146114030121e-01,9.006846356323251479e-01,1.373925715371343559e-01
4.089709601969886976e-01,9.037753317933454600e-01,1.262256049990705953e-01
4.057564264235384854e-01,9.066902862056848145e-01,1.152147877498936462e-01
4.025369647644526649e-01,9.094353648382078603e-01,1.043614353093025443e-01
3.993152814500874337e-01,9.120163835588416257e-01,9.366654750063778401e-02
3.960939391936177945e-01,9.144390941877349466e-01,8.313082674433953934e-02
3.928753594496249835e-01,9.167091720491250539e-01,7.275469619437499591e-02
3.896618251375139619e-01,9.188322049538909519e-01,6.253831761466273342e-02
3.864554837654283204e-01,9.208136835398477160e-01,5.248160890641619114e-02
3.832583508941754258e-01,9.226589928933852658e-01,4.258426121046393620e-02
3.800723138847096894e-01,9.243734053739235401e-01,3.284575552090083367e-02
3.768991358768566391e-01,9.259620745616601312e-01,2.326537875783065562e-02
3.737404599511319203e-01,9.274300302491050862e-01,1.384223925744933019e-02
3.705978134296444848e-01,9.287821743977510147e-01,4.575281647279562033e-03
3.816707194887691834e-01,4.598442403479147123e-03,9.242869230993084884e-01
3.849074222926784916e-01,1.391231646841006517e-02,9.228503257378677382e-01
3.881599591446366904e-01,2.338313006895401808e-02,9.212953247167883220e-01
3.914267052158346694e-01,3.301189080133545145e-02,9.196169580372018926e-01
3.947059142815761978e-01,4.279943648836368603e-02,9.178101380282435162e-01
3.979957143331221414e-01,5.274641997185956083e-02,9.158696558750160088e-01
4.012941033526821744e-01,6.285329329620323313e-02,9.137901871524931607e-01
4.045989452990226276e-01,7.312029131910047219e-02,9.115662984447858719e-01
4.112187514964116830e-01,9.413441299315448985e-02,9.066630304077510916e-01
4.145287414326626063e-01,1.048807659046495783e-01,9.039723156543606475e-01
4.178352300001533237e-01,1.157856661446207969e-01,9.011145321690053889e-01
4.211353620603046632e-01,1.268480006205736921e-01,8.980838443936617344e-01
4.244261319839587321e-01,1.380663320911672820e-01,8.948743746649732156e-01
4.277043827938261655e-01,1.494388807351922921e-01,8.914802195582159916e-01
4.309668060428946124e-01,1.609635058714425637e-01,8.878954678715058613e-01
4.342099425080011565e-01,1.726376879851088952e-01,8.841142202873758515e-01
4.374301837786662150e-01,1.844585112319676867e-01,8.801306107353886743e-01
4.406237748211415672e-01,1.964226466070149169e-01,8.759388294637151517e-01
4.437868175963035067e-01,2.085263359789859827e-01,8.715331478096081108e-01
4.469152758073545173e-01,2.207653772060425845e-01,8.669079446383624044e-01
4.500049808491342063e-01,2.331351105603948481e-01,8.620577343977390283e-01
4.530516390250405312e-01,2.456304067003231839e-01,8.569771967100164867e-01
4.560508400899973003e-01,2.582456564365044893e-01,8.516612073969829222e-01
4.589980671684723013e-01,2.709747625452426645e-01,8.461048708045332267e-01
4.618887080851746263e-01,2.838111338836615261e-01,8.403035532633900129e-01
4.647180681327035545e-01,2.967476820606420596e-01,8.342529174912389767e-01
4.674813842850968904e-01,3.097768209118111904e-01,8.279489577097499664e-01
4.701738408489805066e-01,3.228904690167697100e-01,8.213880352180984445e-01
4.727905865249878437e-01,3.360800554816178454e-01,8.145669141334127561e-01
4.753267528314589208e-01,3.493365291893854585e-01,8.074827969787434778e-01
4.777774738204056404e-01,3.626503716950066902e-01,8.001333597715227786e-01
4.801379069926528520e-01,3.760116139099088928e-01,7.925167862408848407e-01
4.824032552953199660e-01,3.894098566841739939e-01,7.846318007815445972e-01
4.845687900608465215e-01,4.028342953517880520e-01,7.764776997360551825e-01
4.866298747230956012e-01,4.162737482571058911e-01,7.680543805870545526e-01
4.885819891232560108e-01,4.297166892288878381e-01,7.593623686373497383e-01
4.904207541968953477e-01,4.431512839128572412e-01,7.504028407591049055e-01
4.921419568142182399e-01,4.565654298156000546e-01,7.411776458045455929e-01
4.937415745289681634e-01,4.699467998528732982e-01,7.316893212899165944e-01
4.952157999780837927e-01,4.832828891352384248e-01,7.219411059921462259e-01
4.965610646647384829e-01,4.965610646647384829e-01,7.119369481337817218e-01
4.977740618522415450e-01,5.097686175595244062e-01,7.016815088760512964e-01
4.988517682958830135e-01,5.228928173703834004e-01,6.911801608918861639e-01
4.997914645444370141e-01,5.359209680054806135e-01,6.804389818496552333e-01
5.005907535528900665e-01,5.488404647387107316e-01,6.694647427032626164e-01
5.012475773630431508e-01,5.616388517441327499e-01,6.582648907538759531e-01
5.017602316288332087e-01,5.743038795751704839e-01,6.468475275215078701e-01
5.021273777882492295e-01,5.868235619934961678e-01,6.352213815393514817e-01
5.023480527131473083e-01,5.991862315494166369e-01,6.233957762584839690e-01
5.024216757015194101e-01,6.113805933235357815e-01,6.113805933235357815e-01
5.023480527131473083e-01,6.233957762584839690e-01,5.991862315494166369e-01
5.021273777882492295e-01,6.352213815393514817e-01,5.868235619934961678e-01
5.017602316288332087e-01,6.468475275215078701e-01,5.743038795751704839e-01
5.012475773630431508e-01,6.582648907538759531e-01,5.616388517441327499e-01
5.005907535528900665e-01,6.694647427032626164e-01,5.488404647387107316e-01
4.997914645444370141e-01,6.804389818496552333e-01,5.359209680054806135e-01
4.988517682958830135e-01,6.911801608918861639e-01,5.228928173703834004e-01
4.977740618522415450e-01,7.016815088760512964e-01,5.097686175595244062e-01
4.965610646647384829e-01,7.119369481337817218e-01,4.965610646647384829e-01
4.952157999780837927e-01,7.219411059921462259e-01,4.832828891352384248e-01
4.937415745289681634e-01,7.316893212899165944e-01,4.699467998528732982e-01
4.921419568142182399e-01,7.411776458045455929e-01,4.565654298156000546e-01
4.904207541968953477e-01,7.504028407591049055e-01,4.431512839128572412e-01
4.885819891232560108e-01,7.593623686373497383e-01,4.297166892288878381e-01
4.866298747230956012e-01,7.680543805870545526e-01,4.162737482571058911e-01
4.845687900608465215e-01,7.764776997360551825e-01,4.028342953517880520e-01
4.824032552953199660e-01,7.846318007815445972e-01,3.894098566841739939e-01
4.801379069926528520e-01,7.925167862408848407e-01,3.760116139099088928e-01
4.777774738204056404e-01,8.001333597715227786e-01,3.626503716950066902e-01
4.753267528314589208e-01,8.074827969787434778e-01,3.493365291893854585e-01
4.727905865249878437e-01,8.145669141334127561e-01,3.360800554816178454e-01
4.701738408489805066e-01,8.213880352180984445e-01,3.228904690167697100e-01
4.674813842850968904e-01,8.279489577097499664e-01,3.097768209118111904e-01
4.618887080851746263e-01,8.403035532633900129e-01,2.838111338836615261e-01
4.589980671684723013e-01,8.461048708045332267e-01,2.709747625452426645e-01
4.560508400899973003e-01,8.516612073969829222e-01,2.582456564365044893e-01
4.530516390250405312e-01,8.569771967100164867e-01,2.456304067003231839e-01
4.500049808491342063e-01,8.620577343977390283e-01,2.331351105603948481e-01
4.469152758073545173e-01,8.669079446383624044e-01,2.207653772060425845e-01
4.437868175963035067e-01,8.715331478096081108e-01,2.085263359789859827e-01
4.406237748211415672e-01,8.759388294637151517e-01,1.964226466070149169e-01
4.374301837786662150e-01,8.801306107353886743e-01,1.844585112319676867e-01
4.342099425080011565e-01,8.841142202873758515e-01,1.726376879851088952e-01
4.309668060428946124e-01,8.878954678715058613e-01,1.609635058714425637e-01
4.277043827938261655e-01,8.914802195582159916e-01,1.494388807351922921e-01
4.244261319839587321e-01,8.948743746649732156e-01,1.380663320911672820e-01
4.211353620603046632e-01,8.980838443936617344e-01,1.268480006205736921e-01
4.178352300001533237e-01,9.011145321690053889e-01,1.157856661446207969e-01
4.145287414326626063e-01,9.039723156543606475e-01,1.048807659046495783e-01
4.112187514964116830e-01,9.066630304077510916e-01,9.413441299315448985e-02
4.079079663554695534e-01,9.091924551296610701e-01,8.354741479569857687e-02
4.045989452990226276e-01,9.115662984447858719e-01,7.312029131910047219e-02
4.012941033526821744e-01,9.137901871524931607e-01,6.285329329620323313e-02
3.979957143331221414e-01,9.158696558750160088e-01,5.274641997185956083e-02
3.947059142815761978e-01,9.178101380282435162e-01,4.279943648836368603e-02
3.914267052158346694e-01,9.196169580372018926e-01,3.301189080133545145e-02
3.881599591446366904e-01,9.212953247167883220e-01,2.338313006895401808e-02
3.849074222926784916e-01,9.228503257378677382e-01,1.391231646841006517e-02
3.816707194887691834e-01,9.242869230993084884e-01,4.598442403479147123e-03
3.927993478264059646e-01,4.621168797957717414e-03,9.196125907935857047e-01
3.961294392947548038e-01,1.398103903393252238e-02,9.180882298949022413e-01
3.994750835187240723e-01,2.349853432463082717e-02,9.164428386606022769e-01
4.028345538053994535e-01,3.317461031338583832e-02,9.146713986404951813e-01
4.062059963677837615e-01,4.301004667423592720e-02,9.127687683087847281e-01
4.095874258669723877e-01,5.300543158278465949e-02,9.107296881042091785e-01
4.129767211440357744e-01,6.316114558673488477e-02,9.085487865168786481e-01
4.163716211926709598e-01,7.347734491635370124e-02,9.062205873016956348e-01
4.197697214281611577e-01,8.395394428563222877e-02,9.037395178982763344e-01
4.231684703126357139e-01,9.459059924635386529e-02,9.010999191363184835e-01
4.265651664009761923e-01,1.053866881696529506e-01,8.982960563032322820e-01
4.299569558758715160e-01,1.163412939428828813e-01,8.953221316474030411e-01
4.333408306443944924e-01,1.274531854836454259e-01,8.921722983855180367e-01
4.367136270719311764e-01,1.387207991875546165e-01,8.888406762758128687e-01
4.400720254322202929e-01,1.501422204415810424e-01,8.853213688107020030e-01
4.434125501545124193e-01,1.617151653504692310e-01,8.816084820719130022e-01
4.467315709502931997e-01,1.734369628395255880e-01,8.776961452788113460e-01
4.500253049024663388e-01,1.853045373127802653e-01,8.735785330459641118e-01
4.532898195992108303e-01,1.973143920608329549e-01,8.692498893490748779e-01
4.565210373927346965e-01,2.094625936272547229e-01,8.647045531791798245e-01
4.597147408596984342e-01,2.217447573558545271e-01,8.599369858434358083e-01
4.628665795350042633e-01,2.341560343530021404e-01,8.549417998470077995e-01
4.659720779838165128e-01,2.466911001090793254e-01,8.497137892646065005e-01
4.690266452679613951e-01,2.593441450305198348e-01,8.442479614823305001e-01
4.720255858521632542e-01,2.721088671383058988e-01,8.385395701609017483e-01
4.749641119828444946e-01,2.849784671897067079e-01,8.325841492405156030e-01
4.778373575574335064e-01,2.979456464769879576e-01,8.263775477757967503e-01
4.806403934853168414e-01,3.110026075493226849e-01,8.199159653573051543e-01
4.833682445228317803e-01,3.241410580917813422e-01,8.131959878442934775e-01
4.860159075441676801e-01,3.373522181777163786e-01,8.062146231026781074e-01
4.885783711879584934e-01,3.506268310878289940e-01,7.989693364132497422e-01
4.910506367959831531e-01,3.639551778605522037e-01,7.914580851888198820e-01
4.934277405361207625e-01,3.773270957040923412e-01,7.836793526161917045e-01
4.957047765769513892e-01,3.907320003606558068e-01,7.756321798204063311e-01
4.978769211566662078e-01,4.041589124683525602e-01,7.673161961355678962e-01
4.999394573647896189e-01,4.175964879164713595e-01,7.587316470595042439e-01
5.018878004322383513e-01,4.310330521359223566e-01,7.498794194693444437e-01
5.037175233040658284e-01,4.444566382094698453e-01,7.407610636824497607e-01
5.054243822505198880e-01,4.578550286269415515e-01,7.313788119625169726e-01
5.084536019168112153e-01,4.845263735913142300e-01,7.118350426835357014e-01
5.097686175595244062e-01,4.977740618522415450e-01,7.016815088760512964e-01
5.109461263115449015e-01,5.109461263115449015e-01,6.912800532450313895e-01
5.119831678291123511e-01,5.240298306015620522e-01,6.806364466434081661e-01
5.128771044181601457e-01,5.370124975672500023e-01,6.697571598872443799e-01
5.136256392849274377e-01,5.498815667638635718e-01,6.586493492006717521e-01
5.142268326747131413e-01,5.626246522205684553e-01,6.473208364258152825e-01
5.146791156801716616e-01,5.752295998778389485e-01,6.357800840755061245e-01
5.149813015287779683e-01,5.876845440975465573e-01,6.240361653819308518e-01
5.151325941915928519e-01,5.999779626466786864e-01,6.120987295688338214e-01
5.151325941915928519e-01,6.120987295688338214e-01,5.999779626466786864e-01
5.149813015287779683e-01,6.240361653819308518e-01,5.876845440975465573e-01
5.146791156801716616e-01,6.357800840755061245e-01,5.752295998778389485e-01
5.142268326747131413e-01,6.473208364258152825e-01,5.626246522205684553e-01
5.136256392849274377e-01,6.586493492006717521e-01,5.498815667638635718e-01
5.128771044181601457e-01,6.697571598872443799e-01,5.370124975672500023e-01
5.119831678291123511e-01,6.806364466434081661e-01,5.240298306015620522e-01
5.109461263115449015e-01,6.912800532450313895e-01,5.109461263115449015e-01
5.097686175595244062e-01,7.016815088760512964e-01,4.977740618522415450e-01
5.084536019168112153e-01,7.118350426835357014e-01,4.845263735913142300e-01
5.070043422564067814e-01,7.217355930944143738e-01,4.712158004500721642e-01
5.054243822505198880e-01,7.313788119625169726e-01,4.578550286269415515e-01
5.037175233040658284e-01,7.407610636824497607e-01,4.444566382094698453e-01
5.018878004322383513e-01,7.498794194693444437e-01,4.310330521359223566e-01
4.999394573647896189e-01,7.587316470595042439e-01,4.175964879164713595e-01
4.978769211566662078e-01,7.673161961355678962e-01,4.041589124683525602e-01
4.957047765769513892e-01,7.756321798204063311e-01,3.907320003606558068e-01
4.934277405361207625e-01,7.836793526161917045e-01,3.773270957040923412e-01
4.910506367959831531e-01,7.914580851888198820e-01,3.639551778605522037e-01
4.885783711879584934e-01,7.989693364132497422e-01,3.506268310878289940e-01
4.860159075441676801e-01,8.062146231026781074e-01,3.373522181777163786e-01
4.833682445228317803e-01,8.131959878442934775e-01,3.241410580917813422e-01
4.806403934853168414e-01,8.199159653573051543e-01,3.110026075493226849e-01
4.778373575574335064e-01,8.263775477757967503e-01,2.979456464769879576e-01
4.749641119828444946e-01,8.325841492405156030e-01,2.849784671897067079e-01
4.720255858521632542e-01,8.385395701609017483e-01,2.721088671383058988e-01
4.690266452679613951e-01,8.442479614823305001e-01,2.593441450305198348e-01
4.659720779838165128e-01,8.497137892646065005e-01,2.466911001090793254e-01
4.628665795350042633e-01,8.549417998470077995e-01,2.341560343530021404e-01
4.597147408596984342e-01,8.599369858434358083e-01,2.217447573558545271e-01
4.565210373927346965e-01,8.647045531791798245e-01,2.094625936272547229e-01
4.532898195992108303e-01,8.692498893490748779e-01,1.973143920608329549e-01
4.500253049024663388e-01,8.735785330459641118e-01,1.853045373127802653e-01
4.467315709502931997e-01,8.776961452788113460e-01,1.734369628395255880e-01
4.434125501545124193e-01,8.816084820719130022e-01,1.617151653504692310e-01
4.400720254322202929e-01,8.853213688107020030e-01,1.501422204415810424e-01
4.367136270719311764e-01,8.888406762758128687e-01,1.387207991875546165e-01
4.333408306443944924e-01,8.921722983855180367e-01,1.274531854836454259e-01
4.299569558758715160e-01,8.953221316474030411e-01,1.163412939428828813e-01
4.265651664009761923e-01,8.982960563032322820e-01,1.053866881696529506e-01
4.231684703126357139e-01,9.010999191363184835e-01,9.459059924635386529e-02
4.197697214281611577e-01,9.037395178982763344e-01,8.395394428563222877e-02
4.163716211926709598e-01,9.062205873016956348e-01,7.347734491635370124e-02
4.129767211440357744e-01,9.085487865168786481e-01,6.316114558673488477e-02
4.095874258669723877e-01,9.107296881042091785e-01,5.300543158278465949e-02
4.062059963677837615e-01,9.127687683087847281e-01,4.301004667423592720e-02
4.028345538053994535e-01,9.146713986404951813e-01,3.317461031338583832e-02
3.994750835187240723e-01,9.164428386606022769e-01,2.349853432463082717e-02
3.961294392947548038e-01,9.180882298949022413e-01,1.398103903393252238e-02
3.927993478264059646e-01,9.196125907935857047e-01,4.621168797957717414e-03
4.039787884947926844e-01,4.643434350514858561e-03,9.147565670514270497e-01
4.074014268957199536e-01,1.404832506536965279e-02,9.131411292490274612e-01
4.108392455301395074e-01,2.361145089253675194e-02,9.114020044519186570e-01
4.142904114825407547e-01,3.333371126871017415e-02,9.095341217605205086e-01
4.177529590059759212e-01,4.321582334544578352e-02,9.075322902543615511e-01
4.212247850145300343e-01,5.325830615126241757e-02,9.053912045714610501e-01
4.281871479901585564e-01,7.382537034313078894e-02,9.006695181861955612e-01
4.316727549202140635e-01,8.434984866257055902e-02,8.980778004661924552e-01
4.351577732944138521e-01,9.503445623671107068e-02,8.953246140195411096e-01
4.386393553931843825e-01,1.058784650949065737e-01,8.924042057999268529e-01
4.421144957861503078e-01,1.168808437135799710e-01,8.893107673859345086e-01
4.455800296647990377e-01,1.280402384094250223e-01,8.860384497932211056e-01
4.490326318691519325e-01,1.393549547180126802e-01,8.825813798807469190e-01
4.524688166908614750e-01,1.508229388969538065e-01,8.789336783994894375e-01
4.558849385371114282e-01,1.624417597086259268e-01,8.750894797206622000e-01
4.592771935407271577e-01,1.742085906533792639e-01,8.710429532668964026e-01
4.626416222018489011e-01,1.861201928398242555e-01,8.667883266540387099e-01
4.659741131452054819e-01,1.981728986939379489e-01,8.623199105330814351e-01
4.692704080742925998e-01,2.103625967229587612e-01,8.576321251012933855e-01
4.725261079994245161e-01,2.226847175629471931e-01,8.527195282288465572e-01
4.757366808105594203e-01,2.351342215500466237e-01,8.475768451222610578e-01
4.788974702578432385e-01,2.477055880644016828e-01,8.421989994189656992e-01
4.820037063928629406e-01,2.603928069018914826e-01,8.365811455784173400e-01
4.850505175115770728e-01,2.731893719318077562e-01,8.307187024048848789e-01
4.880329436257397901e-01,2.860882772978474708e-01,8.246073875055603963e-01
4.909459514733728880e-01,2.990820164148133564e-01,8.182432524556214615e-01
4.937844510605198245e-01,3.121625840037768884e-01,8.116227184098199210e-01
4.965433137062635893e-01,3.253214813937589378e-01,8.047426118687720509e-01
4.992173915409897633e-01,3.385497252979126070e-01,7.976002002781330535e-01
5.018015383843972277e-01,3.518378602465313532e-01,7.901932271110622130e-01
5.042906319051301267e-01,3.651759748278528561e-01,7.825199460596846679e-01
5.066795969385424758e-01,3.785537218506351831e-01,7.745791539405304515e-01
5.089634298134834145e-01,3.919603425000389718e-01,7.663702219030613660e-01
5.111372235136678599e-01,4.053846945108400268e-01,7.578931245202661371e-01
5.131961934747496512e-01,4.188152843299681183e-01,7.491484663367036223e-01
5.151357037953061546e-01,4.322403031845671872e-01,7.401375054530260345e-01
5.169512936192142138e-01,4.456476669131156920e-01,7.308621737375097238e-01
5.186387034290363962e-01,4.590250593567333781e-01,7.213250932748667132e-01
5.201939009756620935e-01,4.723599790468656079e-01,7.115295886908481471e-01
5.216131065591866900e-01,4.856397888654497286e-01,7.014796950278717746e-01
5.228928173703834004e-01,4.988517682958830135e-01,6.911801608918861639e-01
5.240298306015620522e-01,5.119831678291123511e-01,6.806364466434081661e-01
5.250212650404494363e-01,5.250212650404494363e-01,6.698547174654010394e-01
5.258645808711421843e-01,5.379534218107087096e-01,6.588418312063735183e-01
5.265575974222146405e-01,5.507671421312819726e-01,6.476053209675513012e-01
5.270985086235726591e-01,5.634501299079570646e-01,6.361533724767256537e-01
5.274858959603414554e-01,5.759903461635912381e-01,6.244947963668410207e-01
5.277187387434865151e-01,5.883760650358412780e-01,6.126389955527832276e-01
5.277964215523928138e-01,6.005959279734124356e-01,6.005959279734124356e-01
5.277187387434865151e-01,6.126389955527832276e-01,5.883760650358412780e-01
5.274858959603414554e-01,6.244947963668410207e-01,5.759903461635912381e-01
5.270985086235726591e-01,6.361533724767256537e-01,5.634501299079570646e-01
5.265575974222146405e-01,6.476053209675513012e-01,5.507671421312819726e-01
5.258645808711421843e-01,6.588418312063735183e-01,5.379534218107087096e-01
5.250212650404494363e-01,6.698547174654010394e-01,5.250212650404494363e-01
5.240298306015620522e-01,6.806364466434081661e-01,5.119831678291123511e-01
5.228928173703834004e-01,6.911801608918861639e-01,4.988517682958830135e-01
5.216131065591866900e-01,7.014796950278717746e-01,4.856397888654497286e-01
5.201939009756620935e-01,7.115295886908481471e-01,4.723599790468656079e-01
5.186387034290363962e-01,7.213250932748667132e-01,4.590250593567333781e-01
5.169512936192142138e-01,7.308621737375097238e-01,4.456476669131156920e-01
5.151357037953061546e-01,7.401375054530260345e-01,4.322403031845671872e-01
5.131961934747496512e-01,7.491484663367036223e-01,4.188152843299681183e-01
5.111372235136678599e-01,7.578931245202661371e-01,4.053846945108400268e-01
5.089634298134834145e-01,7.663702219030613660e-01,3.919603425000389718e-01
5.066795969385424758e-01,7.745791539405304515e-01,3.785537218506351831e-01
5.042906319051301267e-01,7.825199460596846679e-01,3.651759748278528561e-01
5.018015383843972277e-01,7.901932271110622130e-01,3.518378602465313532e-01
4.992173915409897633e-01,7.976002002781330535e-01,3.385497252979126070e-01
4.965433137062635893e-01,8.047426118687720509e-01,3.253214813937589378e-01
4.937844510605198245e-01,8.116227184098199210e-01,3.121625840037768884e-01
4.880329436257397901e-01,8.246073875055603963e-01,2.860882772978474708e-01
4.850505175115770728e-01,8.307187024048848789e-01,2.731893719318077562e-01
4.820037063928629406e-01,8.365811455784173400e-01,2.603928069018914826e-01
4.788974702578432385e-01,8.421989994189656992e-01,2.477055880644016828e-01
4.757366808105594203e-01,8.475768451222610578e-01,2.351342215500466237e-01
4.725261079994245161e-01,8.527195282288465572e-01,2.226847175629471931e-01
4.692704080742925998e-01,8.576321251012933855e-01,2.103625967229587612e-01
4.659741131452054819e-01,8.623199105330814351e-01,1.981728986939379489e-01
4.626416222018489011e-01,8.667883266540387099e-01,1.861201928398242555e-01
4.592771935407271577e-01,8.710429532668964026e-01,1.742085906533792639e-01
4.558849385371114282e-01,8.750894797206622000e-01,1.624417597086259268e-01
4.524688166908614750e-01,8.789336783994894375e-01,1.508229388969538065e-01
4.490326318691519325e-01,8.825813798807469190e-01,1.393549547180126802e-01
4.455800296647990377e-01,8.860384497932211056e-01,1.280402384094250223e-01
4.421144957861503078e-01,8.893107673859345086e-01,1.168808437135799710e-01
4.386393553931843825e-01,8.924042057999268529e-01,1.058784650949065737e-01
4.351577732944138521e-01,8.953246140195411096e-01,9.503445623671107068e-02
4.316727549202140635e-01,8.980778004661924552e-01,8.434984866257055902e-02
4.281871479901585564e-01,9.006695181861955612e-01,7.382537034313078894e-02
4.247036447946567206e-01,9.031054515748446754e-01,6.346146416471881713e-02
4.212247850145300343e-01,9.053912045714610501e-01,5.325830615126241757e-02
4.177529590059759212e-01,9.075322902543615511e-01,4.321582334544578352e-02
4.142904114825407547e-01,9.095341217605205086e-01,3.333371126871017415e-02
4.108392455301395074e-01,9.114020044519186570e-01,2.361145089253675194e-02
4.074014268957199536e-01,9.131411292490274612e-01,1.404832506536965279e-02
4.039787884947926844e-01,9.147565670514270497e-01,4.643434350514858561e-03
4.152039021571319877e-01,4.665212383787999822e-03,9.097164148386599480e-01
4.187180663084647536e-01,1.411409212275723836e-02,9.080065932307156418e-01
4.222469417276114023e-01,2.372173829930401129e-02,9.061704030334132298e-01
4.257885849432794245e-01,3.348898982699950733e-02,9.042027253289867117e-01
4.293409139001397312e-01,4.341649691125008814e-02,9.020983247115296200e-01
4.329017034240068007e-01,5.350470491757387120e-02,8.998518554319242524e-01
4.364685809377288339e-01,6.375383766506151351e-02,8.974578686697121110e-01
4.400390224863905408e-01,7.416388019433547973e-02,8.949108210116480944e-01
4.436103491351724437e-01,8.473456107076327015e-02,8.922050842156838968e-01
4.471797238078531467e-01,9.546533429605853771e-02,8.893349563369663535e-01
4.507441486383837459e-01,1.063553609146748180e-01,8.862946742889568075e-01
4.543004629121042415e-01,1.174034904154876158e-01,8.830784279077982246e-01
4.578453416768903939e-01,1.286082420440703422e-01,8.796803755814410763e-01
4.613752951076715569e-01,1.399677861562599046e-01,8.760946614965898771e-01
4.648866687102155559e-01,1.514799257595084436e-01,8.723154345461348047e-01
4.683756444516588013e-01,1.631420784045103656e-01,8.683368689272326080e-01
4.718382429058188277e-01,1.749512586055283203e-01,8.641531864454884415e-01
4.752703265006772426e-01,1.869040609834123901e-01,8.597586805236969720e-01
4.786676039533951932e-01,1.989966443401755269e-01,8.551477418942677877e-01
4.820256359746475372e-01,2.112247168877668946e-01,8.503148859328051312e-01
4.853398423187663124e-01,2.235835228659485419e-01,8.452547815663907782e-01
4.886055102490245439e-01,2.360678307944725218e-01,8.399622816640534007e-01
4.918178044782268721e-01,2.486719236125866095e-01,8.344324547889017119e-01
4.949717786335133818e-01,2.613895909637654613e-01,8.286606181617246492e-01
4.980623882808502545e-01,2.742141238849625240e-01,8.226423716548875165e-01
5.010845055290583661e-01,2.871383121571008390e-01,8.163736326035220259e-01
5.040329352154524489e-01,3.001544445665053629e-01,8.098506711888729948e-01
5.069024326553135396e-01,3.132543123150813846e-01,8.030701461168450184e-01
5.096877229156607791e-01,3.264292157999175714e-01,7.960291402840095065e-01
5.123835215503540486e-01,3.396699749603471208e-01,7.887251960943653106e-01
5.149845567087506515e-01,3.529669433621773766e-01,7.811563500638352142e-01
5.174855925043475580e-01,3.663100261547629355e-01,7.733211663267217650e-01
5.198814535035198858e-01,3.796887019969527044e-01,7.652187686400123701e-01
5.221670501681414667e-01,3.930920490029829462e-01,7.568488704684298574e-01
5.243374050601533609e-01,4.065087747095571524e-01,7.482118027262862903e-01
5.263876795916407891e-01,4.199272500113089834e-01,7.393085387523045116e-01
5.283132010813967883e-01,4.333355469544040717e-01,7.301407161012561930e-01
5.301094898589481241e-01,4.467214802182146727e-01,7.207106547520529816e-01
5.317722861402984780e-01,4.600726520539660802e-01,7.110213713561294169e-01
5.346816188505562062e-01,4.866203497403938094e-01,6.908807434585838569e-01
5.359209680054806135e-01,4.997914645444370141e-01,6.804389818496552333e-01
5.370124975672500023e-01,5.128771044181601457e-01,6.697571598872443799e-01
5.379534218107087096e-01,5.258645808711421843e-01,6.588418312063735183e-01
5.387413149088582376e-01,5.387413149088582376e-01,6.477002325308744979e-01
5.393741280359031220e-01,5.514948949580581461e-01,6.363402634131440916e-01
5.398502040019574899e-01,5.641131345188994395e-01,6.247704608112542024e-01
5.401682892169634709e-01,5.765841289394554314e-01,6.129999686619473920e-01
5.403275428159177718e-01,5.888963107094834504e-01,6.010385026828748423e-01
5.403275428159177718e-01,6.010385026828748423e-01,5.888963107094834504e-01
5.401682892169634709e-01,6.129999686619473920e-01,5.765841289394554314e-01
5.398502040019574899e-01,6.247704608112542024e-01,5.641131345188994395e-01
5.393741280359031220e-01,6.363402634131440916e-01,5.514948949580581461e-01
5.387413149088582376e-01,6.477002325308744979e-01,5.387413149088582376e-01
5.379534218107087096e-01,6.588418312063735183e-01,5.258645808711421843e-01
5.370124975672500023e-01,6.697571598872443799e-01,5.128771044181601457e-01
5.359209680054806135e-01,6.804389818496552333e-01,4.997914645444370141e-01
5.346816188505562062e-01,6.908807434585838569e-01,4.866203497403938094e-01
5.332975763868353924e-01,7.010765891826937768e-01,4.733765003883145805e-01
5.317722861402984780e-01,7.110213713561294169e-01,4.600726520539660802e-01
5.301094898589481241e-01,7.207106547520529816e-01,4.467214802182146727e-01
5.283132010813967883e-01,7.301407161012561930e-01,4.333355469544040717e-01
5.263876795916407891e-01,7.393085387523045116e-01,4.199272500113089834e-01
5.243374050601533609e-01,7.482118027262862903e-01,4.065087747095571524e-01
5.221670501681414667e-01,7.568488704684298574e-01,3.930920490029829462e-01
5.198814535035198858e-01,7.652187686400123701e-01,3.796887019969527044e-01
5.174855925043475580e-01,7.733211663267217650e-01,3.663100261547629355e-01
5.149845567087506515e-01,7.811563500638352142e-01,3.529669433621773766e-01
5.123835215503540486e-01,7.887251960943653106e-01,3.396699749603471208e-01
5.096877229156607791e-01,7.960291402840095065e-01,3.264292157999175714e-01
5.069024326553135396e-01,8.030701461168450184e-01,3.132543123150813846e-01
5.040329352154524489e-01,8.098506711888729948e-01,3.001544445665053629e-01
5.010845055290583661e-01,8.163736326035220259e-01,2.871383121571008390e-01
4.980623882808502545e-01,8.226423716548875165e-01,2.742141238849625240e-01
4.949717786335133818e-01,8.286606181617246492e-01,2.613895909637654613e-01
4.918178044782268721e-01,8.344324547889017119e-01,2.486719236125866095e-01
4.886055102490245439e-01,8.399622816640534007e-01,2.360678307944725218e-01
4.853398423187663124e-01,8.452547815663907782e-01,2.235835228659485419e-01
4.820256359746475372e-01,8.503148859328051312e-01,2.112247168877668946e-01
4.786676039533951932e-01,8.551477418942677877e-01,1.989966443401755269e-01
4.752703265006772426e-01,8.597586805236969720e-01,1.869040609834123901e-01
4.718382429058188277e-01,8.641531864454884415e-01,1.749512586055283203e-01
4.683756444516588013e-01,8.683368689272326080e-01,1.631420784045103656e-01
4.648866687102155559e-01,8.723154345461348047e-01,1.514799257595084436e-01
4.613752951076715569e-01,8.760946614965898771e-01,1.399677861562599046e-01
4.578453416768903939e-01,8.796803755814410763e-01,1.286082420440703422e-01
4.543004629121042415e-01,8.830784279077982246e-01,1.174034904154876158e-01
4.507441486383837459e-01,8.862946742889568075e-01,1.063553609146748180e-01
4.471797238078531467e-01,8.893349563369663535e-01,9.546533429605853771e-02
4.436103491351724437e-01,8.922050842156838968e-01,8.473456107076327015e-02
4.400390224863905408e-01,8.949108210116480944e-01,7.416388019433547973e-02
4.364685809377288339e-01,8.974578686697121110e-01,6.375383766506151351e-02
4.329017034240068007e-01,8.998518554319242524e-01,5.350470491757387120e-02
4.293409139001397312e-01,9.020983247115296200e-01,4.341649691125008814e-02
4.257885849432794245e-01,9.042027253289867117e-01,3.348898982699950733e-02
4.222469417276114023e-01,9.061704030334132298e-01,2.372173829930401129e-02
4.187180663084647536e-01,9.080065932307156418e-01,1.411409212275723836e-02
4.152039021571319877e-01,9.097164148386599480e-01,4.665212383787999822e-03
4.264693241324579165e-01,4.686476089367669698e-03,9.044898852479602569e-01
4.300738085778311182e-01,1.417825742564278457e-02,9.026823894325906039e-01
4.336924337898183657e-01,2.382925460383617314e-02,9.007458240250073578e-01
4.373231414622726354e-01,3.364024165094404994e-02,8.986750269609338204e-01
4.409637289634458779e-01,4.361179737001112666e-02,8.964647237168954508e-01
4.446118447987968958e-01,5.374428893172270016e-02,8.941095340459321861e-01
4.482649843591067218e-01,6.403785490844382533e-02,8.916039798791024484e-01
4.519204860164098281e-01,7.449238780490272105e-02,8.889424944718391508e-01
4.592271235701209098e-01,9.588258623991535723e-02,8.831290837886940359e-01
4.628721222290553827e-01,1.068166435913204676e-01,8.799656829189733687e-01
4.665072042780484263e-01,1.179084142680781738e-01,8.766234278191898932e-01
4.701288815762372786e-01,1.291562861473179447e-01,8.730964943558692237e-01
4.737334969253373940e-01,1.405582902965286929e-01,8.693790547970478011e-01
4.773172247236167620e-01,1.521120826042295093e-01,8.654652975757887168e-01
4.808760726145009379e-01,1.638149258357091131e-01,8.613494487490511720e-01
4.844058842200676951e-01,1.756636722995849886e-01,8.570257951585812384e-01
4.879023430483661050e-01,1.876547473262946686e-01,8.524887092823100199e-01
4.913609776606697177e-01,1.997841337741184664e-01,8.477326757442323890e-01
4.947771681802645150e-01,2.120473577915419350e-01,8.427523194279230578e-01
4.981461542180293800e-01,2.244394760762550012e-01,8.375424351138296419e-01
5.014630442817279432e-01,2.369550648803769310e-01,8.320980185334166945e-01
5.047228267254834089e-01,2.495882110180961955e-01,8.264142987043628930e-01
5.079203822832638604e-01,2.623325051353120885e-01,8.204867713806569540e-01
5.110504982153106779e-01,2.751810375005518949e-01,8.143112334200005575e-01
5.141078840793080751e-01,2.881263965719199072e-01,8.078838178389127211e-01
5.170871891187731606e-01,3.011606705856590960e-01,8.012010292939232281e-01
5.199830212397715812e-01,3.142754523976641345e-01,7.942597796959147693e-01
5.227899675238317778e-01,3.274618477896528712e-01,7.870574236347797070e-01
5.255026162001235068e-01,3.407104874264537120e-01,7.795917932639195858e-01
5.281155799739187806e-01,3.540115426198796045e-01,7.718612322695735939e-01
5.306235205815281741e-01,3.673547450179810436e-01,7.638646285294526939e-01
5.330211744147838049e-01,3.807294102962741622e-01,7.556014450495287527e-01
5.353033790313107554e-01,3.941244658801958400e-01,7.470717487579832117e-01
5.374651003409313121e-01,4.075284826760908197e-01,7.382762367320485630e-01
5.395014602342448340e-01,4.209297107322129694e-01,7.292162594374957951e-01
5.414077643974348764e-01,4.343161186924477946e-01,7.198938405724134570e-01
5.431795300383747138e-01,4.476754368448143118e-01,7.103116931271054035e-01
5.448125132338185184e-01,4.609952035055386865e-01,7.004732313006237776e-01
5.463027355965222043e-01,4.742628144189588446e-01,6.903825779516489236e-01
5.476465099550945625e-01,4.874655747951940343e-01,6.800445673068756802e-01
5.488404647387107316e-01,5.005907535528900665e-01,6.694647427032626164e-01
5.498815667638635718e-01,5.136256392849274377e-01,6.586493492006717521e-01
5.507671421312819726e-01,5.265575974222146405e-01,6.476053209675513012e-01
5.514948949580581461e-01,5.393741280359031220e-01,6.363402634131440916e-01
5.520629236927326877e-01,5.520629236927326877e-01,6.248624301137523096e-01
5.524697347893091637e-01,5.646119267627006666e-01,6.131806946562662342e-01
5.527142535493898556e-01,5.770093855735388688e-01,6.013045175976877710e-01
5.527958319791982378e-01,5.892439088129914904e-01,5.892439088129914904e-01
5.527142535493898556e-01,6.013045175976877710e-01,5.770093855735388688e-01
5.524697347893091637e-01,6.131806946562662342e-01,5.646119267627006666e-01
5.520629236927326877e-01,6.248624301137523096e-01,5.520629236927326877e-01
5.514948949580581461e-01,6.363402634131440916e-01,5.393741280359031220e-01
5.507671421312819726e-01,6.476053209675513012e-01,5.265575974222146405e-01
5.498815667638635718e-01,6.586493492006717521e-01,5.136256392849274377e-01
5.488404647387107316e-01,6.694647427032626164e-01,5.005907535528900665e-01
5.476465099550945625e-01,6.800445673068756802e-01,4.874655747951940343e-01
5.463027355965222043e-01,6.903825779516489236e-01,4.742628144189588446e-01
5.448125132338185184e-01,7.004732313006237776e-01,4.609952035055386865e-01
5.431795300383747138e-01,7.103116931271054035e-01,4.476754368448143118e-01
5.414077643974348764e-01,7.198938405724134570e-01,4.343161186924477946e-01
5.395014602342448340e-01,7.292162594374957951e-01,4.209297107322129694e-01
5.374651003409313121e-01,7.382762367320485630e-01,4.075284826760908197e-01
5.353033790313107554e-01,7.470717487579832117e-01,3.941244658801958400e-01
5.330211744147838049e-01,7.556014450495287527e-01,3.807294102962741622e-01
5.306235205815281741e-01,7.638646285294526939e-01,3.673547450179810436e-01
5.281155799739187806e-01,7.718612322695735939e-01,3.540115426198796045e-01
5.255026162001235068e-01,7.795917932639195858e-01,3.407104874264537120e-01
5.227899675238317778e-01,7.870574236347797070e-01,3.274618477896528712e-01
5.199830212397715812e-01,7.942597796959147693e-01,3.142754523976641345e-01
5.170871891187731606e-01,8.012010292939232281e-01,3.011606705856590960e-01
5.141078840793080751e-01,8.078838178389127211e-01,2.881263965719199072e-01
5.110504982153106779e-01,8.143112334200005575e-01,2.751810375005518949e-01
5.079203822832638604e-01,8.204867713806569540e-01,2.623325051353120885e-01
5.014630442817279432e-01,8.320980185334166945e-01,2.369550648803769310e-01
4.981461542180293800e-01,8.375424351138296419e-01,2.244394760762550012e-01
4.947771681802645150e-01,8.427523194279230578e-01,2.120473577915419350e-01
4.913609776606697177e-01,8.477326757442323890e-01,1.997841337741184664e-01
4.879023430483661050e-01,8.524887092823100199e-01,1.876547473262946686e-01
4.844058842200676951e-01,8.570257951585812384e-01,1.756636722995849886e-01
4.808760726145009379e-01,8.613494487490511720e-01,1.638149258357091131e-01
4.773172247236167620e-01,8.654652975757887168e-01,1.521120826042295093e-01
4.737334969253373940e-01,8.693790547970478011e-01,1.405582902965286929e-01
4.701288815762372786e-01,8.730964943558692237e-01,1.291562861473179447e-01
4.665072042780484263e-01,8.766234278191898932e-01,1.179084142680781738e-01
4.628721222290553827e-01,8.799656829189733687e-01,1.068166435913204676e-01
4.592271235701209098e-01,8.831290837886940359e-01,9.588258623991535723e-02
4.555755276350831884e-01,8.861194328726342828e-01,8.510751615160894179e-02
4.519204860164098281e-01,8.889424944718391508e-01,7.449238780490272105e-02
4.482649843591067218e-01,8.916039798791024484e-01,6.403785490844382533e-02
4.446118447987968958e-01,8.941095340459321861e-01,5.374428893172270016e-02
4.409637289634458779e-01,8.964647237168954508e-01,4.361179737001112666e-02
4.373231414622726354e-01,8.986750269609338204e-01,3.364024165094404994e-02
4.336924337898183657e-01,9.007458240250073578e-01,2.382925460383617314e-02
4.300738085778311182e-01,9.026823894325906039e-01,1.417825742564278457e-02
4.264693241324579165e-01,9.044898852479602569e-01,4.686476089367669698e-03
4.377694696167218069e-01,4.707198598029266844e-03,8.990749322235899177e-01
4.414628803779222510e-01,1.424073807670716771e-02,8.971664988325516177e-01
4.451697549435441603e-01,2.393385779266366670e-02,8.951262814456211192e-01
4.488879159787644291e-01,3.378726249302527879e-02,8.929490801728109384e-01
4.526150361212540885e-01,4.380145510850845525e-02,8.906295872063386687e-01
4.563486334690574631e-01,5.397672008773797547e-02,8.881623941709612113e-01
4.600860673911724152e-01,6.431310619446496679e-02,8.855420006776330011e-01
4.638245347273027286e-01,7.481040882698430927e-02,8.827628241584148938e-01
4.675610664481432699e-01,8.546815193138102007e-02,8.798192110583340497e-01
4.712925248522538135e-01,9.628556959347120414e-02,8.767054494563431000e-01
4.750156013799499144e-01,1.072615874083757831e-01,8.734157831824885809e-01
4.787268151285718476e-01,1.183948037414747634e-01,8.699444274917058628e-01
4.824225121568418984e-01,1.296834710099037391e-01,8.662855863461570438e-01
4.860988656686286991e-01,1.411254771296018840e-01,8.624334713475670933e-01
4.897518771681399485e-01,1.527183272889898746e-01,8.583823223484603471e-01
4.933773786791915139e-01,1.644591262263971621e-01,8.541264297564498120e-01
4.969710361205567084e-01,1.763445612040685229e-01,8.496601585286936986e-01
5.005283539273170934e-01,1.883708858866247060e-01,8.449779738342879654e-01
5.040446810044166837e-01,2.005339053458431720e-01,8.400744683406944358e-01
5.075152180930999624e-01,2.128289624261387181e-01,8.349443910563902893e-01
5.109350266234291560e-01,2.252509257157053191e-01,8.295826776358903309e-01
5.142990391164810049e-01,2.377941793764374312e-01,8.239844820253297009e-01
5.176020711880238157e-01,2.504526150909792692e-01,8.181452092971990275e-01
5.208388351913817438e-01,2.632196263870423825e-01,8.120605494919392875e-01
5.240039555207969268e-01,2.760881055969789943e-01,8.057265122524082113e-01
5.270919855779253593e-01,2.890504437040236074e-01,7.991394620052416631e-01
5.300974263832423095e-01,3.020985333151811059e-01,7.922961534115127158e-01
5.330147467912574877e-01,3.152237749840769987e-01,7.851937667785191532e-01
5.358384052437914491e-01,3.284170870849044688e-01,7.778299430958264260e-01
5.385628729694594830e-01,3.416689194107323524e-01,7.702028183326677935e-01
5.411826585103569620e-01,3.549692706358255068e-01,7.623110566113630027e-01
5.436923334292235177e-01,3.683077097423771984e-01,7.541538818534390121e-01
5.460865590226315902e-01,3.816734014674306730e-01,7.457311074825184738e-01
5.483601138386331453e-01,3.950551357762195348e-01,7.370431637616036147e-01
5.505079217714711204e-01,4.084413613143172417e-01,7.280911223429133994e-01
5.525250804821328909e-01,4.218202227336713128e-01,7.188767176165384853e-01
5.544068898724182626e-01,4.351796017278121709e-01,7.094023644604061651e-01
5.561488803225300703e-01,4.485071615504274689e-01,6.996711720186669092e-01
5.577468403886561843e-01,4.617903947303927392e-01,6.896869531687683796e-01
5.591968436482180893e-01,4.750166736366583375e-01,6.794542293790176712e-01
5.604952743769464618e-01,4.881733034895985313e-01,6.689782307079683576e-01
5.616388517441327499e-01,5.012475773630431508e-01,6.582648907538759531e-01
5.626246522205684553e-01,5.142268326747131413e-01,6.473208364258152825e-01
5.641131345188994395e-01,5.398502040019574899e-01,6.247704608112542024e-01
5.646119267627006666e-01,5.524697347893091637e-01,6.131806946562662342e-01
5.649451909237960257e-01,5.649451909237960257e-01,6.013932677575892782e-01
5.651120444559676326e-01,5.772649916485691479e-01,5.894179388411705522e-01
5.651120444559676326e-01,5.894179388411705522e-01,5.772649916485691479e-01
5.649451909237960257e-01,6.013932677575892782e-01,5.649451909237960257e-01
5.646119267627006666e-01,6.131806946562662342e-01,5.524697347893091637e-01
5.641131345188994395e-01,6.247704608112542024e-01,5.398502040019574899e-01
5.634501299079570646e-01,6.361533724767256537e-01,5.270985086235726591e-01
5.626246522205684553e-01,6.473208364258152825e-01,5.142268326747131413e-01
5.616388517441327499e-01,6.582648907538759531e-01,5.012475773630431508e-01
5.604952743769464618e-01,6.689782307079683576e-01,4.881733034895985313e-01
5.591968436482180893e-01,6.794542293790176712e-01,4.750166736366583375e-01
5.577468403886561843e-01,6.896869531687683796e-01,4.617903947303927392e-01
5.561488803225300703e-01,6.996711720186669092e-01,4.485071615504274689e-01
5.544068898724182626e-01,7.094023644604061651e-01,4.351796017278121709e-01
5.525250804821328909e-01,7.188767176165384853e-01,4.218202227336713128e-01
5.505079217714711204e-01,7.280911223429133994e-01,4.084413613143172417e-01
5.483601138386331453e-01,7.370431637616036147e-01,3.950551357762195348e-01
5.460865590226315902e-01,7.457311074825184738e-01,3.816734014674306730e-01
5.436923334292235177e-01,7.541538818534390121e-01,3.683077097423771984e-01
5.411826585103569620e-01,7.623110566113630027e-01,3.549692706358255068e-01
5.385628729694594830e-01,7.702028183326677935e-01,3.416689194107323524e-01
5.358384052437914491e-01,7.778299430958264260e-01,3.284170870849044688e-01
5.330147467912574877e-01,7.851937667785191532e-01,3.152237749840769987e-01
5.300974263832423095e-01,7.922961534115127158e-01,3.020985333151811059e-01
5.270919855779253593e-01,7.991394620052416631e-01,2.890504437040236074e-01
5.240039555207969268e-01,8.057265122524082113e-01,2.760881055969789943e-01
5.208388351913817438e-01,8.120605494919392875e-01,2.632196263870423825e-01
5.176020711880238157e-01,8.181452092971990275e-01,2.504526150909792692e-01
5.142990391164810049e-01,8.239844820253297009e-01,2.377941793764374312e-01
5.109350266234291560e-01,8.295826776358903309e-01,2.252509257157053191e-01
5.075152180930999624e-01,8.349443910563902893e-01,2.128289624261387181e-01
5.040446810044166837e-01,8.400744683406944358e-01,2.005339053458431720e-01
5.005283539273170934e-01,8.449779738342879654e-01,1.883708858866247060e-01
4.969710361205567084e-01,8.496601585286936986e-01,1.763445612040685229e-01
4.933773786791915139e-01,8.541264297564498120e-01,1.644591262263971621e-01
4.897518771681399485e-01,8.583823223484603471e-01,1.527183272889898746e-01
4.860988656686286991e-01,8.624334713475670933e-01,1.411254771296018840e-01
4.824225121568418984e-01,8.662855863461570438e-01,1.296834710099037391e-01
4.787268151285718476e-01,8.699444274917058628e-01,1.183948037414747634e-01
4.750156013799499144e-01,8.734157831824885809e-01,1.072615874083757831e-01
4.712925248522538135e-01,8.767054494563431000e-01,9.628556959347120414e-02
4.675610664481432699e-01,8.798192110583340497e-01,8.546815193138102007e-02
4.638245347273027286e-01,8.827628241584148938e-01,7.481040882698430927e-02
4.600860673911724152e-01,8.855420006776330011e-01,6.431310619446496679e-02
4.563486334690574631e-01,8.881623941709612113e-01,5.397672008773797547e-02
4.526150361212540885e-01,8.906295872063386687e-01,4.380145510850845525e-02
4.488879159787644291e-01,8.929490801728109384e-01,3.378726249302527879e-02
4.451697549435441603e-01,8.951262814456211192e-01,2.393385779266366670e-02
4.414628803779222510e-01,8.971664988325516177e-01,1.424073807670716771e-02
4.377694696167218069e-01,8.990749322235899177e-01,4.707198598029266844e-03
4.490985401193656745e-01,4.727353053888059924e-03,8.934697271848432987e-01
4.528792910880716782e-01,1.430145129751805334e-02,8.914571308786253256e-01
4.566727177256842407e-01,2.403540619608864407e-02,8.893100292552797992e-01
4.604765195934698019e-01,3.392984881215040799e-02,8.870231903747891611e-01
4.642882405938569268e-01,4.398520174047065856e-02,8.845912794472432505e-01
4.681052645133493839e-01,5.420166220680887326e-02,8.820088668198898807e-01
4.719248109283463721e-01,6.457918465335266145e-02,8.792704372033400828e-01
4.757439315443277028e-01,7.511746287542016287e-02,8.763704002132352011e-01
4.795595070437719265e-01,8.581591178678023291e-02,8.733031023007635785e-01
4.833682445228317803e-01,9.667364890456635329e-02,8.700628401410972490e-01
4.871666756010546440e-01,1.076894756591805086e-01,8.666438755429287655e-01
4.909511552921821953e-01,1.188618586496862084e-01,8.630404519346781544e-01
4.947178617271307255e-01,1.301889109808238854e-01,8.592468124734375934e-01
4.984627968224855654e-01,1.416683738337590481e-01,8.552572198112120549e-01
5.058704909750909584e-01,1.650735286339770347e-01,8.466674533162048544e-01
5.095243939372723352e-01,1.769926842097893360e-01,8.420561036647552511e-01
5.131388228299033072e-01,1.890511452531222769e-01,8.372265004066844485e-01
5.167089481977165111e-01,2.012445377191106333e-01,8.321733586763223611e-01
5.202297934513384625e-01,2.135680204694968554e-01,8.268915664331800697e-01
5.236962446956242578e-01,2.260162740265325709e-01,8.213762153647159447e-01
5.271030621701847663e-01,2.385834912980836497e-01,8.156226330422859938e-01
5.304448933482057704e-01,2.512633705333606748e-01,8.096264161630509770e-01
5.337162877240726466e-01,2.640491107687517602e-01,8.033834646793935885e-01
5.369117133023869615e-01,2.769334100191258585e-01,7.968900165856479534e-01
5.400255747807336526e-01,2.899084664612359696e-01,7.901426831002313911e-01
5.430522333961826931e-01,3.029659828420808720e-01,7.831384839502845141e-01
5.459860283811741599e-01,3.160971743259429756e-01,7.758748824364054553e-01
5.488212999484517463e-01,3.292927799690710811e-01,7.683498199278324670e-01
5.515524136974190306e-01,3.425430779805023196e-01,7.605617494143356305e-01
5.541737863061831915e-01,3.558379048913387077e-01,7.525096677210276752e-01
5.566799123451200426e-01,3.691666787130795657e-01,7.441931459771604640e-01
5.590653920196746451e-01,3.825184261187247747e-01,7.356123579206246266e-01
5.613249596229524796e-01,3.958818136288191347e-01,7.267681056170858245e-01
5.634535124531724337e-01,4.092451827291463395e-01,7.176618421771986389e-01
5.654461399279839817e-01,4.225965887882827676e-01,7.082956910676851958e-01
5.672981526077314207e-01,4.359238435827831326e-01,6.986724616326798198e-01
5.690051108237058619e-01,4.492145611766098501e-01,6.887956604708017627e-01
5.705628525959252073e-01,4.624562068409078242e-01,6.786694983509425905e-01
5.719675205186215416e-01,4.756361486418010931e-01,6.682988923954420457e-01
5.732155872908848426e-01,4.887417112690702337e-01,6.576894633126995071e-01
5.743038795751704839e-01,5.017602316288332087e-01,6.468475275215078701e-01
5.752295998778389485e-01,5.146791156801716616e-01,6.357800840755061245e-01
5.759903461635912381e-01,5.274858959603414554e-01,6.244947963668410207e-01
5.765841289394554314e-01,5.401682892169634709e-01,6.129999686619473920e-01
5.770093855735388688e-01,5.527142535493898556e-01,6.013045175976877710e-01
5.772649916485691479e-01,5.651120444559676326e-01,5.894179388411705522e-01
5.773502691896257311e-01,5.773502691896257311e-01,5.773502691896257311e-01
5.772649916485691479e-01,5.894179388411705522e-01,5.651120444559676326e-01
5.770093855735388688e-01,6.013045175976877710e-01,5.527142535493898556e-01
5.765841289394554314e-01,6.129999686619473920e-01,5.401682892169634709e-01
5.759903461635912381e-01,6.244947963668410207e-01,5.274858959603414554e-01
5.752295998778389485e-01,6.357800840755061245e-01,5.146791156801716616e-01
5.743038795751704839e-01,6.468475275215078701e-01,5.017602316288332087e-01
5.732155872908848426e-01,6.576894633126995071e-01,4.887417112690702337e-01
5.719675205186215416e-01,6.682988923954420457e-01,4.756361486418010931e-01
5.705628525959252073e-01,6.786694983509425905e-01,4.624562068409078242e-01
5.690051108237058619e-01,6.887956604708017627e-01,4.492145611766098501e-01
5.672981526077314207e-01,6.986724616326798198e-01,4.359238435827831326e-01
5.654461399279839817e-01,7.082956910676851958e-01,4.225965887882827676e-01
5.634535124531724337e-01,7.176618421771986389e-01,4.092451827291463395e-01
5.613249596229524796e-01,7.267681056170858245e-01,3.958818136288191347e-01
5.590653920196746451e-01,7.356123579206246266e-01,3.825184261187247747e-01
5.566799123451200426e-01,7.441931459771604640e-01,3.691666787130795657e-01
5.541737863061831915e-01,7.525096677210276752e-01,3.558379048913387077e-01
5.515524136974190306e-01,7.605617494143356305e-01,3.425430779805023196e-01
5.488212999484517463e-01,7.683498199278324670e-01,3.292927799690710811e-01
5.459860283811741599e-01,7.758748824364054553e-01,3.160971743259429756e-01
5.430522333961826931e-01,7.831384839502845141e-01,3.029659828420808720e-01
5.400255747807336526e-01,7.901426831002313911e-01,2.899084664612359696e-01
5.369117133023869615e-01,7.968900165856479534e-01,2.769334100191258585e-01
5.337162877240726466e-01,8.033834646793935885e-01,2.640491107687517602e-01
5.304448933482057704e-01,8.096264161630509770e-01,2.512633705333606748e-01
5.271030621701847663e-01,8.156226330422859938e-01,2.385834912980836497e-01
5.236962446956242578e-01,8.213762153647159447e-01,2.260162740265325709e-01
5.202297934513384625e-01,8.268915664331800697e-01,2.135680204694968554e-01
5.167089481977165111e-01,8.321733586763223611e-01,2.012445377191106333e-01
5.131388228299033072e-01,8.372265004066844485e-01,1.890511452531222769e-01
5.095243939372723352e-01,8.420561036647552511e-01,1.769926842097893360e-01
5.058704909750909584e-01,8.466674533162048544e-01,1.650735286339770347e-01
4.984627968224855654e-01,8.552572198112120549e-01,1.416683738337590481e-01
4.947178617271307255e-01,8.592468124734375934e-01,1.301889109808238854e-01
4.909511552921821953e-01,8.630404519346781544e-01,1.188618586496862084e-01
4.871666756010546440e-01,8.666438755429287655e-01,1.076894756591805086e-01
4.833682445228317803e-01,8.700628401410972490e-01,9.667364890456635329e-02
4.795595070437719265e-01,8.733031023007635785e-01,8.581591178678023291e-02
4.757439315443277028e-01,8.763704002132352011e-01,7.511746287542016287e-02
4.719248109283463721e-01,8.792704372033400828e-01,6.457918465335266145e-02
4.681052645133493839e-01,8.820088668198898807e-01,5.420166220680887326e-02
4.642882405938569268e-01,8.845912794472432505e-01,4.398520174047065856e-02
4.604765195934698019e-01,8.870231903747891611e-01,3.392984881215040799e-02
4.566727177256842407e-01,8.893100292552797992e-01,2.403540619608864407e-02
4.528792910880716782e-01,8.914571308786253256e-01,1.430145129751805334e-02
4.490985401193656745e-01,8.934697271848432987e-01,4.727353053888059924e-03
4.604505311468651274e-01,4.746912692235722570e-03,8.876726734480802072e-01
4.643168411776751325e-01,1.436031467559819967e-02,8.855527383285556331e-01
4.681949231176359971e-01,2.413375892358948435e-02,8.832955766033750988e-01
4.720823495028133587e-01,3.406779841772879930e-02,8.808959305155590336e-01
4.759765316827803683e-01,4.416277098087652980e-02,8.783484450640998142e-01
4.798747154510077939e-01,5.441878216454727746e-02,8.756476766477152562e-01
4.837739770811652074e-01,6.483568765005306989e-02,8.727881029814836822e-01
4.876712198437623269e-01,7.541307523357149156e-02,8.697641343605245767e-01
4.915631710824582834e-01,8.615024647836898308e-02,8.665701263412408650e-01
4.954463799339262620e-01,9.704619813138762319e-02,8.632003939055004071e-01
4.993172157792631349e-01,1.080996034161291336e-01,8.596492271663601636e-01
5.031718675184265743e-01,1.193087933291114427e-01,8.559109086653646781e-01
5.070063437619030111e-01,1.306717380829647002e-01,8.519797323009298262e-01
5.108164740355868316e-01,1.421860288552664331e-01,8.478500239147369610e-01
5.145979110955007929e-01,1.538488600182425226e-01,8.435161635482951725e-01
5.183461344483225597e-01,1.656570120401855695e-01,8.389726093648107730e-01
5.220564551715027868e-01,1.776068352645318593e-01,8.342139232121951187e-01
5.257240221228861587e-01,1.896942347866084067e-01,8.292347977814596982e-01
5.293438296239859620e-01,2.019146566606956905e-01,8.240300852909473450e-01
5.329107266932540110e-01,2.142630756807928638e-01,8.185948276009779034e-01
5.364194278956844197e-01,2.267339849868356960e-01,8.129242876357279934e-01
5.398645258627775556e-01,2.393213877536024270e-01,8.070139819598221020e-01
5.432405055221938284e-01,2.520187912216363402e-01,8.008597143265332452e-01
5.465417600593258651e-01,2.648192033277145807e-01,7.944576099831437421e-01
5.497626086135350976e-01,2.777151321862187383e-01,7.878041504874369050e-01
5.528973156900484076e-01,2.906985886617780568e-01,7.808962087581096112e-01
5.559401122446449017e-01,3.037610922573832917e-01,7.737310840518254462e-01
5.588852183725567802e-01,3.168936805205218588e-01,7.663065365314437605e-01
5.617268675057802696e-01,3.300869221425719036e-01,7.586208210645073446e-01
5.644593319946733523e-01,3.433309338936673116e-01,7.506727198692046965e-01
5.670769499208030417e-01,3.566154014965874364e-01,7.424615736076493056e-01
5.695741529590888641e-01,3.699296044992020360e-01,7.339873105142897813e-01
5.719454950790043846e-01,3.832624451560339152e-01,7.252504731414179950e-01
5.741856818476633872e-01,3.966024812762211083e-01,7.162522423048172104e-01
5.762896000727621981e-01,4.099379629383566592e-01,7.069944578212237207e-01
5.782523475013394698e-01,4.232568729133515673e-01,6.974796356459455060e-01
5.800692622718862657e-01,4.365469705757494268e-01,6.877109810439887561e-01
5.817359518032220178e-01,4.497958390231098225e-01,6.776923974614854629e-01
5.832483207943779391e-01,4.629909350635784127e-01,6.674284908059376908e-01
5.846025980060624017e-01,4.761196416750405058e-01,6.569245688934103322e-01
5.857953614965685230e-01,4.891693224868252643e-01,6.461866358776580110e-01
5.868235619934961678e-01,5.021273777882492295e-01,6.352213815393514817e-01
5.876845440975465573e-01,5.149813015287779683e-01,6.240361653819308518e-01
5.883760650358412780e-01,5.277187387434865151e-01,6.126389955527832276e-01
5.888963107094834504e-01,5.403275428159177718e-01,6.010385026828748423e-01
5.892439088129914904e-01,5.527958319791982378e-01,5.892439088129914904e-01
5.894179388411705522e-01,5.651120444559676326e-01,5.772649916485691479e-01
5.894179388411705522e-01,5.772649916485691479e-01,5.651120444559676326e-01
5.892439088129914904e-01,5.892439088129914904e-01,5.527958319791982378e-01
5.888963107094834504e-01,6.010385026828748423e-01,5.403275428159177718e-01
5.883760650358412780e-01,6.126389955527832276e-01,5.277187387434865151e-01
5.876845440975465573e-01,6.240361653819308518e-01,5.149813015287779683e-01
5.857953614965685230e-01,6.461866358776580110e-01,4.891693224868252643e-01
5.846025980060624017e-01,6.569245688934103322e-01,4.761196416750405058e-01
5.832483207943779391e-01,6.674284908059376908e-01,4.629909350635784127e-01
5.817359518032220178e-01,6.776923974614854629e-01,4.497958390231098225e-01
5.800692622718862657e-01,6.877109810439887561e-01,4.365469705757494268e-01
5.782523475013394698e-01,6.974796356459455060e-01,4.232568729133515673e-01
5.762896000727621981e-01,7.069944578212237207e-01,4.099379629383566592e-01
5.741856818476633872e-01,7.162522423048172104e-01,3.966024812762211083e-01
5.719454950790043846e-01,7.252504731414179950e-01,3.832624451560339152e-01
5.695741529590888641e-01,7.339873105142897813e-01,3.699296044992020360e-01
5.670769499208030417e-01,7.424615736076493056e-01,3.566154014965874364e-01
5.644593319946733523e-01,7.506727198692046965e-01,3.433309338936673116e-01
5.617268675057802696e-01,7.586208210645073446e-01,3.300869221425719036e-01
5.588852183725567802e-01,7.663065365314437605e-01,3.168936805205218588e-01
5.559401122446449017e-01,7.737310840518254462e-01,3.037610922573832917e-01
5.528973156900484076e-01,7.808962087581096112e-01,2.906985886617780568e-01
5.497626086135350976e-01,7.878041504874369050e-01,2.777151321862187383e-01
5.465417600593258651e-01,7.944576099831437421e-01,2.648192033277145807e-01
5.432405055221938284e-01,8.008597143265332452e-01,2.520187912216363402e-01
5.398645258627775556e-01,8.070139819598221020e-01,2.393213877536024270e-01
5.364194278956844197e-01,8.129242876357279934e-01,2.267339849868356960e-01
5.329107266932540110e-01,8.185948276009779034e-01,2.142630756807928638e-01
5.293438296239859620e-01,8.240300852909473450e-01,2.019146566606956905e-01
5.257240221228861587e-01,8.292347977814596982e-01,1.896942347866084067e-01
5.220564551715027868e-01,8.342139232121951187e-01,1.776068352645318593e-01
5.183461344483225597e-01,8.389726093648107730e-01,1.656570120401855695e-01
5.145979110955007929e-01,8.435161635482951725e-01,1.538488600182425226e-01
5.108164740355868316e-01,8.478500239147369610e-01,1.421860288552664331e-01
5.070063437619030111e-01,8.519797323009298262e-01,1.306717380829647002e-01
5.031718675184265743e-01,8.559109086653646781e-01,1.193087933291114427e-01
4.993172157792631349e-01,8.596492271663601636e-01,1.080996034161291336e-01
4.954463799339262620e-01,8.632003939055004071e-01,9.704619813138762319e-02
4.915631710824582834e-01,8.665701263412408650e-01,8.615024647836898308e-02
4.876712198437623269e-01,8.697641343605245767e-01,7.541307523357149156e-02
4.837739770811652074e-01,8.727881029814836822e-01,6.483568765005306989e-02
4.798747154510077939e-01,8.756476766477152562e-01,5.441878216454727746e-02
4.759765316827803683e-01,8.783484450640998142e-01,4.416277098087652980e-02
4.720823495028133587e-01,8.808959305155590336e-01,3.406779841772879930e-02
4.681949231176359971e-01,8.832955766033750988e-01,2.413375892358948435e-02
4.643168411776751325e-01,8.855527383285556331e-01,1.436031467559819967e-02
4.604505311468651274e-01,8.876726734480802072e-01,4.746912692235722570e-03
4.718192411559562482e-01,4.765850920767234454e-03,8.816824203419384443e-01
4.757691319204944147e-01,1.441724642183316377e-02,8.794520317318229585e-01
4.797297710701224349e-01,2.422877631667284815e-02,8.770817026635571168e-01
4.836986003855043292e-01,3.420091113836899038e-02,8.745661562525784971e-01
4.876728950719952382e-01,4.433389955199956711e-02,8.719000245226581347e-01
4.916497595123579534e-01,5.462775105692866534e-02,8.690778577238650326e-01
4.956261234711344388e-01,6.508221823358331659e-02,8.660941349546087409e-01
4.995987388290326070e-01,7.569677861045949474e-02,8.629432761592381596e-01
5.035641769305108095e-01,8.647061624059275420e-02,8.596196555682457108e-01
5.075188266321626340e-01,9.740260309102109770e-02,8.561176166421328171e-01
5.114588931433790009e-01,1.084912803637470696e-01,8.524314885722984458e-01
5.153803977539385128e-01,1.197348398822281335e-01,8.485556043827472417e-01
5.192791785454732301e-01,1.311311056933013031e-01,8.444843206648604550e-01
5.231508921850065441e-01,1.426775160504563378e-01,8.402120389637983688e-01
5.269910168987549381e-01,1.543711059602413393e-01,8.357332288192376168e-01
5.307948567229477943e-01,1.662084904890038517e-01,8.310424524450191752e-01
5.345575471253439792e-01,1.781858490417813357e-01,8.261343910118952305e-01
5.382740620862218606e-01,1.902989108385632622e-01,8.210038724749444405e-01
5.419392227207132651e-01,2.025429418249130309e-01,8.156459008624876716e-01
5.455477075152864730e-01,2.149127332635976939e-01,8.100556869166374296e-01
5.490940642398116633e-01,2.274025922609320960e-01,8.042286799471988212e-01
5.525727235828914452e-01,2.400063344854982961e-01,7.981606007308431616e-01
5.559780145419314090e-01,2.527172793372415849e-01,7.918474752566901920e-01
5.593041815807856532e-01,2.655282478211810626e-01,7.852856690881738766e-01
5.656958143157954089e-01,2.914190558596521652e-01,7.714033831579028000e-01
5.687495251083445336e-01,3.044820689973965488e-01,7.640776448425233847e-01
5.717006483935410666e-01,3.176114713297449876e-01,7.564927771672108614e-01
5.745433232683292424e-01,3.307976709726743736e-01,7.486473606223683630e-01
5.772717421711131003e-01,3.440306342231885806e-01,7.405405177346602308e-01
5.798801787589407120e-01,3.572999081241957642e-01,7.321719428774503546e-01
5.823630167483491160e-01,3.705946470216767152e-01,7.235419298994639759e-01
5.847147794917824104e-01,3.839036431006652705e-01,7.146513971566229584e-01
5.869301600350576020e-01,3.972153608318066409e-01,7.055019095370893556e-01
5.890040513774291719e-01,4.105179752024506468e-01,6.960956970824162537e-01
5.909315766351549426e-01,4.237994135464242529e-01,6.864356698287152891e-01
5.927081187928354700e-01,4.370474007260302107e-01,6.765254285211153018e-01
5.943293497148978144e-01,4.502495073597710951e-01,6.663692708924612296e-01
5.957912580830149185e-01,4.633932007312338563e-01,6.559721932429154467e-01
5.970901759245315077e-01,4.764658979599796784e-01,6.453398871103521728e-01
5.982228034024449359e-01,4.894550209656367556e-01,6.344787308813809590e-01
5.991862315494166369e-01,5.023480527131473083e-01,6.233957762584839690e-01
5.999779626466786864e-01,5.151325941915928519e-01,6.120987295688338214e-01
6.005959279734124356e-01,5.277964215523928138e-01,6.005959279734124356e-01
6.010385026828748423e-01,5.403275428159177718e-01,5.888963107094834504e-01
6.013045175976877710e-01,5.527142535493898556e-01,5.770093855735388688e-01
6.013932677575892782e-01,5.649451909237960257e-01,5.649451909237960257e-01
6.013045175976877710e-01,5.770093855735388688e-01,5.527142535493898556e-01
6.010385026828748423e-01,5.888963107094834504e-01,5.403275428159177718e-01
6.005959279734124356e-01,6.005959279734124356e-01,5.277964215523928138e-01
5.999779626466786864e-01,6.120987295688338214e-01,5.151325941915928519e-01
5.991862315494166369e-01,6.233957762584839690e-01,5.023480527131473083e-01
5.982228034024449359e-01,6.344787308813809590e-01,4.894550209656367556e-01
5.970901759245315077e-01,6.453398871103521728e-01,4.764658979599796784e-01
5.957912580830149185e-01,6.559721932429154467e-01,4.633932007312338563e-01
5.943293497148978144e-01,6.663692708924612296e-01,4.502495073597710951e-01
5.927081187928354700e-01,6.765254285211153018e-01,4.370474007260302107e-01
5.909315766351549426e-01,6.864356698287152891e-01,4.237994135464242529e-01
5.890040513774291719e-01,6.960956970824162537e-01,4.105179752024506468e-01
5.869301600350576020e-01,7.055019095370893556e-01,3.972153608318066409e-01
5.847147794917824104e-01,7.146513971566229584e-01,3.839036431006652705e-01
5.823630167483491160e-01,7.235419298994639759e-01,3.705946470216767152e-01
5.798801787589407120e-01,7.321719428774503546e-01,3.572999081241957642e-01
5.772717421711131003e-01,7.405405177346602308e-01,3.440306342231885806e-01
5.745433232683292424e-01,7.486473606223683630e-01,3.307976709726743736e-01
5.717006483935410666e-01,7.564927771672108614e-01,3.176114713297449876e-01
5.687495251083445336e-01,7.640776448425233847e-01,3.044820689973965488e-01
5.656958143157954089e-01,7.714033831579028000e-01,2.914190558596521652e-01
5.625454035467971625e-01,7.784719220799112271e-01,2.784315633716470950e-01
5.593041815807856532e-01,7.852856690881738766e-01,2.655282478211810626e-01
5.559780145419314090e-01,7.918474752566901920e-01,2.527172793372415849e-01
5.525727235828914452e-01,7.981606007308431616e-01,2.400063344854982961e-01
5.490940642398116633e-01,8.042286799471988212e-01,2.274025922609320960e-01
5.455477075152864730e-01,8.100556869166374296e-01,2.149127332635976939e-01
5.419392227207132651e-01,8.156459008624876716e-01,2.025429418249130309e-01
5.382740620862218606e-01,8.210038724749444405e-01,1.902989108385632622e-01
5.345575471253439792e-01,8.261343910118952305e-01,1.781858490417813357e-01
5.307948567229477943e-01,8.310424524450191752e-01,1.662084904890038517e-01
5.269910168987549381e-01,8.357332288192376168e-01,1.543711059602413393e-01
5.231508921850065441e-01,8.402120389637983688e-01,1.426775160504563378e-01
5.192791785454732301e-01,8.444843206648604550e-01,1.311311056933013031e-01
5.153803977539385128e-01,8.485556043827472417e-01,1.197348398822281335e-01
5.114588931433790009e-01,8.524314885722984458e-01,1.084912803637470696e-01
5.075188266321626340e-01,8.561176166421328171e-01,9.740260309102109770e-02
5.035641769305108095e-01,8.596196555682457108e-01,8.647061624059275420e-02
4.995987388290326070e-01,8.629432761592381596e-01,7.569677861045949474e-02
4.956261234711344388e-01,8.660941349546087409e-01,6.508221823358331659e-02
4.916497595123579534e-01,8.690778577238650326e-01,5.462775105692866534e-02
4.876728950719952382e-01,8.719000245226581347e-01,4.433389955199956711e-02
4.836986003855043292e-01,8.745661562525784971e-01,3.420091113836899038e-02
4.757691319204944147e-01,8.794520317318229585e-01,1.441724642183316377e-02
4.718192411559562482e-01,8.816824203419384443e-01,4.765850920767234454e-03
4.831982817895643101e-01,4.784141403857072351e-03,8.754978769058442412e-01
4.872295764484732006e-01,1.447216563708336214e-02,8.731539934373628853e-01
4.912704724249964960e-01,2.432032041707903394e-02,8.706674709314293770e-01
4.953182772439394532e-01,3.432898951195619691e-02,8.680330205166066904e-01
4.993701266418589246e-01,4.449832811660128784e-02,8.652452689339139580e-01
5.034229804792406116e-01,5.482824539872917929e-02,8.622987685436498406e-01
5.074736191527322582e-01,6.531838662361899583e-02,8.591880086645268255e-01
5.115186405896264832e-01,7.596811493905343549e-02,8.559074283133354388e-01
5.155544579114891279e-01,8.677649291579520030e-02,8.524514304081057814e-01
5.195772978580441848e-01,9.774226395349344676e-02,8.488143974908641809e-01
5.235832000660093355e-01,1.088638336770910431e-01,8.449907090174210156e-01
5.275680173003569617e-01,1.201392514644377268e-01,8.409747602510641018e-01
5.315274167372757708e-01,1.315661922617019086e-01,8.367609827844241233e-01
5.354568823987382320e-01,1.431419388590686181e-01,8.323438666990287116e-01
5.393517188378471605e-01,1.548633648148274033e-01,8.277179843551120131e-01
5.432070561718305157e-01,1.667269182309578934e-01,8.228780157850501542e-01
5.470178565554988381e-01,1.787286065973412164e-01,8.178187756423794808e-01
5.507789221819707759e-01,1.908639829343463101e-01,8.125352416347885187e-01
5.544849048893424337e-01,2.031281334743135769e-01,8.070225843438945112e-01
5.581303174415832569e-01,2.155156671309083893e-01,8.012761983072235195e-01
5.617095465391556131e-01,2.280207070109443734e-01,7.952917342089035335e-01
5.652168675996166458e-01,2.406368842255793561e-01,7.890651319955043208e-01
5.686464613307291582e-01,2.533573342562654429e-01,7.825926547026865743e-01
5.719924320984347554e-01,2.661746961250142096e-01,7.758709227473817860e-01
5.752488280695130518e-01,2.790811146079815730e-01,7.688969484097452067e-01
5.784096630840644959e-01,2.920682457157157130e-01,7.616681701998077036e-01
5.814689401863568641e-01,3.051272656423457130e-01,7.541824867763639029e-01
5.844206767144248804e-01,3.182488833593402622e-01,7.464382900609980442e-01
5.872589308195405033e-01,3.314233569971664628e-01,7.384344971691252368e-01
5.899778292568034210e-01,3.446405141203109368e-01,7.301705807633706025e-01
5.925715962582279728e-01,3.578897759579396931e-01,7.216465974233865488e-01
5.950345832705111748e-01,3.711601856043782455e-01,7.128632136211074943e-01
5.973612993118621040e-01,3.844404401511983815e-01,7.038217288921939652e-01
5.995464416766412841e-01,3.977189266567818238e-01,6.945240958036339451e-01
6.015849266938624318e-01,4.109837618007575188e-01,6.849729363345957722e-01
6.034719202266308757e-01,4.242228350107998813e-01,6.751715543129632735e-01
6.052028675850603667e-01,4.374238547892020934e-01,6.651239435835811786e-01
6.067735225157997458e-01,4.505743979077720396e-01,6.548347916259620316e-01
6.081799749275679234e-01,4.636619610833933591e-01,6.443094783886115229e-01
6.094186770145196830e-01,4.766740146945253054e-01,6.335540701636096506e-01
6.104864674481075282e-01,4.895980580524427195e-01,6.225753083876740535e-01
6.113805933235357815e-01,5.024216757015194101e-01,6.113805933235357815e-01
6.120987295688338214e-01,5.151325941915928519e-01,5.999779626466786864e-01
6.126389955527832276e-01,5.277187387434865151e-01,5.883760650358412780e-01
6.129999686619473920e-01,5.401682892169634709e-01,5.765841289394554314e-01
6.131806946562662342e-01,5.524697347893091637e-01,5.646119267627006666e-01
6.131806946562662342e-01,5.646119267627006666e-01,5.524697347893091637e-01
6.129999686619473920e-01,5.765841289394554314e-01,5.401682892169634709e-01
6.126389955527832276e-01,5.883760650358412780e-01,5.277187387434865151e-01
6.120987295688338214e-01,5.999779626466786864e-01,5.151325941915928519e-01
6.113805933235357815e-01,6.113805933235357815e-01,5.024216757015194101e-01
6.104864674481075282e-01,6.225753083876740535e-01,4.895980580524427195e-01
6.094186770145196830e-01,6.335540701636096506e-01,4.766740146945253054e-01
6.081799749275679234e-01,6.443094783886115229e-01,4.636619610833933591e-01
6.067735225157997458e-01,6.548347916259620316e-01,4.505743979077720396e-01
6.052028675850603667e-01,6.651239435835811786e-01,4.374238547892020934e-01
6.034719202266308757e-01,6.751715543129632735e-01,4.242228350107998813e-01
6.015849266938624318e-01,6.849729363345957722e-01,4.109837618007575188e-01
5.995464416766412841e-01,6.945240958036339451e-01,3.977189266567818238e-01
5.973612993118621040e-01,7.038217288921939652e-01,3.844404401511983815e-01
5.950345832705111748e-01,7.128632136211074943e-01,3.711601856043782455e-01
5.925715962582279728e-01,7.216465974233865488e-01,3.578897759579396931e-01
5.899778292568034210e-01,7.301705807633706025e-01,3.446405141203109368e-01
5.872589308195405033e-01,7.384344971691252368e-01,3.314233569971664628e-01
5.814689401863568641e-01,7.541824867763639029e-01,3.051272656423457130e-01
5.784096630840644959e-01,7.616681701998077036e-01,2.920682457157157130e-01
5.752488280695130518e-01,7.688969484097452067e-01,2.790811146079815730e-01
5.719924320984347554e-01,7.758709227473817860e-01,2.661746961250142096e-01
5.686464613307291582e-01,7.825926547026865743e-01,2.533573342562654429e-01
5.652168675996166458e-01,7.890651319955043208e-01,2.406368842255793561e-01
5.617095465391556131e-01,7.952917342089035335e-01,2.280207070109443734e-01
5.581303174415832569e-01,8.012761983072235195e-01,2.155156671309083893e-01
5.544849048893424337e-01,8.070225843438945112e-01,2.031281334743135769e-01
5.507789221819707759e-01,8.125352416347885187e-01,1.908639829343463101e-01
5.470178565554988381e-01,8.178187756423794808e-01,1.787286065973412164e-01
5.432070561718305157e-01,8.228780157850501542e-01,1.667269182309578934e-01
5.393517188378471605e-01,8.277179843551120131e-01,1.548633648148274033e-01
5.354568823987382320e-01,8.323438666990287116e-01,1.431419388590686181e-01
5.315274167372757708e-01,8.367609827844241233e-01,1.315661922617019086e-01
5.275680173003569617e-01,8.409747602510641018e-01,1.201392514644377268e-01
5.235832000660093355e-01,8.449907090174210156e-01,1.088638336770910431e-01
5.195772978580441848e-01,8.488143974908641809e-01,9.774226395349344676e-02
5.155544579114891279e-01,8.524514304081057814e-01,8.677649291579520030e-02
5.115186405896264832e-01,8.559074283133354388e-01,7.596811493905343549e-02
5.074736191527322582e-01,8.591880086645268255e-01,6.531838662361899583e-02
5.034229804792406116e-01,8.622987685436498406e-01,5.482824539872917929e-02
4.993701266418589246e-01,8.652452689339139580e-01,4.449832811660128784e-02
4.953182772439394532e-01,8.680330205166066904e-01,3.432898951195619691e-02
4.912704724249964960e-01,8.706674709314293770e-01,2.432032041707903394e-02
4.872295764484732006e-01,8.731539934373628853e-01,1.447216563708336214e-02
4.831982817895643101e-01,8.754978769058442412e-01,4.784141403857072351e-03
4.945810893978795364e-01,4.801758149493975947e-03,8.691182250584097435e-01
4.986914121436389902e-01,1.452499258670793270e-02,8.666578910069066000e-01
5.028100622281568288e-01,2.440825544796877689e-02,8.640522428580946768e-01
5.069342096894980942e-01,3.445183949346103391e-02,8.612959873365257923e-01
5.110608477791039883e-01,4.465580223312559660e-02,8.583837540367474928e-01
5.151867890726968824e-01,5.501994834756956249e-02,8.553101061303995944e-01
5.193086621321608698e-01,6.554381172541835776e-02,8.520695524304385815e-01
5.234229088042928746e-01,7.622663720450867375e-02,8.486565608768632529e-01
5.275257822468309987e-01,8.706736211840901407e-02,8.450655735022051251e-01
5.316133457761224035e-01,9.806459776452743082e-02,8.412910229272616558e-01
5.356814726340083377e-01,1.092166109253803474e-01,8.373273504279160617e-01
5.397258467738216270e-01,1.205213055902708413e-01,8.331690256023071006e-01
5.437419647666080769e-01,1.319762050404388321e-01,8.288105676539559985e-01
5.477251389286257321e-01,1.435784344764358678e-01,8.242465682906503499e-01
5.516705017696110769e-01,1.553247043817351514e-01,8.194717162208785544e-01
5.555730118580706201e-01,1.672112948310697789e-01,8.144808232094044032e-01
5.594274611947209763e-01,1.792340409652989630e-01,8.092688516311983271e-01
5.632284841780186291e-01,1.913883198663170193e-01,8.038309434385314534e-01
5.669705682362972121e-01,2.036690390751747237e-01,7.981624504297387679e-01
5.706480661892515682e-01,2.160706270036971965e-01,7.922589656802230262e-01
5.742552103872693436e-01,2.285870254939615931e-01,7.861163559670386602e-01
5.777861286603586111e-01,2.412116847805380604e-01,7.797307949882509304e-01
5.812348620891656381e-01,2.539375611069170091e-01,7.730987971477251142e-01
5.845953845888912648e-01,2.667571172395911683e-01,7.662172516456342564e-01
5.878616242729327590e-01,2.796623261104243530e-01,7.590834565854375215e-01
5.910274865370338526e-01,2.926446777998905624e-01,7.516951527801110089e-01
5.940868787769300052e-01,3.056951900502649644e-01,7.440505569147958242e-01
5.970337366233149368e-01,3.188044224687604511e-01,7.361483937005922629e-01
5.998620515479295978e-01,3.319624945459416221e-01,7.279879266358368906e-01
6.025658996642390131e-01,3.451591075746612280e-01,7.195689869776835668e-01
6.051394715161815263e-01,3.583835705095832491e-01,7.108920005190093594e-01
6.075771026195312396e-01,3.716248297575773796e-01,7.019580117643128281e-01
6.098733044932934666e-01,3.848715028355735313e-01,6.927687051040323230e-01
6.120227958940122059e-01,3.981119157757166960e-01,6.833264226001106723e-01
6.140205339447213362e-01,4.113341440988909636e-01,6.736341780170242988e-01
6.158617448332551758e-01,4.245260571180690667e-01,6.636956667620517170e-01
6.175419537424854388e-01,4.376753652738003542e-01,6.535152714362224557e-01
6.190570136683849478e-01,4.507696701468822398e-01,6.430980627428853902e-01
6.215768999904172087e-01,4.767434475654656056e-01,6.215768999904172087e-01
6.225753083876740535e-01,4.895980580524427195e-01,6.104864674481075282e-01
6.233957762584839690e-01,5.023480527131473083e-01,5.991862315494166369e-01
6.240361653819308518e-01,5.149813015287779683e-01,5.876845440975465573e-01
6.244947963668410207e-01,5.274858959603414554e-01,5.759903461635912381e-01
6.247704608112542024e-01,5.398502040019574899e-01,5.641131345188994395e-01
6.248624301137523096e-01,5.520629236927326877e-01,5.520629236927326877e-01
6.247704608112542024e-01,5.641131345188994395e-01,5.398502040019574899e-01
6.244947963668410207e-01,5.759903461635912381e-01,5.274858959603414554e-01
6.240361653819308518e-01,5.876845440975465573e-01,5.149813015287779683e-01
6.233957762584839690e-01,5.991862315494166369e-01,5.023480527131473083e-01
6.225753083876740535e-01,6.104864674481075282e-01,4.895980580524427195e-01
6.215768999904172087e-01,6.215768999904172087e-01,4.767434475654656056e-01
6.204031327811596608e-01,6.324497955536093619e-01,4.637965167393135468e-01
6.190570136683849478e-01,6.430980627428853902e-01,4.507696701468822398e-01
6.175419537424854388e-01,6.535152714362224557e-01,4.376753652738003542e-01
6.158617448332551758e-01,6.636956667620517170e-01,4.245260571180690667e-01
6.140205339447213362e-01,6.736341780170242988e-01,4.113341440988909636e-01
6.120227958940122059e-01,6.833264226001106723e-01,3.981119157757166960e-01
6.098733044932934666e-01,6.927687051040323230e-01,3.848715028355735313e-01
6.075771026195312396e-01,7.019580117643128281e-01,3.716248297575773796e-01
6.051394715161815263e-01,7.108920005190093594e-01,3.583835705095832491e-01
6.025658996642390131e-01,7.195689869776835668e-01,3.451591075746612280e-01
5.998620515479295978e-01,7.279879266358368906e-01,3.319624945459416221e-01
5.970337366233149368e-01,7.361483937005922629e-01,3.188044224687604511e-01
5.940868787769300052e-01,7.440505569147958242e-01,3.056951900502649644e-01
5.910274865370338526e-01,7.516951527801110089e-01,2.926446777998905624e-01
5.878616242729327590e-01,7.590834565854375215e-01,2.796623261104243530e-01
5.845953845888912648e-01,7.662172516456342564e-01,2.667571172395911683e-01
5.812348620891656381e-01,7.730987971477251142e-01,2.539375611069170091e-01
5.777861286603586111e-01,7.797307949882509304e-01,2.412116847805380604e-01
5.742552103872693436e-01,7.861163559670386602e-01,2.285870254939615931e-01
5.706480661892515682e-01,7.922589656802230262e-01,2.160706270036971965e-01
5.669705682362972121e-01,7.981624504297387679e-01,2.036690390751747237e-01
5.632284841780186291e-01,8.038309434385314534e-01,1.913883198663170193e-01
5.594274611947209763e-01,8.092688516311983271e-01,1.792340409652989630e-01
5.555730118580706201e-01,8.144808232094044032e-01,1.672112948310697789e-01
5.516705017696110769e-01,8.194717162208785544e-01,1.553247043817351514e-01
5.477251389286257321e-01,8.242465682906503499e-01,1.435784344764358678e-01
5.437419647666080769e-01,8.288105676539559985e-01,1.319762050404388321e-01
5.397258467738216270e-01,8.331690256023071006e-01,1.205213055902708413e-01
5.356814726340083377e-01,8.373273504279160617e-01,1.092166109253803474e-01
5.316133457761224035e-01,8.412910229272616558e-01,9.806459776452743082e-02
5.275257822468309987e-01,8.450655735022051251e-01,8.706736211840901407e-02
5.234229088042928746e-01,8.486565608768632529e-01,7.622663720450867375e-02
5.193086621321608698e-01,8.520695524304385815e-01,6.554381172541835776e-02
5.151867890726968824e-01,8.553101061303995944e-01,5.501994834756956249e-02
5.110608477791039883e-01,8.583837540367474928e-01,4.465580223312559660e-02
5.069342096894980942e-01,8.612959873365257923e-01,3.445183949346103391e-02
5.028100622281568288e-01,8.640522428580946768e-01,2.440825544796877689e-02
4.986914121436389902e-01,8.666578910069066000e-01,1.452499258670793270e-02
4.945810893978795364e-01,8.691182250584097435e-01,4.801758149493975947e-03
5.059609378356717535e-01,4.818675598434968808e-03,8.625429321198594401e-01
5.101477143543970971e-01,1.457564898155420258e-02,8.599632899116980145e-01
5.143414144144758948e-01,2.449244830545123375e-02,8.572356906907931950e-01
5.185390676465519988e-01,3.456927117643680131e-02,8.543548447890809694e-01
5.227375221509029668e-01,4.480607332722025271e-02,8.513153932171848570e-01
5.269334408482647669e-01,5.520255094600868412e-02,8.481119190795879392e-01
5.311232984349001374e-01,6.575812266336858447e-02,8.447389603678887582e-01
5.353033790313108664e-01,7.647191129018726663e-02,8.411910241920598219e-01
5.394697746182679499e-01,8.734272541438622972e-02,8.374626025026444820e-01
5.436183843574485808e-01,9.836904097896688459e-02,8.335481893480878313e-01
5.477449148967507009e-01,1.095489829793501319e-01,8.294422997007938614e-01
5.518448817621268709e-01,1.208803074336087385e-01,8.251394898728944272e-01
5.559136119383407681e-01,1.323603837948430506e-01,8.206343795280268694e-01
5.639377520733781513e-01,1.557542362869329955e-01,8.109961958388580694e-01
5.678829151796274122e-01,1.676606701958900103e-01,8.058528986834713193e-01
5.717763629550052240e-01,1.797011426430016601e-01,8.004869081370074024e-01
5.756125669211851203e-01,1.918708556403950216e-01,7.948935447959222245e-01
5.793858559192464064e-01,2.041645397048773014e-01,7.890683561566880222e-01
5.830904295820840133e-01,2.165764452733454914e-01,7.830071482959414242e-01
5.867203736258667091e-01,2.291003363681955729e-01,7.767060184190045513e-01
5.902696769827120438e-01,2.417294867643487166e-01,7.701613880631575926e-01
5.937322507759795753e-01,2.544566789039912624e-01,7.633700367119737873e-01
5.971019491164393234e-01,2.672742057949775707e-01,7.563291355474897060e-01
6.003725916722071343e-01,2.801738761136966516e-01,7.490362810386583803e-01
6.035379879380663448e-01,2.931470227127750960e-01,7.414895280381957887e-01
6.065919631009203394e-01,3.061845147080836105e-01,7.336874220363512888e-01
6.095283853681491282e-01,3.192767732880781306e-01,7.256290302001775494e-01
6.123411945950576474e-01,3.324137913516027054e-01,7.173139708113531743e-01
6.150244320170582535e-01,3.455851570381565652e-01,7.087424407053719566e-01
6.175722708623871959e-01,3.587800811676725710e-01,6.999152403107055109e-01
6.199790475927650091e-01,3.719874285556590277e-01,6.908337958890811148e-01
6.222392934932577946e-01,3.851957531148738623e-01,6.815001785878537222e-01
6.243477663094657570e-01,3.983933365974686169e-01,6.719171199330440380e-01
6.262994816108553575e-01,4.115682307728478206e-01,6.620880234171899748e-01
6.280897435442962529e-01,4.247083027775717112e-01,6.520169718697932382e-01
6.297141746323537959e-01,4.378012833158269057e-01,6.417087303396367126e-01
6.311687442672025972e-01,4.508348173337161091e-01,6.311687442672025972e-01
6.324497955536093619e-01,4.637965167393135468e-01,6.204031327811596608e-01
6.335540701636096506e-01,4.766740146945253054e-01,6.094186770145196830e-01
6.344787308813809590e-01,4.894550209656367556e-01,5.982228034024449359e-01
6.352213815393514817e-01,5.021273777882492295e-01,5.868235619934961678e-01
6.357800840755061245e-01,5.146791156801716616e-01,5.752295998778389485e-01
6.361533724767256537e-01,5.270985086235726591e-01,5.634501299079570646e-01
6.363402634131440916e-01,5.393741280359031220e-01,5.514948949580581461e-01
6.363402634131440916e-01,5.514948949580581461e-01,5.393741280359031220e-01
6.361533724767256537e-01,5.634501299079570646e-01,5.270985086235726591e-01
6.357800840755061245e-01,5.752295998778389485e-01,5.146791156801716616e-01
6.352213815393514817e-01,5.868235619934961678e-01,5.021273777882492295e-01
6.344787308813809590e-01,5.982228034024449359e-01,4.894550209656367556e-01
6.335540701636096506e-01,6.094186770145196830e-01,4.766740146945253054e-01
6.324497955536093619e-01,6.204031327811596608e-01,4.637965167393135468e-01
6.311687442672025972e-01,6.311687442672025972e-01,4.508348173337161091e-01
6.297141746323537959e-01,6.417087303396367126e-01,4.378012833158269057e-01
6.280897435442962529e-01,6.520169718697932382e-01,4.247083027775717112e-01
6.262994816108553575e-01,6.620880234171899748e-01,4.115682307728478206e-01
6.243477663094657570e-01,6.719171199330440380e-01,3.983933365974686169e-01
6.222392934932577946e-01,6.815001785878537222e-01,3.851957531148738623e-01
6.199790475927650091e-01,6.908337958890811148e-01,3.719874285556590277e-01
6.175722708623871959e-01,6.999152403107055109e-01,3.587800811676725710e-01
6.150244320170582535e-01,7.087424407053719566e-01,3.455851570381565652e-01
6.123411945950576474e-01,7.173139708113531743e-01,3.324137913516027054e-01
6.095283853681491282e-01,7.256290302001775494e-01,3.192767732880781306e-01
6.065919631009203394e-01,7.336874220363512888e-01,3.061845147080836105e-01
6.035379879380663448e-01,7.414895280381957887e-01,2.931470227127750960e-01
6.003725916722071343e-01,7.490362810386583803e-01,2.801738761136966516e-01
5.971019491164393234e-01,7.563291355474897060e-01,2.672742057949775707e-01
5.937322507759795753e-01,7.633700367119737873e-01,2.544566789039912624e-01
5.902696769827120438e-01,7.701613880631575926e-01,2.417294867643487166e-01
5.867203736258667091e-01,7.767060184190045513e-01,2.291003363681955729e-01
5.830904295820840133e-01,7.830071482959414242e-01,2.165764452733454914e-01
5.793858559192464064e-01,7.890683561566880222e-01,2.041645397048773014e-01
5.756125669211851203e-01,7.948935447959222245e-01,1.918708556403950216e-01
5.717763629550052240e-01,8.004869081370074024e-01,1.797011426430016601e-01
5.678829151796274122e-01,8.058528986834713193e-01,1.676606701958900103e-01
5.639377520733781513e-01,8.109961958388580694e-01,1.557542362869329955e-01
5.599462477402016303e-01,8.159216752785795057e-01,1.439861779903375549e-01
5.559136119383407681e-01,8.206343795280268694e-01,1.323603837948430506e-01
5.518448817621268709e-01,8.251394898728944272e-01,1.208803074336087385e-01
5.477449148967507009e-01,8.294422997007938614e-01,1.095489829793501319e-01
5.394697746182679499e-01,8.374626025026444820e-01,8.734272541438622972e-02
5.353033790313108664e-01,8.411910241920598219e-01,7.647191129018726663e-02
5.311232984349001374e-01,8.447389603678887582e-01,6.575812266336858447e-02
5.269334408482647669e-01,8.481119190795879392e-01,5.520255094600868412e-02
5.227375221509029668e-01,8.513153932171848570e-01,4.480607332722025271e-02
5.185390676465519988e-01,8.543548447890809694e-01,3.456927117643680131e-02
5.143414144144758948e-01,8.572356906907931950e-01,2.449244830545123375e-02
5.101477143543970971e-01,8.599632899116980145e-01,1.457564898155420258e-02
5.059609378356717535e-01,8.625429321198594401e-01,4.818675598434968808e-03
5.173309525149034638e-01,4.834868715092556328e-03,8.557717625713824328e-01
5.215914114095833165e-01,1.462405826382009479e-02,8.530700653895054719e-01
5.258572578317498580e-01,2.457276905755840721e-02,8.502178093915208068e-01
5.301253784351331877e-01,3.468109952379375832e-02,8.472097169383904225e-01
5.343924738951192355e-01,4.494889967342124287e-02,8.440404494231322774e-01
5.386550555423663678e-01,5.537575337351429566e-02,8.407046193978988669e-01
5.429094426560554520e-01,6.596096032269832543e-02,8.371968040957864510e-01
5.471517605094406989e-01,7.670351782842627086e-02,8.335115604022321767e-01
5.513779392643300969e-01,8.760210249994029863e-02,8.296434413229640814e-01
5.555837138143340237e-01,9.865505198572287193e-02,8.255870139857861556e-01
5.597646246789894642e-01,1.098603468996147553e-01,8.213368792018816977e-01
5.639160200520154653e-01,1.212155930952930477e-01,8.168876925987140769e-01
5.680330591067729307e-01,1.327180044641992629e-01,8.122341873208995811e-01
5.721107166602948935e-01,1.443643864469902893e-01,8.073711982776123897e-01
5.761437892938184868e-01,1.561511204628105998e-01,8.022936878951303363e-01
5.801269030223779044e-01,1.680741494737730268e-01,7.969967733111172903e-01
5.840545225985462885e-01,1.801289649135703330e-01,7.914757549232636080e-01
5.879209625256591742e-01,1.923105952186735523e-01,7.857261461791519297e-01
5.917203998436931789e-01,2.046135962076322257e-01,7.797437044669227602e-01
5.954468887363094654e-01,2.170320435580941065e-01,7.735244629378225101e-01
5.990943769903527283e-01,2.295595276318174172e-01,7.670647630624143343e-01
6.026567243193418077e-01,2.421891508946887595e-01,7.603612876926274522e-01
6.061277225402519342e-01,2.549135281711339962e-01,7.534110943724626752e-01
6.095011175683577864e-01,2.677247899599328740e-01,7.462116486117277292e-01
6.127706331682662988e-01,2.806145890209817972e-01,7.387608568103397610e-01
6.159299963708844139e-01,2.935741104197673312e-01,7.310570984962833085e-01
6.189729644363115568e-01,3.065940851880795126e-01,7.230992575190555716e-01
6.218933532120389795e-01,3.196648077258144593e-01,7.148867518231850626e-01
6.246850667049467232e-01,3.327761570297379512e-01,7.064195614140050816e-01
6.273421276550750214e-01,3.459176217911161255e-01,6.976982541210647870e-01
6.298587088697397141e-01,3.590783293556459865e-01,6.887240087641078867e-01
6.322291650490096115e-01,3.722470784868000537e-01,6.794986353330477735e-01
6.344480648086909813e-01,3.854123758183636839e-01,6.700245918073092222e-01
6.365102225855372442e-01,3.985624758245887578e-01,6.603049972616320540e-01
6.384107300922284844e-01,4.116854240781660512e-01,6.503436409350739078e-01
6.401449869774339385e-01,4.247691035083907551e-01,6.401449869774339385e-01
6.417087303396367126e-01,4.378012833158269057e-01,6.297141746323537959e-01
6.430980627428853902e-01,4.507696701468822398e-01,6.190570136683849478e-01
6.443094783886115229e-01,4.636619610833933591e-01,6.081799749275679234e-01
6.453398871103521728e-01,4.764658979599796784e-01,5.970901759245315077e-01
6.461866358776580110e-01,4.891693224868252643e-01,5.857953614965685230e-01
6.468475275215078701e-01,5.017602316288332087e-01,5.743038795751704839e-01
6.473208364258152825e-01,5.142268326747131413e-01,5.626246522205684553e-01
6.476053209675513012e-01,5.265575974222146405e-01,5.507671421312819726e-01
6.477002325308744979e-01,5.387413149088582376e-01,5.387413149088582376e-01
6.476053209675513012e-01,5.507671421312819726e-01,5.265575974222146405e-01
6.473208364258152825e-01,5.626246522205684553e-01,5.142268326747131413e-01
6.468475275215078701e-01,5.743038795751704839e-01,5.017602316288332087e-01
6.461866358776580110e-01,5.857953614965685230e-01,4.891693224868252643e-01
6.453398871103521728e-01,5.970901759245315077e-01,4.764658979599796784e-01
6.443094783886115229e-01,6.081799749275679234e-01,4.636619610833933591e-01
6.430980627428853902e-01,6.190570136683849478e-01,4.507696701468822398e-01
6.417087303396367126e-01,6.297141746323537959e-01,4.378012833158269057e-01
6.401449869774339385e-01,6.401449869774339385e-01,4.247691035083907551e-01
6.384107300922284844e-01,6.503436409350739078e-01,4.116854240781660512e-01
6.365102225855372442e-01,6.603049972616320540e-01,3.985624758245887578e-01
6.322291650490096115e-01,6.794986353330477735e-01,3.722470784868000537e-01
6.298587088697397141e-01,6.887240087641078867e-01,3.590783293556459865e-01
6.273421276550750214e-01,6.976982541210647870e-01,3.459176217911161255e-01
6.246850667049467232e-01,7.064195614140050816e-01,3.327761570297379512e-01
6.218933532120389795e-01,7.148867518231850626e-01,3.196648077258144593e-01
6.189729644363115568e-01,7.230992575190555716e-01,3.065940851880795126e-01
6.159299963708844139e-01,7.310570984962833085e-01,2.935741104197673312e-01
6.127706331682662988e-01,7.387608568103397610e-01,2.806145890209817972e-01
6.095011175683577864e-01,7.462116486117277292e-01,2.677247899599328740e-01
6.061277225402519342e-01,7.534110943724626752e-01,2.549135281711339962e-01
6.026567243193418077e-01,7.603612876926274522e-01,2.421891508946887595e-01
5.990943769903527283e-01,7.670647630624143343e-01,2.295595276318174172e-01
5.954468887363094654e-01,7.735244629378225101e-01,2.170320435580941065e-01
5.917203998436931789e-01,7.797437044669227602e-01,2.046135962076322257e-01
5.879209625256591742e-01,7.857261461791519297e-01,1.923105952186735523e-01
5.840545225985462885e-01,7.914757549232636080e-01,1.801289649135703330e-01
5.801269030223779044e-01,7.969967733111172903e-01,1.680741494737730268e-01
5.761437892938184868e-01,8.022936878951303363e-01,1.561511204628105998e-01
5.721107166602948935e-01,8.073711982776123897e-01,1.443643864469902893e-01
5.680330591067729307e-01,8.122341873208995811e-01,1.327180044641992629e-01
5.639160200520154653e-01,8.168876925987140769e-01,1.212155930952930477e-01
5.597646246789894642e-01,8.213368792018816977e-01,1.098603468996147553e-01
5.555837138143340237e-01,8.255870139857861556e-01,9.865505198572287193e-02
5.513779392643300969e-01,8.296434413229640814e-01,8.760210249994029863e-02
5.471517605094406989e-01,8.335115604022321767e-01,7.670351782842627086e-02
5.429094426560554520e-01,8.371968040957864510e-01,6.596096032269832543e-02
5.386550555423663678e-01,8.407046193978988669e-01,5.537575337351429566e-02
5.343924738951192355e-01,8.440404494231322774e-01,4.494889967342124287e-02
5.301253784351331877e-01,8.472097169383904225e-01,3.468109952379375832e-02
5.258572578317498580e-01,8.502178093915208068e-01,2.457276905755840721e-02
5.215914114095833165e-01,8.530700653895054719e-01,1.462405826382009479e-02
5.173309525149034638e-01,8.557717625713824328e-01,4.834868715092556328e-03
5.286841256791250387e-01,4.850313079625000363e-03,8.488047889343750541e-01
5.330153008901770129e-01,1.467014589605991973e-02,8.459784133394553374e-01
5.373501935562904341e-01,2.464909144753625950e-02,8.429989275057401255e-01
5.416855451768560759e-01,3.478714510310084579e-02,8.398610746320060993e-01
5.460179071625395064e-01,4.508404738039316351e-02,8.365595458361843040e-01
5.503436377959477488e-01,5.553926619959105582e-02,8.330889929938658511e-01
5.546588999091719430e-01,6.615197888824986272e-02,8.294440429834406547e-01
5.589596593738416219e-01,7.692105404227178589e-02,8.256193133870505241e-01
5.632416845029120100e-01,8.784503336283949748e-02,8.216094296877340941e-01
5.675005464661279087e-01,9.892211360418742827e-02,8.174090439924961426e-01
5.717316208227937180e-01,1.101501287823730968e-01,8.130128552984681178e-01
5.759300902759192375e-01,1.215265328105150644e-01,8.084156313047307085e-01
5.800909487508084661e-01,1.330483827410111342e-01,8.036122317557071737e-01
5.842090068985124063e-01,1.447123228097232650e-01,7.985976332832877000e-01
5.882788991200711415e-01,1.565145694906611151e-01,7.933669556940409207e-01
5.922950922009336816e-01,1.684508977819169362e-01,7.879154896250952778e-01
5.962518956362001799e-01,1.805166289540789393e-01,7.822387254676754775e-01
6.001434737162180122e-01,1.927066200006204710e-01,7.763323834310710270e-01
6.039638594284824080e-01,2.050152550353564196e-01,7.701924445922849749e-01
6.077069702156540076e-01,2.174364388845000662e-01,7.638151827481155509e-01
6.113666256108111208e-01,2.299635931196629124e-01,7.571971968574265910e-01
6.149365667498316590e-01,2.425896547728693953e-01,7.503354438323633913e-01
6.184104777371727257e-01,2.553070779648878297e-01,7.432272714088956622e-01
6.217820088154767388e-01,2.681078386635541988e-01,7.358704507999679345e-01
6.250448012616610649e-01,2.809834427690036107e-01,7.282632088094582734e-01
6.281925139028105010e-01,2.939249376976452721e-01,7.204042590628561005e-01
6.312188511147427405e-01,3.069229276062510614e-01,7.122928319918657714e-01
6.341175921351080991e-01,3.199675923617517626e-01,7.039287031958538776e-01
6.368826214919283135e-01,3.330487103214671007e-01,6.953122197939400895e-01
6.395079603182857175e-01,3.461556849429252569e-01,6.864443243783433513e-01
6.419877982951738282e-01,3.592775751927119732e-01,6.773265761829815323e-01
6.443165259381300469e-01,3.724031296706623584e-01,6.679611690918229039e-01
6.464887669199558262e-01,3.855208243100653465e-01,6.583509461294962950e-01
6.503436409350739078e-01,4.116854240781660512e-01,6.384107300922284844e-01
6.520169718697932382e-01,4.247083027775717112e-01,6.280897435442962529e-01
6.535152714362224557e-01,4.376753652738003542e-01,6.175419537424854388e-01
6.548347916259620316e-01,4.505743979077720396e-01,6.067735225157997458e-01
6.559721932429154467e-01,4.633932007312338563e-01,5.957912580830149185e-01
6.569245688934103322e-01,4.761196416750405058e-01,5.846025980060624017e-01
6.576894633126995071e-01,4.887417112690702337e-01,5.732155872908848426e-01
6.582648907538759531e-01,5.012475773630431508e-01,5.616388517441327499e-01
6.586493492006717521e-01,5.136256392849274377e-01,5.498815667638635718e-01
6.588418312063735183e-01,5.258645808711421843e-01,5.379534218107087096e-01
6.588418312063735183e-01,5.379534218107087096e-01,5.258645808711421843e-01
6.586493492006717521e-01,5.498815667638635718e-01,5.136256392849274377e-01
6.582648907538759531e-01,5.616388517441327499e-01,5.012475773630431508e-01
6.576894633126995071e-01,5.732155872908848426e-01,4.887417112690702337e-01
6.569245688934103322e-01,5.846025980060624017e-01,4.761196416750405058e-01
6.559721932429154467e-01,5.957912580830149185e-01,4.633932007312338563e-01
6.548347916259620316e-01,6.067735225157997458e-01,4.505743979077720396e-01
6.535152714362224557e-01,6.175419537424854388e-01,4.376753652738003542e-01
6.520169718697932382e-01,6.280897435442962529e-01,4.247083027775717112e-01
6.503436409350739078e-01,6.384107300922284844e-01,4.116854240781660512e-01
6.484994101024220692e-01,6.484994101024220692e-01,3.986189034574520451e-01
6.464887669199558262e-01,6.583509461294962950e-01,3.855208243100653465e-01
6.443165259381300469e-01,6.679611690918229039e-01,3.724031296706623584e-01
6.419877982951738282e-01,6.773265761829815323e-01,3.592775751927119732e-01
6.395079603182857175e-01,6.864443243783433513e-01,3.461556849429252569e-01
6.368826214919283135e-01,6.953122197939400895e-01,3.330487103214671007e-01
6.341175921351080991e-01,7.039287031958538776e-01,3.199675923617517626e-01
6.312188511147427405e-01,7.122928319918657714e-01,3.069229276062510614e-01
6.281925139028105010e-01,7.204042590628561005e-01,2.939249376976452721e-01
6.250448012616610649e-01,7.282632088094582734e-01,2.809834427690036107e-01
6.217820088154767388e-01,7.358704507999679345e-01,2.681078386635541988e-01
6.184104777371727257e-01,7.432272714088956622e-01,2.553070779648878297e-01
6.149365667498316590e-01,7.503354438323633913e-01,2.425896547728693953e-01
6.113666256108111208e-01,7.571971968574265910e-01,2.299635931196629124e-01
6.077069702156540076e-01,7.638151827481155509e-01,2.174364388845000662e-01
6.039638594284824080e-01,7.701924445922849749e-01,2.050152550353564196e-01
6.001434737162180122e-01,7.763323834310710270e-01,1.927066200006204710e-01
5.962518956362001799e-01,7.822387254676754775e-01,1.805166289540789393e-01
5.922950922009336816e-01,7.879154896250952778e-01,1.684508977819169362e-01
5.882788991200711415e-01,7.933669556940409207e-01,1.565145694906611151e-01
5.842090068985124063e-01,7.985976332832877000e-01,1.447123228097232650e-01
5.800909487508084661e-01,8.036122317557071737e-01,1.330483827410111342e-01
5.759300902759192375e-01,8.084156313047307085e-01,1.215265328105150644e-01
5.717316208227937180e-01,8.130128552984681178e-01,1.101501287823730968e-01
5.675005464661279087e-01,8.174090439924961426e-01,9.892211360418742827e-02
5.632416845029120100e-01,8.216094296877340941e-01,8.784503336283949748e-02
5.589596593738416219e-01,8.256193133870505241e-01,7.692105404227178589e-02
5.546588999091719430e-01,8.294440429834406547e-01,6.615197888824986272e-02
5.503436377959477488e-01,8.330889929938658511e-01,5.553926619959105582e-02
5.460179071625395064e-01,8.365595458361843040e-01,4.508404738039316351e-02
5.416855451768560759e-01,8.398610746320060993e-01,3.478714510310084579e-02
5.373501935562904341e-01,8.429989275057401255e-01,2.464909144753625950e-02
5.330153008901770129e-01,8.459784133394553374e-01,1.467014589605991973e-02
5.286841256791250387e-01,8.488047889343750541e-01,4.850313079625000363e-03
5.400133328531617760e-01,4.864984980659114826e-03,8.416424016540269282e-01
5.444120671047493198e-01,1.471383965147971158e-02,8.386888601343435168e-01
5.488127134380825778e-01,2.472129339811182658e-02,8.355797168561797106e-01
5.532118664531069374e-01,3.488723482136710241e-02,8.323097450240437567e-01
5.576059269303896837e-01,4.521129137273430243e-02,8.288736751667955538e-01
5.619910991641412501e-01,5.569281162887886050e-02,8.252662086824776866e-01
5.663633890708883456e-01,6.633084736866259878e-02,8.214820327965137725e-01
5.707186031720552499e-01,7.712413556379124624e-02,8.175158369761872379e-01
5.750523485518298505e-01,8.807108040883880606e-02,8.133623308345701020e-01
5.793600338938749150e-01,9.916973553138398734e-02,8.090162635455010465e-01
5.836368717014502883e-01,1.104177865381122114e-01,8.044724447776746556e-01
5.878778818051745292e-01,1.218125340677388563e-01,7.997257671403724677e-01
5.962315657353493004e-01,1.450292997734633493e-01,7.896039654333004698e-01
6.003333674756061722e-01,1.568438527638971181e-01,7.842192638194854792e-01
6.043776149426579591e-01,1.687901447137152844e-01,7.786126030342349624e-01
6.083584691892878205e-01,1.808633286778963678e-01,7.727796770782845437e-01
6.122699520419787600e-01,1.930580929862095452e-01,7.667164264309463961e-01
6.161059611355380605e-01,2.053686537118460109e-01,7.604190691492676013e-01
6.198602868303848545e-01,2.177887494268919977e-01,7.538841326315491864e-01
6.235266310224500952e-01,2.303116384857698540e-01,7.471084858196924694e-01
6.270986278330021868e-01,2.429300990704422736e-01,7.400893715866961875e-01
6.305698661407868055e-01,2.556364322192378746e-01,7.328244390284819332e-01
6.339339138918428374e-01,2.684224680442938160e-01,7.253117753537300372e-01
6.371843440936010294e-01,2.812795753205986626e-01,7.175499370423435996e-01
6.403147623697701407e-01,2.941986746023268484e-01,7.095379799232588436e-01
6.433188359215875618e-01,3.071702549895868328e-01,7.012754878064152431e-01
6.461903237098423070e-01,3.201843946310029554e-01,6.927625992925336984e-01
6.489231076413313204e-01,3.332307850050079678e-01,6.840000323787005510e-01
6.515112245138083846e-01,3.462987589758080298e-01,6.749891064782699290e-01
6.539488984458092791e-01,3.593773225693186468e-01,6.657317614808689887e-01
6.562305734927795786e-01,3.724551903607667969e-01,6.562305734927795786e-01
6.583509461294962950e-01,3.855208243100653465e-01,6.464887669199558262e-01
6.603049972616320540e-01,3.985624758245887578e-01,6.365102225855372442e-01
6.620880234171899748e-01,4.115682307728478206e-01,6.262994816108553575e-01
6.636956667620517170e-01,4.245260571180690667e-01,6.158617448332551758e-01
6.651239435835811786e-01,4.374238547892020934e-01,6.052028675850603667e-01
6.663692708924612296e-01,4.502495073597710951e-01,5.943293497148978144e-01
6.674284908059376908e-01,4.629909350635784127e-01,5.832483207943779391e-01
6.682988923954420457e-01,4.756361486418010931e-01,5.719675205186215416e-01
6.689782307079683576e-01,4.881733034895985313e-01,5.604952743769464618e-01
6.694647427032626164e-01,5.005907535528900665e-01,5.488404647387107316e-01
6.697571598872443799e-01,5.128771044181601457e-01,5.370124975672500023e-01
6.698547174654010394e-01,5.250212650404494363e-01,5.250212650404494363e-01
6.697571598872443799e-01,5.370124975672500023e-01,5.128771044181601457e-01
6.694647427032626164e-01,5.488404647387107316e-01,5.005907535528900665e-01
6.689782307079683576e-01,5.604952743769464618e-01,4.881733034895985313e-01
6.682988923954420457e-01,5.719675205186215416e-01,4.756361486418010931e-01
6.674284908059376908e-01,5.832483207943779391e-01,4.629909350635784127e-01
6.663692708924612296e-01,5.943293497148978144e-01,4.502495073597710951e-01
6.651239435835811786e-01,6.052028675850603667e-01,4.374238547892020934e-01
6.636956667620517170e-01,6.158617448332551758e-01,4.245260571180690667e-01
6.620880234171899748e-01,6.262994816108553575e-01,4.115682307728478206e-01
6.603049972616320540e-01,6.365102225855372442e-01,3.985624758245887578e-01
6.583509461294962950e-01,6.464887669199558262e-01,3.855208243100653465e-01
6.562305734927795786e-01,6.562305734927795786e-01,3.724551903607667969e-01
6.539488984458092791e-01,6.657317614808689887e-01,3.593773225693186468e-01
6.515112245138083846e-01,6.749891064782699290e-01,3.462987589758080298e-01
6.489231076413313204e-01,6.840000323787005510e-01,3.332307850050079678e-01
6.461903237098423070e-01,6.927625992925336984e-01,3.201843946310029554e-01
6.433188359215875618e-01,7.012754878064152431e-01,3.071702549895868328e-01
6.403147623697701407e-01,7.095379799232588436e-01,2.941986746023268484e-01
6.371843440936010294e-01,7.175499370423435996e-01,2.812795753205986626e-01
6.339339138918428374e-01,7.253117753537300372e-01,2.684224680442938160e-01
6.305698661407868055e-01,7.328244390284819332e-01,2.556364322192378746e-01
6.270986278330021868e-01,7.400893715866961875e-01,2.429300990704422736e-01
6.235266310224500952e-01,7.471084858196924694e-01,2.303116384857698540e-01
6.198602868303848545e-01,7.538841326315491864e-01,2.177887494268919977e-01
6.161059611355380605e-01,7.604190691492676013e-01,2.053686537118460109e-01
6.122699520419787600e-01,7.667164264309463961e-01,1.930580929862095452e-01
6.083584691892878205e-01,7.727796770782845437e-01,1.808633286778963678e-01
6.043776149426579591e-01,7.786126030342349624e-01,1.687901447137152844e-01
6.003333674756061722e-01,7.842192638194854792e-01,1.568438527638971181e-01
5.962315657353493004e-01,7.896039654333004698e-01,1.450292997734633493e-01
5.920778962607547991e-01,7.947712301157879855e-01,1.333508775362060306e-01
5.878778818051745292e-01,7.997257671403724677e-01,1.218125340677388563e-01
5.836368717014502883e-01,8.044724447776746556e-01,1.104177865381122114e-01
5.793600338938749150e-01,8.090162635455010465e-01,9.916973553138398734e-02
5.707186031720552499e-01,8.175158369761872379e-01,7.712413556379124624e-02
5.663633890708883456e-01,8.214820327965137725e-01,6.633084736866259878e-02
5.619910991641412501e-01,8.252662086824776866e-01,5.569281162887886050e-02
5.576059269303896837e-01,8.288736751667955538e-01,4.521129137273430243e-02
5.532118664531069374e-01,8.323097450240437567e-01,3.488723482136710241e-02
5.488127134380825778e-01,8.355797168561797106e-01,2.472129339811182658e-02
5.444120671047493198e-01,8.386888601343435168e-01,1.471383965147971158e-02
5.400133328531617760e-01,8.416424016540269282e-01,4.864984980659114826e-03
5.513113504084087291e-01,4.878861508039015332e-03,8.342853178746716392e-01
5.557742997007351082e-01,1.475506990355933759e-02,8.312022712338427155e-01
5.602372197986362767e-01,2.478925751321399418e-02,8.279612009413473972e-01
5.646965571289099817e-01,3.498120265400327111e-02,8.245569197015056861e-01
5.691485609900360787e-01,4.533041636203827274e-02,8.209842074458043593e-01
5.735892813035224913e-01,5.583612472866148618e-02,8.172378255740453401e-01
5.780145672008506486e-01,6.649725109390317024e-02,8.133125326100464347e-01
5.824200665464749349e-01,7.731239821413384006e-02,8.092031013079342694e-01
5.868012264999430405e-01,8.827983053538966673e-02,8.049043372344351077e-01
5.911532952217365411e-01,9.939745671869905375e-02,8.004110988400503501e-01
5.954713248277084814e-01,1.106628125786006944e-01,7.957183190175574072e-01
5.997501756957922536e-01,1.220730446106479822e-01,7.908210281298500011e-01
6.039845222257824719e-01,1.336248942977394938e-01,7.857143784707082412e-01
6.081688601482454493e-01,1.453146833982533470e-01,7.803936701017308852e-01
6.122975154718082180e-01,1.571383004308180287e-01,7.748543779864476289e-01
6.163646551490322700e-01,1.690911885807079851e-01,7.690921803187040773e-01
6.203642995296603235e-01,1.811683352608742803e-01,7.631029879170158070e-01
6.242903366561155520e-01,1.933642635660535181e-01,7.568829745299808787e-01
6.281365384396672136e-01,2.056730258607759876e-01,7.504286078703988894e-01
6.318965787366483955e-01,2.180881997409671591e-01,7.437366811679135825e-01
6.355640533225606070e-01,2.306028866037609371e-01,7.368043450022605523e-01
6.391325017379604345e-01,2.432097130507283045e-01,7.296291391521848579e-01
6.425954309538822740e-01,2.559008353356168608e-01,7.222090241694074653e-01
6.459463407765120291e-01,2.686679470486377785e-01,7.145424123633983271e-01
6.491787508812416618e-01,2.815022902051402265e-01,7.066281978618825788e-01
6.522862293355887742e-01,2.943946698771241488e-01,6.984657853947454642e-01
6.552624224392881169e-01,3.073354724715245401e-01,6.900551174360645135e-01
6.581010856787965491e-01,3.203146877197682318e-01,6.813966993311433296e-01
6.607961155631881800e-01,3.333219343991303263e-01,6.724916220333331252e-01
6.633415820797055051e-01,3.463464897584302982e-01,6.633415820797055051e-01
6.657317614808689887e-01,3.593773225693186468e-01,6.539488984458092791e-01
6.679611690918229039e-01,3.724031296706623584e-01,6.443165259381300469e-01
6.700245918073092222e-01,3.854123758183636839e-01,6.344480648086909813e-01
6.719171199330440380e-01,3.983933365974686169e-01,6.243477663094657570e-01
6.736341780170242988e-01,4.113341440988909636e-01,6.140205339447213362e-01
6.751715543129632735e-01,4.242228350107998813e-01,6.034719202266308757e-01
6.765254285211153018e-01,4.370474007260302107e-01,5.927081187928354700e-01
6.776923974614854629e-01,4.497958390231098225e-01,5.817359518032220178e-01
6.786694983509425905e-01,4.624562068409078242e-01,5.705628525959252073e-01
6.794542293790176712e-01,4.750166736366583375e-01,5.591968436482180893e-01
6.800445673068756802e-01,4.874655747951940343e-01,5.476465099550945625e-01
6.804389818496552333e-01,4.997914645444370141e-01,5.359209680054806135e-01
6.806364466434081661e-01,5.119831678291123511e-01,5.240298306015620522e-01
6.806364466434081661e-01,5.240298306015620522e-01,5.119831678291123511e-01
6.804389818496552333e-01,5.359209680054806135e-01,4.997914645444370141e-01
6.800445673068756802e-01,5.476465099550945625e-01,4.874655747951940343e-01
6.794542293790176712e-01,5.591968436482180893e-01,4.750166736366583375e-01
6.786694983509425905e-01,5.705628525959252073e-01,4.624562068409078242e-01
6.776923974614854629e-01,5.817359518032220178e-01,4.497958390231098225e-01
6.765254285211153018e-01,5.927081187928354700e-01,4.370474007260302107e-01
6.751715543129632735e-01,6.034719202266308757e-01,4.242228350107998813e-01
6.736341780170242988e-01,6.140205339447213362e-01,4.113341440988909636e-01
6.719171199330440380e-01,6.243477663094657570e-01,3.983933365974686169e-01
6.700245918073092222e-01,6.344480648086909813e-01,3.854123758183636839e-01
6.679611690918229039e-01,6.443165259381300469e-01,3.724031296706623584e-01
6.657317614808689887e-01,6.539488984458092791e-01,3.593773225693186468e-01
6.633415820797055051e-01,6.633415820797055051e-01,3.463464897584302982e-01
6.581010856787965491e-01,6.813966993311433296e-01,3.203146877197682318e-01
6.552624224392881169e-01,6.900551174360645135e-01,3.073354724715245401e-01
6.522862293355887742e-01,6.984657853947454642e-01,2.943946698771241488e-01
6.491787508812416618e-01,7.066281978618825788e-01,2.815022902051402265e-01
6.459463407765120291e-01,7.145424123633983271e-01,2.686679470486377785e-01
6.425954309538822740e-01,7.222090241694074653e-01,2.559008353356168608e-01
6.391325017379604345e-01,7.296291391521848579e-01,2.432097130507283045e-01
6.355640533225606070e-01,7.368043450022605523e-01,2.306028866037609371e-01
6.318965787366483955e-01,7.437366811679135825e-01,2.180881997409671591e-01
6.281365384396672136e-01,7.504286078703988894e-01,2.056730258607759876e-01
6.242903366561155520e-01,7.568829745299808787e-01,1.933642635660535181e-01
6.203642995296603235e-01,7.631029879170158070e-01,1.811683352608742803e-01
6.163646551490322700e-01,7.690921803187040773e-01,1.690911885807079851e-01
6.122975154718082180e-01,7.748543779864476289e-01,1.571383004308180287e-01
6.081688601482454493e-01,7.803936701017308852e-01,1.453146833982533470e-01
6.039845222257824719e-01,7.857143784707082412e-01,1.336248942977394938e-01
5.997501756957922536e-01,7.908210281298500011e-01,1.220730446106479822e-01
5.954713248277084814e-01,7.957183190175574072e-01,1.106628125786006944e-01
5.911532952217365411e-01,8.004110988400503501e-01,9.939745671869905375e-02
5.868012264999430405e-01,8.049043372344351077e-01,8.827983053538966673e-02
5.824200665464749349e-01,8.092031013079342694e-01,7.731239821413384006e-02
5.780145672008506486e-01,8.133125326100464347e-01,6.649725109390317024e-02
5.735892813035224913e-01,8.172378255740453401e-01,5.583612472866148618e-02
5.691485609900360787e-01,8.209842074458043593e-01,4.533041636203827274e-02
5.646965571289099817e-01,8.245569197015056861e-01,3.498120265400327111e-02
5.602372197986362767e-01,8.279612009413473972e-01,2.478925751321399418e-02
5.557742997007351082e-01,8.312022712338427155e-01,1.475506990355933759e-02
5.513113504084087291e-01,8.342853178746716392e-01,4.878861508039015332e-03
5.625708741708125293e-01,4.891920644963587000e-03,8.267345889988462204e-01
5.670945133296655394e-01,1.479376991294779724e-02,8.235198584874273697e-01
5.716160461900016143e-01,2.485287157347833287e-02,8.201447619247849152e-01
5.761317702405160945e-01,3.506889036246620128e-02,8.166041612974271890e-01
5.806377829957246606e-01,4.544121779966540930e-02,8.128928961940146136e-01
5.851299802118490323e-01,5.596895462895946916e-02,8.090057987276868534e-01
5.896040549990024804e-01,6.665089317380028244e-02,8.049377098682033438e-01
5.940554979318700690e-01,7.748549973024392024e-02,8.006834972125204120e-01
5.984795982630860545e-01,8.847089713454314719e-02,7.962380742108883247e-01
6.028714463443469729e-01,9.960484765689212039e-02,7.915964208521425460e-01
6.072259373597488352e-01,1.108847363874323894e-01,7.867536057965441865e-01
6.115377764737083277e-01,1.223075552947416600e-01,7.817048099272618789e-01
6.158014854919158232e-01,1.338698881504164773e-01,7.764453512724156514e-01
6.200114111278801632e-01,1.455678965256762269e-01,7.709707112285815178e-01
6.241617349595788289e-01,1.573973070767633597e-01,7.652765619939183583e-01
6.282464851503740677e-01,1.693534003448834702e-01,7.593587950947999765e-01
6.322595499955615539e-01,1.814310013030741853e-01,7.532135508642776589e-01
6.361946933405968618e-01,1.936244718862686065e-01,7.468372487041788910e-01
6.400455718991693299e-01,2.059277057414718726e-01,7.402266179355609932e-01
6.438057544788721165e-01,2.183341254319653146e-01,7.333787290150629579e-01
6.474687430993451009e-01,2.308366823223751974e-01,7.262910248679609326e-01
6.510279959626135149e-01,2.434278593599337459e-01,7.189613520630602217e-01
6.544769522081430591e-01,2.560996769510124893e-01,7.113879915305902912e-01
6.578090583562261617e-01,2.688437021108054936e-01,7.035696885027462599e-01
6.610177963131202983e-01,2.816510610377642720e-01,6.955056813381526037e-01
6.640967127803759640e-01,2.945124552330362633e-01,6.871957288770846883e-01
6.670394498796332616e-01,3.074181812488744892e-01,6.786401359644964604e-01
6.698397767734625141e-01,3.203581541090472773e-01,6.698397767734625141e-01
6.724916220333331252e-01,3.333219343991303263e-01,6.607961155631881800e-01
6.749891064782699290e-01,3.462987589758080298e-01,6.515112245138083846e-01
6.773265761829815323e-01,3.592775751927119732e-01,6.419877982951738282e-01
6.794986353330477735e-01,3.722470784868000537e-01,6.322291650490096115e-01
6.815001785878537222e-01,3.851957531148738623e-01,6.222392934932577946e-01
6.833264226001106723e-01,3.981119157757166960e-01,6.120227958940122059e-01
6.849729363345957722e-01,4.109837618007575188e-01,6.015849266938624318e-01
6.864356698287152891e-01,4.237994135464242529e-01,5.909315766351549426e-01
6.877109810439887561e-01,4.365469705757494268e-01,5.800692622718862657e-01
6.887956604708017627e-01,4.492145611766098501e-01,5.690051108237058619e-01
6.903825779516489236e-01,4.742628144189588446e-01,5.463027355965222043e-01
6.908807434585838569e-01,4.866203497403938094e-01,5.346816188505562062e-01
6.911801608918861639e-01,4.988517682958830135e-01,5.228928173703834004e-01
6.912800532450313895e-01,5.109461263115449015e-01,5.109461263115449015e-01
6.911801608918861639e-01,5.228928173703834004e-01,4.988517682958830135e-01
6.908807434585838569e-01,5.346816188505562062e-01,4.866203497403938094e-01
6.903825779516489236e-01,5.463027355965222043e-01,4.742628144189588446e-01
6.896869531687683796e-01,5.577468403886561843e-01,4.617903947303927392e-01
6.887956604708017627e-01,5.690051108237058619e-01,4.492145611766098501e-01
6.877109810439887561e-01,5.800692622718862657e-01,4.365469705757494268e-01
6.864356698287152891e-01,5.909315766351549426e-01,4.237994135464242529e-01
6.849729363345957722e-01,6.015849266938624318e-01,4.109837618007575188e-01
6.833264226001106723e-01,6.120227958940122059e-01,3.981119157757166960e-01
6.815001785878537222e-01,6.222392934932577946e-01,3.851957531148738623e-01
6.794986353330477735e-01,6.322291650490096115e-01,3.722470784868000537e-01
6.773265761829815323e-01,6.419877982951738282e-01,3.592775751927119732e-01
6.749891064782699290e-01,6.515112245138083846e-01,3.462987589758080298e-01
6.724916220333331252e-01,6.607961155631881800e-01,3.333219343991303263e-01
6.698397767734625141e-01,6.698397767734625141e-01,3.203581541090472773e-01
6.670394498796332616e-01,6.786401359644964604e-01,3.074181812488744892e-01
6.640967127803759640e-01,6.871957288770846883e-01,2.945124552330362633e-01
6.610177963131202983e-01,6.955056813381526037e-01,2.816510610377642720e-01
6.578090583562261617e-01,7.035696885027462599e-01,2.688437021108054936e-01
6.544769522081430591e-01,7.113879915305902912e-01,2.560996769510124893e-01
6.510279959626135149e-01,7.189613520630602217e-01,2.434278593599337459e-01
6.474687430993451009e-01,7.262910248679609326e-01,2.308366823223751974e-01
6.438057544788721165e-01,7.333787290150629579e-01,2.183341254319653146e-01
6.400455718991693299e-01,7.402266179355609932e-01,2.059277057414718726e-01
6.361946933405968618e-01,7.468372487041788910e-01,1.936244718862686065e-01
6.322595499955615539e-01,7.532135508642776589e-01,1.814310013030741853e-01
6.282464851503740677e-01,7.593587950947999765e-01,1.693534003448834702e-01
6.241617349595788289e-01,7.652765619939183583e-01,1.573973070767633597e-01
6.200114111278801632e-01,7.709707112285815178e-01,1.455678965256762269e-01
6.158014854919158232e-01,7.764453512724156514e-01,1.338698881504164773e-01
6.115377764737083277e-01,7.817048099272618789e-01,1.223075552947416600e-01
6.072259373597488352e-01,7.867536057965441865e-01,1.108847363874323894e-01
6.028714463443469729e-01,7.915964208521425460e-01,9.960484765689212039e-02
5.984795982630860545e-01,7.962380742108883247e-01,8.847089713454314719e-02
5.940554979318700690e-01,8.006834972125204120e-01,7.748549973024392024e-02
5.896040549990024804e-01,8.049377098682033438e-01,6.665089317380028244e-02
5.851299802118490323e-01,8.090057987276868534e-01,5.596895462895946916e-02
5.806377829957246606e-01,8.128928961940146136e-01,4.544121779966540930e-02
5.761317702405160945e-01,8.166041612974271890e-01,3.506889036246620128e-02
5.716160461900016143e-01,8.201447619247849152e-01,2.485287157347833287e-02
5.670945133296655394e-01,8.235198584874273697e-01,1.479376991294779724e-02
5.625708741708125293e-01,8.267345889988462204e-01,4.891920644963587000e-03
5.737845389855535938e-01,4.904141358850885521e-03,8.189916069280979150e-01
5.783651682708119690e-01,1.482987610950799867e-02,8.156431860229398367e-01
5.829414791091241943e-01,2.491202902175744527e-02,8.121321461092926297e-01
5.875096198298990213e-01,3.515014819495122789e-02,8.084534084838781443e-01
5.920655364458204950e-01,4.554350280352464919e-02,8.046018828622688579e-01
5.966049713792734854e-01,5.609106568523083980e-02,8.005724829619310645e-01
6.011234631460700140e-01,6.679149590511888890e-02,7.963601434841097726e-01
6.056163470998847664e-01,7.764312142306215025e-02,7.919598385152339937e-01
6.100787573421531107e-01,8.864392200697951418e-02,7.873666013561121391e-01
6.145056299022326751e-01,9.979151254822582473e-02,7.825755457729287601e-01
6.188917072911990225e-01,1.110831269497023904e-01,7.775818886479167746e-01
6.232315445295137923e-01,1.225156027707591105e-01,7.723809739895682869e-01
6.275195167437984667e-01,1.340853668255979625e-01,7.669682982424204098e-01
6.317498284208611370e-01,1.457884219432756256e-01,7.613395368148838660e-01
6.359165243978065485e-01,1.576203351071486236e-01,7.554905717204709603e-01
6.400135026553708251e-01,1.695762271992862780e-01,7.494175202032974381e-01
6.440345289674443974e-01,1.816507645805612303e-01,7.431167641932050483e-01
6.479732534430416857e-01,1.938381527393714387e-01,7.365849804096115117e-01
6.518232289777207145e-01,2.061321322408176671e-01,7.298191709066786936e-01
6.592307827519703345e-01,2.310124965199212288e-01,7.155752940982925692e-01
6.627751732449483901e-01,2.435840380301947106e-01,7.080931338087055327e-01
6.662044891471310404e-01,2.562324958258196395e-01,7.003688219239070367e-01
6.695121391503625619e-01,2.689493208552738435e-01,6.924014430529390474e-01
6.726915834767422941e-01,2.817255349603450254e-01,6.841905849036951093e-01
6.757363640826357098e-01,2.945517484462771285e-01,6.757363640826357098e-01
6.786401359644964604e-01,3.074181812488744892e-01,6.670394498796332616e-01
6.813966993311433296e-01,3.203146877197682318e-01,6.581010856787965491e-01
6.840000323787005510e-01,3.332307850050079678e-01,6.489231076413313204e-01
6.864443243783433513e-01,3.461556849429252569e-01,6.395079603182857175e-01
6.887240087641078867e-01,3.590783293556459865e-01,6.298587088697397141e-01
6.908337958890811148e-01,3.719874285556590277e-01,6.199790475927650091e-01
6.927687051040323230e-01,3.848715028355735313e-01,6.098733044932934666e-01
6.945240958036339451e-01,3.977189266567818238e-01,5.995464416766412841e-01
6.960956970824162537e-01,4.105179752024506468e-01,5.890040513774291719e-01
6.974796356459455060e-01,4.232568729133515673e-01,5.782523475013394698e-01
6.986724616326798198e-01,4.359238435827831326e-01,5.672981526077314207e-01
6.996711720186669092e-01,4.485071615504274689e-01,5.561488803225300703e-01
7.004732313006237776e-01,4.609952035055386865e-01,5.448125132338185184e-01
7.010765891826937768e-01,4.733765003883145805e-01,5.332975763868353924e-01
7.014796950278717746e-01,4.856397888654497286e-01,5.216131065591866900e-01
7.016815088760512964e-01,4.977740618522415450e-01,5.097686175595244062e-01
7.016815088760512964e-01,5.097686175595244062e-01,4.977740618522415450e-01
7.014796950278717746e-01,5.216131065591866900e-01,4.856397888654497286e-01
7.010765891826937768e-01,5.332975763868353924e-01,4.733765003883145805e-01
7.004732313006237776e-01,5.448125132338185184e-01,4.609952035055386865e-01
6.996711720186669092e-01,5.561488803225300703e-01,4.485071615504274689e-01
6.986724616326798198e-01,5.672981526077314207e-01,4.359238435827831326e-01
6.974796356459455060e-01,5.782523475013394698e-01,4.232568729133515673e-01
6.960956970824162537e-01,5.890040513774291719e-01,4.105179752024506468e-01
6.945240958036339451e-01,5.995464416766412841e-01,3.977189266567818238e-01
6.927687051040323230e-01,6.098733044932934666e-01,3.848715028355735313e-01
6.908337958890811148e-01,6.199790475927650091e-01,3.719874285556590277e-01
6.887240087641078867e-01,6.298587088697397141e-01,3.590783293556459865e-01
6.864443243783433513e-01,6.395079603182857175e-01,3.461556849429252569e-01
6.840000323787005510e-01,6.489231076413313204e-01,3.332307850050079678e-01
6.813966993311433296e-01,6.581010856787965491e-01,3.203146877197682318e-01
6.786401359644964604e-01,6.670394498796332616e-01,3.074181812488744892e-01
6.757363640826357098e-01,6.757363640826357098e-01,2.945517484462771285e-01
6.726915834767422941e-01,6.841905849036951093e-01,2.817255349603450254e-01
6.695121391503625619e-01,6.924014430529390474e-01,2.689493208552738435e-01
6.662044891471310404e-01,7.003688219239070367e-01,2.562324958258196395e-01
6.627751732449483901e-01,7.080931338087055327e-01,2.435840380301947106e-01
6.592307827519703345e-01,7.155752940982925692e-01,2.310124965199212288e-01
6.555779316097181120e-01,7.228166938260994767e-01,2.185259772032393522e-01
6.518232289777207145e-01,7.298191709066786936e-01,2.061321322408176671e-01
6.479732534430416857e-01,7.365849804096115117e-01,1.938381527393714387e-01
6.440345289674443974e-01,7.431167641932050483e-01,1.816507645805612303e-01
6.400135026553708251e-01,7.494175202032974381e-01,1.695762271992862780e-01
6.359165243978065485e-01,7.554905717204709603e-01,1.576203351071486236e-01
6.317498284208611370e-01,7.613395368148838660e-01,1.457884219432756256e-01
6.275195167437984667e-01,7.669682982424204098e-01,1.340853668255979625e-01
6.232315445295137923e-01,7.723809739895682869e-01,1.225156027707591105e-01
6.188917072911990225e-01,7.775818886479167746e-01,1.110831269497023904e-01
6.145056299022326751e-01,7.825755457729287601e-01,9.979151254822582473e-02
6.100787573421531107e-01,7.873666013561121391e-01,8.864392200697951418e-02
6.056163470998847664e-01,7.919598385152339937e-01,7.764312142306215025e-02
6.011234631460700140e-01,7.963601434841097726e-01,6.679149590511888890e-02
5.966049713792734854e-01,8.005724829619310645e-01,5.609106568523083980e-02
5.920655364458204950e-01,8.046018828622688579e-01,4.554350280352464919e-02
5.875096198298990213e-01,8.084534084838781443e-01,3.515014819495122789e-02
5.829414791091241943e-01,8.121321461092926297e-01,2.491202902175744527e-02
5.783651682708119690e-01,8.156431860229398367e-01,1.482987610950799867e-02
5.737845389855535938e-01,8.189916069280979150e-01,4.904141358850885521e-03
5.849449391397542053e-01,4.915503690250035834e-03,8.110581088912558467e-01
5.942057805480537303e-01,2.496662943479217509e-02,8.039254678003080468e-01
5.988222045952497075e-01,3.522483556442645297e-02,8.001069792491151134e-01
6.034237594535368787e-01,4.563709105110783787e-02,7.961136994471033068e-01
6.080060356952696754e-01,5.620223859368039115e-02,7.919406347291327863e-01
6.125644193580650487e-01,6.691880211474660056e-02,7.875828248889408245e-01
6.170940933673253470e-01,7.778496975218386622e-02,7.830353621719842172e-01
6.215900401855690705e-01,8.879857716936702394e-02,7.782934116609226960e-01
6.260470457924324217e-01,9.995709134501021276e-02,7.733522330377106124e-01
6.304597050968053784e-01,1.112575950170833078e-01,7.682072036893847766e-01
6.348224288783937963e-01,1.226967719680929214e-01,7.628538431059690428e-01
6.391294523498285418e-01,1.342708933508043045e-01,7.572878384985363143e-01
6.433748454221386304e-01,1.459758052638465697e-01,7.515050715435064310e-01
6.475525247457846190e-01,1.578069177951912094e-01,7.455016461359033064e-01
6.516562675864134846e-01,1.697591957578051813e-01,7.392739170097968326e-01
6.556797275789600921e-01,1.818271513454259303e-01,7.328185190588377695e-01
6.596164523856591355e-01,1.940048389369585513e-01,7.261323971640448738e-01
6.634599032629617810e-01,2.062858522750385115e-01,7.192128363102694433e-01
6.672034765193926020e-01,2.186633242374479980e-01,7.120574917475871457e-01
6.708405268211782291e-01,2.311299294089773637e-01,7.046644189298090222e-01
6.743643922753013165e-01,2.436778896456971155e-01,6.970321029400172730e-01
6.777684211908124867e-01,2.562989828032484207e-01,6.891594870931789796e-01
6.810460003891788405e-01,2.689845547755580490e-01,6.810460003891788405e-01
6.841905849036951093e-01,2.817255349603450254e-01,6.726915834767422941e-01
6.871957288770846883e-01,2.945124552330362633e-01,6.640967127803759640e-01
6.900551174360645135e-01,3.073354724715245401e-01,6.552624224392881169e-01
6.927625992925336984e-01,3.201843946310029554e-01,6.461903237098423070e-01
6.953122197939400895e-01,3.330487103214671007e-01,6.368826214919283135e-01
6.976982541210647870e-01,3.459176217911161255e-01,6.273421276550750214e-01
6.999152403107055109e-01,3.587800811676725710e-01,6.175722708623871959e-01
7.019580117643128281e-01,3.716248297575773796e-01,6.075771026195312396e-01
7.038217288921939652e-01,3.844404401511983815e-01,5.973612993118621040e-01
7.055019095370893556e-01,3.972153608318066409e-01,5.869301600350576020e-01
7.069944578212237207e-01,4.099379629383566592e-01,5.762896000727621981e-01
7.082956910676851958e-01,4.225965887882827676e-01,5.654461399279839817e-01
7.094023644604061651e-01,4.351796017278121709e-01,5.544068898724182626e-01
7.103116931271054035e-01,4.476754368448143118e-01,5.431795300383747138e-01
7.110213713561294169e-01,4.600726520539660802e-01,5.317722861402984780e-01
7.115295886908481471e-01,4.723599790468656079e-01,5.201939009756620935e-01
7.118350426835357014e-01,4.845263735913142300e-01,5.084536019168112153e-01
7.119369481337817218e-01,4.965610646647384829e-01,4.965610646647384829e-01
7.118350426835357014e-01,5.084536019168112153e-01,4.845263735913142300e-01
7.115295886908481471e-01,5.201939009756620935e-01,4.723599790468656079e-01
7.110213713561294169e-01,5.317722861402984780e-01,4.600726520539660802e-01
7.103116931271054035e-01,5.431795300383747138e-01,4.476754368448143118e-01
7.094023644604061651e-01,5.544068898724182626e-01,4.351796017278121709e-01
7.082956910676851958e-01,5.654461399279839817e-01,4.225965887882827676e-01
7.069944578212237207e-01,5.762896000727621981e-01,4.099379629383566592e-01
7.055019095370893556e-01,5.869301600350576020e-01,3.972153608318066409e-01
7.038217288921939652e-01,5.973612993118621040e-01,3.844404401511983815e-01
7.019580117643128281e-01,6.075771026195312396e-01,3.716248297575773796e-01
6.999152403107055109e-01,6.175722708623871959e-01,3.587800811676725710e-01
6.976982541210647870e-01,6.273421276550750214e-01,3.459176217911161255e-01
6.953122197939400895e-01,6.368826214919283135e-01,3.330487103214671007e-01
6.927625992925336984e-01,6.461903237098423070e-01,3.201843946310029554e-01
6.900551174360645135e-01,6.552624224392881169e-01,3.073354724715245401e-01
6.871957288770846883e-01,6.640967127803759640e-01,2.945124552330362633e-01
6.841905849036951093e-01,6.726915834767422941e-01,2.817255349603450254e-01
6.810460003891788405e-01,6.810460003891788405e-01,2.689845547755580490e-01
6.777684211908124867e-01,6.891594870931789796e-01,2.562989828032484207e-01
6.743643922753013165e-01,6.970321029400172730e-01,2.436778896456971155e-01
6.708405268211782291e-01,7.046644189298090222e-01,2.311299294089773637e-01
6.672034765193926020e-01,7.120574917475871457e-01,2.186633242374479980e-01
6.634599032629617810e-01,7.192128363102694433e-01,2.062858522750385115e-01
6.596164523856591355e-01,7.261323971640448738e-01,1.940048389369585513e-01
6.556797275789600921e-01,7.328185190588377695e-01,1.818271513454259303e-01
6.516562675864134846e-01,7.392739170097968326e-01,1.697591957578051813e-01
6.433748454221386304e-01,7.515050715435064310e-01,1.459758052638465697e-01
6.391294523498285418e-01,7.572878384985363143e-01,1.342708933508043045e-01
6.348224288783937963e-01,7.628538431059690428e-01,1.226967719680929214e-01
6.304597050968053784e-01,7.682072036893847766e-01,1.112575950170833078e-01
6.260470457924324217e-01,7.733522330377106124e-01,9.995709134501021276e-02
6.215900401855690705e-01,7.782934116609226960e-01,8.879857716936702394e-02
6.170940933673253470e-01,7.830353621719842172e-01,7.778496975218386622e-02
6.125644193580650487e-01,7.875828248889408245e-01,6.691880211474660056e-02
6.080060356952696754e-01,7.919406347291327863e-01,5.620223859368039115e-02
6.034237594535368787e-01,7.961136994471033068e-01,4.563709105110783787e-02
5.988222045952497075e-01,8.001069792491151134e-01,3.522483556442645297e-02
5.942057805480537303e-01,8.039254678003080468e-01,2.496662943479217509e-02
5.895786919044938568e-01,8.075741746254831988e-01,1.486332836734018288e-02
5.849449391397542053e-01,8.110581088912558467e-01,4.915503690250035834e-03
5.960446495324386307e-01,4.925988839111062820e-03,8.029361807751033142e-01
6.007275009138451916e-01,1.489407027059120280e-02,7.993151045217279371e-01
6.054012112477301644e-01,2.501657897717892917e-02,7.955272114742899525e-01
6.100616322135092862e-01,3.529282169830218890e-02,7.915675723762063409e-01
6.147044101509135938e-01,4.572181563105968960e-02,7.874312692015835724e-01
6.193249859421590120e-01,5.630227144928717786e-02,7.831134119764490142e-01
6.239185959722971520e-01,6.703257642677572237e-02,7.786091569571642612e-01
6.284802742718219593e-01,7.791077780229198335e-02,7.739137261694336578e-01
6.330048559453992363e-01,8.893456653778336607e-02,7.690224282973032732e-01
6.374869819888798750e-01,1.001012616346174944e-01,7.639306808957651018e-01
6.419211055933566890e-01,1.114077951856238813e-01,7.586340338830578345e-01
6.463015000297357426e-01,1.228506983527596769e-01,7.531281942495267057e-01
6.506222681999456192e-01,1.344260884710631321e-01,7.474090518991109988e-01
6.548773539313386127e-01,1.461296574888110988e-01,7.414727065173006837e-01
6.590605550789130351e-01,1.579566619610618117e-01,7.353154953359773982e-01
6.631655384856199875e-01,1.699019148186299288e-01,7.289340216412186768e-01
6.671858568341468843e-01,1.819597791365855088e-01,7.223251838452333651e-01
6.711149674042141688e-01,1.941241641251859329e-01,7.154862049185424233e-01
6.749462527276274271e-01,2.063885235613406033e-01,7.084146619537907696e-01
6.786730431092490301e-01,2.187458568699232608e-01,7.011085156087283332e-01
6.822886409558919230e-01,2.311887130511699751e-01,6.935661391535099529e-01
6.857863468271931939e-01,2.437091976328042142e-01,6.857863468271931939e-01
6.891594870931789796e-01,2.562989828032484207e-01,6.777684211908124867e-01
6.924014430529390474e-01,2.689493208552738435e-01,6.695121391503625619e-01
6.955056813381526037e-01,2.816510610377642720e-01,6.610177963131202983e-01
6.984657853947454642e-01,2.943946698771241488e-01,6.522862293355887742e-01
7.012754878064152431e-01,3.071702549895868328e-01,6.433188359215875618e-01
7.039287031958538776e-01,3.199675923617517626e-01,6.341175921351080991e-01
7.064195614140050816e-01,3.327761570297379512e-01,6.246850667049467232e-01
7.087424407053719566e-01,3.455851570381565652e-01,6.150244320170582535e-01
7.108920005190093594e-01,3.583835705095832491e-01,6.051394715161815263e-01
7.128632136211074943e-01,3.711601856043782455e-01,5.950345832705111748e-01
7.146513971566229584e-01,3.839036431006652705e-01,5.847147794917824104e-01
7.162522423048172104e-01,3.966024812762211083e-01,5.741856818476633872e-01
7.176618421771986389e-01,4.092451827291463395e-01,5.634535124531724337e-01
7.188767176165384853e-01,4.218202227336713128e-01,5.525250804821328909e-01
7.198938405724134570e-01,4.343161186924477946e-01,5.414077643974348764e-01
7.207106547520529816e-01,4.467214802182146727e-01,5.301094898589481241e-01
7.213250932748667132e-01,4.590250593567333781e-01,5.186387034290363962e-01
7.217355930944143738e-01,4.712158004500721642e-01,5.070043422564067814e-01
7.219411059921462259e-01,4.832828891352384248e-01,4.952157999780837927e-01
7.219411059921462259e-01,4.952157999780837927e-01,4.832828891352384248e-01
7.217355930944143738e-01,5.070043422564067814e-01,4.712158004500721642e-01
7.213250932748667132e-01,5.186387034290363962e-01,4.590250593567333781e-01
7.207106547520529816e-01,5.301094898589481241e-01,4.467214802182146727e-01
7.198938405724134570e-01,5.414077643974348764e-01,4.343161186924477946e-01
7.188767176165384853e-01,5.525250804821328909e-01,4.218202227336713128e-01
7.176618421771986389e-01,5.634535124531724337e-01,4.092451827291463395e-01
7.162522423048172104e-01,5.741856818476633872e-01,3.966024812762211083e-01
7.146513971566229584e-01,5.847147794917824104e-01,3.839036431006652705e-01
7.128632136211074943e-01,5.950345832705111748e-01,3.711601856043782455e-01
7.087424407053719566e-01,6.150244320170582535e-01,3.455851570381565652e-01
7.064195614140050816e-01,6.246850667049467232e-01,3.327761570297379512e-01
7.039287031958538776e-01,6.341175921351080991e-01,3.199675923617517626e-01
7.012754878064152431e-01,6.433188359215875618e-01,3.071702549895868328e-01
6.984657853947454642e-01,6.522862293355887742e-01,2.943946698771241488e-01
6.955056813381526037e-01,6.610177963131202983e-01,2.816510610377642720e-01
6.924014430529390474e-01,6.695121391503625619e-01,2.689493208552738435e-01
6.891594870931789796e-01,6.777684211908124867e-01,2.562989828032484207e-01
6.857863468271931939e-01,6.857863468271931939e-01,2.437091976328042142e-01
6.822886409558919230e-01,6.935661391535099529e-01,2.311887130511699751e-01
6.786730431092490301e-01,7.011085156087283332e-01,2.187458568699232608e-01
6.749462527276274271e-01,7.084146619537907696e-01,2.063885235613406033e-01
6.711149674042141688e-01,7.154862049185424233e-01,1.941241641251859329e-01
6.671858568341468843e-01,7.223251838452333651e-01,1.819597791365855088e-01
6.631655384856199875e-01,7.289340216412186768e-01,1.699019148186299288e-01
6.590605550789130351e-01,7.353154953359773982e-01,1.579566619610618117e-01
6.548773539313386127e-01,7.414727065173006837e-01,1.461296574888110988e-01
6.506222681999456192e-01,7.474090518991109988e-01,1.344260884710631321e-01
6.463015000297357426e-01,7.531281942495267057e-01,1.228506983527596769e-01
6.419211055933566890e-01,7.586340338830578345e-01,1.114077951856238813e-01
6.374869819888798750e-01,7.639306808957651018e-01,1.001012616346174944e-01
6.330048559453992363e-01,7.690224282973032732e-01,8.893456653778336607e-02
6.284802742718219593e-01,7.739137261694336578e-01,7.791077780229198335e-02
6.239185959722971520e-01,7.786091569571642612e-01,6.703257642677572237e-02
6.193249859421590120e-01,7.831134119764490142e-01,5.630227144928717786e-02
6.147044101509135938e-01,7.874312692015835724e-01,4.572181563105968960e-02
6.100616322135092862e-01,7.915675723762063409e-01,3.529282169830218890e-02
6.054012112477301644e-01,7.955272114742899525e-01,2.501657897717892917e-02
6.007275009138451916e-01,7.993151045217279371e-01,1.489407027059120280e-02
5.960446495324386307e-01,8.029361807751033142e-01,4.925988839111062820e-03
6.070762474697014577e-01,4.935579247721150718e-03,7.946282588831051763e-01
6.118040240823218179e-01,1.492204936786150835e-02,7.908686164966599597e-01
6.165200545114105646e-01,2.506179083379717759e-02,7.869402321812313250e-01
6.212200441792379291e-01,3.535398625410297174e-02,7.828382670551372602e-01
6.258994925580564361e-01,4.579752384571144502e-02,7.785579053770945723e-01
6.305536936945049797e-01,5.639098073690695240e-02,7.740943719339045126e-01
6.351777378709823063e-01,6.713260644164853463e-02,7.694429507542794866e-01
6.397665145074231674e-01,7.802030664724672604e-02,7.645990051430179291e-01
6.443147164058348197e-01,8.905162747072513374e-02,7.595579990150085337e-01
6.488168454372739147e-01,1.002237403520992304e-01,7.543155194921152829e-01
6.532672197664802782e-01,1.115334277650088246e-01,7.488673007079164057e-01
6.576599827029557810e-01,1.229770699363250674e-01,7.432092487456167795e-01
6.619891132587096827e-01,1.345506327761605003e-01,7.373374676133594985e-01
6.662484384820522854e-01,1.462496572277675599e-01,7.312482861388378552e-01
6.704316476236023004e-01,1.580692502527192567e-01,7.249382856417814214e-01
6.745323081749950989e-01,1.700040776701207124e-01,7.184043282188972146e-01
6.785438838026321973e-01,1.820483590689988829e-01,7.116435854515411608e-01
6.824597541782392307e-01,1.941958650100680805e-01,7.046535673222470431e-01
6.862732366850822219e-01,2.064399167264068247e-01,6.974321511027258280e-01
6.899776099536321095e-01,2.187733885218833552e-01,6.899776099536321095e-01
6.935661391535099529e-01,2.311887130511699751e-01,6.822886409558919230e-01
6.970321029400172730e-01,2.436778896456971155e-01,6.743643922753013165e-01
7.003688219239070367e-01,2.562324958258196395e-01,6.662044891471310404e-01
7.035696885027462599e-01,2.688437021108054936e-01,6.578090583562261617e-01
7.066281978618825788e-01,2.815022902051402265e-01,6.491787508812416618e-01
7.095379799232588436e-01,2.941986746023268484e-01,6.403147623697701407e-01
7.122928319918657714e-01,3.069229276062510614e-01,6.312188511147427405e-01
7.148867518231850626e-01,3.196648077258144593e-01,6.218933532120389795e-01
7.173139708113531743e-01,3.324137913516027054e-01,6.123411945950576474e-01
7.195689869776835668e-01,3.451591075746612280e-01,6.025658996642390131e-01
7.216465974233865488e-01,3.578897759579396931e-01,5.925715962582279728e-01
7.235419298994639759e-01,3.705946470216767152e-01,5.823630167483491160e-01
7.252504731414179950e-01,3.832624451560339152e-01,5.719454950790043846e-01
7.267681056170858245e-01,3.958818136288191347e-01,5.613249596229524796e-01
7.280911223429133994e-01,4.084413613143172417e-01,5.505079217714711204e-01
7.292162594374957951e-01,4.209297107322129694e-01,5.395014602342448340e-01
7.308621737375097238e-01,4.456476669131156920e-01,5.169512936192142138e-01
7.313788119625169726e-01,4.578550286269415515e-01,5.054243822505198880e-01
7.316893212899165944e-01,4.699467998528732982e-01,4.937415745289681634e-01
7.317929123174119477e-01,4.819124056724420346e-01,4.819124056724420346e-01
7.316893212899165944e-01,4.937415745289681634e-01,4.699467998528732982e-01
7.313788119625169726e-01,5.054243822505198880e-01,4.578550286269415515e-01
7.308621737375097238e-01,5.169512936192142138e-01,4.456476669131156920e-01
7.301407161012561930e-01,5.283132010813967883e-01,4.333355469544040717e-01
7.292162594374957951e-01,5.395014602342448340e-01,4.209297107322129694e-01
7.280911223429133994e-01,5.505079217714711204e-01,4.084413613143172417e-01
7.267681056170858245e-01,5.613249596229524796e-01,3.958818136288191347e-01
7.252504731414179950e-01,5.719454950790043846e-01,3.832624451560339152e-01
7.235419298994639759e-01,5.823630167483491160e-01,3.705946470216767152e-01
7.216465974233865488e-01,5.925715962582279728e-01,3.578897759579396931e-01
7.195689869776835668e-01,6.025658996642390131e-01,3.451591075746612280e-01
7.173139708113531743e-01,6.123411945950576474e-01,3.324137913516027054e-01
7.148867518231850626e-01,6.218933532120389795e-01,3.196648077258144593e-01
7.122928319918657714e-01,6.312188511147427405e-01,3.069229276062510614e-01
7.095379799232588436e-01,6.403147623697701407e-01,2.941986746023268484e-01
7.066281978618825788e-01,6.491787508812416618e-01,2.815022902051402265e-01
7.035696885027462599e-01,6.578090583562261617e-01,2.688437021108054936e-01
7.003688219239070367e-01,6.662044891471310404e-01,2.562324958258196395e-01
6.970321029400172730e-01,6.743643922753013165e-01,2.436778896456971155e-01
6.935661391535099529e-01,6.822886409558919230e-01,2.311887130511699751e-01
6.899776099536321095e-01,6.899776099536321095e-01,2.187733885218833552e-01
6.862732366850822219e-01,6.974321511027258280e-01,2.064399167264068247e-01
6.824597541782392307e-01,7.046535673222470431e-01,1.941958650100680805e-01
6.785438838026321973e-01,7.116435854515411608e-01,1.820483590689988829e-01
6.745323081749950989e-01,7.184043282188972146e-01,1.700040776701207124e-01
6.704316476236023004e-01,7.249382856417814214e-01,1.580692502527192567e-01
6.662484384820522854e-01,7.312482861388378552e-01,1.462496572277675599e-01
6.619891132587096827e-01,7.373374676133594985e-01,1.345506327761605003e-01
6.576599827029557810e-01,7.432092487456167795e-01,1.229770699363250674e-01
6.532672197664802782e-01,7.488673007079164057e-01,1.115334277650088246e-01
6.488168454372739147e-01,7.543155194921152829e-01,1.002237403520992304e-01
6.443147164058348197e-01,7.595579990150085337e-01,8.905162747072513374e-02
6.397665145074231674e-01,7.645990051430179291e-01,7.802030664724672604e-02
6.351777378709823063e-01,7.694429507542794866e-01,6.713260644164853463e-02
6.305536936945049797e-01,7.740943719339045126e-01,5.639098073690695240e-02
6.258994925580564361e-01,7.785579053770945723e-01,4.579752384571144502e-02
6.212200441792379291e-01,7.828382670551372602e-01,3.535398625410297174e-02
6.165200545114105646e-01,7.869402321812313250e-01,2.506179083379717759e-02
6.118040240823218179e-01,7.908686164966599597e-01,1.492204936786150835e-02
6.070762474697014577e-01,7.946282588831051763e-01,4.935579247721150718e-03
6.180323349527956367e-01,4.944258679622365316e-03,7.861371300599561129e-01
6.228007255439360623e-01,1.494721741305446612e-02,7.822377112831837564e-01
6.275546404235062825e-01,2.510218561694025144e-02,7.781677541251478258e-01
6.322896409939287032e-01,3.540821989566000916e-02,7.739225205765687399e-01
6.370010827396885844e-01,4.586407795725757491e-02,7.694973079495437407e-01
6.416841164340014725e-01,5.646820224619213124e-02,7.648874667893297286e-01
6.463336905393692877e-01,6.721870381609440503e-02,7.600884200742983321e-01
6.509445549041193990e-01,7.811334658849432289e-02,7.550956836887784407e-01
6.555112658550149574e-01,8.914953215628203254e-02,7.499048881381370490e-01
6.600281927823357098e-01,1.003242853029150256e-01,7.445118014584746202e-01
6.644895263082589709e-01,1.116342404197875060e-01,7.389123532547839934e-01
6.688892881217730624e-01,1.230756290144062320e-01,7.331026597814632728e-01
6.732213425535583662e-01,1.346442685107116788e-01,7.270790499578431154e-01
6.774794099521729285e-01,1.463355525496693454e-01,7.208380921891119897e-01
6.816570819083797028e-01,1.581444430027440784e-01,7.143766218399818513e-01
6.857478383575265068e-01,1.700654639126665812e-01,7.076917691849673453e-01
6.897450665705314732e-01,1.820926975746202936e-01,7.007809876356599910e-01
6.936420820223286876e-01,1.942197829662520303e-01,6.936420820223286876e-01
6.974321511027258280e-01,2.064399167264068247e-01,6.862732366850822219e-01
7.011085156087283332e-01,2.187458568699232608e-01,6.786730431092490301e-01
7.046644189298090222e-01,2.311299294089773637e-01,6.708405268211782291e-01
7.113879915305902912e-01,2.560996769510124893e-01,6.544769522081430591e-01
7.145424123633983271e-01,2.686679470486377785e-01,6.459463407765120291e-01
7.175499370423435996e-01,2.812795753205986626e-01,6.371843440936010294e-01
7.204042590628561005e-01,2.939249376976452721e-01,6.281925139028105010e-01
7.230992575190555716e-01,3.065940851880795126e-01,6.189729644363115568e-01
7.256290302001775494e-01,3.192767732880781306e-01,6.095283853681491282e-01
7.279879266358368906e-01,3.319624945459416221e-01,5.998620515479295978e-01
7.301705807633706025e-01,3.446405141203109368e-01,5.899778292568034210e-01
7.321719428774503546e-01,3.572999081241957642e-01,5.798801787589407120e-01
7.339873105142897813e-01,3.699296044992020360e-01,5.695741529590888641e-01
7.356123579206246266e-01,3.825184261187247747e-01,5.590653920196746451e-01
7.370431637616036147e-01,3.950551357762195348e-01,5.483601138386331453e-01
7.382762367320485630e-01,4.075284826760908197e-01,5.374651003409313121e-01
7.393085387523045116e-01,4.199272500113089834e-01,5.263876795916407891e-01
7.401375054530260345e-01,4.322403031845671872e-01,5.151357037953061546e-01
7.407610636824497607e-01,4.444566382094698453e-01,5.037175233040658284e-01
7.411776458045455929e-01,4.565654298156000546e-01,4.921419568142182399e-01
7.413862005962795765e-01,4.685560787768486835e-01,4.804182579863891522e-01
7.413862005962795765e-01,4.804182579863891522e-01,4.685560787768486835e-01
7.411776458045455929e-01,4.921419568142182399e-01,4.565654298156000546e-01
7.407610636824497607e-01,5.037175233040658284e-01,4.444566382094698453e-01
7.401375054530260345e-01,5.151357037953061546e-01,4.322403031845671872e-01
7.393085387523045116e-01,5.263876795916407891e-01,4.199272500113089834e-01
7.382762367320485630e-01,5.374651003409313121e-01,4.075284826760908197e-01
7.370431637616036147e-01,5.483601138386331453e-01,3.950551357762195348e-01
7.356123579206246266e-01,5.590653920196746451e-01,3.825184261187247747e-01
7.339873105142897813e-01,5.695741529590888641e-01,3.699296044992020360e-01
7.321719428774503546e-01,5.798801787589407120e-01,3.572999081241957642e-01
7.301705807633706025e-01,5.899778292568034210e-01,3.446405141203109368e-01
7.279879266358368906e-01,5.998620515479295978e-01,3.319624945459416221e-01
7.256290302001775494e-01,6.095283853681491282e-01,3.192767732880781306e-01
7.230992575190555716e-01,6.189729644363115568e-01,3.065940851880795126e-01
7.204042590628561005e-01,6.281925139028105010e-01,2.939249376976452721e-01
7.175499370423435996e-01,6.371843440936010294e-01,2.812795753205986626e-01
7.145424123633983271e-01,6.459463407765120291e-01,2.686679470486377785e-01
7.113879915305902912e-01,6.544769522081430591e-01,2.560996769510124893e-01
7.080931338087055327e-01,6.627751732449483901e-01,2.435840380301947106e-01
7.046644189298090222e-01,6.708405268211782291e-01,2.311299294089773637e-01
7.011085156087283332e-01,6.786730431092490301e-01,2.187458568699232608e-01
6.974321511027258280e-01,6.862732366850822219e-01,2.064399167264068247e-01
6.936420820223286876e-01,6.936420820223286876e-01,1.942197829662520303e-01
6.897450665705314732e-01,7.007809876356599910e-01,1.820926975746202936e-01
6.857478383575265068e-01,7.076917691849673453e-01,1.700654639126665812e-01
6.816570819083797028e-01,7.143766218399818513e-01,1.581444430027440784e-01
6.774794099521729285e-01,7.208380921891119897e-01,1.463355525496693454e-01
6.732213425535583662e-01,7.270790499578431154e-01,1.346442685107116788e-01
6.688892881217730624e-01,7.331026597814632728e-01,1.230756290144062320e-01
6.644895263082589709e-01,7.389123532547839934e-01,1.116342404197875060e-01
6.600281927823357098e-01,7.445118014584746202e-01,1.003242853029150256e-01
6.555112658550149574e-01,7.499048881381370490e-01,8.914953215628203254e-02
6.509445549041193990e-01,7.550956836887784407e-01,7.811334658849432289e-02
6.463336905393692877e-01,7.600884200742983321e-01,6.721870381609440503e-02
6.416841164340014725e-01,7.648874667893297286e-01,5.646820224619213124e-02
6.370010827396885844e-01,7.694973079495437407e-01,4.586407795725757491e-02
6.322896409939287032e-01,7.739225205765687399e-01,3.540821989566000916e-02
6.275546404235062825e-01,7.781677541251478258e-01,2.510218561694025144e-02
6.228007255439360623e-01,7.822377112831837564e-01,1.494721741305446612e-02
6.180323349527956367e-01,7.861371300599561129e-01,4.944258679622365316e-03
6.289055613178533566e-01,4.952012293841364862e-03,7.774659301330942851e-01
6.337101283343036240e-01,1.496953059057410176e-02,7.734257471796619487e-01
6.384973703109053655e-01,2.513769174452383168e-02,7.692133673824292917e-01
6.432627075314885090e-01,3.545542482457023775e-02,7.648241640728722368e-01
6.480013550630885355e-01,4.592135587061257213e-02,7.602535583023637411e-01
6.527083246820695184e-01,5.653379190159657508e-02,7.554970372304269377e-01
6.573784280485929221e-01,6.729070523332053577e-02,7.505501737562674247e-01
6.665863106663357796e-01,8.922808882935202857e-02,7.400682661728609224e-01
6.711127606817760549e-01,1.004026964799507454e-01,7.345249900375344643e-01
6.755797026084562340e-01,1.117100295651778097e-01,7.287749547823504370e-01
6.799810456186233809e-01,1.231461736159711606e-01,7.228144973111350069e-01
6.843105493194446831e-01,1.347068010471347832e-01,7.166401815707570400e-01
6.885618381667475418e-01,1.463871624448990771e-01,7.102488251956214915e-01
6.927284177338681737e-01,1.581820796400171536e-01,7.036375266745590329e-01
6.968036928542120645e-01,1.700859407754375940e-01,6.968036928542120645e-01
7.007809876356599910e-01,1.820926975746202936e-01,6.897450665705314732e-01
7.046535673222470431e-01,1.941958650100680805e-01,6.824597541782392307e-01
7.084146619537907696e-01,2.063885235613406033e-01,6.749462527276274271e-01
7.120574917475871457e-01,2.186633242374479980e-01,6.672034765193926020e-01
7.155752940982925692e-01,2.310124965199212288e-01,6.592307827519703345e-01
7.189613520630602217e-01,2.434278593599337459e-01,6.510279959626135149e-01
7.222090241694074653e-01,2.559008353356168608e-01,6.425954309538822740e-01
7.253117753537300372e-01,2.684224680442938160e-01,6.339339138918428374e-01
7.282632088094582734e-01,2.809834427690036107e-01,6.250448012616610649e-01
7.310570984962833085e-01,2.935741104197673312e-01,6.159299963708844139e-01
7.336874220363512888e-01,3.061845147080836105e-01,6.065919631009203394e-01
7.361483937005922629e-01,3.188044224687604511e-01,5.970337366233149368e-01
7.384344971691252368e-01,3.314233569971664628e-01,5.872589308195405033e-01
7.405405177346602308e-01,3.440306342231885806e-01,5.772717421711131003e-01
7.424615736076493056e-01,3.566154014965874364e-01,5.670769499208030417e-01
7.441931459771604640e-01,3.691666787130795657e-01,5.566799123451200426e-01
7.457311074825184738e-01,3.816734014674306730e-01,5.460865590226315902e-01
7.470717487579832117e-01,3.941244658801958400e-01,5.353033790313107554e-01
7.482118027262862903e-01,4.065087747095571524e-01,5.243374050601533609e-01
7.491484663367036223e-01,4.188152843299681183e-01,5.131961934747496512e-01
7.498794194693444437e-01,4.310330521359223566e-01,5.018878004322383513e-01
7.504028407591049055e-01,4.431512839128572412e-01,4.904207541968953477e-01
7.507174201297478477e-01,4.551593807085873022e-01,4.788040238622801592e-01
7.508223678701172465e-01,4.670469847381044093e-01,4.670469847381044093e-01
7.507174201297478477e-01,4.788040238622801592e-01,4.551593807085873022e-01
7.504028407591049055e-01,4.904207541968953477e-01,4.431512839128572412e-01
7.498794194693444437e-01,5.018878004322383513e-01,4.310330521359223566e-01
7.491484663367036223e-01,5.131961934747496512e-01,4.188152843299681183e-01
7.482118027262862903e-01,5.243374050601533609e-01,4.065087747095571524e-01
7.470717487579832117e-01,5.353033790313107554e-01,3.941244658801958400e-01
7.457311074825184738e-01,5.460865590226315902e-01,3.816734014674306730e-01
7.441931459771604640e-01,5.566799123451200426e-01,3.691666787130795657e-01
7.424615736076493056e-01,5.670769499208030417e-01,3.566154014965874364e-01
7.405405177346602308e-01,5.772717421711131003e-01,3.440306342231885806e-01
7.384344971691252368e-01,5.872589308195405033e-01,3.314233569971664628e-01
7.361483937005922629e-01,5.970337366233149368e-01,3.188044224687604511e-01
7.336874220363512888e-01,6.065919631009203394e-01,3.061845147080836105e-01
7.310570984962833085e-01,6.159299963708844139e-01,2.935741104197673312e-01
7.282632088094582734e-01,6.250448012616610649e-01,2.809834427690036107e-01
7.253117753537300372e-01,6.339339138918428374e-01,2.684224680442938160e-01
7.222090241694074653e-01,6.425954309538822740e-01,2.559008353356168608e-01
7.189613520630602217e-01,6.510279959626135149e-01,2.434278593599337459e-01
7.155752940982925692e-01,6.592307827519703345e-01,2.310124965199212288e-01
7.120574917475871457e-01,6.672034765193926020e-01,2.186633242374479980e-01
7.084146619537907696e-01,6.749462527276274271e-01,2.063885235613406033e-01
7.046535673222470431e-01,6.824597541782392307e-01,1.941958650100680805e-01
7.007809876356599910e-01,6.897450665705314732e-01,1.820926975746202936e-01
6.968036928542120645e-01,6.968036928542120645e-01,1.700859407754375940e-01
6.927284177338681737e-01,7.036375266745590329e-01,1.581820796400171536e-01
6.885618381667475418e-01,7.102488251956214915e-01,1.463871624448990771e-01
6.843105493194446831e-01,7.166401815707570400e-01,1.347068010471347832e-01
6.799810456186233809e-01,7.228144973111350069e-01,1.231461736159711606e-01
6.755797026084562340e-01,7.287749547823504370e-01,1.117100295651778097e-01
6.711127606817760549e-01,7.345249900375344643e-01,1.004026964799507454e-01
6.665863106663357796e-01,7.400682661728609224e-01,8.922808882935202857e-02
6.620062812294540411e-01,7.454086473685979097e-01,7.818971825544732135e-02
6.573784280485929221e-01,7.505501737562674247e-01,6.729070523332053577e-02
6.527083246820695184e-01,7.554970372304269377e-01,5.653379190159657508e-02
6.432627075314885090e-01,7.648241640728722368e-01,3.545542482457023775e-02
6.384973703109053655e-01,7.692133673824292917e-01,2.513769174452383168e-02
6.337101283343036240e-01,7.734257471796619487e-01,1.496953059057410176e-02
6.289055613178533566e-01,7.774659301330942851e-01,4.952012293841364862e-03
6.396886460783927086e-01,4.958826713785990763e-03,7.686181406368285396e-01
6.445248380833070723e-01,1.498894972286760573e-02,7.644364358662478764e-01
6.493407412769578446e-01,2.516824578592859879e-02,7.600810227350437431e-01
6.541316383992122896e-01,3.549551526197276125e-02,7.555473962905630003e-01
6.588926083657370425e-01,4.596925174644676815e-02,7.508311118586304955e-01
6.636185289474029192e-01,5.658762649939094724e-02,7.459278038556078627e-01
6.683040807494239344e-01,6.734847325381791705e-02,7.408332057919969627e-01
6.729437525874365500e-01,7.824927355667866957e-02,7.355431714327794746e-01
6.775318483537436931e-01,8.928714280630731248e-02,7.300536970633362266e-01
6.820624954611044233e-01,1.004588171609378661e-01,7.243609447920256184e-01
6.865296549436173956e-01,1.117606415024493399e-01,7.184612668014600523e-01
6.909271332842701341e-01,1.231885586475830602e-01,7.123512304403716300e-01
6.952485960264986886e-01,1.347381000051354194e-01,7.060276440269095399e-01
6.994875832125518889e-01,1.464043778816969121e-01,6.994875832125518889e-01
7.036375266745590329e-01,1.581820796400171536e-01,6.927284177338681737e-01
7.076917691849673453e-01,1.700654639126665812e-01,6.857478383575265068e-01
7.116435854515411608e-01,1.820483590689988829e-01,6.785438838026321973e-01
7.154862049185424233e-01,1.941241641251859329e-01,6.711149674042141688e-01
7.192128363102694433e-01,2.062858522750385115e-01,6.634599032629617810e-01
7.228166938260994767e-01,2.185259772032393522e-01,6.555779316097181120e-01
7.262910248679609326e-01,2.308366823223751974e-01,6.474687430993451009e-01
7.296291391521848579e-01,2.432097130507283045e-01,6.391325017379604345e-01
7.328244390284819332e-01,2.556364322192378746e-01,6.305698661407868055e-01
7.358704507999679345e-01,2.681078386635541988e-01,6.217820088154767388e-01
7.387608568103397610e-01,2.806145890209817972e-01,6.127706331682662988e-01
7.414895280381957887e-01,2.931470227127750960e-01,6.035379879380663448e-01
7.440505569147958242e-01,3.056951900502649644e-01,5.940868787769300052e-01
7.464382900609980442e-01,3.182488833593402622e-01,5.844206767144248804e-01
7.486473606223683630e-01,3.307976709726743736e-01,5.745433232683292424e-01
7.506727198692046965e-01,3.433309338936673116e-01,5.644593319946733523e-01
7.525096677210276752e-01,3.558379048913387077e-01,5.541737863061831915e-01
7.541538818534390121e-01,3.683077097423771984e-01,5.436923334292235177e-01
7.556014450495287527e-01,3.807294102962741622e-01,5.330211744147838049e-01
7.568488704684298574e-01,3.930920490029829462e-01,5.221670501681414667e-01
7.578931245202661371e-01,4.053846945108400268e-01,5.111372235136678599e-01
7.587316470595042439e-01,4.175964879164713595e-01,4.999394573647896189e-01
7.593623686373497383e-01,4.297166892288878381e-01,4.885819891232560108e-01
7.597837245878662493e-01,4.417347235975966901e-01,4.770735014854043943e-01
7.599946657613459999e-01,4.536402268497956580e-01,4.654230898848552567e-01
7.599946657613459999e-01,4.654230898848552567e-01,4.536402268497956580e-01
7.597837245878662493e-01,4.770735014854043943e-01,4.417347235975966901e-01
7.593623686373497383e-01,4.885819891232560108e-01,4.297166892288878381e-01
7.587316470595042439e-01,4.999394573647896189e-01,4.175964879164713595e-01
7.578931245202661371e-01,5.111372235136678599e-01,4.053846945108400268e-01
7.568488704684298574e-01,5.221670501681414667e-01,3.930920490029829462e-01
7.556014450495287527e-01,5.330211744147838049e-01,3.807294102962741622e-01
7.541538818534390121e-01,5.436923334292235177e-01,3.683077097423771984e-01
7.525096677210276752e-01,5.541737863061831915e-01,3.558379048913387077e-01
7.506727198692046965e-01,5.644593319946733523e-01,3.433309338936673116e-01
7.486473606223683630e-01,5.745433232683292424e-01,3.307976709726743736e-01
7.464382900609980442e-01,5.844206767144248804e-01,3.182488833593402622e-01
7.440505569147958242e-01,5.940868787769300052e-01,3.056951900502649644e-01
7.414895280381957887e-01,6.035379879380663448e-01,2.931470227127750960e-01
7.387608568103397610e-01,6.127706331682662988e-01,2.806145890209817972e-01
7.358704507999679345e-01,6.217820088154767388e-01,2.681078386635541988e-01
7.328244390284819332e-01,6.305698661407868055e-01,2.556364322192378746e-01
7.296291391521848579e-01,6.391325017379604345e-01,2.432097130507283045e-01
7.262910248679609326e-01,6.474687430993451009e-01,2.308366823223751974e-01
7.228166938260994767e-01,6.555779316097181120e-01,2.185259772032393522e-01
7.192128363102694433e-01,6.634599032629617810e-01,2.062858522750385115e-01
7.154862049185424233e-01,6.711149674042141688e-01,1.941241641251859329e-01
7.076917691849673453e-01,6.857478383575265068e-01,1.700654639126665812e-01
7.036375266745590329e-01,6.927284177338681737e-01,1.581820796400171536e-01
6.994875832125518889e-01,6.994875832125518889e-01,1.464043778816969121e-01
6.952485960264986886e-01,7.060276440269095399e-01,1.347381000051354194e-01
6.909271332842701341e-01,7.123512304403716300e-01,1.231885586475830602e-01
6.865296549436173956e-01,7.184612668014600523e-01,1.117606415024493399e-01
6.820624954611044233e-01,7.243609447920256184e-01,1.004588171609378661e-01
6.775318483537436931e-01,7.300536970633362266e-01,8.928714280630731248e-02
6.729437525874365500e-01,7.355431714327794746e-01,7.824927355667866957e-02
6.683040807494239344e-01,7.408332057919969627e-01,6.734847325381791705e-02
6.636185289474029192e-01,7.459278038556078627e-01,5.658762649939094724e-02
6.588926083657370425e-01,7.508311118586304955e-01,4.596925174644676815e-02
6.541316383992122896e-01,7.555473962905630003e-01,3.549551526197276125e-02
6.493407412769578446e-01,7.600810227350437431e-01,2.516824578592859879e-02
6.445248380833070723e-01,7.644364358662478764e-01,1.498894972286760573e-02
6.396886460783927086e-01,7.686181406368285396e-01,4.958826713785990763e-03
6.503744018158158502e-01,4.964690090197067598e-03,7.595975838001514102e-01
6.552375666846921298e-01,1.500544045842806297e-02,7.552738364075458621e-01
6.600773706333837865e-01,2.519379277226655583e-02,7.507750246135433958e-01
6.648889631093589658e-01,3.552841787607261687e-02,7.460967753975249472e-01
6.696672918376166406e-01,4.600767653846220967e-02,7.412347886752245207e-01
6.744071062833140173e-01,5.662960434440041102e-02,7.361848564772053294e-01
6.791029624618536431e-01,6.739189703819921384e-02,7.309428832604684123e-01
6.837492291900686414e-01,7.829189647214525316e-02,7.255049073085461098e-01
6.883400958671104242e-01,8.932657732626624048e-02,7.198671231587338015e-01
6.928695818667116590e-01,1.004925347745612291e-01,7.140259049771455757e-01
6.973315476135040214e-01,1.117859732815540824e-01,7.079778307831757767e-01
7.017197074049338346e-01,1.232026967199502249e-01,7.017197074049338346e-01
7.060276440269095399e-01,1.347381000051354194e-01,6.952485960264986886e-01
7.102488251956214915e-01,1.463871624448990771e-01,6.885618381667475418e-01
7.143766218399818513e-01,1.581444430027440784e-01,6.816570819083797028e-01
7.184043282188972146e-01,1.700040776701207124e-01,6.745323081749950989e-01
7.223251838452333651e-01,1.819597791365855088e-01,6.671858568341468843e-01
7.261323971640448738e-01,1.940048389369585513e-01,6.596164523856591355e-01
7.298191709066786936e-01,2.061321322408176671e-01,6.518232289777207145e-01
7.333787290150629579e-01,2.183341254319653146e-01,6.438057544788721165e-01
7.368043450022605523e-01,2.306028866037609371e-01,6.355640533225606070e-01
7.400893715866961875e-01,2.429300990704422736e-01,6.270986278330021868e-01
7.432272714088956622e-01,2.553070779648878297e-01,6.184104777371727257e-01
7.462116486117277292e-01,2.677247899599328740e-01,6.095011175683577864e-01
7.490362810386583803e-01,2.801738761136966516e-01,6.003725916722071343e-01
7.516951527801110089e-01,2.926446777998905624e-01,5.910274865370338526e-01
7.541824867763639029e-01,3.051272656423457130e-01,5.814689401863568641e-01
7.564927771672108614e-01,3.176114713297449876e-01,5.717006483935410666e-01
7.586208210645073446e-01,3.300869221425719036e-01,5.617268675057802696e-01
7.605617494143356305e-01,3.425430779805023196e-01,5.515524136974190306e-01
7.623110566113630027e-01,3.549692706358255068e-01,5.411826585103569620e-01
7.638646285294526939e-01,3.673547450179810436e-01,5.306235205815281741e-01
7.652187686400123701e-01,3.796887019969527044e-01,5.198814535035198858e-01
7.663702219030613660e-01,3.919603425000389718e-01,5.089634298134834145e-01
7.673161961355678962e-01,4.041589124683525602e-01,4.978769211566662078e-01
7.680543805870545526e-01,4.162737482571058911e-01,4.866298747230956012e-01
7.685829614834442935e-01,4.282943220480261992e-01,4.752306861080838329e-01
7.689006343361161067e-01,4.402102868336542629e-01,4.636881687981158628e-01
7.690066128534639445e-01,4.520115205321887375e-01,4.520115205321887375e-01
7.689006343361161067e-01,4.636881687981158628e-01,4.402102868336542629e-01
7.685829614834442935e-01,4.752306861080838329e-01,4.282943220480261992e-01
7.680543805870545526e-01,4.866298747230956012e-01,4.162737482571058911e-01
7.673161961355678962e-01,4.978769211566662078e-01,4.041589124683525602e-01
7.663702219030613660e-01,5.089634298134834145e-01,3.919603425000389718e-01
7.652187686400123701e-01,5.198814535035198858e-01,3.796887019969527044e-01
7.638646285294526939e-01,5.306235205815281741e-01,3.673547450179810436e-01
7.623110566113630027e-01,5.411826585103569620e-01,3.549692706358255068e-01
7.605617494143356305e-01,5.515524136974190306e-01,3.425430779805023196e-01
7.586208210645073446e-01,5.617268675057802696e-01,3.300869221425719036e-01
7.541824867763639029e-01,5.814689401863568641e-01,3.051272656423457130e-01
7.516951527801110089e-01,5.910274865370338526e-01,2.926446777998905624e-01
7.490362810386583803e-01,6.003725916722071343e-01,2.801738761136966516e-01
7.462116486117277292e-01,6.095011175683577864e-01,2.677247899599328740e-01
7.432272714088956622e-01,6.184104777371727257e-01,2.553070779648878297e-01
7.400893715866961875e-01,6.270986278330021868e-01,2.429300990704422736e-01
7.368043450022605523e-01,6.355640533225606070e-01,2.306028866037609371e-01
7.333787290150629579e-01,6.438057544788721165e-01,2.183341254319653146e-01
7.298191709066786936e-01,6.518232289777207145e-01,2.061321322408176671e-01
7.261323971640448738e-01,6.596164523856591355e-01,1.940048389369585513e-01
7.223251838452333651e-01,6.671858568341468843e-01,1.819597791365855088e-01
7.184043282188972146e-01,6.745323081749950989e-01,1.700040776701207124e-01
7.143766218399818513e-01,6.816570819083797028e-01,1.581444430027440784e-01
7.102488251956214915e-01,6.885618381667475418e-01,1.463871624448990771e-01
7.060276440269095399e-01,6.952485960264986886e-01,1.347381000051354194e-01
7.017197074049338346e-01,7.017197074049338346e-01,1.232026967199502249e-01
6.973315476135040214e-01,7.079778307831757767e-01,1.117859732815540824e-01
6.928695818667116590e-01,7.140259049771455757e-01,1.004925347745612291e-01
6.883400958671104242e-01,7.198671231587338015e-01,8.932657732626624048e-02
6.837492291900686414e-01,7.255049073085461098e-01,7.829189647214525316e-02
6.791029624618536431e-01,7.309428832604684123e-01,6.739189703819921384e-02
6.744071062833140173e-01,7.361848564772053294e-01,5.662960434440041102e-02
6.696672918376166406e-01,7.412347886752245207e-01,4.600767653846220967e-02
6.648889631093589658e-01,7.460967753975249472e-01,3.552841787607261687e-02
6.600773706333837865e-01,7.507750246135433958e-01,2.519379277226655583e-02
6.552375666846921298e-01,7.552738364075458621e-01,1.500544045842806297e-02
6.503744018158158502e-01,7.595975838001514102e-01,4.964690090197067598e-03
6.609557569589160630e-01,4.969592157585835113e-03,7.504084157954611367e-01
6.658411557743523224e-01,1.501897343851922584e-02,7.459423474464549342e-01
6.707000200525621292e-01,2.521428646814143082e-02,7.413000221633581077e-01
6.755273708745341832e-01,3.555407215129127024e-02,7.364772088481763568e-01
6.803180304222401498e-01,4.603655844962527277e-02,7.314697620329349004e-01
6.850666262500563208e-01,5.665964578007984948e-02,7.262736413628416710e-01
6.897675969471307456e-01,6.742089293468195299e-02,7.208849321477532879e-01
6.944151992800026152e-01,7.831750367819578784e-02,7.152998669275215660e-01
6.990035168986939995e-01,8.934631419005863162e-02,7.095148479798774055e-01
7.035264706814484681e-01,1.005037815259212097e-01,7.035264706814484681e-01
7.079778307831757767e-01,1.117859732815540824e-01,6.973315476135040214e-01
7.123512304403716300e-01,1.231885586475830602e-01,6.909271332842701341e-01
7.166401815707570400e-01,1.347068010471347832e-01,6.843105493194446831e-01
7.208380921891119897e-01,1.463355525496693454e-01,6.774794099521729285e-01
7.249382856417814214e-01,1.580692502527192567e-01,6.704316476236023004e-01
7.289340216412186768e-01,1.699019148186299288e-01,6.631655384856199875e-01
7.328185190588377695e-01,1.818271513454259303e-01,6.556797275789600921e-01
7.365849804096115117e-01,1.938381527393714387e-01,6.479732534430416857e-01
7.402266179355609932e-01,2.059277057414718726e-01,6.400455718991693299e-01
7.437366811679135825e-01,2.180881997409671591e-01,6.318965787366483955e-01
7.471084858196924694e-01,2.303116384857698540e-01,6.235266310224500952e-01
7.503354438323633913e-01,2.425896547728693953e-01,6.149365667498316590e-01
7.534110943724626752e-01,2.549135281711339962e-01,6.061277225402519342e-01
7.563291355474897060e-01,2.672742057949775707e-01,5.971019491164393234e-01
7.590834565854375215e-01,2.796623261104243530e-01,5.878616242729327590e-01
7.616681701998077036e-01,2.920682457157157130e-01,5.784096630840644959e-01
7.640776448425233847e-01,3.044820689973965488e-01,5.687495251083445336e-01
7.663065365314437605e-01,3.168936805205218588e-01,5.588852183725567802e-01
7.683498199278324670e-01,3.292927799690710811e-01,5.488212999484517463e-01
7.702028183326677935e-01,3.416689194107323524e-01,5.385628729694594830e-01
7.718612322695735939e-01,3.540115426198796045e-01,5.281155799739187806e-01
7.733211663267217650e-01,3.663100261547629355e-01,5.174855925043475580e-01
7.745791539405304515e-01,3.785537218506351831e-01,5.066795969385424758e-01
7.756321798204063311e-01,3.907320003606558068e-01,4.957047765769513892e-01
7.764776997360551825e-01,4.028342953517880520e-01,4.845687900608465215e-01
7.771136574167566424e-01,4.148501479442835982e-01,4.732797462462953741e-01
7.775384983450185361e-01,4.267692509713259530e-01,4.618461757086952391e-01
7.777511802646374095e-01,4.385814926304346106e-01,4.502769991005795558e-01
7.777511802646374095e-01,4.502769991005795558e-01,4.385814926304346106e-01
7.771136574167566424e-01,4.732797462462953741e-01,4.148501479442835982e-01
7.764776997360551825e-01,4.845687900608465215e-01,4.028342953517880520e-01
7.756321798204063311e-01,4.957047765769513892e-01,3.907320003606558068e-01
7.745791539405304515e-01,5.066795969385424758e-01,3.785537218506351831e-01
7.733211663267217650e-01,5.174855925043475580e-01,3.663100261547629355e-01
7.718612322695735939e-01,5.281155799739187806e-01,3.540115426198796045e-01
7.702028183326677935e-01,5.385628729694594830e-01,3.416689194107323524e-01
7.683498199278324670e-01,5.488212999484517463e-01,3.292927799690710811e-01
7.663065365314437605e-01,5.588852183725567802e-01,3.168936805205218588e-01
7.640776448425233847e-01,5.687495251083445336e-01,3.044820689973965488e-01
7.616681701998077036e-01,5.784096630840644959e-01,2.920682457157157130e-01
7.590834565854375215e-01,5.878616242729327590e-01,2.796623261104243530e-01
7.563291355474897060e-01,5.971019491164393234e-01,2.672742057949775707e-01
7.534110943724626752e-01,6.061277225402519342e-01,2.549135281711339962e-01
7.503354438323633913e-01,6.149365667498316590e-01,2.425896547728693953e-01
7.471084858196924694e-01,6.235266310224500952e-01,2.303116384857698540e-01
7.437366811679135825e-01,6.318965787366483955e-01,2.180881997409671591e-01
7.402266179355609932e-01,6.400455718991693299e-01,2.059277057414718726e-01
7.365849804096115117e-01,6.479732534430416857e-01,1.938381527393714387e-01
7.328185190588377695e-01,6.556797275789600921e-01,1.818271513454259303e-01
7.289340216412186768e-01,6.631655384856199875e-01,1.699019148186299288e-01
7.249382856417814214e-01,6.704316476236023004e-01,1.580692502527192567e-01
7.208380921891119897e-01,6.774794099521729285e-01,1.463355525496693454e-01
7.166401815707570400e-01,6.843105493194446831e-01,1.347068010471347832e-01
7.123512304403716300e-01,6.909271332842701341e-01,1.231885586475830602e-01
7.079778307831757767e-01,6.973315476135040214e-01,1.117859732815540824e-01
7.035264706814484681e-01,7.035264706814484681e-01,1.005037815259212097e-01
6.990035168986939995e-01,7.095148479798774055e-01,8.934631419005863162e-02
6.944151992800026152e-01,7.152998669275215660e-01,7.831750367819578784e-02
6.897675969471307456e-01,7.208849321477532879e-01,6.742089293468195299e-02
6.850666262500563208e-01,7.262736413628416710e-01,5.665964578007984948e-02
6.803180304222401498e-01,7.314697620329349004e-01,4.603655844962527277e-02
6.755273708745341832e-01,7.364772088481763568e-01,3.555407215129127024e-02
6.707000200525621292e-01,7.413000221633581077e-01,2.521428646814143082e-02
6.658411557743523224e-01,7.459423474464549342e-01,1.501897343851922584e-02
6.609557569589160630e-01,7.504084157954611367e-01,4.969592157585835113e-03
6.714257782911138284e-01,4.973524283637879677e-03,7.410551182620440658e-01
6.763285998475624394e-01,1.502952444105694341e-02,7.364466976117901575e-01
6.812016192620918842e-01,2.522968960229969929e-02,7.316609984666911926e-01
6.860397348405781193e-01,3.557243069543738340e-02,7.266939413496493749e-01
6.908376495421932884e-01,4.605584330281288497e-02,7.215415450774018691e-01
6.955898760803845837e-01,5.667769360654985322e-02,7.161999464827663031e-01
7.002907434534801911e-01,6.743540492514994711e-02,7.106654211342725569e-01
7.049344049891616004e-01,7.832604499879573801e-02,7.049344049891616004e-01
7.095148479798774055e-01,8.934631419005863162e-02,6.990035168986939995e-01
7.140259049771455757e-01,1.004925347745612291e-01,6.928695818667116590e-01
7.184612668014600523e-01,1.117606415024493399e-01,6.865296549436173956e-01
7.228144973111350069e-01,1.231461736159711606e-01,6.799810456186233809e-01
7.270790499578431154e-01,1.346442685107116788e-01,6.732213425535583662e-01
7.312482861388378552e-01,1.462496572277675599e-01,6.662484384820522854e-01
7.353154953359773982e-01,1.579566619610618117e-01,6.590605550789130351e-01
7.392739170097968326e-01,1.697591957578051813e-01,6.516562675864134846e-01
7.431167641932050483e-01,1.816507645805612303e-01,6.440345289674443974e-01
7.468372487041788910e-01,1.936244718862686065e-01,6.361946933405968618e-01
7.504286078703988894e-01,2.056730258607759876e-01,6.281365384396672136e-01
7.538841326315491864e-01,2.177887494268919977e-01,6.198602868303848545e-01
7.571971968574265910e-01,2.299635931196629124e-01,6.113666256108111208e-01
7.603612876926274522e-01,2.421891508946887595e-01,6.026567243193418077e-01
7.633700367119737873e-01,2.544566789039912624e-01,5.937322507759795753e-01
7.662172516456342564e-01,2.667571172395911683e-01,5.845953845888912648e-01
7.688969484097452067e-01,2.790811146079815730e-01,5.752488280695130518e-01
7.714033831579028000e-01,2.914190558596521652e-01,5.656958143157954089e-01
7.737310840518254462e-01,3.037610922573832917e-01,5.559401122446449017e-01
7.758748824364054553e-01,3.160971743259429756e-01,5.459860283811741599e-01
7.778299430958264260e-01,3.284170870849044688e-01,5.358384052437914491e-01
7.811563500638352142e-01,3.529669433621773766e-01,5.149845567087506515e-01
7.825199460596846679e-01,3.651759748278528561e-01,5.042906319051301267e-01
7.836793526161917045e-01,3.773270957040923412e-01,4.934277405361207625e-01
7.846318007815445972e-01,3.894098566841739939e-01,4.824032552953199660e-01
7.853749994333907303e-01,4.014138885992886152e-01,4.712249996600344493e-01
7.859071504579163703e-01,4.133289457963856273e-01,4.599012213790769632e-01
7.862269607667038418e-01,4.251449491553287996e-01,4.484405628076755801e-01
7.863336509949342412e-01,4.368520283305190044e-01,4.368520283305190044e-01
7.862269607667038418e-01,4.484405628076755801e-01,4.251449491553287996e-01
7.859071504579163703e-01,4.599012213790769632e-01,4.133289457963856273e-01
7.853749994333907303e-01,4.712249996600344493e-01,4.014138885992886152e-01
7.846318007815445972e-01,4.824032552953199660e-01,3.894098566841739939e-01
7.836793526161917045e-01,4.934277405361207625e-01,3.773270957040923412e-01
7.825199460596846679e-01,5.042906319051301267e-01,3.651759748278528561e-01
7.811563500638352142e-01,5.149845567087506515e-01,3.529669433621773766e-01
7.795917932639195858e-01,5.255026162001235068e-01,3.407104874264537120e-01
7.778299430958264260e-01,5.358384052437914491e-01,3.284170870849044688e-01
7.758748824364054553e-01,5.459860283811741599e-01,3.160971743259429756e-01
7.737310840518254462e-01,5.559401122446449017e-01,3.037610922573832917e-01
7.714033831579028000e-01,5.656958143157954089e-01,2.914190558596521652e-01
7.688969484097452067e-01,5.752488280695130518e-01,2.790811146079815730e-01
7.662172516456342564e-01,5.845953845888912648e-01,2.667571172395911683e-01
7.633700367119737873e-01,5.937322507759795753e-01,2.544566789039912624e-01
7.603612876926274522e-01,6.026567243193418077e-01,2.421891508946887595e-01
7.571971968574265910e-01,6.113666256108111208e-01,2.299635931196629124e-01
7.538841326315491864e-01,6.198602868303848545e-01,2.177887494268919977e-01
7.504286078703988894e-01,6.281365384396672136e-01,2.056730258607759876e-01
7.468372487041788910e-01,6.361946933405968618e-01,1.936244718862686065e-01
7.431167641932050483e-01,6.440345289674443974e-01,1.816507645805612303e-01
7.392739170097968326e-01,6.516562675864134846e-01,1.697591957578051813e-01
7.353154953359773982e-01,6.590605550789130351e-01,1.579566619610618117e-01
7.312482861388378552e-01,6.662484384820522854e-01,1.462496572277675599e-01
7.270790499578431154e-01,6.732213425535583662e-01,1.346442685107116788e-01
7.228144973111350069e-01,6.799810456186233809e-01,1.231461736159711606e-01
7.184612668014600523e-01,6.865296549436173956e-01,1.117606415024493399e-01
7.140259049771455757e-01,6.928695818667116590e-01,1.004925347745612291e-01
7.095148479798774055e-01,6.990035168986939995e-01,8.934631419005863162e-02
7.049344049891616004e-01,7.049344049891616004e-01,7.832604499879573801e-02
7.002907434534801911e-01,7.106654211342725569e-01,6.743540492514994711e-02
6.955898760803845837e-01,7.161999464827663031e-01,5.667769360654985322e-02
6.908376495421932884e-01,7.215415450774018691e-01,4.605584330281288497e-02
6.860397348405781193e-01,7.266939413496493749e-01,3.557243069543738340e-02
6.812016192620918842e-01,7.316609984666911926e-01,2.522968960229969929e-02
6.763285998475624394e-01,7.364466976117901575e-01,1.502952444105694341e-02
6.714257782911138284e-01,7.410551182620440658e-01,4.973524283637879677e-03
6.817776930238120814e-01,4.976479511122715998e-03,7.315424881350391928e-01
6.866930688460426424e-01,1.503707450027830586e-02,7.267919341801181154e-01
6.915752891052290297e-01,2.523997405493536364e-02,7.218632579711514730e-01
6.964191355736034650e-01,3.558345948186295016e-02,7.167525409918108492e-01
7.012191989593039576e-01,4.606549482214405966e-02,7.114559755864471313e-01
7.059698848524600390e-01,5.668371338231431578e-02,7.059698848524600390e-01
7.106654211342725569e-01,6.743540492514994711e-02,7.002907434534801911e-01
7.152998669275215660e-01,7.831750367819578784e-02,6.944151992800026152e-01
7.198671231587338015e-01,8.932657732626624048e-02,6.883400958671104242e-01
7.243609447920256184e-01,1.004588171609378661e-01,6.820624954611044233e-01
7.287749547823504370e-01,1.117100295651778097e-01,6.755797026084562340e-01
7.331026597814632728e-01,1.230756290144062320e-01,6.688892881217730624e-01
7.373374676133594985e-01,1.345506327761605003e-01,6.619891132587096827e-01
7.414727065173006837e-01,1.461296574888110988e-01,6.548773539313386127e-01
7.455016461359033064e-01,1.578069177951912094e-01,6.475525247457846190e-01
7.494175202032974381e-01,1.695762271992862780e-01,6.400135026553708251e-01
7.532135508642776589e-01,1.814310013030741853e-01,6.322595499955615539e-01
7.568829745299808787e-01,1.933642635660535181e-01,6.242903366561155520e-01
7.604190691492676013e-01,2.053686537118460109e-01,6.161059611355380605e-01
7.638151827481155509e-01,2.174364388845000662e-01,6.077069702156540076e-01
7.701613880631575926e-01,2.417294867643487166e-01,5.902696769827120438e-01
7.730987971477251142e-01,2.539375611069170091e-01,5.812348620891656381e-01
7.758709227473817860e-01,2.661746961250142096e-01,5.719924320984347554e-01
7.784719220799112271e-01,2.784315633716470950e-01,5.625454035467971625e-01
7.808962087581096112e-01,2.906985886617780568e-01,5.528973156900484076e-01
7.831384839502845141e-01,3.029659828420808720e-01,5.430522333961826931e-01
7.851937667785191532e-01,3.152237749840769987e-01,5.330147467912574877e-01
7.870574236347797070e-01,3.274618477896528712e-01,5.227899675238317778e-01
7.887251960943653106e-01,3.396699749603471208e-01,5.123835215503540486e-01
7.901932271110622130e-01,3.518378602465313532e-01,5.018015383843972277e-01
7.914580851888198820e-01,3.639551778605522037e-01,4.910506367959831531e-01
7.925167862408848407e-01,3.760116139099088928e-01,4.801379069926528520e-01
7.933668128689886911e-01,3.879969084833740367e-01,4.690708893604969565e-01
7.940061308221395553e-01,3.999008980053111451e-01,4.578575498901388818e-01
7.944332024263935921e-01,4.117135574618536187e-01,4.465062524586299597e-01
7.946469968131283368e-01,4.234250420975063101e-01,4.350257281823695088e-01
7.946469968131283368e-01,4.350257281823695088e-01,4.234250420975063101e-01
7.944332024263935921e-01,4.465062524586299597e-01,4.117135574618536187e-01
7.940061308221395553e-01,4.578575498901388818e-01,3.999008980053111451e-01
7.933668128689886911e-01,4.690708893604969565e-01,3.879969084833740367e-01
7.925167862408848407e-01,4.801379069926528520e-01,3.760116139099088928e-01
7.914580851888198820e-01,4.910506367959831531e-01,3.639551778605522037e-01
7.901932271110622130e-01,5.018015383843972277e-01,3.518378602465313532e-01
7.887251960943653106e-01,5.123835215503540486e-01,3.396699749603471208e-01
7.870574236347797070e-01,5.227899675238317778e-01,3.274618477896528712e-01
7.851937667785191532e-01,5.330147467912574877e-01,3.152237749840769987e-01
7.831384839502845141e-01,5.430522333961826931e-01,3.029659828420808720e-01
7.808962087581096112e-01,5.528973156900484076e-01,2.906985886617780568e-01
7.784719220799112271e-01,5.625454035467971625e-01,2.784315633716470950e-01
7.758709227473817860e-01,5.719924320984347554e-01,2.661746961250142096e-01
7.730987971477251142e-01,5.812348620891656381e-01,2.539375611069170091e-01
7.701613880631575926e-01,5.902696769827120438e-01,2.417294867643487166e-01
7.670647630624143343e-01,5.990943769903527283e-01,2.295595276318174172e-01
7.638151827481155509e-01,6.077069702156540076e-01,2.174364388845000662e-01
7.604190691492676013e-01,6.161059611355380605e-01,2.053686537118460109e-01
7.568829745299808787e-01,6.242903366561155520e-01,1.933642635660535181e-01
7.532135508642776589e-01,6.322595499955615539e-01,1.814310013030741853e-01
7.494175202032974381e-01,6.400135026553708251e-01,1.695762271992862780e-01
7.455016461359033064e-01,6.475525247457846190e-01,1.578069177951912094e-01
7.414727065173006837e-01,6.548773539313386127e-01,1.461296574888110988e-01
7.373374676133594985e-01,6.619891132587096827e-01,1.345506327761605003e-01
7.331026597814632728e-01,6.688892881217730624e-01,1.230756290144062320e-01
7.287749547823504370e-01,6.755797026084562340e-01,1.117100295651778097e-01
7.243609447920256184e-01,6.820624954611044233e-01,1.004588171609378661e-01
7.198671231587338015e-01,6.883400958671104242e-01,8.932657732626624048e-02
7.152998669275215660e-01,6.944151992800026152e-01,7.831750367819578784e-02
7.106654211342725569e-01,7.002907434534801911e-01,6.743540492514994711e-02
7.059698848524600390e-01,7.059698848524600390e-01,5.668371338231431578e-02
7.012191989593039576e-01,7.114559755864471313e-01,4.606549482214405966e-02
6.964191355736034650e-01,7.167525409918108492e-01,3.558345948186295016e-02
6.915752891052290297e-01,7.218632579711514730e-01,2.523997405493536364e-02
6.866930688460426424e-01,7.267919341801181154e-01,1.503707450027830586e-02
6.817776930238120814e-01,7.315424881350391928e-01,4.976479511122715998e-03
6.920049102759572301e-01,4.978452591913361605e-03,7.218756258274374726e-01
6.969279300485392570e-01,1.504161000104761031e-02,7.169834100499361540e-01
7.018143637948324187e-01,2.524512099981411628e-02,7.119124121947580930e-01
7.066588836232257087e-01,3.558713802419122274e-02,7.066588836232257087e-01
7.114559755864471313e-01,4.606549482214405966e-02,7.012191989593039576e-01
7.161999464827663031e-01,5.667769360654985322e-02,6.955898760803845837e-01
7.208849321477532879e-01,6.742089293468195299e-02,6.897675969471307456e-01
7.255049073085461098e-01,7.829189647214525316e-02,6.837492291900686414e-01
7.300536970633362266e-01,8.928714280630731248e-02,6.775318483537436931e-01
7.345249900375344643e-01,1.004026964799507454e-01,6.711127606817760549e-01
7.389123532547839934e-01,1.116342404197875060e-01,6.644895263082589709e-01
7.432092487456167795e-01,1.229770699363250674e-01,6.576599827029557810e-01
7.474090518991109988e-01,1.344260884710631321e-01,6.506222681999456192e-01
7.554905717204709603e-01,1.576203351071486236e-01,6.359165243978065485e-01
7.593587950947999765e-01,1.693534003448834702e-01,6.282464851503740677e-01
7.631029879170158070e-01,1.811683352608742803e-01,6.203642995296603235e-01
7.667164264309463961e-01,1.930580929862095452e-01,6.122699520419787600e-01
7.701924445922849749e-01,2.050152550353564196e-01,6.039638594284824080e-01
7.735244629378225101e-01,2.170320435580941065e-01,5.954468887363094654e-01
7.767060184190045513e-01,2.291003363681955729e-01,5.867203736258667091e-01
7.797307949882509304e-01,2.412116847805380604e-01,5.777861286603586111e-01
7.825926547026865743e-01,2.533573342562654429e-01,5.686464613307291582e-01
7.852856690881738766e-01,2.655282478211810626e-01,5.593041815807856532e-01
7.878041504874369050e-01,2.777151321862187383e-01,5.497626086135350976e-01
7.901426831002313911e-01,2.899084664612359696e-01,5.400255747807336526e-01
7.922961534115127158e-01,3.020985333151811059e-01,5.300974263832423095e-01
7.942597796959147693e-01,3.142754523976641345e-01,5.199830212397715812e-01
7.960291402840095065e-01,3.264292157999175714e-01,5.096877229156607791e-01
7.976002002781330535e-01,3.385497252979126070e-01,4.992173915409897633e-01
7.989693364132497422e-01,3.506268310878289940e-01,4.885783711879584934e-01
8.001333597715227786e-01,3.626503716950066902e-01,4.777774738204056404e-01
8.010895360778960139e-01,3.746102147126851856e-01,4.668219598727307296e-01
8.018356033279103734e-01,3.864962980069783782e-01,4.557195155604670811e-01
8.023697865278480723e-01,3.982986710102267569e-01,4.444782270693835025e-01
8.026908093606283101e-01,4.100075357165799406e-01,4.331065518132886649e-01
8.027979026280885888e-01,4.216132869917300074e-01,4.216132869917300074e-01
8.026908093606283101e-01,4.331065518132886649e-01,4.100075357165799406e-01
8.023697865278480723e-01,4.444782270693835025e-01,3.982986710102267569e-01
8.018356033279103734e-01,4.557195155604670811e-01,3.864962980069783782e-01
8.010895360778960139e-01,4.668219598727307296e-01,3.746102147126851856e-01
8.001333597715227786e-01,4.777774738204056404e-01,3.626503716950066902e-01
7.989693364132497422e-01,4.885783711879584934e-01,3.506268310878289940e-01
7.976002002781330535e-01,4.992173915409897633e-01,3.385497252979126070e-01
7.960291402840095065e-01,5.096877229156607791e-01,3.264292157999175714e-01
7.942597796959147693e-01,5.199830212397715812e-01,3.142754523976641345e-01
7.922961534115127158e-01,5.300974263832423095e-01,3.020985333151811059e-01
7.901426831002313911e-01,5.400255747807336526e-01,2.899084664612359696e-01
7.878041504874369050e-01,5.497626086135350976e-01,2.777151321862187383e-01
7.852856690881738766e-01,5.593041815807856532e-01,2.655282478211810626e-01
7.825926547026865743e-01,5.686464613307291582e-01,2.533573342562654429e-01
7.797307949882509304e-01,5.777861286603586111e-01,2.412116847805380604e-01
7.767060184190045513e-01,5.867203736258667091e-01,2.291003363681955729e-01
7.735244629378225101e-01,5.954468887363094654e-01,2.170320435580941065e-01
7.701924445922849749e-01,6.039638594284824080e-01,2.050152550353564196e-01
7.667164264309463961e-01,6.122699520419787600e-01,1.930580929862095452e-01
7.631029879170158070e-01,6.203642995296603235e-01,1.811683352608742803e-01
7.593587950947999765e-01,6.282464851503740677e-01,1.693534003448834702e-01
7.554905717204709603e-01,6.359165243978065485e-01,1.576203351071486236e-01
7.515050715435064310e-01,6.433748454221386304e-01,1.459758052638465697e-01
7.474090518991109988e-01,6.506222681999456192e-01,1.344260884710631321e-01
7.432092487456167795e-01,6.576599827029557810e-01,1.229770699363250674e-01
7.389123532547839934e-01,6.644895263082589709e-01,1.116342404197875060e-01
7.345249900375344643e-01,6.711127606817760549e-01,1.004026964799507454e-01
7.300536970633362266e-01,6.775318483537436931e-01,8.928714280630731248e-02
7.255049073085461098e-01,6.837492291900686414e-01,7.829189647214525316e-02
7.208849321477532879e-01,6.897675969471307456e-01,6.742089293468195299e-02
7.161999464827663031e-01,6.955898760803845837e-01,5.667769360654985322e-02
7.114559755864471313e-01,7.012191989593039576e-01,4.606549482214405966e-02
7.066588836232257087e-01,7.066588836232257087e-01,3.558713802419122274e-02
7.018143637948324187e-01,7.119124121947580930e-01,2.524512099981411628e-02
6.969279300485392570e-01,7.169834100499361540e-01,1.504161000104761031e-02
6.920049102759572301e-01,7.218756258274374726e-01,4.978452591913361605e-03
7.021010418036267575e-01,4.979440012791679082e-03,7.120599218292101851e-01
7.070267691035545532e-01,1.504312274688414039e-02,7.070267691035545532e-01
7.119124121947580930e-01,2.524512099981411628e-02,7.018143637948324187e-01
7.167525409918108492e-01,3.558345948186295016e-02,6.964191355736034650e-01
7.215415450774018691e-01,4.605584330281288497e-02,6.908376495421932884e-01
7.262736413628416710e-01,5.665964578007984948e-02,6.850666262500563208e-01
7.355431714327794746e-01,7.824927355667866957e-02,6.729437525874365500e-01
7.400682661728609224e-01,8.922808882935202857e-02,6.665863106663357796e-01
7.445118014584746202e-01,1.003242853029150256e-01,6.600281927823357098e-01
7.488673007079164057e-01,1.115334277650088246e-01,6.532672197664802782e-01
7.531281942495267057e-01,1.228506983527596769e-01,6.463015000297357426e-01
7.572878384985363143e-01,1.342708933508043045e-01,6.391294523498285418e-01
7.613395368148838660e-01,1.457884219432756256e-01,6.317498284208611370e-01
7.652765619939183583e-01,1.573973070767633597e-01,6.241617349595788289e-01
7.690921803187040773e-01,1.690911885807079851e-01,6.163646551490322700e-01
7.727796770782845437e-01,1.808633286778963678e-01,6.083584691892878205e-01
7.763323834310710270e-01,1.927066200006204710e-01,6.001434737162180122e-01
7.797437044669227602e-01,2.046135962076322257e-01,5.917203998436931789e-01
7.830071482959414242e-01,2.165764452733454914e-01,5.830904295820840133e-01
7.861163559670386602e-01,2.285870254939615931e-01,5.742552103872693436e-01
7.890651319955043208e-01,2.406368842255793561e-01,5.652168675996166458e-01
7.918474752566901920e-01,2.527172793372415849e-01,5.559780145419314090e-01
7.944576099831437421e-01,2.648192033277145807e-01,5.465417600593258651e-01
7.968900165856479534e-01,2.769334100191258585e-01,5.369117133023869615e-01
7.991394620052416631e-01,2.890504437040236074e-01,5.270919855779253593e-01
8.012010292939232281e-01,3.011606705856590960e-01,5.170871891187731606e-01
8.030701461168450184e-01,3.132543123150813846e-01,5.069024326553135396e-01
8.047426118687720509e-01,3.253214813937589378e-01,4.965433137062635893e-01
8.062146231026781074e-01,3.373522181777163786e-01,4.860159075441676801e-01
8.074827969787434778e-01,3.493365291893854585e-01,4.753267528314589208e-01
8.085441924577450035e-01,3.612644264172903408e-01,4.644828339650875493e-01
8.093963289837635688e-01,3.731259672620186318e-01,4.534915602107611465e-01
8.100372024270361404e-01,3.849112947702937326e-01,4.423607417509345940e-01
8.104652980882605107e-01,3.966106777878721790e-01,4.310985628129045399e-01
8.106796006001765198e-01,4.082145506568264914e-01,4.197135520837793621e-01
8.106796006001765198e-01,4.197135520837793621e-01,4.082145506568264914e-01
8.104652980882605107e-01,4.310985628129045399e-01,3.966106777878721790e-01
8.100372024270361404e-01,4.423607417509345940e-01,3.849112947702937326e-01
8.093963289837635688e-01,4.534915602107611465e-01,3.731259672620186318e-01
8.085441924577450035e-01,4.644828339650875493e-01,3.612644264172903408e-01
8.074827969787434778e-01,4.753267528314589208e-01,3.493365291893854585e-01
8.062146231026781074e-01,4.860159075441676801e-01,3.373522181777163786e-01
8.047426118687720509e-01,4.965433137062635893e-01,3.253214813937589378e-01
8.030701461168450184e-01,5.069024326553135396e-01,3.132543123150813846e-01
8.012010292939232281e-01,5.170871891187731606e-01,3.011606705856590960e-01
7.991394620052416631e-01,5.270919855779253593e-01,2.890504437040236074e-01
7.968900165856479534e-01,5.369117133023869615e-01,2.769334100191258585e-01
7.944576099831437421e-01,5.465417600593258651e-01,2.648192033277145807e-01
7.918474752566901920e-01,5.559780145419314090e-01,2.527172793372415849e-01
7.890651319955043208e-01,5.652168675996166458e-01,2.406368842255793561e-01
7.861163559670386602e-01,5.742552103872693436e-01,2.285870254939615931e-01
7.830071482959414242e-01,5.830904295820840133e-01,2.165764452733454914e-01
7.797437044669227602e-01,5.917203998436931789e-01,2.046135962076322257e-01
7.763323834310710270e-01,6.001434737162180122e-01,1.927066200006204710e-01
7.727796770782845437e-01,6.083584691892878205e-01,1.808633286778963678e-01
7.690921803187040773e-01,6.163646551490322700e-01,1.690911885807079851e-01
7.652765619939183583e-01,6.241617349595788289e-01,1.573973070767633597e-01
7.613395368148838660e-01,6.317498284208611370e-01,1.457884219432756256e-01
7.572878384985363143e-01,6.391294523498285418e-01,1.342708933508043045e-01
7.531281942495267057e-01,6.463015000297357426e-01,1.228506983527596769e-01
7.488673007079164057e-01,6.532672197664802782e-01,1.115334277650088246e-01
7.445118014584746202e-01,6.600281927823357098e-01,1.003242853029150256e-01
7.400682661728609224e-01,6.665863106663357796e-01,8.922808882935202857e-02
7.355431714327794746e-01,6.729437525874365500e-01,7.824927355667866957e-02
7.309428832604684123e-01,6.791029624618536431e-01,6.739189703819921384e-02
7.262736413628416710e-01,6.850666262500563208e-01,5.665964578007984948e-02
7.215415450774018691e-01,6.908376495421932884e-01,4.605584330281288497e-02
7.167525409918108492e-01,6.964191355736034650e-01,3.558345948186295016e-02
7.119124121947580930e-01,7.018143637948324187e-01,2.524512099981411628e-02
7.070267691035545532e-01,7.070267691035545532e-01,1.504312274688414039e-02
7.021010418036267575e-01,7.120599218292101851e-01,4.979440012791679082e-03
7.169834100499361540e-01,1.504161000104761031e-02,6.969279300485392570e-01
7.218632579711514730e-01,2.523997405493536364e-02,6.915752891052290297e-01
7.266939413496493749e-01,3.557243069543738340e-02,6.860397348405781193e-01
7.314697620329349004e-01,4.603655844962527277e-02,6.803180304222401498e-01
7.361848564772053294e-01,5.662960434440041102e-02,6.744071062833140173e-01
7.408332057919969627e-01,6.734847325381791705e-02,6.683040807494239344e-01
7.454086473685979097e-01,7.818971825544732135e-02,6.620062812294540411e-01
7.499048881381370490e-01,8.914953215628203254e-02,6.555112658550149574e-01
7.543155194921152829e-01,1.002237403520992304e-01,6.488168454372739147e-01
7.586340338830578345e-01,1.114077951856238813e-01,6.419211055933566890e-01
7.628538431059690428e-01,1.226967719680929214e-01,6.348224288783937963e-01
7.669682982424204098e-01,1.340853668255979625e-01,6.275195167437984667e-01
7.709707112285815178e-01,1.455678965256762269e-01,6.200114111278801632e-01
7.748543779864476289e-01,1.571383004308180287e-01,6.122975154718082180e-01
7.786126030342349624e-01,1.687901447137152844e-01,6.043776149426579591e-01
7.822387254676754775e-01,1.805166289540789393e-01,5.962518956362001799e-01
7.857261461791519297e-01,1.923105952186735523e-01,5.879209625256591742e-01
7.890683561566880222e-01,2.041645397048773014e-01,5.793858559192464064e-01
7.922589656802230262e-01,2.160706270036971965e-01,5.706480661892515682e-01
7.952917342089035335e-01,2.280207070109443734e-01,5.617095465391556131e-01
7.981606007308431616e-01,2.400063344854982961e-01,5.525727235828914452e-01
8.008597143265332452e-01,2.520187912216363402e-01,5.432405055221938284e-01
8.033834646793935885e-01,2.640491107687517602e-01,5.337162877240726466e-01
8.057265122524082113e-01,2.760881055969789943e-01,5.240039555207969268e-01
8.078838178389127211e-01,2.881263965719199072e-01,5.141078840793080751e-01
8.098506711888729948e-01,3.001544445665053629e-01,5.040329352154524489e-01
8.116227184098199210e-01,3.121625840037768884e-01,4.937844510605198245e-01
8.131959878442934775e-01,3.241410580917813422e-01,4.833682445228317803e-01
8.145669141334127561e-01,3.360800554816178454e-01,4.727905865249878437e-01
8.157323601891116605e-01,3.479697480526979803e-01,4.620581900371891759e-01
8.166896368156172370e-01,3.598003295061810158e-01,4.511781909680682712e-01
8.174365197437276631e-01,3.715620544289671145e-01,4.401581260158533571e-01
8.179712638690465054e-01,3.832452774771056836e-01,4.290059076236257818e-01
8.182926145171097732e-01,3.948404923194445693e-01,4.177297962220211103e-01
8.183998155937191044e-01,4.063383699800983129e-01,4.063383699800983129e-01
8.182926145171097732e-01,4.177297962220211103e-01,3.948404923194445693e-01
8.179712638690465054e-01,4.290059076236257818e-01,3.832452774771056836e-01
8.174365197437276631e-01,4.401581260158533571e-01,3.715620544289671145e-01
8.166896368156172370e-01,4.511781909680682712e-01,3.598003295061810158e-01
8.157323601891116605e-01,4.620581900371891759e-01,3.479697480526979803e-01
8.145669141334127561e-01,4.727905865249878437e-01,3.360800554816178454e-01
8.131959878442934775e-01,4.833682445228317803e-01,3.241410580917813422e-01
8.116227184098199210e-01,4.937844510605198245e-01,3.121625840037768884e-01
8.098506711888729948e-01,5.040329352154524489e-01,3.001544445665053629e-01
8.078838178389127211e-01,5.141078840793080751e-01,2.881263965719199072e-01
8.057265122524082113e-01,5.240039555207969268e-01,2.760881055969789943e-01
8.033834646793935885e-01,5.337162877240726466e-01,2.640491107687517602e-01
8.008597143265332452e-01,5.432405055221938284e-01,2.520187912216363402e-01
7.981606007308431616e-01,5.525727235828914452e-01,2.400063344854982961e-01
7.952917342089035335e-01,5.617095465391556131e-01,2.280207070109443734e-01
7.922589656802230262e-01,5.706480661892515682e-01,2.160706270036971965e-01
7.890683561566880222e-01,5.793858559192464064e-01,2.041645397048773014e-01
7.857261461791519297e-01,5.879209625256591742e-01,1.923105952186735523e-01
7.822387254676754775e-01,5.962518956362001799e-01,1.805166289540789393e-01
7.786126030342349624e-01,6.043776149426579591e-01,1.687901447137152844e-01
7.748543779864476289e-01,6.122975154718082180e-01,1.571383004308180287e-01
7.709707112285815178e-01,6.200114111278801632e-01,1.455678965256762269e-01
7.669682982424204098e-01,6.275195167437984667e-01,1.340853668255979625e-01
7.628538431059690428e-01,6.348224288783937963e-01,1.226967719680929214e-01
7.586340338830578345e-01,6.419211055933566890e-01,1.114077951856238813e-01
7.543155194921152829e-01,6.488168454372739147e-01,1.002237403520992304e-01
7.499048881381370490e-01,6.555112658550149574e-01,8.914953215628203254e-02
7.454086473685979097e-01,6.620062812294540411e-01,7.818971825544732135e-02
7.408332057919969627e-01,6.683040807494239344e-01,6.734847325381791705e-02
7.361848564772053294e-01,6.744071062833140173e-01,5.662960434440041102e-02
7.314697620329349004e-01,6.803180304222401498e-01,4.603655844962527277e-02
7.218632579711514730e-01,6.915752891052290297e-01,2.523997405493536364e-02
7.169834100499361540e-01,6.969279300485392570e-01,1.504161000104761031e-02
7.120599218292101851e-01,7.021010418036267575e-01,4.979440012791679082e-03
7.218756258274374726e-01,4.978452591913361605e-03,6.920049102759572301e-01
7.267919341801181154e-01,1.503707450027830586e-02,6.866930688460426424e-01
7.316609984666911926e-01,2.522968960229969929e-02,6.812016192620918842e-01
7.364772088481763568e-01,3.555407215129127024e-02,6.755273708745341832e-01
7.412347886752245207e-01,4.600767653846220967e-02,6.696672918376166406e-01
7.459278038556078627e-01,5.658762649939094724e-02,6.636185289474029192e-01
7.505501737562674247e-01,6.729070523332053577e-02,6.573784280485929221e-01
7.550956836887784407e-01,7.811334658849432289e-02,6.509445549041193990e-01
7.595579990150085337e-01,8.905162747072513374e-02,6.443147164058348197e-01
7.639306808957651018e-01,1.001012616346174944e-01,6.374869819888798750e-01
7.682072036893847766e-01,1.112575950170833078e-01,6.304597050968053784e-01
7.723809739895682869e-01,1.225156027707591105e-01,6.232315445295137923e-01
7.764453512724156514e-01,1.338698881504164773e-01,6.158014854919158232e-01
7.803936701017308852e-01,1.453146833982533470e-01,6.081688601482454493e-01
7.842192638194854792e-01,1.568438527638971181e-01,6.003333674756061722e-01
7.879154896250952778e-01,1.684508977819169362e-01,5.922950922009336816e-01
7.914757549232636080e-01,1.801289649135703330e-01,5.840545225985462885e-01
7.948935447959222245e-01,1.918708556403950216e-01,5.756125669211851203e-01
7.981624504297387679e-01,2.036690390751747237e-01,5.669705682362972121e-01
8.012761983072235195e-01,2.155156671309083893e-01,5.581303174415832569e-01
8.042286799471988212e-01,2.274025922609320960e-01,5.490940642398116633e-01
8.070139819598221020e-01,2.393213877536024270e-01,5.398645258627775556e-01
8.096264161630509770e-01,2.512633705333606748e-01,5.304448933482057704e-01
8.120605494919392875e-01,2.632196263870423825e-01,5.208388351913817438e-01
8.143112334200005575e-01,2.751810375005518949e-01,5.110504982153106779e-01
8.163736326035220259e-01,2.871383121571008390e-01,5.010845055290583661e-01
8.182432524556214615e-01,2.990820164148133564e-01,4.909459514733728880e-01
8.199159653573051543e-01,3.110026075493226849e-01,4.806403934853168414e-01
8.213880352180984445e-01,3.228904690167697100e-01,4.701738408489805066e-01
8.226561401090830561e-01,3.347359466650751680e-01,4.595527403367981045e-01
8.237173927064331824e-01,3.465293858971891239e-01,4.487839587848842515e-01
8.245693583036541874e-01,3.582611694698635829e-01,4.378747626853888297e-01
8.252100701754846446e-01,3.699217555959069537e-01,4.268327949183541303e-01
8.256380421054188012e-01,3.815017160073314595e-01,4.156660487841074003e-01
8.258522779215782261e-01,3.929917736316475563e-01,4.043828395340141602e-01
8.258522779215782261e-01,4.043828395340141602e-01,3.929917736316475563e-01
8.256380421054188012e-01,4.156660487841074003e-01,3.815017160073314595e-01
8.252100701754846446e-01,4.268327949183541303e-01,3.699217555959069537e-01
8.245693583036541874e-01,4.378747626853888297e-01,3.582611694698635829e-01
8.237173927064331824e-01,4.487839587848842515e-01,3.465293858971891239e-01
8.226561401090830561e-01,4.595527403367981045e-01,3.347359466650751680e-01
8.213880352180984445e-01,4.701738408489805066e-01,3.228904690167697100e-01
8.199159653573051543e-01,4.806403934853168414e-01,3.110026075493226849e-01
8.182432524556214615e-01,4.909459514733728880e-01,2.990820164148133564e-01
8.163736326035220259e-01,5.010845055290583661e-01,2.871383121571008390e-01
8.143112334200005575e-01,5.110504982153106779e-01,2.751810375005518949e-01
8.120605494919392875e-01,5.208388351913817438e-01,2.632196263870423825e-01
8.096264161630509770e-01,5.304448933482057704e-01,2.512633705333606748e-01
8.070139819598221020e-01,5.398645258627775556e-01,2.393213877536024270e-01
8.042286799471988212e-01,5.490940642398116633e-01,2.274025922609320960e-01
8.012761983072235195e-01,5.581303174415832569e-01,2.155156671309083893e-01
7.981624504297387679e-01,5.669705682362972121e-01,2.036690390751747237e-01
7.948935447959222245e-01,5.756125669211851203e-01,1.918708556403950216e-01
7.914757549232636080e-01,5.840545225985462885e-01,1.801289649135703330e-01
7.879154896250952778e-01,5.922950922009336816e-01,1.684508977819169362e-01
7.842192638194854792e-01,6.003333674756061722e-01,1.568438527638971181e-01
7.803936701017308852e-01,6.081688601482454493e-01,1.453146833982533470e-01
7.764453512724156514e-01,6.158014854919158232e-01,1.338698881504164773e-01
7.723809739895682869e-01,6.232315445295137923e-01,1.225156027707591105e-01
7.682072036893847766e-01,6.304597050968053784e-01,1.112575950170833078e-01
7.639306808957651018e-01,6.374869819888798750e-01,1.001012616346174944e-01
7.595579990150085337e-01,6.443147164058348197e-01,8.905162747072513374e-02
7.505501737562674247e-01,6.573784280485929221e-01,6.729070523332053577e-02
7.459278038556078627e-01,6.636185289474029192e-01,5.658762649939094724e-02
7.412347886752245207e-01,6.696672918376166406e-01,4.600767653846220967e-02
7.364772088481763568e-01,6.755273708745341832e-01,3.555407215129127024e-02
7.316609984666911926e-01,6.812016192620918842e-01,2.522968960229969929e-02
7.267919341801181154e-01,6.866930688460426424e-01,1.503707450027830586e-02
7.218756258274374726e-01,6.920049102759572301e-01,4.978452591913361605e-03
7.315424881350391928e-01,4.976479511122715998e-03,6.817776930238120814e-01
7.364466976117901575e-01,1.502952444105694341e-02,6.763285998475624394e-01
7.413000221633581077e-01,2.521428646814143082e-02,6.707000200525621292e-01
7.460967753975249472e-01,3.552841787607261687e-02,6.648889631093589658e-01
7.508311118586304955e-01,4.596925174644676815e-02,6.588926083657370425e-01
7.554970372304269377e-01,5.653379190159657508e-02,6.527083246820695184e-01
7.600884200742983321e-01,6.721870381609440503e-02,6.463336905393692877e-01
7.645990051430179291e-01,7.802030664724672604e-02,6.397665145074231674e-01
7.690224282973032732e-01,8.893456653778336607e-02,6.330048559453992363e-01
7.733522330377106124e-01,9.995709134501021276e-02,6.260470457924324217e-01
7.775818886479167746e-01,1.110831269497023904e-01,6.188917072911990225e-01
7.817048099272618789e-01,1.223075552947416600e-01,6.115377764737083277e-01
7.857143784707082412e-01,1.336248942977394938e-01,6.039845222257824719e-01
7.896039654333004698e-01,1.450292997734633493e-01,5.962315657353493004e-01
7.933669556940409207e-01,1.565145694906611151e-01,5.882788991200711415e-01
7.969967733111172903e-01,1.680741494737730268e-01,5.801269030223779044e-01
8.004869081370074024e-01,1.797011426430016601e-01,5.717763629550052240e-01
8.038309434385314534e-01,1.913883198663170193e-01,5.632284841780186291e-01
8.070225843438945112e-01,2.031281334743135769e-01,5.544849048893424337e-01
8.100556869166374296e-01,2.149127332635976939e-01,5.455477075152864730e-01
8.129242876357279934e-01,2.267339849868356960e-01,5.364194278956844197e-01
8.156226330422859938e-01,2.385834912980836497e-01,5.271030621701847663e-01
8.181452092971990275e-01,2.504526150909792692e-01,5.176020711880238157e-01
8.204867713806569540e-01,2.623325051353120885e-01,5.079203822832638604e-01
8.226423716548875165e-01,2.742141238849625240e-01,4.980623882808502545e-01
8.246073875055603963e-01,2.860882772978474708e-01,4.880329436257397901e-01
8.263775477757967503e-01,2.979456464769879576e-01,4.778373575574335064e-01
8.279489577097499664e-01,3.097768209118111904e-01,4.674813842850968904e-01
8.293181221305069295e-01,3.215723330710129058e-01,4.569712101535446380e-01
8.304819665896514547e-01,3.333226940733975407e-01,4.463134378270915970e-01
8.314378562431874453e-01,3.450184301417308363e-01,4.355150675559553153e-01
8.321836122304712147e-01,3.566501195273448221e-01,4.245834756277914179e-01
8.327175253590377579e-01,3.682084295805269081e-01,4.135263901442840506e-01
8.330383669283133452e-01,3.796841536339931600e-01,4.023518642987091720e-01
8.331453965586562704e-01,3.910682473642672075e-01,3.910682473642672075e-01
8.330383669283133452e-01,4.023518642987091720e-01,3.796841536339931600e-01
8.327175253590377579e-01,4.135263901442840506e-01,3.682084295805269081e-01
8.321836122304712147e-01,4.245834756277914179e-01,3.566501195273448221e-01
8.314378562431874453e-01,4.355150675559553153e-01,3.450184301417308363e-01
8.304819665896514547e-01,4.463134378270915970e-01,3.333226940733975407e-01
8.293181221305069295e-01,4.569712101535446380e-01,3.215723330710129058e-01
8.279489577097499664e-01,4.674813842850968904e-01,3.097768209118111904e-01
8.263775477757967503e-01,4.778373575574335064e-01,2.979456464769879576e-01
8.246073875055603963e-01,4.880329436257397901e-01,2.860882772978474708e-01
8.226423716548875165e-01,4.980623882808502545e-01,2.742141238849625240e-01
8.204867713806569540e-01,5.079203822832638604e-01,2.623325051353120885e-01
8.181452092971990275e-01,5.176020711880238157e-01,2.504526150909792692e-01
8.156226330422859938e-01,5.271030621701847663e-01,2.385834912980836497e-01
8.129242876357279934e-01,5.364194278956844197e-01,2.267339849868356960e-01
8.100556869166374296e-01,5.455477075152864730e-01,2.149127332635976939e-01
8.070225843438945112e-01,5.544849048893424337e-01,2.031281334743135769e-01
8.038309434385314534e-01,5.632284841780186291e-01,1.913883198663170193e-01
8.004869081370074024e-01,5.717763629550052240e-01,1.797011426430016601e-01
7.969967733111172903e-01,5.801269030223779044e-01,1.680741494737730268e-01
7.933669556940409207e-01,5.882788991200711415e-01,1.565145694906611151e-01
7.896039654333004698e-01,5.962315657353493004e-01,1.450292997734633493e-01
7.857143784707082412e-01,6.039845222257824719e-01,1.336248942977394938e-01
7.817048099272618789e-01,6.115377764737083277e-01,1.223075552947416600e-01
7.733522330377106124e-01,6.260470457924324217e-01,9.995709134501021276e-02
7.690224282973032732e-01,6.330048559453992363e-01,8.893456653778336607e-02
7.645990051430179291e-01,6.397665145074231674e-01,7.802030664724672604e-02
7.600884200742983321e-01,6.463336905393692877e-01,6.721870381609440503e-02
7.554970372304269377e-01,6.527083246820695184e-01,5.653379190159657508e-02
7.508311118586304955e-01,6.588926083657370425e-01,4.596925174644676815e-02
7.460967753975249472e-01,6.648889631093589658e-01,3.552841787607261687e-02
7.413000221633581077e-01,6.707000200525621292e-01,2.521428646814143082e-02
7.364466976117901575e-01,6.763285998475624394e-01,1.502952444105694341e-02
7.315424881350391928e-01,6.817776930238120814e-01,4.976479511122715998e-03
7.410551182620440658e-01,4.973524283637879677e-03,6.714257782911138284e-01
7.459423474464549342e-01,1.501897343851922584e-02,6.658411557743523224e-01
7.507750246135433958e-01,2.519379277226655583e-02,6.600773706333837865e-01
7.555473962905630003e-01,3.549551526197276125e-02,6.541316383992122896e-01
7.602535583023637411e-01,4.592135587061257213e-02,6.480013550630885355e-01
7.648874667893297286e-01,5.646820224619213124e-02,6.416841164340014725e-01
7.694429507542794866e-01,6.713260644164853463e-02,6.351777378709823063e-01
7.739137261694336578e-01,7.791077780229198335e-02,6.284802742718219593e-01
7.782934116609226960e-01,8.879857716936702394e-02,6.215900401855690705e-01
7.825755457729287601e-01,9.979151254822582473e-02,6.145056299022326751e-01
7.867536057965441865e-01,1.108847363874323894e-01,6.072259373597488352e-01
7.908210281298500011e-01,1.220730446106479822e-01,5.997501756957922536e-01
7.947712301157879855e-01,1.333508775362060306e-01,5.920778962607547991e-01
7.985976332832877000e-01,1.447123228097232650e-01,5.842090068985124063e-01
8.022936878951303363e-01,1.561511204628105998e-01,5.761437892938184868e-01
8.058528986834713193e-01,1.676606701958900103e-01,5.678829151796274122e-01
8.092688516311983271e-01,1.792340409652989630e-01,5.594274611947209763e-01
8.125352416347885187e-01,1.908639829343463101e-01,5.507789221819707759e-01
8.156459008624876716e-01,2.025429418249130309e-01,5.419392227207132651e-01
8.185948276009779034e-01,2.142630756807928638e-01,5.329107266932540110e-01
8.213762153647159447e-01,2.260162740265325709e-01,5.236962446956242578e-01
8.239844820253297009e-01,2.377941793764374312e-01,5.142990391164810049e-01
8.264142987043628930e-01,2.495882110180961955e-01,5.047228267254834089e-01
8.286606181617246492e-01,2.613895909637654613e-01,4.949717786335133818e-01
8.307187024048848789e-01,2.731893719318077562e-01,4.850505175115770728e-01
8.325841492405156030e-01,2.849784671897067079e-01,4.749641119828444946e-01
8.342529174912389767e-01,2.967476820606420596e-01,4.647180681327035545e-01
8.357213506056041519e-01,3.084877468678404733e-01,4.543183181144559990e-01
8.369861983995050547e-01,3.201893510655824393e-01,4.437712058628248135e-01
8.380446366819604975e-01,3.318431782834608823e-01,4.330834699631607720e-01
8.388942845374123269e-01,3.434399419918264806e-01,4.222622237604424233e-01
8.395332190602015077e-01,3.549704214818301673e-01,4.113149328281524020e-01
8.399599873643323056e-01,3.664254978435007026e-01,4.002493899521314957e-01
8.401736157225445645e-01,3.777961896202046144e-01,3.890736878178226443e-01
8.401736157225445645e-01,3.890736878178226443e-01,3.777961896202046144e-01
8.399599873643323056e-01,4.002493899521314957e-01,3.664254978435007026e-01
8.395332190602015077e-01,4.113149328281524020e-01,3.549704214818301673e-01
8.388942845374123269e-01,4.222622237604424233e-01,3.434399419918264806e-01
8.380446366819604975e-01,4.330834699631607720e-01,3.318431782834608823e-01
8.369861983995050547e-01,4.437712058628248135e-01,3.201893510655824393e-01
8.357213506056041519e-01,4.543183181144559990e-01,3.084877468678404733e-01
8.342529174912389767e-01,4.647180681327035545e-01,2.967476820606420596e-01
8.325841492405156030e-01,4.749641119828444946e-01,2.849784671897067079e-01
8.307187024048848789e-01,4.850505175115770728e-01,2.731893719318077562e-01
8.286606181617246492e-01,4.949717786335133818e-01,2.613895909637654613e-01
8.264142987043628930e-01,5.047228267254834089e-01,2.495882110180961955e-01
8.239844820253297009e-01,5.142990391164810049e-01,2.377941793764374312e-01
8.213762153647159447e-01,5.236962446956242578e-01,2.260162740265325709e-01
8.185948276009779034e-01,5.329107266932540110e-01,2.142630756807928638e-01
8.156459008624876716e-01,5.419392227207132651e-01,2.025429418249130309e-01
8.125352416347885187e-01,5.507789221819707759e-01,1.908639829343463101e-01
8.092688516311983271e-01,5.594274611947209763e-01,1.792340409652989630e-01
8.058528986834713193e-01,5.678829151796274122e-01,1.676606701958900103e-01
8.022936878951303363e-01,5.761437892938184868e-01,1.561511204628105998e-01
7.985976332832877000e-01,5.842090068985124063e-01,1.447123228097232650e-01
7.947712301157879855e-01,5.920778962607547991e-01,1.333508775362060306e-01
7.867536057965441865e-01,6.072259373597488352e-01,1.108847363874323894e-01
7.825755457729287601e-01,6.145056299022326751e-01,9.979151254822582473e-02
7.782934116609226960e-01,6.215900401855690705e-01,8.879857716936702394e-02
7.739137261694336578e-01,6.284802742718219593e-01,7.791077780229198335e-02
7.694429507542794866e-01,6.351777378709823063e-01,6.713260644164853463e-02
7.648874667893297286e-01,6.416841164340014725e-01,5.646820224619213124e-02
7.602535583023637411e-01,6.480013550630885355e-01,4.592135587061257213e-02
7.555473962905630003e-01,6.541316383992122896e-01,3.549551526197276125e-02
7.507750246135433958e-01,6.600773706333837865e-01,2.519379277226655583e-02
7.459423474464549342e-01,6.658411557743523224e-01,1.501897343851922584e-02
7.410551182620440658e-01,6.714257782911138284e-01,4.973524283637879677e-03
7.504084157954611367e-01,4.969592157585835113e-03,6.609557569589160630e-01
7.552738364075458621e-01,1.500544045842806297e-02,6.552375666846921298e-01
7.600810227350437431e-01,2.516824578592859879e-02,6.493407412769578446e-01
7.648241640728722368e-01,3.545542482457023775e-02,6.432627075314885090e-01
7.694973079495437407e-01,4.586407795725757491e-02,6.370010827396885844e-01
7.740943719339045126e-01,5.639098073690695240e-02,6.305536936945049797e-01
7.786091569571642612e-01,6.703257642677572237e-02,6.239185959722971520e-01
7.830353621719842172e-01,7.778496975218386622e-02,6.170940933673253470e-01
7.873666013561121391e-01,8.864392200697951418e-02,6.100787573421531107e-01
7.915964208521425460e-01,9.960484765689212039e-02,6.028714463443469729e-01
7.957183190175574072e-01,1.106628125786006944e-01,5.954713248277084814e-01
7.997257671403724677e-01,1.218125340677388563e-01,5.878778818051745292e-01
8.036122317557071737e-01,1.330483827410111342e-01,5.800909487508084661e-01
8.073711982776123897e-01,1.443643864469902893e-01,5.721107166602948935e-01
8.109961958388580694e-01,1.557542362869329955e-01,5.639377520733781513e-01
8.144808232094044032e-01,1.672112948310697789e-01,5.555730118580706201e-01
8.178187756423794808e-01,1.787286065973412164e-01,5.470178565554988381e-01
8.210038724749444405e-01,1.902989108385632622e-01,5.382740620862218606e-01
8.240300852909473450e-01,2.019146566606956905e-01,5.293438296239859620e-01
8.268915664331800697e-01,2.135680204694968554e-01,5.202297934513384625e-01
8.295826776358903309e-01,2.252509257157053191e-01,5.109350266234291560e-01
8.320980185334166945e-01,2.369550648803769310e-01,5.014630442817279432e-01
8.344324547889017119e-01,2.486719236125866095e-01,4.918178044782268721e-01
8.365811455784173400e-01,2.603928069018914826e-01,4.820037063928629406e-01
8.385395701609017483e-01,2.721088671383058988e-01,4.720255858521632542e-01
8.403035532633900129e-01,2.838111338836615261e-01,4.618887080851746263e-01
8.418692890143464336e-01,2.954905451507308656e-01,4.515987576831924644e-01
8.432333631656587780e-01,3.071379799610015060e-01,4.411618257621658379e-01
8.443927733560523397e-01,3.187442919291058607e-01,4.305843943603710477e-01
8.453449471853016206e-01,3.303003436022039496e-01,4.198733181383948465e-01
8.460877578894652196e-01,3.417970412666051505e-01,4.090358034829865153e-01
8.466195374321705547e-01,3.532253699220314069e-01,3.980793851502258396e-01
8.469390868553439145e-01,3.645764281165387311e-01,3.870119006160180342e-01
8.470456837642150738e-01,3.758414623324662918e-01,3.758414623324662918e-01
8.469390868553439145e-01,3.870119006160180342e-01,3.645764281165387311e-01
8.466195374321705547e-01,3.980793851502258396e-01,3.532253699220314069e-01
8.460877578894652196e-01,4.090358034829865153e-01,3.417970412666051505e-01
8.453449471853016206e-01,4.198733181383948465e-01,3.303003436022039496e-01
8.443927733560523397e-01,4.305843943603710477e-01,3.187442919291058607e-01
8.432333631656587780e-01,4.411618257621658379e-01,3.071379799610015060e-01
8.418692890143464336e-01,4.515987576831924644e-01,2.954905451507308656e-01
8.403035532633900129e-01,4.618887080851746263e-01,2.838111338836615261e-01
8.385395701609017483e-01,4.720255858521632542e-01,2.721088671383058988e-01
8.365811455784173400e-01,4.820037063928629406e-01,2.603928069018914826e-01
8.344324547889017119e-01,4.918178044782268721e-01,2.486719236125866095e-01
8.320980185334166945e-01,5.014630442817279432e-01,2.369550648803769310e-01
8.295826776358903309e-01,5.109350266234291560e-01,2.252509257157053191e-01
8.268915664331800697e-01,5.202297934513384625e-01,2.135680204694968554e-01
8.240300852909473450e-01,5.293438296239859620e-01,2.019146566606956905e-01
8.210038724749444405e-01,5.382740620862218606e-01,1.902989108385632622e-01
8.178187756423794808e-01,5.470178565554988381e-01,1.787286065973412164e-01
8.144808232094044032e-01,5.555730118580706201e-01,1.672112948310697789e-01
8.109961958388580694e-01,5.639377520733781513e-01,1.557542362869329955e-01
8.073711982776123897e-01,5.721107166602948935e-01,1.443643864469902893e-01
7.997257671403724677e-01,5.878778818051745292e-01,1.218125340677388563e-01
7.957183190175574072e-01,5.954713248277084814e-01,1.106628125786006944e-01
7.915964208521425460e-01,6.028714463443469729e-01,9.960484765689212039e-02
7.873666013561121391e-01,6.100787573421531107e-01,8.864392200697951418e-02
7.830353621719842172e-01,6.170940933673253470e-01,7.778496975218386622e-02
7.786091569571642612e-01,6.239185959722971520e-01,6.703257642677572237e-02
7.740943719339045126e-01,6.305536936945049797e-01,5.639098073690695240e-02
7.694973079495437407e-01,6.370010827396885844e-01,4.586407795725757491e-02
7.648241640728722368e-01,6.432627075314885090e-01,3.545542482457023775e-02
7.600810227350437431e-01,6.493407412769578446e-01,2.516824578592859879e-02
7.552738364075458621e-01,6.552375666846921298e-01,1.500544045842806297e-02
7.504084157954611367e-01,6.609557569589160630e-01,4.969592157585835113e-03
7.595975838001514102e-01,4.964690090197067598e-03,6.503744018158158502e-01
7.644364358662478764e-01,1.498894972286760573e-02,6.445248380833070723e-01
7.692133673824292917e-01,2.513769174452383168e-02,6.384973703109053655e-01
7.739225205765687399e-01,3.540821989566000916e-02,6.322896409939287032e-01
7.785579053770945723e-01,4.579752384571144502e-02,6.258994925580564361e-01
7.831134119764490142e-01,5.630227144928717786e-02,6.193249859421590120e-01
7.875828248889408245e-01,6.691880211474660056e-02,6.125644193580650487e-01
7.919598385152339937e-01,7.764312142306215025e-02,6.056163470998847664e-01
7.962380742108883247e-01,8.847089713454314719e-02,5.984795982630860545e-01
8.004110988400503501e-01,9.939745671869905375e-02,5.911532952217365411e-01
8.044724447776746556e-01,1.104177865381122114e-01,5.836368717014502883e-01
8.084156313047307085e-01,1.215265328105150644e-01,5.759300902759192375e-01
8.122341873208995811e-01,1.327180044641992629e-01,5.680330591067729307e-01
8.159216752785795057e-01,1.439861779903375549e-01,5.599462477402016303e-01
8.194717162208785544e-01,1.553247043817351514e-01,5.516705017696110769e-01
8.228780157850501542e-01,1.667269182309578934e-01,5.432070561718305157e-01
8.261343910118952305e-01,1.781858490417813357e-01,5.345575471253439792e-01
8.292347977814596982e-01,1.896942347866084067e-01,5.257240221228861587e-01
8.321733586763223611e-01,2.012445377191106333e-01,5.167089481977165111e-01
8.349443910563902893e-01,2.128289624261387181e-01,5.075152180930999624e-01
8.375424351138296419e-01,2.244394760762550012e-01,4.981461542180293800e-01
8.399622816640534007e-01,2.360678307944725218e-01,4.886055102490245439e-01
8.421989994189656992e-01,2.477055880644016828e-01,4.788974702578432385e-01
8.442479614823305001e-01,2.593441450305198348e-01,4.690266452679613951e-01
8.461048708045332267e-01,2.709747625452426645e-01,4.589980671684723013e-01
8.477657843353927358e-01,2.825885947784642638e-01,4.488171799422667752e-01
8.492271356192551135e-01,2.941767201818334954e-01,4.384898281955630917e-01
8.504857555864521190e-01,3.057301735768291895e-01,4.280222430075608653e-01
8.515388913093295820e-01,3.172399791152404336e-01,4.174210251516321524e-01
8.523842225093271052e-01,3.286971838434660231e-01,4.066931257724240578e-01
8.530198756238079882e-01,3.400928915885770287e-01,3.958458246358847465e-01
8.534444352671651801e-01,3.514182968747150970e-01,3.848867061008784396e-01
8.536569529497363140e-01,3.626647185734174217e-01,3.738236329910610278e-01
8.536569529497363140e-01,3.738236329910610278e-01,3.626647185734174217e-01
8.534444352671651801e-01,3.848867061008784396e-01,3.514182968747150970e-01
8.530198756238079882e-01,3.958458246358847465e-01,3.400928915885770287e-01
8.523842225093271052e-01,4.066931257724240578e-01,3.286971838434660231e-01
8.515388913093295820e-01,4.174210251516321524e-01,3.172399791152404336e-01
8.504857555864521190e-01,4.280222430075608653e-01,3.057301735768291895e-01
8.492271356192551135e-01,4.384898281955630917e-01,2.941767201818334954e-01
8.477657843353927358e-01,4.488171799422667752e-01,2.825885947784642638e-01
8.461048708045332267e-01,4.589980671684723013e-01,2.709747625452426645e-01
8.442479614823305001e-01,4.690266452679613951e-01,2.593441450305198348e-01
8.421989994189656992e-01,4.788974702578432385e-01,2.477055880644016828e-01
8.399622816640534007e-01,4.886055102490245439e-01,2.360678307944725218e-01
8.375424351138296419e-01,4.981461542180293800e-01,2.244394760762550012e-01
8.349443910563902893e-01,5.075152180930999624e-01,2.128289624261387181e-01
8.321733586763223611e-01,5.167089481977165111e-01,2.012445377191106333e-01
8.292347977814596982e-01,5.257240221228861587e-01,1.896942347866084067e-01
8.261343910118952305e-01,5.345575471253439792e-01,1.781858490417813357e-01
8.228780157850501542e-01,5.432070561718305157e-01,1.667269182309578934e-01
8.194717162208785544e-01,5.516705017696110769e-01,1.553247043817351514e-01
8.159216752785795057e-01,5.599462477402016303e-01,1.439861779903375549e-01
8.122341873208995811e-01,5.680330591067729307e-01,1.327180044641992629e-01
8.044724447776746556e-01,5.836368717014502883e-01,1.104177865381122114e-01
8.004110988400503501e-01,5.911532952217365411e-01,9.939745671869905375e-02
7.962380742108883247e-01,5.984795982630860545e-01,8.847089713454314719e-02
7.919598385152339937e-01,6.056163470998847664e-01,7.764312142306215025e-02
7.875828248889408245e-01,6.125644193580650487e-01,6.691880211474660056e-02
7.831134119764490142e-01,6.193249859421590120e-01,5.630227144928717786e-02
7.785579053770945723e-01,6.258994925580564361e-01,4.579752384571144502e-02
7.739225205765687399e-01,6.322896409939287032e-01,3.540821989566000916e-02
7.692133673824292917e-01,6.384973703109053655e-01,2.513769174452383168e-02
7.644364358662478764e-01,6.445248380833070723e-01,1.498894972286760573e-02
7.595975838001514102e-01,6.503744018158158502e-01,4.964690090197067598e-03
7.686181406368285396e-01,4.958826713785990763e-03,6.396886460783927086e-01
7.734257471796619487e-01,1.496953059057410176e-02,6.337101283343036240e-01
7.781677541251478258e-01,2.510218561694025144e-02,6.275546404235062825e-01
7.828382670551372602e-01,3.535398625410297174e-02,6.212200441792379291e-01
7.874312692015835724e-01,4.572181563105968960e-02,6.147044101509135938e-01
7.919406347291327863e-01,5.620223859368039115e-02,6.080060356952696754e-01
7.963601434841097726e-01,6.679149590511888890e-02,6.011234631460700140e-01
8.006834972125204120e-01,7.748549973024392024e-02,5.940554979318700690e-01
8.049043372344351077e-01,8.827983053538966673e-02,5.868012264999430405e-01
8.090162635455010465e-01,9.916973553138398734e-02,5.793600338938749150e-01
8.130128552984681178e-01,1.101501287823730968e-01,5.717316208227937180e-01
8.168876925987140769e-01,1.212155930952930477e-01,5.639160200520154653e-01
8.206343795280268694e-01,1.323603837948430506e-01,5.559136119383407681e-01
8.242465682906503499e-01,1.435784344764358678e-01,5.477251389286257321e-01
8.277179843551120131e-01,1.548633648148274033e-01,5.393517188378471605e-01
8.310424524450191752e-01,1.662084904890038517e-01,5.307948567229477943e-01
8.342139232121951187e-01,1.776068352645318593e-01,5.220564551715027868e-01
8.372265004066844485e-01,1.890511452531222769e-01,5.131388228299033072e-01
8.400744683406944358e-01,2.005339053458431720e-01,5.040446810044166837e-01
8.427523194279230578e-01,2.120473577915419350e-01,4.947771681802645150e-01
8.452547815663907782e-01,2.235835228659485419e-01,4.853398423187663124e-01
8.475768451222610578e-01,2.351342215500466237e-01,4.757366808105594203e-01
8.497137892646065005e-01,2.466911001090793254e-01,4.659720779838165128e-01
8.516612073969829222e-01,2.582456564365044893e-01,4.560508400899973003e-01
8.534150314313192487e-01,2.697892680008686650e-01,4.459781777157216243e-01
8.549715546532136168e-01,2.813132212084767381e-01,4.357596955974443742e-01
8.563274529353798181e-01,2.928087419714524575e-01,4.254013798453177286e-01
8.574798040677610311e-01,3.042670272498506634e-01,4.149095826134327480e-01
8.584261049886450223e-01,3.156792773184049494e-01,4.042910042849747199e-01
8.591642867208164613e-01,3.270367284937301111e-01,3.935526732721159049e-01
8.596927268401091116e-01,3.383306860467525934e-01,3.827019235610808479e-01
8.600102593303015075e-01,3.495525570181225450e-01,3.717463701621303573e-01
8.601161817076875549e-01,3.606938826516108976e-01,3.606938826516108976e-01
8.600102593303015075e-01,3.717463701621303573e-01,3.495525570181225450e-01
8.596927268401091116e-01,3.827019235610808479e-01,3.383306860467525934e-01
8.591642867208164613e-01,3.935526732721159049e-01,3.270367284937301111e-01
8.584261049886450223e-01,4.042910042849747199e-01,3.156792773184049494e-01
8.574798040677610311e-01,4.149095826134327480e-01,3.042670272498506634e-01
8.563274529353798181e-01,4.254013798453177286e-01,2.928087419714524575e-01
8.549715546532136168e-01,4.357596955974443742e-01,2.813132212084767381e-01
8.534150314313192487e-01,4.459781777157216243e-01,2.697892680008686650e-01
8.516612073969829222e-01,4.560508400899973003e-01,2.582456564365044893e-01
8.497137892646065005e-01,4.659720779838165128e-01,2.466911001090793254e-01
8.475768451222610578e-01,4.757366808105594203e-01,2.351342215500466237e-01
8.452547815663907782e-01,4.853398423187663124e-01,2.235835228659485419e-01
8.427523194279230578e-01,4.947771681802645150e-01,2.120473577915419350e-01
8.400744683406944358e-01,5.040446810044166837e-01,2.005339053458431720e-01
8.372265004066844485e-01,5.131388228299033072e-01,1.890511452531222769e-01
8.342139232121951187e-01,5.220564551715027868e-01,1.776068352645318593e-01
8.310424524450191752e-01,5.307948567229477943e-01,1.662084904890038517e-01
8.277179843551120131e-01,5.393517188378471605e-01,1.548633648148274033e-01
8.242465682906503499e-01,5.477251389286257321e-01,1.435784344764358678e-01
8.206343795280268694e-01,5.559136119383407681e-01,1.323603837948430506e-01
8.168876925987140769e-01,5.639160200520154653e-01,1.212155930952930477e-01
8.090162635455010465e-01,5.793600338938749150e-01,9.916973553138398734e-02
8.049043372344351077e-01,5.868012264999430405e-01,8.827983053538966673e-02
8.006834972125204120e-01,5.940554979318700690e-01,7.748549973024392024e-02
7.963601434841097726e-01,6.011234631460700140e-01,6.679149590511888890e-02
7.919406347291327863e-01,6.080060356952696754e-01,5.620223859368039115e-02
7.874312692015835724e-01,6.147044101509135938e-01,4.572181563105968960e-02
7.828382670551372602e-01,6.212200441792379291e-01,3.535398625410297174e-02
7.781677541251478258e-01,6.275546404235062825e-01,2.510218561694025144e-02
7.734257471796619487e-01,6.337101283343036240e-01,1.496953059057410176e-02
7.686181406368285396e-01,6.396886460783927086e-01,4.958826713785990763e-03
7.774659301330942851e-01,4.952012293841364862e-03,6.289055613178533566e-01
7.822377112831837564e-01,1.494721741305446612e-02,6.228007255439360623e-01
7.869402321812313250e-01,2.506179083379717759e-02,6.165200545114105646e-01
7.915675723762063409e-01,3.529282169830218890e-02,6.100616322135092862e-01
7.961136994471033068e-01,4.563709105110783787e-02,6.034237594535368787e-01
8.005724829619310645e-01,5.609106568523083980e-02,5.966049713792734854e-01
8.049377098682033438e-01,6.665089317380028244e-02,5.896040549990024804e-01
8.092031013079342694e-01,7.731239821413384006e-02,5.824200665464749349e-01
8.133623308345701020e-01,8.807108040883880606e-02,5.750523485518298505e-01
8.174090439924961426e-01,9.892211360418742827e-02,5.675005464661279087e-01
8.213368792018816977e-01,1.098603468996147553e-01,5.597646246789894642e-01
8.251394898728944272e-01,1.208803074336087385e-01,5.518448817621268709e-01
8.288105676539559985e-01,1.319762050404388321e-01,5.437419647666080769e-01
8.323438666990287116e-01,1.431419388590686181e-01,5.354568823987382320e-01
8.357332288192376168e-01,1.543711059602413393e-01,5.269910168987549381e-01
8.389726093648107730e-01,1.656570120401855695e-01,5.183461344483225597e-01
8.420561036647552511e-01,1.769926842097893360e-01,5.095243939372723352e-01
8.449779738342879654e-01,1.883708858866247060e-01,5.005283539273170934e-01
8.477326757442323890e-01,1.997841337741184664e-01,4.913609776606697177e-01
8.503148859328051312e-01,2.112247168877668946e-01,4.820256359746475372e-01
8.527195282288465572e-01,2.226847175629471931e-01,4.725261079994245161e-01
8.549417998470077995e-01,2.341560343530021404e-01,4.628665795350042633e-01
8.569771967100164867e-01,2.456304067003231839e-01,4.530516390250405312e-01
8.588215377512240511e-01,2.570994412376275684e-01,4.430862710691028661e-01
8.604709879524160554e-01,2.685546395520279628e-01,4.329758474410246305e-01
8.619220798774926973e-01,2.799874272213511706e-01,4.227261156087066540e-01
8.631717334722014412e-01,2.913891839109979398e-01,4.123431847797140448e-01
8.642172739135791648e-01,3.027512743009354024e-01,4.018335095266960533e-01
8.650564473100565976e-01,3.140650795966447584e-01,3.912038710765224359e-01
8.656874340740583484e-01,3.253220293654104922e-01,3.804613563764969730e-01
8.661088598131159166e-01,3.365136334305737220e-01,3.696133350794825745e-01
8.663198036125875356e-01,3.476315135515478660e-01,3.586674346166763283e-01
8.663198036125875356e-01,3.586674346166763283e-01,3.476315135515478660e-01
8.661088598131159166e-01,3.696133350794825745e-01,3.365136334305737220e-01
8.656874340740583484e-01,3.804613563764969730e-01,3.253220293654104922e-01
8.650564473100565976e-01,3.912038710765224359e-01,3.140650795966447584e-01
8.642172739135791648e-01,4.018335095266960533e-01,3.027512743009354024e-01
8.631717334722014412e-01,4.123431847797140448e-01,2.913891839109979398e-01
8.619220798774926973e-01,4.227261156087066540e-01,2.799874272213511706e-01
8.604709879524160554e-01,4.329758474410246305e-01,2.685546395520279628e-01
8.588215377512240511e-01,4.430862710691028661e-01,2.570994412376275684e-01
8.569771967100164867e-01,4.530516390250405312e-01,2.456304067003231839e-01
8.549417998470077995e-01,4.628665795350042633e-01,2.341560343530021404e-01
8.527195282288465572e-01,4.725261079994245161e-01,2.226847175629471931e-01
8.503148859328051312e-01,4.820256359746475372e-01,2.112247168877668946e-01
8.477326757442323890e-01,4.913609776606697177e-01,1.997841337741184664e-01
8.449779738342879654e-01,5.005283539273170934e-01,1.883708858866247060e-01
8.420561036647552511e-01,5.095243939372723352e-01,1.769926842097893360e-01
8.389726093648107730e-01,5.183461344483225597e-01,1.656570120401855695e-01
8.357332288192376168e-01,5.269910168987549381e-01,1.543711059602413393e-01
8.323438666990287116e-01,5.354568823987382320e-01,1.431419388590686181e-01
8.288105676539559985e-01,5.437419647666080769e-01,1.319762050404388321e-01
8.251394898728944272e-01,5.518448817621268709e-01,1.208803074336087385e-01
8.213368792018816977e-01,5.597646246789894642e-01,1.098603468996147553e-01
8.174090439924961426e-01,5.675005464661279087e-01,9.892211360418742827e-02
8.092031013079342694e-01,5.824200665464749349e-01,7.731239821413384006e-02
8.049377098682033438e-01,5.896040549990024804e-01,6.665089317380028244e-02
8.005724829619310645e-01,5.966049713792734854e-01,5.609106568523083980e-02
7.961136994471033068e-01,6.034237594535368787e-01,4.563709105110783787e-02
7.915675723762063409e-01,6.100616322135092862e-01,3.529282169830218890e-02
7.869402321812313250e-01,6.165200545114105646e-01,2.506179083379717759e-02
7.822377112831837564e-01,6.228007255439360623e-01,1.494721741305446612e-02
7.774659301330942851e-01,6.289055613178533566e-01,4.952012293841364862e-03
7.861371300599561129e-01,4.944258679622365316e-03,6.180323349527956367e-01
7.908686164966599597e-01,1.492204936786150835e-02,6.118040240823218179e-01
7.955272114742899525e-01,2.501657897717892917e-02,6.054012112477301644e-01
8.001069792491151134e-01,3.522483556442645297e-02,5.988222045952497075e-01
8.046018828622688579e-01,4.554350280352464919e-02,5.920655364458204950e-01
8.090057987276868534e-01,5.596895462895946916e-02,5.851299802118490323e-01
8.133125326100464347e-01,6.649725109390317024e-02,5.780145672008506486e-01
8.175158369761872379e-01,7.712413556379124624e-02,5.707186031720552499e-01
8.216094296877340941e-01,8.784503336283949748e-02,5.632416845029120100e-01
8.255870139857861556e-01,9.865505198572287193e-02,5.555837138143340237e-01
8.294422997007938614e-01,1.095489829793501319e-01,5.477449148967507009e-01
8.331690256023071006e-01,1.205213055902708413e-01,5.397258467738216270e-01
8.367609827844241233e-01,1.315661922617019086e-01,5.315274167372757708e-01
8.402120389637983688e-01,1.426775160504563378e-01,5.231508921850065441e-01
8.435161635482951725e-01,1.538488600182425226e-01,5.145979110955007929e-01
8.466674533162048544e-01,1.650735286339770347e-01,5.058704909750909584e-01
8.496601585286936986e-01,1.763445612040685229e-01,4.969710361205567084e-01
8.524887092823100199e-01,1.876547473262946686e-01,4.879023430483661050e-01
8.551477418942677877e-01,1.989966443401755269e-01,4.786676039533951932e-01
8.576321251012933855e-01,2.103625967229587612e-01,4.692704080742925998e-01
8.599369858434358083e-01,2.217447573558545271e-01,4.597147408596984342e-01
8.620577343977390283e-01,2.331351105603948481e-01,4.500049808491342063e-01
8.639900886233803368e-01,2.445254967802019952e-01,4.401458942043635636e-01
8.657300970800235751e-01,2.559076387595038415e-01,4.301426268510809003e-01
8.672741607849215884e-01,2.672731690469254962e-01,4.200006942165972479e-01
8.686190533818216597e-01,2.786136586319050701e-01,4.097259685763309234e-01
8.697619395060167680e-01,2.899206465020056078e-01,3.993246640499322209e-01
8.707003911448717437e-01,3.011856698928801479e-01,3.888033193162634960e-01
8.714324018116824666e-01,3.124002949890937186e-01,3.781687781446924079e-01
8.719563983725546752e-01,3.235561478237781174e-01,3.674281678676802332e-01
8.722712503907738002e-01,3.346449451184729806e-01,3.565888759459138191e-01
8.723762768804702583e-01,3.456585248016957879e-01,3.456585248016957879e-01
8.722712503907738002e-01,3.565888759459138191e-01,3.346449451184729806e-01
8.719563983725546752e-01,3.674281678676802332e-01,3.235561478237781174e-01
8.714324018116824666e-01,3.781687781446924079e-01,3.124002949890937186e-01
8.707003911448717437e-01,3.888033193162634960e-01,3.011856698928801479e-01
8.697619395060167680e-01,3.993246640499322209e-01,2.899206465020056078e-01
8.686190533818216597e-01,4.097259685763309234e-01,2.786136586319050701e-01
8.672741607849215884e-01,4.200006942165972479e-01,2.672731690469254962e-01
8.657300970800235751e-01,4.301426268510809003e-01,2.559076387595038415e-01
8.639900886233803368e-01,4.401458942043635636e-01,2.445254967802019952e-01
8.620577343977390283e-01,4.500049808491342063e-01,2.331351105603948481e-01
8.599369858434358083e-01,4.597147408596984342e-01,2.217447573558545271e-01
8.576321251012933855e-01,4.692704080742925998e-01,2.103625967229587612e-01
8.551477418942677877e-01,4.786676039533951932e-01,1.989966443401755269e-01
8.524887092823100199e-01,4.879023430483661050e-01,1.876547473262946686e-01
8.496601585286936986e-01,4.969710361205567084e-01,1.763445612040685229e-01
8.466674533162048544e-01,5.058704909750909584e-01,1.650735286339770347e-01
8.435161635482951725e-01,5.145979110955007929e-01,1.538488600182425226e-01
8.402120389637983688e-01,5.231508921850065441e-01,1.426775160504563378e-01
8.367609827844241233e-01,5.315274167372757708e-01,1.315661922617019086e-01
8.331690256023071006e-01,5.397258467738216270e-01,1.205213055902708413e-01
8.294422997007938614e-01,5.477449148967507009e-01,1.095489829793501319e-01
8.255870139857861556e-01,5.555837138143340237e-01,9.865505198572287193e-02
8.216094296877340941e-01,5.632416845029120100e-01,8.784503336283949748e-02
8.175158369761872379e-01,5.707186031720552499e-01,7.712413556379124624e-02
8.133125326100464347e-01,5.780145672008506486e-01,6.649725109390317024e-02
8.090057987276868534e-01,5.851299802118490323e-01,5.596895462895946916e-02
8.001069792491151134e-01,5.988222045952497075e-01,3.522483556442645297e-02
7.955272114742899525e-01,6.054012112477301644e-01,2.501657897717892917e-02
7.908686164966599597e-01,6.118040240823218179e-01,1.492204936786150835e-02
7.861371300599561129e-01,6.180323349527956367e-01,4.944258679622365316e-03
7.946282588831051763e-01,4.935579247721150718e-03,6.070762474697014577e-01
7.993151045217279371e-01,1.489407027059120280e-02,6.007275009138451916e-01
8.039254678003080468e-01,2.496662943479217509e-02,5.942057805480537303e-01
8.084534084838781443e-01,3.515014819495122789e-02,5.875096198298990213e-01
8.128928961940146136e-01,4.544121779966540930e-02,5.806377829957246606e-01
8.172378255740453401e-01,5.583612472866148618e-02,5.735892813035224913e-01
8.214820327965137725e-01,6.633084736866259878e-02,5.663633890708883456e-01
8.256193133870505241e-01,7.692105404227178589e-02,5.589596593738416219e-01
8.296434413229640814e-01,8.760210249994029863e-02,5.513779392643300969e-01
8.335481893480878313e-01,9.836904097896688459e-02,5.436183843574485808e-01
8.373273504279160617e-01,1.092166109253803474e-01,5.356814726340083377e-01
8.409747602510641018e-01,1.201392514644377268e-01,5.275680173003569617e-01
8.444843206648604550e-01,1.311311056933013031e-01,5.192791785454732301e-01
8.478500239147369610e-01,1.421860288552664331e-01,5.108164740355868316e-01
8.510659775393547566e-01,1.532975984387657531e-01,5.021817879890602132e-01
8.541264297564498120e-01,1.644591262263971621e-01,4.933773786791915139e-01
8.570257951585812384e-01,1.756636722995849886e-01,4.844058842200676951e-01
8.597586805236969720e-01,1.869040609834123901e-01,4.752703265006772426e-01
8.623199105330814351e-01,1.981728986939379489e-01,4.659741131452054819e-01
8.647045531791798245e-01,2.094625936272547229e-01,4.565210373927346965e-01
8.669079446383624044e-01,2.207653772060425845e-01,4.469152758073545173e-01
8.689257133791876697e-01,2.320733271758078919e-01,4.371613837497776434e-01
8.707538032754287283e-01,2.433783922198403393e-01,4.272642885637196741e-01
8.723884954952312309e-01,2.546724179396016585e-01,4.172292804542410138e-01
8.738264289434103382e-01,2.659471740262553396e-01,4.070620010605948691e-01
8.750646190431354832e-01,2.771943824298130910e-01,3.967684297524775583e-01
8.761004746560615564e-01,2.884057463153494871e-01,3.863548677054681746e-01
8.769318129562396757e-01,2.995729795813241170e-01,3.758279198383884800e-01
8.775568720926827382e-01,3.106878367036206012e-01,3.651944747217996667e-01
8.779743214979930377e-01,3.217421426607551815e-01,3.544616825923574410e-01
8.781832697256124476e-01,3.327278226910705405e-01,3.436369316317613998e-01
8.781832697256124476e-01,3.436369316317613998e-01,3.327278226910705405e-01
8.779743214979930377e-01,3.544616825923574410e-01,3.217421426607551815e-01
8.775568720926827382e-01,3.651944747217996667e-01,3.106878367036206012e-01
8.769318129562396757e-01,3.758279198383884800e-01,2.995729795813241170e-01
8.761004746560615564e-01,3.863548677054681746e-01,2.884057463153494871e-01
8.750646190431354832e-01,3.967684297524775583e-01,2.771943824298130910e-01
8.738264289434103382e-01,4.070620010605948691e-01,2.659471740262553396e-01
8.723884954952312309e-01,4.172292804542410138e-01,2.546724179396016585e-01
8.707538032754287283e-01,4.272642885637196741e-01,2.433783922198403393e-01
8.689257133791876697e-01,4.371613837497776434e-01,2.320733271758078919e-01
8.669079446383624044e-01,4.469152758073545173e-01,2.207653772060425845e-01
8.647045531791798245e-01,4.565210373927346965e-01,2.094625936272547229e-01
8.623199105330814351e-01,4.659741131452054819e-01,1.981728986939379489e-01
8.597586805236969720e-01,4.752703265006772426e-01,1.869040609834123901e-01
8.570257951585812384e-01,4.844058842200676951e-01,1.756636722995849886e-01
8.541264297564498120e-01,4.933773786791915139e-01,1.644591262263971621e-01
8.510659775393547566e-01,5.021817879890602132e-01,1.532975984387657531e-01
8.478500239147369610e-01,5.108164740355868316e-01,1.421860288552664331e-01
8.444843206648604550e-01,5.192791785454732301e-01,1.311311056933013031e-01
8.409747602510641018e-01,5.275680173003569617e-01,1.201392514644377268e-01
8.373273504279160617e-01,5.356814726340083377e-01,1.092166109253803474e-01
8.335481893480878313e-01,5.436183843574485808e-01,9.836904097896688459e-02
8.296434413229640814e-01,5.513779392643300969e-01,8.760210249994029863e-02
8.256193133870505241e-01,5.589596593738416219e-01,7.692105404227178589e-02
8.214820327965137725e-01,5.663633890708883456e-01,6.633084736866259878e-02
8.172378255740453401e-01,5.735892813035224913e-01,5.583612472866148618e-02
8.128928961940146136e-01,5.806377829957246606e-01,4.544121779966540930e-02
8.084534084838781443e-01,5.875096198298990213e-01,3.515014819495122789e-02
8.039254678003080468e-01,5.942057805480537303e-01,2.496662943479217509e-02
7.993151045217279371e-01,6.007275009138451916e-01,1.489407027059120280e-02
8.029361807751033142e-01,4.925988839111062820e-03,5.960446495324386307e-01
8.075741746254831988e-01,1.486332836734018288e-02,5.895786919044938568e-01
8.121321461092926297e-01,2.491202902175744527e-02,5.829414791091241943e-01
8.166041612974271890e-01,3.506889036246620128e-02,5.761317702405160945e-01
8.209842074458043593e-01,4.533041636203827274e-02,5.691485609900360787e-01
8.252662086824776866e-01,5.569281162887886050e-02,5.619910991641412501e-01
8.294440429834406547e-01,6.615197888824986272e-02,5.546588999091719430e-01
8.335115604022321767e-01,7.670351782842627086e-02,5.471517605094406989e-01
8.374626025026444820e-01,8.734272541438622972e-02,5.394697746182679499e-01
8.412910229272616558e-01,9.806459776452743082e-02,5.316133457761224035e-01
8.449907090174210156e-01,1.088638336770910431e-01,5.235832000660093355e-01
8.485556043827472417e-01,1.197348398822281335e-01,5.153803977539385128e-01
8.519797323009298262e-01,1.306717380829647002e-01,5.070063437619030111e-01
8.552572198112120549e-01,1.416683738337590481e-01,4.984627968224855654e-01
8.583823223484603471e-01,1.527183272889898746e-01,4.897518771681399485e-01
8.613494487490511720e-01,1.638149258357091131e-01,4.808760726145009379e-01
8.641531864454884415e-01,1.749512586055283203e-01,4.718382429058188277e-01
8.667883266540387099e-01,1.861201928398242555e-01,4.626416222018489011e-01
8.692498893490748779e-01,1.973143920608329549e-01,4.532898195992108303e-01
8.715331478096081108e-01,2.085263359789859827e-01,4.437868175963035067e-01
8.736336525179589918e-01,2.197483420443945845e-01,4.341369684291698228e-01
8.755472541879454340e-01,2.309725885281083135e-01,4.243449882260594275e-01
8.772701257005665054e-01,2.421911389970889117e-01,4.144159489505743199e-01
8.787987827290824061e-01,2.533959680261771430e-01,4.043552681268783866e-01
8.801301028427380713e-01,2.645789879711298309e-01,3.941686963651526154e-01
8.812613428891479250e-01,2.757320766094880082e-01,3.838623027308558089e-01
8.821901544694891184e-01,2.868471054409995613e-01,3.734424580269616878e-01
8.829145973380041479e-01,2.979159684269339081e-01,3.629158160837195335e-01
8.834331505776334970e-01,3.089306109381908527e-01,3.522892931751299139e-01
8.837447214266129780e-01,3.198830586758906191e-01,3.415700457047645133e-01
8.838486516561702144e-01,3.307654463253152377e-01,3.307654463253152377e-01
8.837447214266129780e-01,3.415700457047645133e-01,3.198830586758906191e-01
8.834331505776334970e-01,3.522892931751299139e-01,3.089306109381908527e-01
8.829145973380041479e-01,3.629158160837195335e-01,2.979159684269339081e-01
8.821901544694891184e-01,3.734424580269616878e-01,2.868471054409995613e-01
8.812613428891479250e-01,3.838623027308558089e-01,2.757320766094880082e-01
8.801301028427380713e-01,3.941686963651526154e-01,2.645789879711298309e-01
8.787987827290824061e-01,4.043552681268783866e-01,2.533959680261771430e-01
8.772701257005665054e-01,4.144159489505743199e-01,2.421911389970889117e-01
8.755472541879454340e-01,4.243449882260594275e-01,2.309725885281083135e-01
8.736336525179589918e-01,4.341369684291698228e-01,2.197483420443945845e-01
8.715331478096081108e-01,4.437868175963035067e-01,2.085263359789859827e-01
8.692498893490748779e-01,4.532898195992108303e-01,1.973143920608329549e-01
8.667883266540387099e-01,4.626416222018489011e-01,1.861201928398242555e-01
8.641531864454884415e-01,4.718382429058188277e-01,1.749512586055283203e-01
8.613494487490511720e-01,4.808760726145009379e-01,1.638149258357091131e-01
8.583823223484603471e-01,4.897518771681399485e-01,1.527183272889898746e-01
8.552572198112120549e-01,4.984627968224855654e-01,1.416683738337590481e-01
8.519797323009298262e-01,5.070063437619030111e-01,1.306717380829647002e-01
8.485556043827472417e-01,5.153803977539385128e-01,1.197348398822281335e-01
8.449907090174210156e-01,5.235832000660093355e-01,1.088638336770910431e-01
8.412910229272616558e-01,5.316133457761224035e-01,9.806459776452743082e-02
8.374626025026444820e-01,5.394697746182679499e-01,8.734272541438622972e-02
8.335115604022321767e-01,5.471517605094406989e-01,7.670351782842627086e-02
8.294440429834406547e-01,5.546588999091719430e-01,6.615197888824986272e-02
8.252662086824776866e-01,5.619910991641412501e-01,5.569281162887886050e-02
8.209842074458043593e-01,5.691485609900360787e-01,4.533041636203827274e-02
8.166041612974271890e-01,5.761317702405160945e-01,3.506889036246620128e-02
8.121321461092926297e-01,5.829414791091241943e-01,2.491202902175744527e-02
8.075741746254831988e-01,5.895786919044938568e-01,1.486332836734018288e-02
8.029361807751033142e-01,5.960446495324386307e-01,4.925988839111062820e-03
8.110581088912558467e-01,4.915503690250035834e-03,5.849449391397542053e-01
8.156431860229398367e-01,1.482987610950799867e-02,5.783651682708119690e-01
8.201447619247849152e-01,2.485287157347833287e-02,5.716160461900016143e-01
8.245569197015056861e-01,3.498120265400327111e-02,5.646965571289099817e-01
8.330889929938658511e-01,5.553926619959105582e-02,5.503436377959477488e-01
8.371968040957864510e-01,6.596096032269832543e-02,5.429094426560554520e-01
8.411910241920598219e-01,7.647191129018726663e-02,5.353033790313108664e-01
8.450655735022051251e-01,8.706736211840901407e-02,5.275257822468309987e-01
8.488143974908641809e-01,9.774226395349344676e-02,5.195772978580441848e-01
8.524314885722984458e-01,1.084912803637470696e-01,5.114588931433790009e-01
8.559109086653646781e-01,1.193087933291114427e-01,5.031718675184265743e-01
8.592468124734375934e-01,1.301889109808238854e-01,4.947178617271307255e-01
8.624334713475670933e-01,1.411254771296018840e-01,4.860988656686286991e-01
8.654652975757887168e-01,1.521120826042295093e-01,4.773172247236167620e-01
8.683368689272326080e-01,1.631420784045103656e-01,4.683756444516588013e-01
8.710429532668964026e-01,1.742085906533792639e-01,4.592771935407271577e-01
8.735785330459641118e-01,1.853045373127802653e-01,4.500253049024663388e-01
8.759388294637151517e-01,1.964226466070149169e-01,4.406237748211415672e-01
8.781193260906734466e-01,2.075554770759773515e-01,4.310767600808760314e-01
8.801157917389598184e-01,2.186954391593778912e-01,4.213887730144110777e-01
8.819243023650806812e-01,2.298348181921119338e-01,4.115646744370376475e-01
8.835412617927488332e-01,2.409657986707496868e-01,4.016096644512494596e-01
8.849634210489466524e-01,2.520804896321242050e-01,3.915292711307460927e-01
8.861878961153084600e-01,2.631709509675764780e-01,3.813293371162842504e-01
8.872121839090166828e-01,2.742292204809688161e-01,3.710160041801342512e-01
8.880341763226593521e-01,2.852473414854602707e-01,3.605956958401101420e-01
8.886521721706970300e-01,2.962173907235656767e-01,3.500750981278503704e-01
8.890648869110895358e-01,3.071315063874672791e-01,3.394611386387796359e-01
8.892714600338936792e-01,3.179819160121195587e-01,3.287609640125304100e-01
8.892714600338936792e-01,3.287609640125304100e-01,3.179819160121195587e-01
8.890648869110895358e-01,3.394611386387796359e-01,3.071315063874672791e-01
8.886521721706970300e-01,3.500750981278503704e-01,2.962173907235656767e-01
8.880341763226593521e-01,3.605956958401101420e-01,2.852473414854602707e-01
8.872121839090166828e-01,3.710160041801342512e-01,2.742292204809688161e-01
8.861878961153084600e-01,3.813293371162842504e-01,2.631709509675764780e-01
8.849634210489466524e-01,3.915292711307460927e-01,2.520804896321242050e-01
8.835412617927488332e-01,4.016096644512494596e-01,2.409657986707496868e-01
8.819243023650806812e-01,4.115646744370376475e-01,2.298348181921119338e-01
8.801157917389598184e-01,4.213887730144110777e-01,2.186954391593778912e-01
8.781193260906734466e-01,4.310767600808760314e-01,2.075554770759773515e-01
8.759388294637151517e-01,4.406237748211415672e-01,1.964226466070149169e-01
8.735785330459641118e-01,4.500253049024663388e-01,1.853045373127802653e-01
8.710429532668964026e-01,4.592771935407271577e-01,1.742085906533792639e-01
8.683368689272326080e-01,4.683756444516588013e-01,1.631420784045103656e-01
8.654652975757887168e-01,4.773172247236167620e-01,1.521120826042295093e-01
8.624334713475670933e-01,4.860988656686286991e-01,1.411254771296018840e-01
8.592468124734375934e-01,4.947178617271307255e-01,1.301889109808238854e-01
8.559109086653646781e-01,5.031718675184265743e-01,1.193087933291114427e-01
8.524314885722984458e-01,5.114588931433790009e-01,1.084912803637470696e-01
8.488143974908641809e-01,5.195772978580441848e-01,9.774226395349344676e-02
8.450655735022051251e-01,5.275257822468309987e-01,8.706736211840901407e-02
8.411910241920598219e-01,5.353033790313108664e-01,7.647191129018726663e-02
8.371968040957864510e-01,5.429094426560554520e-01,6.596096032269832543e-02
8.330889929938658511e-01,5.503436377959477488e-01,5.553926619959105582e-02
8.288736751667955538e-01,5.576059269303896837e-01,4.521129137273430243e-02
8.245569197015056861e-01,5.646965571289099817e-01,3.498120265400327111e-02
8.201447619247849152e-01,5.716160461900016143e-01,2.485287157347833287e-02
8.156431860229398367e-01,5.783651682708119690e-01,1.482987610950799867e-02
8.110581088912558467e-01,5.849449391397542053e-01,4.915503690250035834e-03
8.189916069280979150e-01,4.904141358850885521e-03,5.737845389855535938e-01
8.235198584874273697e-01,1.479376991294779724e-02,5.670945133296655394e-01
8.279612009413473972e-01,2.478925751321399418e-02,5.602372197986362767e-01
8.323097450240437567e-01,3.488723482136710241e-02,5.532118664531069374e-01
8.365595458361843040e-01,4.508404738039316351e-02,5.460179071625395064e-01
8.407046193978988669e-01,5.537575337351429566e-02,5.386550555423663678e-01
8.447389603678887582e-01,6.575812266336858447e-02,5.311232984349001374e-01
8.486565608768632529e-01,7.622663720450867375e-02,5.234229088042928746e-01
8.524514304081057814e-01,8.677649291579520030e-02,5.155544579114891279e-01
8.561176166421328171e-01,9.740260309102109770e-02,5.075188266321626340e-01
8.596492271663601636e-01,1.080996034161291336e-01,4.993172157792631349e-01
8.662855863461570438e-01,1.296834710099037391e-01,4.824225121568418984e-01
8.693790547970478011e-01,1.405582902965286929e-01,4.737334969253373940e-01
8.723154345461348047e-01,1.514799257595084436e-01,4.648866687102155559e-01
8.750894797206622000e-01,1.624417597086259268e-01,4.558849385371114282e-01
8.776961452788113460e-01,1.734369628395255880e-01,4.467315709502931997e-01
8.801306107353886743e-01,1.844585112319676867e-01,4.374301837786662150e-01
8.823883034502615352e-01,1.954992049560459744e-01,4.279847459848574176e-01
8.844649212744517541e-01,2.065516882018180733e-01,4.183995735370160673e-01
8.863564543468789303e-01,2.176084708276768420e-01,4.086793232617345617e-01
8.880592058357329455e-01,2.286619512032126711e-01,3.988289846567662500e-01
8.895698114224683817e-01,2.397044402036591360e-01,3.888538696637137138e-01
8.908852573335442893e-01,2.507281861956681679e-01,3.787596004232433589e-01
8.920028967352551241e-01,2.617254008384879982e-01,3.685520950582790722e-01
8.929204643202733882e-01,2.726882855109816761e-01,3.582375515536426192e-01
8.936360889306887989e-01,2.836090581636317443e-01,3.478224298233219547e-01
8.941483040811818439e-01,2.944799803860179699e-01,3.373134320785297069e-01
8.944560562672334569e-01,3.052933844744449843e-01,3.267174816305463692e-01
8.945587109665951164e-01,3.160417002816114374e-01,3.160417002816114374e-01
8.944560562672334569e-01,3.267174816305463692e-01,3.052933844744449843e-01
8.941483040811818439e-01,3.373134320785297069e-01,2.944799803860179699e-01
8.936360889306887989e-01,3.478224298233219547e-01,2.836090581636317443e-01
8.929204643202733882e-01,3.582375515536426192e-01,2.726882855109816761e-01
8.920028967352551241e-01,3.685520950582790722e-01,2.617254008384879982e-01
8.908852573335442893e-01,3.787596004232433589e-01,2.507281861956681679e-01
8.895698114224683817e-01,3.888538696637137138e-01,2.397044402036591360e-01
8.880592058357329455e-01,3.988289846567662500e-01,2.286619512032126711e-01
8.863564543468789303e-01,4.086793232617345617e-01,2.176084708276768420e-01
8.844649212744517541e-01,4.183995735370160673e-01,2.065516882018180733e-01
8.823883034502615352e-01,4.279847459848574176e-01,1.954992049560459744e-01
8.801306107353886743e-01,4.374301837786662150e-01,1.844585112319676867e-01
8.776961452788113460e-01,4.467315709502931997e-01,1.734369628395255880e-01
8.750894797206622000e-01,4.558849385371114282e-01,1.624417597086259268e-01
8.723154345461348047e-01,4.648866687102155559e-01,1.514799257595084436e-01
8.693790547970478011e-01,4.737334969253373940e-01,1.405582902965286929e-01
8.662855863461570438e-01,4.824225121568418984e-01,1.296834710099037391e-01
8.630404519346781544e-01,4.909511552921821953e-01,1.188618586496862084e-01
8.596492271663601636e-01,4.993172157792631349e-01,1.080996034161291336e-01
8.561176166421328171e-01,5.075188266321626340e-01,9.740260309102109770e-02
8.524514304081057814e-01,5.155544579114891279e-01,8.677649291579520030e-02
8.486565608768632529e-01,5.234229088042928746e-01,7.622663720450867375e-02
8.447389603678887582e-01,5.311232984349001374e-01,6.575812266336858447e-02
8.407046193978988669e-01,5.386550555423663678e-01,5.537575337351429566e-02
8.365595458361843040e-01,5.460179071625395064e-01,4.508404738039316351e-02
8.323097450240437567e-01,5.532118664531069374e-01,3.488723482136710241e-02
8.279612009413473972e-01,5.602372197986362767e-01,2.478925751321399418e-02
8.235198584874273697e-01,5.670945133296655394e-01,1.479376991294779724e-02
8.189916069280979150e-01,5.737845389855535938e-01,4.904141358850885521e-03
8.267345889988462204e-01,4.891920644963587000e-03,5.625708741708125293e-01
8.312022712338427155e-01,1.475506990355933759e-02,5.557742997007351082e-01
8.355797168561797106e-01,2.472129339811182658e-02,5.488127134380825778e-01
8.398610746320060993e-01,3.478714510310084579e-02,5.416855451768560759e-01
8.440404494231322774e-01,4.494889967342124287e-02,5.343924738951192355e-01
8.481119190795879392e-01,5.520255094600868412e-02,5.269334408482647669e-01
8.520695524304385815e-01,6.554381172541835776e-02,5.193086621321608698e-01
8.559074283133354388e-01,7.596811493905343549e-02,5.115186405896264832e-01
8.596196555682457108e-01,8.647061624059275420e-02,5.035641769305108095e-01
8.632003939055004071e-01,9.704619813138762319e-02,4.954463799339262620e-01
8.666438755429287655e-01,1.076894756591805086e-01,4.871666756010546440e-01
8.699444274917058628e-01,1.183948037414747634e-01,4.787268151285718476e-01
8.730964943558692237e-01,1.291562861473179447e-01,4.701288815762372786e-01
8.760946614965898771e-01,1.399677861562599046e-01,4.613752951076715569e-01
8.789336783994894375e-01,1.508229388969538065e-01,4.524688166908614750e-01
8.816084820719130022e-01,1.617151653504692310e-01,4.434125501545124193e-01
8.841142202873758515e-01,1.726376879851088952e-01,4.342099425080011565e-01
8.864462744867168675e-01,1.835835479706218465e-01,4.248647824462962741e-01
8.905721583706437405e-01,2.055166519316870000e-01,4.057636461215358703e-01
8.923581166417178245e-01,2.164892472326060968e-01,3.960169156694013926e-01
8.939546883095097485e-01,2.274559266112953781e-01,3.861461079680130748e-01
8.953587408517656998e-01,2.384091321794642448e-01,3.761566307720435876e-01
8.965674945890683700e-01,2.493412558916344168e-01,3.660541841813356179e-01
8.975785377279281718e-01,2.602446647850205630e-01,3.558447457264567459e-01
8.983898395687661687e-01,2.711117267337696535e-01,3.455345536802946760e-01
8.989997617388117979e-01,2.819348365216391983e-01,3.351300886955334013e-01
8.994070673292351437e-01,2.927064420302244452e-01,3.246380538880671573e-01
8.996109278372684814e-01,3.034190703356468011e-01,3.140653535053186118e-01
8.996109278372684814e-01,3.140653535053186118e-01,3.034190703356468011e-01
8.994070673292351437e-01,3.246380538880671573e-01,2.927064420302244452e-01
8.989997617388117979e-01,3.351300886955334013e-01,2.819348365216391983e-01
8.983898395687661687e-01,3.455345536802946760e-01,2.711117267337696535e-01
8.975785377279281718e-01,3.558447457264567459e-01,2.602446647850205630e-01
8.965674945890683700e-01,3.660541841813356179e-01,2.493412558916344168e-01
8.953587408517656998e-01,3.761566307720435876e-01,2.384091321794642448e-01
8.939546883095097485e-01,3.861461079680130748e-01,2.274559266112953781e-01
8.923581166417178245e-01,3.960169156694013926e-01,2.164892472326060968e-01
8.905721583706437405e-01,4.057636461215358703e-01,2.055166519316870000e-01
8.886002821400459384e-01,4.153811969767078338e-01,1.945456239004834109e-01
8.864462744867168675e-01,4.248647824462962741e-01,1.835835479706218465e-01
8.841142202873758515e-01,4.342099425080011565e-01,1.726376879851088952e-01
8.816084820719130022e-01,4.434125501545124193e-01,1.617151653504692310e-01
8.789336783994894375e-01,4.524688166908614750e-01,1.508229388969538065e-01
8.760946614965898771e-01,4.613752951076715569e-01,1.399677861562599046e-01
8.730964943558692237e-01,4.701288815762372786e-01,1.291562861473179447e-01
8.699444274917058628e-01,4.787268151285718476e-01,1.183948037414747634e-01
8.666438755429287655e-01,4.871666756010546440e-01,1.076894756591805086e-01
8.632003939055004071e-01,4.954463799339262620e-01,9.704619813138762319e-02
8.596196555682457108e-01,5.035641769305108095e-01,8.647061624059275420e-02
8.559074283133354388e-01,5.115186405896264832e-01,7.596811493905343549e-02
8.520695524304385815e-01,5.193086621321608698e-01,6.554381172541835776e-02
8.481119190795879392e-01,5.269334408482647669e-01,5.520255094600868412e-02
8.440404494231322774e-01,5.343924738951192355e-01,4.494889967342124287e-02
8.398610746320060993e-01,5.416855451768560759e-01,3.478714510310084579e-02
8.355797168561797106e-01,5.488127134380825778e-01,2.472129339811182658e-02
8.312022712338427155e-01,5.557742997007351082e-01,1.475506990355933759e-02
8.267345889988462204e-01,5.625708741708125293e-01,4.891920644963587000e-03
8.342853178746716392e-01,4.878861508039015332e-03,5.513113504084087291e-01
8.386888601343435168e-01,1.471383965147971158e-02,5.444120671047493198e-01
8.429989275057401255e-01,2.464909144753625950e-02,5.373501935562904341e-01
8.472097169383904225e-01,3.468109952379375832e-02,5.301253784351331877e-01
8.513153932171848570e-01,4.480607332722025271e-02,5.227375221509029668e-01
8.553101061303995944e-01,5.501994834756956249e-02,5.151867890726968824e-01
8.591880086645268255e-01,6.531838662361899583e-02,5.074736191527322582e-01
8.629432761592381596e-01,7.569677861045949474e-02,4.995987388290326070e-01
8.665701263412408650e-01,8.615024647836898308e-02,4.915631710824582834e-01
8.700628401410972490e-01,9.667364890456635329e-02,4.833682445228317803e-01
8.734157831824885809e-01,1.072615874083757831e-01,4.750156013799499144e-01
8.766234278191898932e-01,1.179084142680781738e-01,4.665072042780484263e-01
8.796803755814410763e-01,1.286082420440703422e-01,4.578453416768903939e-01
8.825813798807469190e-01,1.393549547180126802e-01,4.490326318691519325e-01
8.853213688107020030e-01,1.501422204415810424e-01,4.400720254322202929e-01
8.878954678715058613e-01,1.609635058714425637e-01,4.309668060428946124e-01
8.902990224376868822e-01,1.718120920493781678e-01,4.217205895757464296e-01
8.925276197824559832e-01,1.826810917683389379e-01,4.123373214199650416e-01
8.945771104682915809e-01,1.935634683469402706e-01,4.028212719652540796e-01
8.964436289120290002e-01,2.044520557167785468e-01,3.931770302245741200e-01
8.981236129340324226e-01,2.153395797093294040e-01,3.834094955800255167e-01
8.996138221050918871e-01,2.262186804123915429e-01,3.735238676576697614e-01
9.009113547115574772e-01,2.370819354504098697e-01,3.635256343572951243e-01
9.020136631688930873e-01,2.479218840288770209e-01,3.534205580837183058e-01
9.029185677262352439e-01,2.587310515706756076e-01,3.432146602468145735e-01
9.036242683195567782e-01,2.695019747619730732e-01,3.329142041177314271e-01
9.044328129710510478e-01,2.908994427684667428e-01,3.120557658789006594e-01
9.045340337332908875e-01,3.015113445777636292e-01,3.015113445777636292e-01
9.044328129710510478e-01,3.120557658789006594e-01,2.908994427684667428e-01
9.041293544484407807e-01,3.225256761482742096e-01,2.802272268173530145e-01
9.036242683195567782e-01,3.329142041177314271e-01,2.695019747619730732e-01
9.029185677262352439e-01,3.432146602468145735e-01,2.587310515706756076e-01
9.020136631688930873e-01,3.534205580837183058e-01,2.479218840288770209e-01
9.009113547115574772e-01,3.635256343572951243e-01,2.370819354504098697e-01
8.996138221050918871e-01,3.735238676576697614e-01,2.262186804123915429e-01
8.981236129340324226e-01,3.834094955800255167e-01,2.153395797093294040e-01
8.964436289120290002e-01,3.931770302245741200e-01,2.044520557167785468e-01
8.945771104682915809e-01,4.028212719652540796e-01,1.935634683469402706e-01
8.925276197824559832e-01,4.123373214199650416e-01,1.826810917683389379e-01
8.902990224376868822e-01,4.217205895757464296e-01,1.718120920493781678e-01
8.878954678715058613e-01,4.309668060428946124e-01,1.609635058714425637e-01
8.853213688107020030e-01,4.400720254322202929e-01,1.501422204415810424e-01
8.825813798807469190e-01,4.490326318691519325e-01,1.393549547180126802e-01
8.796803755814410763e-01,4.578453416768903939e-01,1.286082420440703422e-01
8.766234278191898932e-01,4.665072042780484263e-01,1.179084142680781738e-01
8.734157831824885809e-01,4.750156013799499144e-01,1.072615874083757831e-01
8.700628401410972490e-01,4.833682445228317803e-01,9.667364890456635329e-02
8.665701263412408650e-01,4.915631710824582834e-01,8.615024647836898308e-02
8.629432761592381596e-01,4.995987388290326070e-01,7.569677861045949474e-02
8.591880086645268255e-01,5.074736191527322582e-01,6.531838662361899583e-02
8.553101061303995944e-01,5.151867890726968824e-01,5.501994834756956249e-02
8.513153932171848570e-01,5.227375221509029668e-01,4.480607332722025271e-02
8.472097169383904225e-01,5.301253784351331877e-01,3.468109952379375832e-02
8.429989275057401255e-01,5.373501935562904341e-01,2.464909144753625950e-02
8.386888601343435168e-01,5.444120671047493198e-01,1.471383965147971158e-02
8.342853178746716392e-01,5.513113504084087291e-01,4.878861508039015332e-03
8.416424016540269282e-01,4.864984980659114826e-03,5.400133328531617760e-01
8.459784133394553374e-01,1.467014589605991973e-02,5.330153008901770129e-01
8.502178093915208068e-01,2.457276905755840721e-02,5.258572578317498580e-01
8.543548447890809694e-01,3.456927117643680131e-02,5.185390676465519988e-01
8.583837540367474928e-01,4.465580223312559660e-02,5.110608477791039883e-01
8.622987685436498406e-01,5.482824539872917929e-02,5.034229804792406116e-01
8.660941349546087409e-01,6.508221823358331659e-02,4.956261234711344388e-01
8.697641343605245767e-01,7.541307523357149156e-02,4.876712198437623269e-01
8.733031023007635785e-01,8.581591178678023291e-02,4.795595070437719265e-01
8.767054494563431000e-01,9.628556959347120414e-02,4.712925248522538135e-01
8.799656829189733687e-01,1.068166435913204676e-01,4.628721222290553827e-01
8.830784279077982246e-01,1.174034904154876158e-01,4.543004629121042415e-01
8.860384497932211056e-01,1.280402384094250223e-01,4.455800296647990377e-01
8.888406762758128687e-01,1.387207991875546165e-01,4.367136270719311764e-01
8.914802195582159916e-01,1.494388807351922921e-01,4.277043827938261655e-01
8.939523983394842555e-01,1.601880020145896588e-01,4.185557471994116874e-01
8.962527594546537690e-01,1.709615090289223760e-01,4.092714913116626829e-01
8.983770989777889460e-01,1.817525922787434356e-01,3.998557030132355306e-01
9.003214826044685370e-01,1.925543055281233318e-01,3.903127814759256853e-01
9.020822651298503470e-01,2.033595857807177221e-01,3.806474297946767504e-01
9.036561088412055076e-01,2.141612743496498772e-01,3.708646458250034472e-01
9.050400006492071991e-01,2.249521388896873475e-01,3.609697112415913289e-01
9.062312677903205937e-01,2.357248962460371244e-01,3.509681788552108661e-01
9.072275919433406832e-01,2.464722359614856251e-01,3.408658582446078000e-01
9.080270216163470742e-01,2.571868442728382220e-01,3.306687997793634204e-01
9.086279826759509071e-01,2.678614284189219652e-01,3.203832771285144987e-01
9.090292869084740657e-01,2.784887410760065185e-01,3.100157683676298959e-01
9.092301385223614529e-01,2.890616047325426652e-01,2.995729358137260157e-01
9.092301385223614529e-01,2.995729358137260157e-01,2.890616047325426652e-01
9.090292869084740657e-01,3.100157683676298959e-01,2.784887410760065185e-01
9.086279826759509071e-01,3.203832771285144987e-01,2.678614284189219652e-01
9.080270216163470742e-01,3.306687997793634204e-01,2.571868442728382220e-01
9.072275919433406832e-01,3.408658582446078000e-01,2.464722359614856251e-01
9.062312677903205937e-01,3.509681788552108661e-01,2.357248962460371244e-01
9.050400006492071991e-01,3.609697112415913289e-01,2.249521388896873475e-01
9.036561088412055076e-01,3.708646458250034472e-01,2.141612743496498772e-01
9.003214826044685370e-01,3.903127814759256853e-01,1.925543055281233318e-01
8.983770989777889460e-01,3.998557030132355306e-01,1.817525922787434356e-01
8.962527594546537690e-01,4.092714913116626829e-01,1.709615090289223760e-01
8.939523983394842555e-01,4.185557471994116874e-01,1.601880020145896588e-01
8.914802195582159916e-01,4.277043827938261655e-01,1.494388807351922921e-01
8.888406762758128687e-01,4.367136270719311764e-01,1.387207991875546165e-01
8.860384497932211056e-01,4.455800296647990377e-01,1.280402384094250223e-01
8.830784279077982246e-01,4.543004629121042415e-01,1.174034904154876158e-01
8.799656829189733687e-01,4.628721222290553827e-01,1.068166435913204676e-01
8.767054494563431000e-01,4.712925248522538135e-01,9.628556959347120414e-02
8.733031023007635785e-01,4.795595070437719265e-01,8.581591178678023291e-02
8.697641343605245767e-01,4.876712198437623269e-01,7.541307523357149156e-02
8.660941349546087409e-01,4.956261234711344388e-01,6.508221823358331659e-02
8.622987685436498406e-01,5.034229804792406116e-01,5.482824539872917929e-02
8.583837540367474928e-01,5.110608477791039883e-01,4.465580223312559660e-02
8.543548447890809694e-01,5.185390676465519988e-01,3.456927117643680131e-02
8.502178093915208068e-01,5.258572578317498580e-01,2.457276905755840721e-02
8.459784133394553374e-01,5.330153008901770129e-01,1.467014589605991973e-02
8.416424016540269282e-01,5.400133328531617760e-01,4.864984980659114826e-03
8.488047889343750541e-01,4.850313079625000363e-03,5.286841256791250387e-01
8.530700653895054719e-01,1.462405826382009479e-02,5.215914114095833165e-01
8.572356906907931950e-01,2.449244830545123375e-02,5.143414144144758948e-01
8.612959873365257923e-01,3.445183949346103391e-02,5.069342096894980942e-01
8.652452689339139580e-01,4.449832811660128784e-02,4.993701266418589246e-01
8.690778577238650326e-01,5.462775105692866534e-02,4.916497595123579534e-01
8.727881029814836822e-01,6.483568765005306989e-02,4.837739770811652074e-01
8.763704002132352011e-01,7.511746287542016287e-02,4.757439315443277028e-01
8.798192110583340497e-01,8.546815193138102007e-02,4.675610664481432699e-01
8.831290837886940359e-01,9.588258623991535723e-02,4.592271235701209098e-01
8.862946742889568075e-01,1.063553609146748180e-01,4.507441486383837459e-01
8.893107673859345086e-01,1.168808437135799710e-01,4.421144957861503078e-01
8.921722983855180367e-01,1.274531854836454259e-01,4.333408306443944924e-01
8.948743746649732156e-01,1.380663320911672820e-01,4.244261319839587321e-01
8.974122971598375020e-01,1.487140378150587916e-01,4.153736918282676660e-01
8.997815815775646042e-01,1.593898801651685848e-01,4.061871139693005728e-01
9.019779791648948608e-01,1.700872760710944454e-01,3.968703108325537521e-01
9.039974968528456944e-01,1.807994993705691333e-01,3.874274986512195595e-01
9.058364166023917807e-01,1.915196995102199651e-01,3.778631909255691368e-01
9.074913137754784254e-01,2.022409213556780605e-01,3.681821901603369862e-01
9.089590743600731715e-01,2.129561259929314276e-01,3.583895778905430984e-01
9.102369108845450585e-01,2.236582123887739249e-01,3.484907030243686865e-01
9.113223768657671142e-01,2.343400397654829825e-01,3.384911685501420520e-01
9.122133796468855360e-01,2.449944505337349476e-01,3.283968166728787885e-01
9.129081914945844645e-01,2.556142936184836456e-01,3.182137124638265702e-01
9.134054588416946618e-01,2.661924480052939024e-01,3.079481261237713707e-01
9.137042095789508211e-01,2.767218463296250985e-01,2.976065139771439938e-01
9.138038583192835684e-01,2.871954983289177199e-01,2.871954983289177199e-01
9.137042095789508211e-01,2.976065139771439938e-01,2.767218463296250985e-01
9.134054588416946618e-01,3.079481261237713707e-01,2.661924480052939024e-01
9.129081914945844645e-01,3.182137124638265702e-01,2.556142936184836456e-01
9.122133796468855360e-01,3.283968166728787885e-01,2.449944505337349476e-01
9.113223768657671142e-01,3.384911685501420520e-01,2.343400397654829825e-01
9.102369108845450585e-01,3.484907030243686865e-01,2.236582123887739249e-01
9.089590743600731715e-01,3.583895778905430984e-01,2.129561259929314276e-01
9.074913137754784254e-01,3.681821901603369862e-01,2.022409213556780605e-01
9.058364166023917807e-01,3.778631909255691368e-01,1.915196995102199651e-01
9.039974968528456944e-01,3.874274986512195595e-01,1.807994993705691333e-01
9.019779791648948608e-01,3.968703108325537521e-01,1.700872760710944454e-01
8.997815815775646042e-01,4.061871139693005728e-01,1.593898801651685848e-01
8.974122971598375020e-01,4.153736918282676660e-01,1.487140378150587916e-01
8.948743746649732156e-01,4.244261319839587321e-01,1.380663320911672820e-01
8.921722983855180367e-01,4.333408306443944924e-01,1.274531854836454259e-01
8.893107673859345086e-01,4.421144957861503078e-01,1.168808437135799710e-01
8.862946742889568075e-01,4.507441486383837459e-01,1.063553609146748180e-01
8.831290837886940359e-01,4.592271235701209098e-01,9.588258623991535723e-02
8.763704002132352011e-01,4.757439315443277028e-01,7.511746287542016287e-02
8.727881029814836822e-01,4.837739770811652074e-01,6.483568765005306989e-02
8.690778577238650326e-01,4.916497595123579534e-01,5.462775105692866534e-02
8.652452689339139580e-01,4.993701266418589246e-01,4.449832811660128784e-02
8.612959873365257923e-01,5.069342096894980942e-01,3.445183949346103391e-02
8.572356906907931950e-01,5.143414144144758948e-01,2.449244830545123375e-02
8.530700653895054719e-01,5.215914114095833165e-01,1.462405826382009479e-02
8.488047889343750541e-01,5.286841256791250387e-01,4.850313079625000363e-03
8.557717625713824328e-01,4.834868715092556328e-03,5.173309525149034638e-01
8.599632899116980145e-01,1.457564898155420258e-02,5.101477143543970971e-01
8.640522428580946768e-01,2.440825544796877689e-02,5.028100622281568288e-01
8.680330205166066904e-01,3.432898951195619691e-02,4.953182772439394532e-01
8.719000245226581347e-01,4.433389955199956711e-02,4.876728950719952382e-01
8.756476766477152562e-01,5.441878216454727746e-02,4.798747154510077939e-01
8.792704372033400828e-01,6.457918465335266145e-02,4.719248109283463721e-01
8.827628241584148938e-01,7.481040882698430927e-02,4.638245347273027286e-01
8.861194328726342828e-01,8.510751615160894179e-02,4.555755276350831884e-01
8.893349563369663535e-01,9.546533429605853771e-02,4.471797238078531467e-01
8.924042057999268529e-01,1.058784650949065737e-01,4.386393553931843825e-01
8.953221316474030411e-01,1.163412939428828813e-01,4.299569558758715160e-01
8.980838443936617344e-01,1.268480006205736921e-01,4.211353620603046632e-01
9.006846356323251479e-01,1.373925715371343559e-01,4.121777146114030121e-01
9.031199987887139624e-01,1.479688133608627332e-01,4.030874570864881323e-01
9.053856495092970080e-01,1.585703679931537158e-01,3.938683334023495575e-01
9.074775455202037655e-01,1.691907288258006903e-01,3.845243836950015814e-01
9.093919057850802234e-01,1.798232582060892981e-01,3.750599385441291123e-01
9.111252287930883265e-01,1.904612060188941858e-01,3.654796115497699338e-01
9.126743098107157337e-01,2.010977292803271810e-01,3.557882902651942625e-01
9.140362569362916467e-01,2.117259126236607780e-01,3.459911255069578750e-01
9.152085058037469079e-01,2.223387895455430363e-01,3.360935190804720252e-01
9.161888327921333675e-01,2.329293642691864508e-01,3.261011099768610366e-01
9.169753666096746025e-01,2.434906340714955153e-01,3.160197591140686546e-01
9.175665981354816925e-01,2.540156119132124246e-01,3.058555327118272493e-01
9.179613884183620565e-01,2.644973492052907771e-01,2.956146844059132084e-01
9.181589747501185395e-01,2.749289585409959158e-01,2.853036362217882260e-01
9.181589747501185395e-01,2.853036362217882260e-01,2.749289585409959158e-01
9.179613884183620565e-01,2.956146844059132084e-01,2.644973492052907771e-01
9.175665981354816925e-01,3.058555327118272493e-01,2.540156119132124246e-01
9.169753666096746025e-01,3.160197591140686546e-01,2.434906340714955153e-01
9.161888327921333675e-01,3.261011099768610366e-01,2.329293642691864508e-01
9.152085058037469079e-01,3.360935190804720252e-01,2.223387895455430363e-01
9.140362569362916467e-01,3.459911255069578750e-01,2.117259126236607780e-01
9.126743098107157337e-01,3.557882902651942625e-01,2.010977292803271810e-01
9.111252287930883265e-01,3.654796115497699338e-01,1.904612060188941858e-01
9.093919057850802234e-01,3.750599385441291123e-01,1.798232582060892981e-01
9.074775455202037655e-01,3.845243836950015814e-01,1.691907288258006903e-01
9.053856495092970080e-01,3.938683334023495575e-01,1.585703679931537158e-01
9.031199987887139624e-01,4.030874570864881323e-01,1.479688133608627332e-01
9.006846356323251479e-01,4.121777146114030121e-01,1.373925715371343559e-01
8.980838443936617344e-01,4.211353620603046632e-01,1.268480006205736921e-01
8.953221316474030411e-01,4.299569558758715160e-01,1.163412939428828813e-01
8.924042057999268529e-01,4.386393553931843825e-01,1.058784650949065737e-01
8.893349563369663535e-01,4.471797238078531467e-01,9.546533429605853771e-02
8.861194328726342828e-01,4.555755276350831884e-01,8.510751615160894179e-02
8.827628241584148938e-01,4.638245347273027286e-01,7.481040882698430927e-02
8.792704372033400828e-01,4.719248109283463721e-01,6.457918465335266145e-02
8.756476766477152562e-01,4.798747154510077939e-01,5.441878216454727746e-02
8.719000245226581347e-01,4.876728950719952382e-01,4.433389955199956711e-02
8.680330205166066904e-01,4.953182772439394532e-01,3.432898951195619691e-02
8.640522428580946768e-01,5.028100622281568288e-01,2.440825544796877689e-02
8.599632899116980145e-01,5.101477143543970971e-01,1.457564898155420258e-02
8.557717625713824328e-01,5.173309525149034638e-01,4.834868715092556328e-03
8.625429321198594401e-01,4.818675598434968808e-03,5.059609378356717535e-01
8.666578910069066000e-01,1.452499258670793270e-02,4.986914121436389902e-01
8.706674709314293770e-01,2.432032041707903394e-02,4.912704724249964960e-01
8.783484450640998142e-01,4.416277098087652980e-02,4.759765316827803683e-01
8.820088668198898807e-01,5.420166220680887326e-02,4.681052645133493839e-01
8.855420006776330011e-01,6.431310619446496679e-02,4.600860673911724152e-01
8.889424944718391508e-01,7.449238780490272105e-02,4.519204860164098281e-01
8.922050842156838968e-01,8.473456107076327015e-02,4.436103491351724437e-01
8.953246140195411096e-01,9.503445623671107068e-02,4.351577732944138521e-01
8.982960563032322820e-01,1.053866881696529506e-01,4.265651664009761923e-01
9.011145321690053889e-01,1.157856661446207969e-01,4.178352300001533237e-01
9.037753317933454600e-01,1.262256049990705953e-01,4.089709601969886976e-01
9.062739346881195646e-01,1.367005376345208356e-01,3.999756471528572721e-01
9.086060296754914223e-01,1.472043288301075614e-01,3.908528731006303825e-01
9.107675344167041054e-01,1.577306903179766795e-01,3.816065088338145839e-01
9.127546143323926886e-01,1.682731970556925194e-01,3.722407086383500707e-01
9.145637007517081196e-01,1.788253046162557869e-01,3.627599036501188423e-01
9.161915081293096064e-01,1.893803676021477977e-01,3.531687936364377722e-01
9.176350501733040455e-01,1.999316589763064644e-01,3.434723372157059695e-01
9.188916547334901042e-01,2.104723901903524652e-01,3.336757405456807768e-01
9.199589773077987420e-01,2.209957319789684071e-01,3.237844445273257987e-01
9.208350130355436036e-01,2.314948356793266049e-01,3.138041105875316039e-01
9.215181070588794876e-01,2.419628549260744999e-01,3.037406051199658674e-01
9.220069631485721118e-01,2.523929675658102556e-01,2.935999826785956057e-01
9.223006505065839411e-01,2.627783976303674773e-01,2.833884680327492522e-01
9.223986086758420022e-01,2.731124372056962235e-01,2.731124372056962235e-01
9.223006505065839411e-01,2.833884680327492522e-01,2.627783976303674773e-01
9.220069631485721118e-01,2.935999826785956057e-01,2.523929675658102556e-01
9.215181070588794876e-01,3.037406051199658674e-01,2.419628549260744999e-01
9.208350130355436036e-01,3.138041105875316039e-01,2.314948356793266049e-01
9.199589773077987420e-01,3.237844445273257987e-01,2.209957319789684071e-01
9.188916547334901042e-01,3.336757405456807768e-01,2.104723901903524652e-01
9.176350501733040455e-01,3.434723372157059695e-01,1.999316589763064644e-01
9.161915081293096064e-01,3.531687936364377722e-01,1.893803676021477977e-01
9.145637007517081196e-01,3.627599036501188423e-01,1.788253046162557869e-01
9.127546143323926886e-01,3.722407086383500707e-01,1.682731970556925194e-01
9.107675344167041054e-01,3.816065088338145839e-01,1.577306903179766795e-01
9.086060296754914223e-01,3.908528731006303825e-01,1.472043288301075614e-01
9.062739346881195646e-01,3.999756471528572721e-01,1.367005376345208356e-01
9.037753317933454600e-01,4.089709601969886976e-01,1.262256049990705953e-01
9.011145321690053889e-01,4.178352300001533237e-01,1.157856661446207969e-01
8.982960563032322820e-01,4.265651664009761923e-01,1.053866881696529506e-01
8.953246140195411096e-01,4.351577732944138521e-01,9.503445623671107068e-02
8.922050842156838968e-01,4.436103491351724437e-01,8.473456107076327015e-02
8.889424944718391508e-01,4.519204860164098281e-01,7.449238780490272105e-02
8.855420006776330011e-01,4.600860673911724152e-01,6.431310619446496679e-02
8.820088668198898807e-01,4.681052645133493839e-01,5.420166220680887326e-02
8.783484450640998142e-01,4.759765316827803683e-01,4.416277098087652980e-02
8.745661562525784971e-01,4.836986003855043292e-01,3.420091113836899038e-02
8.706674709314293770e-01,4.912704724249964960e-01,2.432032041707903394e-02
8.666578910069066000e-01,4.986914121436389902e-01,1.452499258670793270e-02
8.625429321198594401e-01,5.059609378356717535e-01,4.818675598434968808e-03
8.691182250584097435e-01,4.801758149493975947e-03,4.945810893978795364e-01
8.731539934373628853e-01,1.447216563708336214e-02,4.872295764484732006e-01
8.770817026635571168e-01,2.422877631667284815e-02,4.797297710701224349e-01
8.808959305155590336e-01,3.406779841772879930e-02,4.720823495028133587e-01
8.845912794472432505e-01,4.398520174047065856e-02,4.642882405938569268e-01
8.881623941709612113e-01,5.397672008773797547e-02,4.563486334690574631e-01
8.916039798791024484e-01,6.403785490844382533e-02,4.482649843591067218e-01
8.949108210116480944e-01,7.416388019433547973e-02,4.400390224863905408e-01
8.980778004661924552e-01,8.434984866257055902e-02,4.316727549202140635e-01
9.010999191363184835e-01,9.459059924635386529e-02,4.231684703126357139e-01
9.039723156543606475e-01,1.048807659046495783e-01,4.145287414326626063e-01
9.066902862056848145e-01,1.152147877498936462e-01,4.057564264235384854e-01
9.092493042738787334e-01,1.255869204798175098e-01,3.968546687162233244e-01
9.116450401698809047e-01,1.359912490861148182e-01,3.878268955418830433e-01
9.138733801932710232e-01,1.464217017989218883e-01,3.786768149972117858e-01
9.159304452708846300e-01,1.568720652121404768e-01,3.694084116285888397e-01
9.178126089167242263e-01,1.673360005207287227e-01,3.600259405142951508e-01
9.210390906748635587e-01,1.882787091434804105e-01,3.409371219625185745e-01
9.223775678070690320e-01,1.987443378147828177e-01,3.312405630246380572e-01
9.235294902867640099e-01,2.091972878550128201e-01,3.214494910942879979e-01
9.244927295674294498e-01,2.196308694552456531e-01,3.115693729481391894e-01
9.252654948290733872e-01,2.300383826923110553e-01,3.016058795299189632e-01
9.258463421535748639e-01,2.404131385702653056e-01,2.915648701809600563e-01
9.262341819787924813e-01,2.507484802042034833e-01,2.814523757394120640e-01
9.264282847564526691e-01,2.610378039921496529e-01,2.712745806192927711e-01
9.264282847564526691e-01,2.712745806192927711e-01,2.610378039921496529e-01
9.262341819787924813e-01,2.814523757394120640e-01,2.507484802042034833e-01
9.258463421535748639e-01,2.915648701809600563e-01,2.404131385702653056e-01
9.252654948290733872e-01,3.016058795299189632e-01,2.300383826923110553e-01
9.244927295674294498e-01,3.115693729481391894e-01,2.196308694552456531e-01
9.235294902867640099e-01,3.214494910942879979e-01,2.091972878550128201e-01
9.223775678070690320e-01,3.312405630246380572e-01,1.987443378147828177e-01
9.210390906748635587e-01,3.409371219625185745e-01,1.882787091434804105e-01
9.195165143579782097e-01,3.505339198381243193e-01,1.778070607874543685e-01
9.178126089167242263e-01,3.600259405142951508e-01,1.673360005207287227e-01
9.159304452708846300e-01,3.694084116285888397e-01,1.568720652121404768e-01
9.138733801932710232e-01,3.786768149972117858e-01,1.464217017989218883e-01
9.116450401698809047e-01,3.878268955418830433e-01,1.359912490861148182e-01
9.092493042738787334e-01,3.968546687162233244e-01,1.255869204798175098e-01
9.066902862056848145e-01,4.057564264235384854e-01,1.152147877498936462e-01
9.039723156543606475e-01,4.145287414326626063e-01,1.048807659046495783e-01
9.010999191363184835e-01,4.231684703126357139e-01,9.459059924635386529e-02
8.980778004661924552e-01,4.316727549202140635e-01,8.434984866257055902e-02
8.949108210116480944e-01,4.400390224863905408e-01,7.416388019433547973e-02
8.916039798791024484e-01,4.482649843591067218e-01,6.403785490844382533e-02
8.881623941709612113e-01,4.563486334690574631e-01,5.397672008773797547e-02
8.845912794472432505e-01,4.642882405938569268e-01,4.398520174047065856e-02
8.808959305155590336e-01,4.720823495028133587e-01,3.406779841772879930e-02
8.770817026635571168e-01,4.797297710701224349e-01,2.422877631667284815e-02
8.731539934373628853e-01,4.872295764484732006e-01,1.447216563708336214e-02
8.691182250584097435e-01,4.945810893978795364e-01,4.801758149493975947e-03
8.754978769058442412e-01,4.784141403857072351e-03,4.831982817895643101e-01
8.794520317318229585e-01,1.441724642183316377e-02,4.757691319204944147e-01
8.832955766033750988e-01,2.413375892358948435e-02,4.681949231176359971e-01
8.870231903747891611e-01,3.392984881215040799e-02,4.604765195934698019e-01
8.906295872063386687e-01,4.380145510850845525e-02,4.526150361212540885e-01
8.941095340459321861e-01,5.374428893172270016e-02,4.446118447987968958e-01
8.974578686697121110e-01,6.375383766506151351e-02,4.364685809377288339e-01
9.006695181861955612e-01,7.382537034313078894e-02,4.281871479901585564e-01
9.037395178982763344e-01,8.395394428563222877e-02,4.197697214281611577e-01
9.066630304077510916e-01,9.413441299315448985e-02,4.112187514964116830e-01
9.094353648382078603e-01,1.043614353093025443e-01,4.025369647644526649e-01
9.120519960443114194e-01,1.146294858416347651e-01,3.937273644125716121e-01
9.145085836689426095e-01,1.249328666214402500e-01,3.847932291940359684e-01
9.168009909044735339e-01,1.352657199695124768e-01,3.757381110264235713e-01
9.189253028108678167e-01,1.456220425219408032e-01,3.665658311759199539e-01
9.208778440414344679e-01,1.559957003567457312e-01,3.572804750106111649e-01
9.226551958270430287e-01,1.663804451491389114e-01,3.478863853118359106e-01
9.242542120715491194e-01,1.767699312705148518e-01,3.383881541464141551e-01
9.256720344151115887e-01,1.871577337342028857e-01,3.287906133168429501e-01
9.269061061280504665e-01,1.975373668797484605e-01,3.190988234211321051e-01
9.279541847058593307e-01,2.079023036772690292e-01,3.093180615686197954e-01
9.288143530458984332e-01,2.182459955244460681e-01,2.994538078126120495e-01
9.294850290980432028e-01,2.285618924011581787e-01,2.895117303748003246e-01
9.299649738950058753e-01,2.388434632407938629e-01,2.794976697498651186e-01
9.302532978829886057e-01,2.490842163730406511e-01,2.694176217912480631e-01
9.303494654895705374e-01,2.592777198905360514e-01,2.592777198905360514e-01
9.302532978829886057e-01,2.694176217912480631e-01,2.490842163730406511e-01
9.299649738950058753e-01,2.794976697498651186e-01,2.388434632407938629e-01
9.294850290980432028e-01,2.895117303748003246e-01,2.285618924011581787e-01
9.288143530458984332e-01,2.994538078126120495e-01,2.182459955244460681e-01
9.279541847058593307e-01,3.093180615686197954e-01,2.079023036772690292e-01
9.256720344151115887e-01,3.287906133168429501e-01,1.871577337342028857e-01
9.242542120715491194e-01,3.383881541464141551e-01,1.767699312705148518e-01
9.226551958270430287e-01,3.478863853118359106e-01,1.663804451491389114e-01
9.208778440414344679e-01,3.572804750106111649e-01,1.559957003567457312e-01
9.189253028108678167e-01,3.665658311759199539e-01,1.456220425219408032e-01
9.168009909044735339e-01,3.757381110264235713e-01,1.352657199695124768e-01
9.145085836689426095e-01,3.847932291940359684e-01,1.249328666214402500e-01
9.120519960443114194e-01,3.937273644125716121e-01,1.146294858416347651e-01
9.094353648382078603e-01,4.025369647644526649e-01,1.043614353093025443e-01
9.066630304077510916e-01,4.112187514964116830e-01,9.413441299315448985e-02
9.037395178982763344e-01,4.197697214281611577e-01,8.395394428563222877e-02
9.006695181861955612e-01,4.281871479901585564e-01,7.382537034313078894e-02
8.974578686697121110e-01,4.364685809377288339e-01,6.375383766506151351e-02
8.941095340459321861e-01,4.446118447987968958e-01,5.374428893172270016e-02
8.906295872063386687e-01,4.526150361212540885e-01,4.380145510850845525e-02
8.870231903747891611e-01,4.604765195934698019e-01,3.392984881215040799e-02
8.832955766033750988e-01,4.681949231176359971e-01,2.413375892358948435e-02
8.794520317318229585e-01,4.757691319204944147e-01,1.441724642183316377e-02
8.754978769058442412e-01,4.831982817895643101e-01,4.784141403857072351e-03
8.816824203419384443e-01,4.765850920767234454e-03,4.718192411559562482e-01
8.855527383285556331e-01,1.436031467559819967e-02,4.643168411776751325e-01
8.893100292552797992e-01,2.403540619608864407e-02,4.566727177256842407e-01
8.929490801728109384e-01,3.378726249302527879e-02,4.488879159787644291e-01
8.964647237168954508e-01,4.361179737001112666e-02,4.409637289634458779e-01
8.998518554319242524e-01,5.350470491757387120e-02,4.329017034240068007e-01
9.031054515748446754e-01,6.346146416471881713e-02,4.247036447946567206e-01
9.062205873016956348e-01,7.347734491635370124e-02,4.163716211926709598e-01
9.091924551296610701e-01,8.354741479569857687e-02,4.079079663554695534e-01
9.120163835588416257e-01,9.366654750063778401e-02,3.993152814500874337e-01
9.146878557301375556e-01,1.038294322720696716e-01,3.905964356901668877e-01
9.172025279889177707e-01,1.140305845607843677e-01,3.817545657034954742e-01
9.195562482186983022e-01,1.242643578673916643e-01,3.727930736021750069e-01
9.217450738050254611e-01,1.345249567174902072e-01,3.637156237176586981e-01
9.237652890873104816e-01,1.448064507217945995e-01,3.545261379740488605e-01
9.256134221556204800e-01,1.551027896585093768e-01,3.452287898850692205e-01
9.272862608504955917e-01,1.654078195030613818e-01,3.358279971728821978e-01
9.287808678267892581e-01,1.757152993185817635e-01,3.263284130202232514e-01
9.300945945473817478e-01,1.860189189094763607e-01,3.167349159810002868e-01
9.312250940793581622e-01,1.963123171302430803e-01,3.070525985883288955e-01
9.321703325738626145e-01,2.065891007325857676e-01,2.972867547127453491e-01
9.329285993212329542e-01,2.168428636260163189e-01,2.874428657368123252e-01
9.334985152850888701e-01,2.270672064206972762e-01,2.775265856252966956e-01
9.338790400326084651e-01,2.372557561163924356e-01,2.675437249823148789e-01
9.340694769931223718e-01,2.474021857981783534e-01,2.575002341981039722e-01
9.340694769931223718e-01,2.575002341981039722e-01,2.474021857981783534e-01
9.338790400326084651e-01,2.675437249823148789e-01,2.372557561163924356e-01
9.334985152850888701e-01,2.775265856252966956e-01,2.270672064206972762e-01
9.329285993212329542e-01,2.874428657368123252e-01,2.168428636260163189e-01
9.321703325738626145e-01,2.972867547127453491e-01,2.065891007325857676e-01
9.312250940793581622e-01,3.070525985883288955e-01,1.963123171302430803e-01
9.300945945473817478e-01,3.167349159810002868e-01,1.860189189094763607e-01
9.287808678267892581e-01,3.263284130202232514e-01,1.757152993185817635e-01
9.272862608504955917e-01,3.358279971728821978e-01,1.654078195030613818e-01
9.256134221556204800e-01,3.452287898850692205e-01,1.551027896585093768e-01
9.237652890873104816e-01,3.545261379740488605e-01,1.448064507217945995e-01
9.217450738050254611e-01,3.637156237176586981e-01,1.345249567174902072e-01
9.195562482186983022e-01,3.727930736021750069e-01,1.242643578673916643e-01
9.172025279889177707e-01,3.817545657034954742e-01,1.140305845607843677e-01
9.146878557301375556e-01,3.905964356901668877e-01,1.038294322720696716e-01
9.120163835588416257e-01,3.993152814500874337e-01,9.366654750063778401e-02
9.091924551296610701e-01,4.079079663554695534e-01,8.354741479569857687e-02
9.062205873016956348e-01,4.163716211926709598e-01,7.347734491635370124e-02
9.031054515748446754e-01,4.247036447946567206e-01,6.346146416471881713e-02
8.998518554319242524e-01,4.329017034240068007e-01,5.350470491757387120e-02
8.964647237168954508e-01,4.409637289634458779e-01,4.361179737001112666e-02
8.893100292552797992e-01,4.566727177256842407e-01,2.403540619608864407e-02
8.855527383285556331e-01,4.643168411776751325e-01,1.436031467559819967e-02
8.816824203419384443e-01,4.718192411559562482e-01,4.765850920767234454e-03
8.876726734480802072e-01,4.746912692235722570e-03,4.604505311468651274e-01
8.914571308786253256e-01,1.430145129751805334e-02,4.528792910880716782e-01
8.951262814456211192e-01,2.393385779266366670e-02,4.451697549435441603e-01
8.986750269609338204e-01,3.364024165094404994e-02,4.373231414622726354e-01
9.020983247115296200e-01,4.341649691125008814e-02,4.293409139001397312e-01
9.053912045714610501e-01,5.325830615126241757e-02,4.212247850145300343e-01
9.085487865168786481e-01,6.316114558673488477e-02,4.129767211440357744e-01
9.115662984447858719e-01,7.312029131910047219e-02,4.045989452990226276e-01
9.144390941877349466e-01,8.313082674433953934e-02,3.960939391936177945e-01
9.171626716089019693e-01,9.318765112603817624e-02,3.874644441556324148e-01
9.197326906551986925e-01,1.032854893249153666e-01,3.787134608580229878e-01
9.221449912404127147e-01,1.134189026659331162e-01,3.698442478236949604e-01
9.243956108259985260e-01,1.235823009125666533e-01,3.608603186646945904e-01
9.264808015642046479e-01,1.337699553060616442e-01,3.517654380270509584e-01
9.283970468668516496e-01,1.439760126157149656e-01,3.425636162235976556e-01
9.301410772633673663e-01,1.541945101345689184e-01,3.332591025489070047e-01
9.317098854137284558e-01,1.644193915435991360e-01,3.238563772828467746e-01
9.331007401457857009e-01,1.746445235566978504e-01,3.143601424020561752e-01
9.343111993920807379e-01,1.848637132487004620e-01,3.047753110316412939e-01
9.353391219086826247e-01,1.950707259595648169e-01,2.951069956824186047e-01
9.361826776676983597e-01,2.052593036597627485e-01,2.853604953318653048e-01
9.368403568258827363e-01,2.154231836551495083e-01,2.755412814193772819e-01
9.373109771840144600e-01,2.255561175041745914e-01,2.656549828382500644e-01
9.375936900653010220e-01,2.356518900164125685e-01,2.557073700178094100e-01
9.376879845557780646e-01,2.457043381991076136e-01,2.457043381991076136e-01
9.375936900653010220e-01,2.557073700178094100e-01,2.356518900164125685e-01
9.373109771840144600e-01,2.656549828382500644e-01,2.255561175041745914e-01
9.368403568258827363e-01,2.755412814193772819e-01,2.154231836551495083e-01
9.361826776676983597e-01,2.853604953318653048e-01,2.052593036597627485e-01
9.353391219086826247e-01,2.951069956824186047e-01,1.950707259595648169e-01
9.343111993920807379e-01,3.047753110316412939e-01,1.848637132487004620e-01
9.331007401457857009e-01,3.143601424020561752e-01,1.746445235566978504e-01
9.317098854137284558e-01,3.238563772828467746e-01,1.644193915435991360e-01
9.301410772633673663e-01,3.332591025489070047e-01,1.541945101345689184e-01
9.283970468668516496e-01,3.425636162235976556e-01,1.439760126157149656e-01
9.264808015642046479e-01,3.517654380270509584e-01,1.337699553060616442e-01
9.243956108259985260e-01,3.608603186646945904e-01,1.235823009125666533e-01
9.221449912404127147e-01,3.698442478236949604e-01,1.134189026659331162e-01
9.197326906551986925e-01,3.787134608580229878e-01,1.032854893249153666e-01
9.171626716089019693e-01,3.874644441556324148e-01,9.318765112603817624e-02
9.144390941877349466e-01,3.960939391936177945e-01,8.313082674433953934e-02
9.115662984447858719e-01,4.045989452990226276e-01,7.312029131910047219e-02
9.085487865168786481e-01,4.129767211440357744e-01,6.316114558673488477e-02
9.053912045714610501e-01,4.212247850145300343e-01,5.325830615126241757e-02
9.020983247115296200e-01,4.293409139001397312e-01,4.341649691125008814e-02
8.986750269609338204e-01,4.373231414622726354e-01,3.364024165094404994e-02
8.951262814456211192e-01,4.451697549435441603e-01,2.393385779266366670e-02
8.914571308786253256e-01,4.528792910880716782e-01,1.430145129751805334e-02
8.876726734480802072e-01,4.604505311468651274e-01,4.746912692235722570e-03
8.934697271848432987e-01,4.727353053888059924e-03,4.490985401193656745e-01
8.971664988325516177e-01,1.424073807670716771e-02,4.414628803779222510e-01
9.007458240250073578e-01,2.382925460383617314e-02,4.336924337898183657e-01
9.042027253289867117e-01,3.348898982699950733e-02,4.257885849432794245e-01
9.075322902543615511e-01,4.321582334544578352e-02,4.177529590059759212e-01
9.107296881042091785e-01,5.300543158278465949e-02,4.095874258669723877e-01
9.137901871524931607e-01,6.285329329620323313e-02,4.012941033526821744e-01
9.167091720491250539e-01,7.275469619437499591e-02,3.928753594496249835e-01
9.194821613445727237e-01,8.270474467120494944e-02,3.843338134720700738e-01
9.221048250193739637e-01,9.269836865274129478e-02,3.756723361190041910e-01
9.245730018981179743e-01,1.027303335442353305e-01,3.668940483722690771e-01
9.268827168228174207e-01,1.127952512535703722e-01,3.580023191961146378e-01
9.290301974572566790e-01,1.228875922562508854e-01,3.490007620077525408e-01
9.310118905919909649e-01,1.330016986559987013e-01,3.398932298986633294e-01
9.344648904486270169e-01,1.532720190682933248e-01,3.213768141754537733e-01
9.359303235360180162e-01,1.634164056967650491e-01,3.119767745120060054e-01
9.372182489055521648e-01,1.735589349825096550e-01,3.024884295409454027e-01
9.383264270472457813e-01,1.836935333372915202e-01,2.929167153216269970e-01
9.392529177837228849e-01,1.938140941458475763e-01,2.832667529823926222e-01
9.399960896075593153e-01,2.039144956291530641e-01,2.735438356000833848e-01
9.405546276021932162e-01,2.139886189782767845e-01,2.637534140895039236e-01
9.409275398716253624e-01,2.240303666361012636e-01,2.539010821875814505e-01
9.411141624176273535e-01,2.340336806012089377e-01,2.439925606267922820e-01
9.411141624176273535e-01,2.439925606267922820e-01,2.340336806012089377e-01
9.409275398716253624e-01,2.539010821875814505e-01,2.240303666361012636e-01
9.405546276021932162e-01,2.637534140895039236e-01,2.139886189782767845e-01
9.399960896075593153e-01,2.735438356000833848e-01,2.039144956291530641e-01
9.392529177837228849e-01,2.832667529823926222e-01,1.938140941458475763e-01
9.383264270472457813e-01,2.929167153216269970e-01,1.836935333372915202e-01
9.372182489055521648e-01,3.024884295409454027e-01,1.735589349825096550e-01
9.359303235360180162e-01,3.119767745120060054e-01,1.634164056967650491e-01
9.344648904486270169e-01,3.213768141754537733e-01,1.532720190682933248e-01
9.328244778192974485e-01,3.306838095973170799e-01,1.431317981839133613e-01
9.310118905919909649e-01,3.398932298986633294e-01,1.330016986559987013e-01
9.290301974572566790e-01,3.490007620077525408e-01,1.228875922562508854e-01
9.268827168228174207e-01,3.580023191961146378e-01,1.127952512535703722e-01
9.245730018981179743e-01,3.668940483722690771e-01,1.027303335442353305e-01
9.221048250193739637e-01,3.756723361190041910e-01,9.269836865274129478e-02
9.194821613445727237e-01,3.843338134720700738e-01,8.270474467120494944e-02
9.167091720491250539e-01,3.928753594496249835e-01,7.275469619437499591e-02
9.137901871524931607e-01,4.012941033526821744e-01,6.285329329620323313e-02
9.107296881042091785e-01,4.095874258669723877e-01,5.300543158278465949e-02
9.075322902543615511e-01,4.177529590059759212e-01,4.321582334544578352e-02
9.042027253289867117e-01,4.257885849432794245e-01,3.348898982699950733e-02
9.007458240250073578e-01,4.336924337898183657e-01,2.382925460383617314e-02
8.971664988325516177e-01,4.414628803779222510e-01,1.424073807670716771e-02
8.934697271848432987e-01,4.490985401193656745e-01,4.727353053888059924e-03
8.990749322235899177e-01,4.707198598029266844e-03,4.377694696167218069e-01
9.026823894325906039e-01,1.417825742564278457e-02,4.300738085778311182e-01
9.061704030334132298e-01,2.372173829930401129e-02,4.222469417276114023e-01
9.095341217605205086e-01,3.333371126871017415e-02,4.142904114825407547e-01
9.127687683087847281e-01,4.301004667423592720e-02,4.062059963677837615e-01
9.158696558750160088e-01,5.274641997185956083e-02,3.979957143331221414e-01
9.188322049538909519e-01,6.253831761466273342e-02,3.896618251375139619e-01
9.216519602878253670e-01,7.238104400166167629e-02,3.812068317420848618e-01
9.243246078635600771e-01,8.226972949570954263e-02,3.726334806570373304e-01
9.268459918423608279e-01,9.219933950264322386e-02,3.639447611946443062e-01
9.292121313058909760e-01,1.021646845938414122e-01,3.551439035881153727e-01
9.314192366961538960e-01,1.121604316440394655e-01,3.462343759446435687e-01
9.334637258255439329e-01,1.221811159457518309e-01,3.372198800102750305e-01
9.353422393320902639e-01,1.322211542511331772e-01,3.281043457342934788e-01
9.370516554555232691e-01,1.422748586817286776e-01,3.188919246314608213e-01
9.385891040118984341e-01,1.523364514364861366e-01,3.095869819515685850e-01
9.399519794482035229e-01,1.624000802187995640e-01,3.001940876771749811e-01
9.411379528636814040e-01,1.724598342943918783e-01,2.907180063819748694e-01
9.421449828914665314e-01,1.825097610836872164e-01,2.811636859937884370e-01
9.429713253425372477e-01,1.925438831851253862e-01,2.715362455174845646e-01
9.436155415238067778e-01,2.025562157197700330e-01,2.618409617840929959e-01
9.440765051533254182e-01,2.125407838826858242e-01,2.520832553027204104e-01
9.443534078078718030e-01,2.224916405830064392e-01,2.422686753014959005e-01
9.444457628515201542e-01,2.324028840524683115e-01,2.324028840524683115e-01
9.443534078078718030e-01,2.422686753014959005e-01,2.224916405830064392e-01
9.440765051533254182e-01,2.520832553027204104e-01,2.125407838826858242e-01
9.436155415238067778e-01,2.618409617840929959e-01,2.025562157197700330e-01
9.429713253425372477e-01,2.715362455174845646e-01,1.925438831851253862e-01
9.421449828914665314e-01,2.811636859937884370e-01,1.825097610836872164e-01
9.411379528636814040e-01,2.907180063819748694e-01,1.724598342943918783e-01
9.399519794482035229e-01,3.001940876771749811e-01,1.624000802187995640e-01
9.385891040118984341e-01,3.095869819515685850e-01,1.523364514364861366e-01
9.353422393320902639e-01,3.281043457342934788e-01,1.322211542511331772e-01
9.334637258255439329e-01,3.372198800102750305e-01,1.221811159457518309e-01
9.314192366961538960e-01,3.462343759446435687e-01,1.121604316440394655e-01
9.292121313058909760e-01,3.551439035881153727e-01,1.021646845938414122e-01
9.268459918423608279e-01,3.639447611946443062e-01,9.219933950264322386e-02
9.243246078635600771e-01,3.726334806570373304e-01,8.226972949570954263e-02
9.216519602878253670e-01,3.812068317420848618e-01,7.238104400166167629e-02
9.188322049538909519e-01,3.896618251375139619e-01,6.253831761466273342e-02
9.158696558750160088e-01,3.979957143331221414e-01,5.274641997185956083e-02
9.127687683087847281e-01,4.062059963677837615e-01,4.301004667423592720e-02
9.095341217605205086e-01,4.142904114825407547e-01,3.333371126871017415e-02
9.061704030334132298e-01,4.222469417276114023e-01,2.372173829930401129e-02
9.026823894325906039e-01,4.300738085778311182e-01,1.417825742564278457e-02
8.990749322235899177e-01,4.377694696167218069e-01,4.707198598029266844e-03
9.044898852479602569e-01,4.686476089367669698e-03,4.264693241324579165e-01
9.080065932307156418e-01,1.411409212275723836e-02,4.187180663084647536e-01
9.114020044519186570e-01,2.361145089253675194e-02,4.108392455301395074e-01
9.146713986404951813e-01,3.317461031338583832e-02,4.028345538053994535e-01
9.178101380282435162e-01,4.279943648836368603e-02,3.947059142815761978e-01
9.208136835398477160e-01,5.248160890641619114e-02,3.864554837654283204e-01
9.236776111667996947e-01,6.221662665890360933e-02,3.780856543117988577e-01
9.263976284251068671e-01,7.199981568070779048e-02,3.695990538276333059e-01
9.289695907907598027e-01,8.182633701265761006e-02,3.609985456440776841e-01
9.313895180019621245e-01,9.169119607273201744e-02,3.522872270162861752e-01
9.336536101132068000e-01,1.015892529138722467e-01,3.434684265183299834e-01
9.357582631835495990e-01,1.115152334363815612e-01,3.345457003091446557e-01
9.377000844799870949e-01,1.214637415129516951e-01,3.255228272547105450e-01
9.394759070767737530e-01,1.314292719744709348e-01,3.164038029015041054e-01
9.410828037328998752e-01,1.414062243950989506e-01,3.071928323065942767e-01
9.425180999328135467e-01,1.513889176057887087e-01,2.978943217404229071e-01
9.437793859798547791e-01,1.613716048566591066e-01,2.885128692891784086e-01
9.448645280377409028e-01,1.713484895405229802e-01,2.790532543945659638e-01
9.457716780227813924e-01,1.813137413826057531e-01,2.695204263795490940e-01
9.464992822582208865e-01,1.912615129951845405e-01,2.599194920190969205e-01
9.470460888121299270e-01,2.011859566906597230e-01,2.502557022249669583e-01
9.474111534514384481e-01,2.110812414425484729e-01,2.405344379229040763e-01
9.475938441569139448e-01,2.209415698811457440e-01,2.307611952091966623e-01
9.475938441569139448e-01,2.307611952091966623e-01,2.209415698811457440e-01
9.474111534514384481e-01,2.405344379229040763e-01,2.110812414425484729e-01
9.470460888121299270e-01,2.502557022249669583e-01,2.011859566906597230e-01
9.464992822582208865e-01,2.599194920190969205e-01,1.912615129951845405e-01
9.457716780227813924e-01,2.695204263795490940e-01,1.813137413826057531e-01
9.448645280377409028e-01,2.790532543945659638e-01,1.713484895405229802e-01
9.437793859798547791e-01,2.885128692891784086e-01,1.613716048566591066e-01
9.425180999328135467e-01,2.978943217404229071e-01,1.513889176057887087e-01
9.410828037328998752e-01,3.071928323065942767e-01,1.414062243950989506e-01
9.394759070767737530e-01,3.164038029015041054e-01,1.314292719744709348e-01
9.377000844799870949e-01,3.255228272547105450e-01,1.214637415129516951e-01
9.357582631835495990e-01,3.345457003091446557e-01,1.115152334363815612e-01
9.336536101132068000e-01,3.434684265183299834e-01,1.015892529138722467e-01
9.313895180019621245e-01,3.522872270162861752e-01,9.169119607273201744e-02
9.289695907907598027e-01,3.609985456440776841e-01,8.182633701265761006e-02
9.263976284251068671e-01,3.695990538276333059e-01,7.199981568070779048e-02
9.236776111667996947e-01,3.780856543117988577e-01,6.221662665890360933e-02
9.208136835398477160e-01,3.864554837654283204e-01,5.248160890641619114e-02
9.178101380282435162e-01,3.947059142815761978e-01,4.279943648836368603e-02
9.146713986404951813e-01,4.028345538053994535e-01,3.317461031338583832e-02
9.114020044519186570e-01,4.108392455301395074e-01,2.361145089253675194e-02
9.080065932307156418e-01,4.187180663084647536e-01,1.411409212275723836e-02
9.044898852479602569e-01,4.264693241324579165e-01,4.686476089367669698e-03
9.097164148386599480e-01,4.665212383787999822e-03,4.152039021571319877e-01
9.131411292490274612e-01,1.404832506536965279e-02,4.074014268957199536e-01
9.164428386606022769e-01,2.349853432463082717e-02,3.994750835187240723e-01
9.196169580372018926e-01,3.301189080133545145e-02,3.914267052158346694e-01
9.226589928933852658e-01,4.258426121046393620e-02,3.832583508941754258e-01
9.255645550939425314e-01,5.221133387709419454e-02,3.749723069354946592e-01
9.309493362512627490e-01,7.161148740394328305e-02,3.580574370197164291e-01
9.334204539138829526e-01,8.137511649505646538e-02,3.494343237728895213e-01
9.357389278292871371e-01,9.117456219875105794e-02,3.407049429532276186e-01
9.379011391088187821e-01,1.010047380578727866e-01,3.318727107615820349e-01
9.399036688271413809e-01,1.108604327334576922e-01,3.229412605713767870e-01
9.417433124117756682e-01,1.207363221040737983e-01,3.139144374705918894e-01
9.434170933854482133e-01,1.306269821610620552e-01,3.047962917091447954e-01
9.449222763502411748e-01,1.405269026367025331e-01,2.955910710634087613e-01
9.462563791060751850e-01,1.504305012937863228e-01,2.863032121397868779e-01
9.474171838010232438e-01,1.603321387970962353e-01,2.769373306495298559e-01
9.484027470173050922e-01,1.702261340800291234e-01,2.674982106971885987e-01
9.492114087045122606e-01,1.801067801131638613e-01,2.579907931350725603e-01
9.498417998805599449e-01,1.899683599761119723e-01,2.484201630456848997e-01
9.502928490309813236e-01,1.998051631295909569e-01,2.387915364231696647e-01
9.505637871483061385e-01,2.096115017814213499e-01,2.291102461331814832e-01
9.506541513652697617e-01,2.193817272381391736e-01,2.193817272381391736e-01
9.505637871483061385e-01,2.291102461331814832e-01,2.096115017814213499e-01
9.502928490309813236e-01,2.387915364231696647e-01,1.998051631295909569e-01
9.498417998805599449e-01,2.484201630456848997e-01,1.899683599761119723e-01
9.492114087045122606e-01,2.579907931350725603e-01,1.801067801131638613e-01
9.484027470173050922e-01,2.674982106971885987e-01,1.702261340800291234e-01
9.474171838010232438e-01,2.769373306495298559e-01,1.603321387970962353e-01
9.462563791060751850e-01,2.863032121397868779e-01,1.504305012937863228e-01
9.449222763502411748e-01,2.955910710634087613e-01,1.405269026367025331e-01
9.434170933854482133e-01,3.047962917091447954e-01,1.306269821610620552e-01
9.417433124117756682e-01,3.139144374705918894e-01,1.207363221040737983e-01
9.399036688271413809e-01,3.229412605713767870e-01,1.108604327334576922e-01
9.379011391088187821e-01,3.318727107615820349e-01,1.010047380578727866e-01
9.357389278292871371e-01,3.407049429532276186e-01,9.117456219875105794e-02
9.334204539138829526e-01,3.494343237728895213e-01,8.137511649505646538e-02
9.309493362512627490e-01,3.580574370197164291e-01,7.161148740394328305e-02
9.283293787698204680e-01,3.665710880270572902e-01,6.188862525132136222e-02
9.255645550939425314e-01,3.749723069354946592e-01,5.221133387709419454e-02
9.226589928933852658e-01,3.832583508941754258e-01,4.258426121046393620e-02
9.196169580372018926e-01,3.914267052158346694e-01,3.301189080133545145e-02
9.164428386606022769e-01,3.994750835187240723e-01,2.349853432463082717e-02
9.131411292490274612e-01,4.074014268957199536e-01,1.404832506536965279e-02
9.097164148386599480e-01,4.152039021571319877e-01,4.665212383787999822e-03
9.147565670514270497e-01,4.643434350514858561e-03,4.039787884947926844e-01
9.180882298949022413e-01,1.398103903393252238e-02,3.961294392947548038e-01
9.212953247167883220e-01,2.338313006895401808e-02,3.881599591446366904e-01
9.243734053739235401e-01,3.284575552090083367e-02,3.800723138847096894e-01
9.273181238117654823e-01,4.236478738226340246e-02,3.718686892443120451e-01
9.301252454383699408e-01,5.193592741026430842e-02,3.635514918718501520e-01
9.327906645506448546e-01,6.155471390435727358e-02,3.551233494482150532e-01
9.353104197150802213e-01,7.121652941992996644e-02,3.465871098436591469e-01
9.376807090009066092e-01,8.091660940616961228e-02,3.379458392845907100e-01
9.398979049603627400e-01,9.065005174744615590e-02,3.292028195038834149e-01
9.419585692485386019e-01,1.004118271787782374e-01,3.203615438561019935e-01
9.438594667742148392e-01,1.101967905370910827e-01,3.114257123874313304e-01
9.455975792732955743e-01,1.199996928011796415e-01,3.023992258589727200e-01
9.471701181979116368e-01,1.298151938646883996e-01,2.932861787313330582e-01
9.485745368170637182e-01,1.396378759781464196e-01,2.840908511279530702e-01
9.498085414288055528e-01,1.494622577882891989e-01,2.748176998042736741e-01
9.508701015894256425e-01,1.592828088956906030e-01,2.654713481594843105e-01
9.517574592718228699e-01,1.690939648452477184e-01,2.560565753370894204e-01
9.524691368732335350e-01,1.788901424584245781e-01,2.465783044697203719e-01
9.530039440015634078e-01,1.886657554114770097e-01,2.370415901323685570e-01
9.533609829796928503e-01,1.984152299602406633e-01,2.274516050763734365e-01
9.535396530181308172e-01,2.081330207095412332e-01,2.178136263239384973e-01
9.535396530181308172e-01,2.178136263239384973e-01,2.081330207095412332e-01
9.533609829796928503e-01,2.274516050763734365e-01,1.984152299602406633e-01
9.530039440015634078e-01,2.370415901323685570e-01,1.886657554114770097e-01
9.524691368732335350e-01,2.465783044697203719e-01,1.788901424584245781e-01
9.517574592718228699e-01,2.560565753370894204e-01,1.690939648452477184e-01
9.498085414288055528e-01,2.748176998042736741e-01,1.494622577882891989e-01
9.485745368170637182e-01,2.840908511279530702e-01,1.396378759781464196e-01
9.471701181979116368e-01,2.932861787313330582e-01,1.298151938646883996e-01
9.455975792732955743e-01,3.023992258589727200e-01,1.199996928011796415e-01
9.438594667742148392e-01,3.114257123874313304e-01,1.101967905370910827e-01
9.419585692485386019e-01,3.203615438561019935e-01,1.004118271787782374e-01
9.398979049603627400e-01,3.292028195038834149e-01,9.065005174744615590e-02
9.376807090009066092e-01,3.379458392845907100e-01,8.091660940616961228e-02
9.353104197150802213e-01,3.465871098436591469e-01,7.121652941992996644e-02
9.327906645506448546e-01,3.551233494482150532e-01,6.155471390435727358e-02
9.301252454383699408e-01,3.635514918718501520e-01,5.193592741026430842e-02
9.273181238117654823e-01,3.718686892443120451e-01,4.236478738226340246e-02
9.243734053739235401e-01,3.800723138847096894e-01,3.284575552090083367e-02
9.212953247167883220e-01,3.881599591446366904e-01,2.338313006895401808e-02
9.180882298949022413e-01,3.961294392947548038e-01,1.398103903393252238e-02
9.147565670514270497e-01,4.039787884947926844e-01,4.643434350514858561e-03
9.196125907935857047e-01,4.621168797957717414e-03,3.927993478264059646e-01
9.228503257378677382e-01,1.391231646841006517e-02,3.849074222926784916e-01
9.259620745616601312e-01,2.326537875783065562e-02,3.768991358768566391e-01
9.289435330987769746e-01,3.267640568689165331e-02,3.687765784663486479e-01
9.317905022883562483e-01,4.214127899796586002e-02,3.605420536492634498e-01
9.344989030924104600e-01,5.165571826138952438e-02,3.521980790549285589e-01
9.370647914050458382e-01,6.121528788073164057e-02,3.437473857918007525e-01
9.394843728574397979e-01,7.081540498925424643e-02,3.351929169491367766e-01
9.417540174192043922e-01,8.045134822174107581e-02,3.265378251353020511e-01
9.438702736942717886e-01,9.011826733764403963e-02,3.177854690327447384e-01
9.458298828080007326e-01,9.981119366315585606e-02,3.089394089573871960e-01
9.476297917819035410e-01,1.095250513114762875e-01,3.000034014183915465e-01
9.492671662932834487e-01,1.192546691323220498e-01,2.909813926828657693e-01
9.507394027191996555e-01,1.289947933337607655e-01,2.818775113589586656e-01
9.520441393675573849e-01,1.387401007118551077e-01,2.726960600198531370e-01
9.531792668027503357e-01,1.484852124165088605e-01,2.634415059002576665e-01
9.541429371791423364e-01,1.582247081754356577e-01,2.541184707060027415e-01
9.549335725027083832e-01,1.679531408924361535e-01,2.447317195861212491e-01
9.555498717493012828e-01,1.776650515312771239e-01,2.352861493252048353e-01
9.559908167771532517e-01,1.873549841925074289e-01,2.257867758217397269e-01
9.562556769812822210e-01,1.970175012876008713e-01,2.162387209254155729e-01
9.563440126482665171e-01,2.066471987129420151e-01,2.066471987129420151e-01
9.562556769812822210e-01,2.162387209254155729e-01,1.970175012876008713e-01
9.559908167771532517e-01,2.257867758217397269e-01,1.873549841925074289e-01
9.555498717493012828e-01,2.352861493252048353e-01,1.776650515312771239e-01
9.549335725027083832e-01,2.447317195861212491e-01,1.679531408924361535e-01
9.541429371791423364e-01,2.541184707060027415e-01,1.582247081754356577e-01
9.531792668027503357e-01,2.634415059002576665e-01,1.484852124165088605e-01
9.520441393675573849e-01,2.726960600198531370e-01,1.387401007118551077e-01
9.507394027191996555e-01,2.818775113589586656e-01,1.289947933337607655e-01
9.492671662932834487e-01,2.909813926828657693e-01,1.192546691323220498e-01
9.476297917819035410e-01,3.000034014183915465e-01,1.095250513114762875e-01
9.458298828080007326e-01,3.089394089573871960e-01,9.981119366315585606e-02
9.438702736942717886e-01,3.177854690327447384e-01,9.011826733764403963e-02
9.417540174192043922e-01,3.265378251353020511e-01,8.045134822174107581e-02
9.394843728574397979e-01,3.351929169491367766e-01,7.081540498925424643e-02
9.370647914050458382e-01,3.437473857918007525e-01,6.121528788073164057e-02
9.344989030924104600e-01,3.521980790549285589e-01,5.165571826138952438e-02
9.317905022883562483e-01,3.605420536492634498e-01,4.214127899796586002e-02
9.289435330987769746e-01,3.687765784663486479e-01,3.267640568689165331e-02
9.259620745616601312e-01,3.768991358768566391e-01,2.326537875783065562e-02
9.228503257378677382e-01,3.849074222926784916e-01,1.391231646841006517e-02
9.196125907935857047e-01,3.927993478264059646e-01,4.621168797957717414e-03
9.242869230993084884e-01,4.598442403479147123e-03,3.816707194887691834e-01
9.274300302491050862e-01,1.384223925744933019e-02,3.737404599511319203e-01
9.304458772563579672e-01,2.314541983224771213e-02,3.656976333495138287e-01
9.333303044534865256e-01,3.250404045360400646e-02,3.575444449896441057e-01
9.360792637666291993e-01,4.191399688507294746e-02,3.492833073756079210e-01
9.386888331499210203e-01,5.137103066989617828e-02,3.409168399002200922e-01
9.434748301391445713e-01,7.040856941336899599e-02,3.238794193014973843e-01
9.456441722247349579e-01,7.997985536229101911e-02,3.152147240749116341e-01
9.476599808969472516e-01,8.957979918926367580e-02,3.064572077527441540e-01
9.495191751559063364e-01,9.920349591181111537e-02,2.976104877354333600e-01
9.512188819158797770e-01,1.088459417117673411e-01,2.886783671486003455e-01
9.527564479576386969e-01,1.185020457658754606e-01,2.796648280074660597e-01
9.541294511393803024e-01,1.281666426903645128e-01,2.705740234574361969e-01
9.553357107759203881e-01,1.378345055348342840e-01,2.614102691177891402e-01
9.563732971009101247e-01,1.475003592543692177e-01,2.521780335639215997e-01
9.572405397330122634e-01,1.571588945830318662e-01,2.428819279919583463e-01
9.579360350742142094e-01,1.668047822268532154e-01,2.335266951175944961e-01
9.584586525767044840e-01,1.764326872902391430e-01,2.241171973686821584e-01
9.588075398238692371e-01,1.860372838464224021e-01,2.146584044381796841e-01
9.589821263808776530e-01,1.956132695602785243e-01,2.051553802705360363e-01
9.589821263808776530e-01,2.051553802705360363e-01,1.956132695602785243e-01
9.588075398238692371e-01,2.146584044381796841e-01,1.860372838464224021e-01
9.584586525767044840e-01,2.241171973686821584e-01,1.764326872902391430e-01
9.579360350742142094e-01,2.335266951175944961e-01,1.668047822268532154e-01
9.572405397330122634e-01,2.428819279919583463e-01,1.571588945830318662e-01
9.563732971009101247e-01,2.521780335639215997e-01,1.475003592543692177e-01
9.553357107759203881e-01,2.614102691177891402e-01,1.378345055348342840e-01
9.541294511393803024e-01,2.705740234574361969e-01,1.281666426903645128e-01
9.527564479576386969e-01,2.796648280074660597e-01,1.185020457658754606e-01
9.512188819158797770e-01,2.886783671486003455e-01,1.088459417117673411e-01
9.495191751559063364e-01,2.976104877354333600e-01,9.920349591181111537e-02
9.476599808969472516e-01,3.064572077527441540e-01,8.957979918926367580e-02
9.456441722247349579e-01,3.152147240749116341e-01,7.997985536229101911e-02
9.434748301391445713e-01,3.238794193014973843e-01,7.040856941336899599e-02
9.411552309545708761e-01,3.324478676506195662e-01,6.087073633039512960e-02
9.386888331499210203e-01,3.409168399002200922e-01,5.137103066989617828e-02
9.360792637666291993e-01,3.492833073756079210e-01,4.191399688507294746e-02
9.333303044534865256e-01,3.575444449896441057e-01,3.250404045360400646e-02
9.304458772563579672e-01,3.656976333495138287e-01,2.314541983224771213e-02
9.274300302491050862e-01,3.737404599511319203e-01,1.384223925744933019e-02
9.242869230993084884e-01,3.816707194887691834e-01,4.598442403479147123e-03
9.287821743977510147e-01,4.575281647279562033e-03,3.705978134296444848e-01
9.318301245977743674e-01,1.377088854085380815e-02,3.626333982424836400e-01
9.347496833412360928e-01,2.302339121530138158e-02,3.545602247156412479e-01
9.375368374336674471e-01,3.232885646322991580e-02,3.463806049631776296e-01
9.401876912311110113e-01,4.168319813339901175e-02,3.380970515264586362e-01
9.426984805683050750e-01,5.108218367611505606e-02,3.297122764549244578e-01
9.450655865686807822e-01,6.052144150439827536e-02,3.212291895233447270e-01
9.472855492452618709e-01,6.999646915605382824e-02,3.126508955637071208e-01
9.493550807995331242e-01,7.950264223444365730e-02,3.039806908964022281e-01
9.512710785242729505e-01,8.903522409833096452e-02,2.952220588523605804e-01
9.530306372162855588e-01,9.858937626375367802e-02,2.863786643851892189e-01
9.546310610059715041e-01,1.081601694735829788e-01,2.774543477800606728e-01
9.560698745127724774e-01,1.177425953833463601e-01,2.684531174740297232e-01
9.573448332387282100e-01,1.273315788051510300e-01,2.593791420104928358e-01
9.584539331166959109e-01,1.369219904452422809e-01,2.502367411585462165e-01
9.593954191351616867e-01,1.465086600649754267e-01,2.410303762359273239e-01
9.601677929679972578e-01,1.560863899898714824e-01,2.317646396819303678e-01
9.607698195448961531e-01,1.656499688870510523e-01,2.224442439340399980e-01
9.612005325065020589e-01,1.751941857277860837e-01,2.130740096689290319e-01
9.614592384972823202e-01,1.847138438492315904e-01,2.036588534747937884e-01
9.615455202589258121e-01,1.942037750276648100e-01,1.942037750276648100e-01
9.614592384972823202e-01,2.036588534747937884e-01,1.847138438492315904e-01
9.612005325065020589e-01,2.130740096689290319e-01,1.751941857277860837e-01
9.607698195448961531e-01,2.224442439340399980e-01,1.656499688870510523e-01
9.601677929679972578e-01,2.317646396819303678e-01,1.560863899898714824e-01
9.593954191351616867e-01,2.410303762359273239e-01,1.465086600649754267e-01
9.584539331166959109e-01,2.502367411585462165e-01,1.369219904452422809e-01
9.573448332387282100e-01,2.593791420104928358e-01,1.273315788051510300e-01
9.560698745127724774e-01,2.684531174740297232e-01,1.177425953833463601e-01
9.546310610059715041e-01,2.774543477800606728e-01,1.081601694735829788e-01
9.530306372162855588e-01,2.863786643851892189e-01,9.858937626375367802e-02
9.493550807995331242e-01,3.039806908964022281e-01,7.950264223444365730e-02
9.472855492452618709e-01,3.126508955637071208e-01,6.999646915605382824e-02
9.450655865686807822e-01,3.212291895233447270e-01,6.052144150439827536e-02
9.426984805683050750e-01,3.297122764549244578e-01,5.108218367611505606e-02
9.401876912311110113e-01,3.380970515264586362e-01,4.168319813339901175e-02
9.375368374336674471e-01,3.463806049631776296e-01,3.232885646322991580e-02
9.347496833412360928e-01,3.545602247156412479e-01,2.302339121530138158e-02
9.318301245977743674e-01,3.626333982424836400e-01,1.377088854085380815e-02
9.287821743977510147e-01,3.705978134296444848e-01,4.575281647279562033e-03
9.331011138617267830e-01,4.551712750545009248e-03,3.595853072930557115e-01
9.360535425911822305e-01,1.369834452572461780e-02,3.515908428269318708e-01
9.388765894041111171e-01,2.289942900985636812e-02,3.434914351478455252e-01
9.415663890247131240e-01,3.215104743011215627e-02,3.352894946283124789e-01
9.441191991532025263e-01,4.144913557257962761e-02,3.269876250725726186e-01
9.465314138690240631e-01,5.078949050028910145e-02,3.185886222290861824e-01
9.487995768668651131e-01,6.016777804521583617e-02,3.100954714638047283e-01
9.509203944375621553e-01,6.957954105640698494e-02,3.015113445777636292e-01
9.528907481046244854e-01,7.902020837940788855e-02,2.928395957589821630e-01
9.547077068266616173e-01,8.848510453515401331e-02,2.840837566654944579e-01
9.563685386765399254e-01,9.796946005954799974e-02,2.752475306434919999e-01
9.578707219096479486e-01,1.074684224581556324e-01,2.663347860919508814e-01
9.592119553362483675e-01,1.169770677239327233e-01,2.573495489926519997e-01
9.603901679165249838e-01,1.264904123597374308e-01,2.482959946320771882e-01
9.614035275015908599e-01,1.360034258416884523e-01,2.391784385491762810e-01
9.622504486493762554e-01,1.455110434542959130e-01,2.300013267503387138e-01
9.629295994508970669e-01,1.550081794238029331e-01,2.207692252399617583e-01
9.634399073098638411e-01,1.644897402724157798e-01,2.114868089216774272e-01
9.637805636268219622e-01,1.739506383131337319e-01,2.021588499314797283e-01
9.639510273479272584e-01,1.833858052027763919e-01,1.927902054695854461e-01
9.639510273479272584e-01,1.927902054695854461e-01,1.833858052027763919e-01
9.637805636268219622e-01,2.021588499314797283e-01,1.739506383131337319e-01
9.634399073098638411e-01,2.114868089216774272e-01,1.644897402724157798e-01
9.629295994508970669e-01,2.207692252399617583e-01,1.550081794238029331e-01
9.622504486493762554e-01,2.300013267503387138e-01,1.455110434542959130e-01
9.614035275015908599e-01,2.391784385491762810e-01,1.360034258416884523e-01
9.603901679165249838e-01,2.482959946320771882e-01,1.264904123597374308e-01
9.592119553362483675e-01,2.573495489926519997e-01,1.169770677239327233e-01
9.578707219096479486e-01,2.663347860919508814e-01,1.074684224581556324e-01
9.563685386765399254e-01,2.752475306434919999e-01,9.796946005954799974e-02
9.547077068266616173e-01,2.840837566654944579e-01,8.848510453515401331e-02
9.528907481046244854e-01,2.928395957589821630e-01,7.902020837940788855e-02
9.509203944375621553e-01,3.015113445777636292e-01,6.957954105640698494e-02
9.487995768668651131e-01,3.100954714638047283e-01,6.016777804521583617e-02
9.465314138690240631e-01,3.185886222290861824e-01,5.078949050028910145e-02
9.441191991532025263e-01,3.269876250725726186e-01,4.144913557257962761e-02
9.415663890247131240e-01,3.352894946283124789e-01,3.215104743011215627e-02
9.388765894041111171e-01,3.434914351478455252e-01,2.289942900985636812e-02
9.360535425911822305e-01,3.515908428269318708e-01,1.369834452572461780e-02
9.331011138617267830e-01,3.595853072930557115e-01,4.551712750545009248e-03
9.372466549176960982e-01,4.527761617959884591e-03,3.486376445829110771e-01
9.401033558383019573e-01,1.362468631649712929e-02,3.406171579124282478e-01
9.428298229352303217e-01,2.277366722065773605e-02,3.324955414216029803e-01
9.454223397887103753e-01,3.197080376097088256e-02,3.242752952898475538e-01
9.478773178528661081e-01,4.121205729795070216e-02,3.159591059509553879e-01
9.501913093189128245e-01,5.049325798313063218e-02,3.075498440790683796e-01
9.523610197661531718e-01,5.981011235246373042e-02,2.990505617623186452e-01
9.543833205161507127e-01,6.915821163160512652e-02,2.904644888527415647e-01
9.562552606046840209e-01,7.853304072598854546e-02,2.817950284873706468e-01
9.579740782862298243e-01,8.792998786202109451e-02,2.730457517820654711e-01
9.595372119867948690e-01,9.734435483924006038e-02,2.642203917065087393e-01
9.609423106229680878e-01,1.067713678469964511e-01,2.553228361558610993e-01
9.621872432080842419e-01,1.162061887932468868e-01,2.463571202416834083e-01
9.632701076703872323e-01,1.256439270874418201e-01,2.373274178318345584e-01
9.641892388130164360e-01,1.350796518143839442e-01,2.282380323760280494e-01
9.649432153514864163e-01,1.445084042313820316e-01,2.190933870604824252e-01
9.659512743535428880e-01,1.633250946974589557e-01,2.006565449140209900e-01
9.662037831323304626e-01,1.727030916709962616e-01,1.913736961759688326e-01
9.662879967409389037e-01,1.820542602555391964e-01,1.820542602555391964e-01
9.662037831323304626e-01,1.913736961759688326e-01,1.727030916709962616e-01
9.659512743535428880e-01,2.006565449140209900e-01,1.633250946974589557e-01
9.655308659710186703e-01,2.098980143415258015e-01,1.539252105171189100e-01
9.649432153514864163e-01,2.190933870604824252e-01,1.445084042313820316e-01
9.641892388130164360e-01,2.282380323760280494e-01,1.350796518143839442e-01
9.632701076703872323e-01,2.373274178318345584e-01,1.256439270874418201e-01
9.621872432080842419e-01,2.463571202416834083e-01,1.162061887932468868e-01
9.609423106229680878e-01,2.553228361558610993e-01,1.067713678469964511e-01
9.595372119867948690e-01,2.642203917065087393e-01,9.734435483924006038e-02
9.579740782862298243e-01,2.730457517820654711e-01,8.792998786202109451e-02
9.562552606046840209e-01,2.817950284873706468e-01,7.853304072598854546e-02
9.543833205161507127e-01,2.904644888527415647e-01,6.915821163160512652e-02
9.523610197661531718e-01,2.990505617623186452e-01,5.981011235246373042e-02
9.501913093189128245e-01,3.075498440790683796e-01,5.049325798313063218e-02
9.478773178528661081e-01,3.159591059509553879e-01,4.121205729795070216e-02
9.454223397887103753e-01,3.242752952898475538e-01,3.197080376097088256e-02
9.428298229352303217e-01,3.324955414216029803e-01,2.277366722065773605e-02
9.401033558383019573e-01,3.406171579124282478e-01,1.362468631649712929e-02
9.372466549176960982e-01,3.486376445829110771e-01,4.527761617959884591e-03
9.412218409906645267e-01,4.503453784644327954e-03,3.377590338483246191e-01
9.439827592084381047e-01,1.354999175897279515e-02,3.297164661350046599e-01
9.466127275384592643e-01,2.264623750092007934e-02,3.215765725130651509e-01
9.491081788691012600e-01,3.178831221092683762e-02,3.133419346505645353e-01
9.514656783396336914e-01,4.097220624429044611e-02,3.050153131519399707e-01
9.536819356520230828e-01,5.019378608694858440e-02,2.965996450592416345e-01
9.557538171295661966e-01,5.944880202241321215e-02,2.880980405701563107e-01
9.576783574412319755e-01,6.873289646707406164e-02,2.795137789661011896e-01
9.594527709103742863e-01,7.804161294486297584e-02,2.708503037498185551e-01
9.610744623271416653e-01,8.737040566610379533e-02,2.621112169983113582e-01
9.625410371854601355e-01,9.671464966935246210e-02,2.533002729435421263e-01
9.638503112679462914e-01,1.060696514792476841e-01,2.444213708000055330e-01
9.650003195054929206e-01,1.154306602279297628e-01,2.354785468649767399e-01
9.659893240425549976e-01,1.247928791825310274e-01,2.264759659238526068e-01
9.668158214443252074e-01,1.341514776166767009e-01,2.174179119994415488e-01
9.674785489879543787e-01,1.435016029599358034e-01,2.083087784902294126e-01
9.679764899867103756e-01,1.528383931557963649e-01,1.991530577484619535e-01
9.683088781033807324e-01,1.621569891560685484e-01,1.899553301542517281e-01
9.684752006172178129e-01,1.714525474776892877e-01,1.807202527467535735e-01
9.684752006172178129e-01,1.807202527467535735e-01,1.714525474776892877e-01
9.683088781033807324e-01,1.899553301542517281e-01,1.621569891560685484e-01
9.679764899867103756e-01,1.991530577484619535e-01,1.528383931557963649e-01
9.674785489879543787e-01,2.083087784902294126e-01,1.435016029599358034e-01
9.668158214443252074e-01,2.174179119994415488e-01,1.341514776166767009e-01
9.659893240425549976e-01,2.264759659238526068e-01,1.247928791825310274e-01
9.650003195054929206e-01,2.354785468649767399e-01,1.154306602279297628e-01
9.638503112679462914e-01,2.444213708000055330e-01,1.060696514792476841e-01
9.625410371854601355e-01,2.533002729435421263e-01,9.671464966935246210e-02
9.610744623271416653e-01,2.621112169983113582e-01,8.737040566610379533e-02
9.594527709103742863e-01,2.708503037498185551e-01,7.804161294486297584e-02
9.576783574412319755e-01,2.795137789661011896e-01,6.873289646707406164e-02
9.557538171295661966e-01,2.880980405701563107e-01,5.944880202241321215e-02
9.536819356520230828e-01,2.965996450592416345e-01,5.019378608694858440e-02
9.514656783396336914e-01,3.050153131519399707e-01,4.097220624429044611e-02
9.491081788691012600e-01,3.133419346505645353e-01,3.178831221092683762e-02
9.466127275384592643e-01,3.215765725130651509e-01,2.264623750092007934e-02
9.439827592084381047e-01,3.297164661350046599e-01,1.354999175897279515e-02
9.412218409906645267e-01,3.377590338483246191e-01,4.503453784644327954e-03
9.450298315502581037e-01,4.478814367536768613e-03,3.269534488301840680e-01
9.476950566490289773e-01,1.347433729832742642e-02,3.188926493937490614e-01
9.502287485599532069e-01,2.251726892322164150e-02,3.107383111404586340e-01
9.526274894711793673e-01,3.160375557487325043e-02,3.024930890737868028e-01
9.548879976874097286e-01,4.072981980657197632e-02,2.941598097141309154e-01
9.589819400615179346e-01,5.908419535924044202e-02,2.772412243779743823e-01
9.608095956562182627e-01,6.830399969120035109e-02,2.686623987853880569e-01
9.624874831744482107e-01,7.754638490031098841e-02,2.600084670186897928e-01
9.640131708297891011e-01,8.680687320268243301e-02,2.512830540077649055e-01
9.653844275759875249e-01,9.608091459287079750e-02,2.424899273058167826e-01
9.665992319754364015e-01,1.053638973243366805e-01,2.336329897191813110e-01
9.676557803341231390e-01,1.146511588073605703e-01,2.247162712624267145e-01
9.685524940400511706e-01,1.239379968676842803e-01,2.157439204733763438e-01
9.692880260474489029e-01,1.332196813050996187e-01,2.067201951286028461e-01
9.698612664551317097e-01,1.424914656877207808e-01,1.976494524055481539e-01
9.702713471341000151e-01,1.517485993148118550e-01,1.885361385426450320e-01
9.705176453667730962e-01,1.609863392788486169e-01,1.793847780535741676e-01
9.705997864680704357e-01,1.701999625560123575e-01,1.701999625560123575e-01
9.705176453667730962e-01,1.793847780535741676e-01,1.609863392788486169e-01
9.702713471341000151e-01,1.885361385426450320e-01,1.517485993148118550e-01
9.698612664551317097e-01,1.976494524055481539e-01,1.424914656877207808e-01
9.692880260474489029e-01,2.067201951286028461e-01,1.332196813050996187e-01
9.685524940400511706e-01,2.157439204733763438e-01,1.239379968676842803e-01
9.676557803341231390e-01,2.247162712624267145e-01,1.146511588073605703e-01
9.665992319754364015e-01,2.336329897191813110e-01,1.053638973243366805e-01
9.653844275759875249e-01,2.424899273058167826e-01,9.608091459287079750e-02
9.640131708297891011e-01,2.512830540077649055e-01,8.680687320268243301e-02
9.624874831744482107e-01,2.600084670186897928e-01,7.754638490031098841e-02
9.608095956562182627e-01,2.686623987853880569e-01,6.830399969120035109e-02
9.589819400615179346e-01,2.772412243779743823e-01,5.908419535924044202e-02
9.570071393824333139e-01,2.857414681568402615e-01,4.989136745595624395e-02
9.548879976874097286e-01,2.941598097141309154e-01,4.072981980657197632e-02
9.526274894711793673e-01,3.024930890737868028e-01,3.160375557487325043e-02
9.502287485599532069e-01,3.107383111404586340e-01,2.251726892322164150e-02
9.476950566490289773e-01,3.188926493937490614e-01,1.347433729832742642e-02
9.450298315502581037e-01,3.269534488301840680e-01,4.478814367536768613e-03
9.486738885168520818e-01,4.453868021205878783e-03,3.162246295056173606e-01
9.512436474187999647e-01,1.339779785096901349e-02,3.081493505722873172e-01
9.536814191874402047e-01,2.238688777435305505e-02,2.999842961763309335e-01
9.559839348680511106e-01,3.141731241350402548e-02,2.917321866968231037e-01
9.581480649888167722e-01,4.048512950656972531e-02,2.833959065459880633e-01
9.601708307495218087e-01,4.958628703401286170e-02,2.749785008249804319e-01
9.620494148870684104e-01,5.871663095554877781e-02,2.664831712597983127e-01
9.637811721441856827e-01,6.787191353128067817e-02,2.579132714188666076e-01
9.653636392684412648e-01,7.704780219513381045e-02,2.492723012195505461e-01
9.667945444702155111e-01,8.623988894335256339e-02,2.405639007367202931e-01
9.680718162706318797e-01,9.544370019569610453e-02,2.317918433324048233e-01
9.691935916735945344e-01,1.046547070821252368e-01,2.229600281314841892e-01
9.701582236000195758e-01,1.138683361032886837e-01,2.140724718741827404e-01
9.709642875270384499e-01,1.230799801090612100e-01,2.051333001817687018e-01
9.716105872803670884e-01,1.322850095358246436e-01,1.961467382772572043e-01
9.720961599341035875e-01,1.414787838401747044e-01,1.871171012079730078e-01
9.724202797788772390e-01,1.506566630643330906e-01,1.780487836214845465e-01
9.725824613264478780e-01,1.598140194667871938e-01,1.689462491506036057e-01
9.725824613264478780e-01,1.689462491506036057e-01,1.598140194667871938e-01
9.724202797788772390e-01,1.780487836214845465e-01,1.506566630643330906e-01
9.720961599341035875e-01,1.871171012079730078e-01,1.414787838401747044e-01
9.716105872803670884e-01,1.961467382772572043e-01,1.322850095358246436e-01
9.709642875270384499e-01,2.051333001817687018e-01,1.230799801090612100e-01
9.701582236000195758e-01,2.140724718741827404e-01,1.138683361032886837e-01
9.691935916735945344e-01,2.229600281314841892e-01,1.046547070821252368e-01
9.680718162706318797e-01,2.317918433324048233e-01,9.544370019569610453e-02
9.667945444702155111e-01,2.405639007367202931e-01,8.623988894335256339e-02
9.653636392684412648e-01,2.492723012195505461e-01,7.704780219513381045e-02
9.637811721441856827e-01,2.579132714188666076e-01,6.787191353128067817e-02
9.620494148870684104e-01,2.664831712597983127e-01,5.871663095554877781e-02
9.601708307495218087e-01,2.749785008249804319e-01,4.958628703401286170e-02
9.581480649888167722e-01,2.833959065459880633e-01,4.048512950656972531e-02
9.559839348680511106e-01,2.917321866968231037e-01,3.141731241350402548e-02
9.536814191874402047e-01,2.999842961763309335e-01,2.238688777435305505e-02
9.512436474187999647e-01,3.081493505722873172e-01,1.339779785096901349e-02
9.521573630793045417e-01,4.428638898043277261e-03,3.055760839649860894e-01
9.546320127848249015e-01,1.332044669002081273e-02,2.974899760771314572e-01
9.569743470653013784e-01,2.225521737361165972e-02,2.893178258569515937e-01
9.591812449735214186e-01,3.122915681309139727e-02,2.810624113178225580e-01
9.612497279264650141e-01,4.023836070389853747e-02,2.727266669930901166e-01
9.631769703286896522e-01,4.927882173774691260e-02,2.643136802297334498e-01
9.649603098433380266e-01,5.834643733936462073e-02,2.558266867956756618e-01
9.665972572410455044e-01,6.743701794704969055e-02,2.472690658058488700e-01
9.680855057581719825e-01,7.654629580413452317e-02,2.386443339775958794e-01
9.694229398976804690e-01,8.566993422351594500e-02,2.299561392315427888e-01
9.706076436086501502e-01,9.480353728270536628e-02,2.212082536596458593e-01
9.716379077838067646e-01,1.039426599024537434e-01,2.124045658876228537e-01
9.725122370185863563e-01,1.130828182579751567e-01,2.035490728643552794e-01
9.732293555800674012e-01,1.222195004681945196e-01,1.946458711160135024e-01
9.737882125395633803e-01,1.313481775053364498e-01,1.856991475075446540e-01
9.741879860287196990e-01,1.404643142646060938e-01,1.767131695586979800e-01
9.744280865855158291e-01,1.495633807317303388e-01,1.676922753658794674e-01
9.745081595635737282e-01,1.586408631847678052e-01,1.586408631847678052e-01
9.744280865855158291e-01,1.676922753658794674e-01,1.495633807317303388e-01
9.741879860287196990e-01,1.767131695586979800e-01,1.404643142646060938e-01
9.737882125395633803e-01,1.856991475075446540e-01,1.313481775053364498e-01
9.732293555800674012e-01,1.946458711160135024e-01,1.222195004681945196e-01
9.725122370185863563e-01,2.035490728643552794e-01,1.130828182579751567e-01
9.716379077838067646e-01,2.124045658876228537e-01,1.039426599024537434e-01
9.706076436086501502e-01,2.212082536596458593e-01,9.480353728270536628e-02
9.694229398976804690e-01,2.299561392315427888e-01,8.566993422351594500e-02
9.680855057581719825e-01,2.386443339775958794e-01,7.654629580413452317e-02
9.665972572410455044e-01,2.472690658058488700e-01,6.743701794704969055e-02
9.649603098433380266e-01,2.558266867956756618e-01,5.834643733936462073e-02
9.631769703286896522e-01,2.643136802297334498e-01,4.927882173774691260e-02
9.612497279264650141e-01,2.727266669930901166e-01,4.023836070389853747e-02
9.591812449735214186e-01,2.810624113178225580e-01,3.122915681309139727e-02
9.569743470653013784e-01,2.893178258569515937e-01,2.225521737361165972e-02
9.546320127848249015e-01,2.974899760771314572e-01,1.332044669002081273e-02
9.521573630793045417e-01,3.055760839649860894e-01,4.428638898043277261e-03
9.554836829686407240e-01,4.403150612758713334e-03,2.950110910548337517e-01
9.578637032246011263e-01,1.324235534411890951e-02,2.869176991225763640e-01
9.601112014629744618e-01,2.212237791389342137e-02,2.787419617150571072e-01
9.622232035155193763e-01,3.103945817791997977e-02,2.704867069790169443e-01
9.641968799905682452e-01,3.998973234983923403e-02,2.621549120711683112e-01
9.660295563324969859e-01,4.896924018275330276e-02,2.537496991288125670e-01
9.677187225033415663e-01,5.797393268453198550e-02,2.452743305884045599e-01
9.692620422207993691e-01,6.699968033784327315e-02,2.367322038603795475e-01
9.706573616883539257e-01,7.604228179125353815e-02,2.281268453737606006e-01
9.719027177554787622e-01,8.509747298319859932e-02,2.194619040093016560e-01
9.729963454487894348e-01,9.416093665633445964e-02,2.107411439451294943e-01
9.739366848186248315e-01,1.032283122157989508e-01,2.019684369439544713e-01
9.747223870498064047e-01,1.122952058813141002e-01,1.931477541158602429e-01
9.753523197902160824e-01,1.213572010798886353e-01,1.842831571953864600e-01
9.758255716563057902e-01,1.304098690231929314e-01,1.753787893760180849e-01
9.761414558806255082e-01,1.394487794115179258e-01,1.664388657492310852e-01
9.762995130728903126e-01,1.484695112046330867e-01,1.574676633988532637e-01
9.762995130728903126e-01,1.574676633988532637e-01,1.484695112046330867e-01
9.761414558806255082e-01,1.664388657492310852e-01,1.394487794115179258e-01
9.758255716563057902e-01,1.753787893760180849e-01,1.304098690231929314e-01
9.753523197902160824e-01,1.842831571953864600e-01,1.213572010798886353e-01
9.747223870498064047e-01,1.931477541158602429e-01,1.122952058813141002e-01
9.739366848186248315e-01,2.019684369439544713e-01,1.032283122157989508e-01
9.729963454487894348e-01,2.107411439451294943e-01,9.416093665633445964e-02
9.719027177554787622e-01,2.194619040093016560e-01,8.509747298319859932e-02
9.706573616883539257e-01,2.281268453737606006e-01,7.604228179125353815e-02
9.692620422207993691e-01,2.367322038603795475e-01,6.699968033784327315e-02
9.677187225033415663e-01,2.452743305884045599e-01,5.797393268453198550e-02
9.660295563324969859e-01,2.537496991288125670e-01,4.896924018275330276e-02
9.641968799905682452e-01,2.621549120711683112e-01,3.998973234983923403e-02
9.601112014629744618e-01,2.787419617150571072e-01,2.212237791389342137e-02
9.578637032246011263e-01,2.869176991225763640e-01,1.324235534411890951e-02
9.554836829686407240e-01,2.950110910548337517e-01,4.403150612758713334e-03
9.586563402250505295e-01,4.377426211073290156e-03,2.845327037197638576e-01
9.609423261670664296e-01,1.316359350913789625e-02,2.764354636918958108e-01
9.630957010268780261e-01,2.198848632481456566e-02,2.682595331627377067e-01
9.651136358362681911e-01,3.084838105412729403e-02,2.600077831705014941e-01
9.669934483648572332e-01,3.973945678211741883e-02,2.516832262867436665e-01
9.687326126196894593e-01,4.865780246034969586e-02,2.432890123017484862e-01
9.703287679450735004e-01,5.759942458121440623e-02,2.348284232926433623e-01
9.717797276608939328e-01,6.656025531923931426e-02,2.263048680854136685e-01
9.730834871794213914e-01,7.553616110525189498e-02,2.177218761269024971e-01
9.742382315431277195e-01,8.452295159506588440e-02,2.090830907877945510e-01
9.752423423291465276e-01,9.351638899046610387e-02,2.003922621224273615e-01
9.760944038697779712e-01,1.025121976666890089e-01,1.916532391159838089e-01
9.767932087428075061e-01,1.115060740573981107e-01,1.828699614541328955e-01
9.773377624903296645e-01,1.204936967453830998e-01,1.740464508544422584e-01
9.777272875302029931e-01,1.294707367049127422e-01,1.651868020028196826e-01
9.779612262301464742e-01,1.384328676398837443e-01,1.562951731418042445e-01
9.780392431207379778e-01,1.473757763606591553e-01,1.473757763606591553e-01
9.779612262301464742e-01,1.562951731418042445e-01,1.384328676398837443e-01
9.777272875302029931e-01,1.651868020028196826e-01,1.294707367049127422e-01
9.773377624903296645e-01,1.740464508544422584e-01,1.204936967453830998e-01
9.767932087428075061e-01,1.828699614541328955e-01,1.115060740573981107e-01
9.760944038697779712e-01,1.916532391159838089e-01,1.025121976666890089e-01
9.752423423291465276e-01,2.003922621224273615e-01,9.351638899046610387e-02
9.742382315431277195e-01,2.090830907877945510e-01,8.452295159506588440e-02
9.730834871794213914e-01,2.177218761269024971e-01,7.553616110525189498e-02
9.717797276608939328e-01,2.263048680854136685e-01,6.656025531923931426e-02
9.703287679450735004e-01,2.348284232926433623e-01,5.759942458121440623e-02
9.687326126196894593e-01,2.432890123017484862e-01,4.865780246034969586e-02
9.669934483648572332e-01,2.516832262867436665e-01,3.973945678211741883e-02
9.651136358362681911e-01,2.600077831705014941e-01,3.084838105412729403e-02
9.630957010268780261e-01,2.682595331627377067e-01,2.198848632481456566e-02
9.609423261670664296e-01,2.764354636918958108e-01,1.316359350913789625e-02
9.586563402250505295e-01,2.845327037197638576e-01,4.377426211073290156e-03
9.616788794888488923e-01,4.351488142483479586e-03,2.741437529764592096e-01
9.638715342996506674e-01,1.308422897239344858e-02,2.660459891053334469e-01
9.659316021391368690e-01,2.185365615699404532e-02,2.578731426525297521e-01
9.678563973384313179e-01,3.065608498357022191e-02,2.496281205805003789e-01
9.696433824957796377e-01,3.948773955865166052e-02,2.413139639695379146e-01
9.712901774226890828e-01,4.834475996221529459e-02,2.329338434543100356e-01
9.727945676718513512e-01,5.722320986305007989e-02,2.244910540781195341e-01
9.741545125890322954e-01,6.611908456486645380e-02,2.159890095785637343e-01
9.753681528331906714e-01,7.502831944870697045e-02,2.074312361228957402e-01
9.764338173117826924e-01,8.394679877341118535e-02,1.988213655159738469e-01
9.773500294815136158e-01,9.287036479236102093e-02,1.901631279081678061e-01
9.781155129686660565e-01,1.017948271415353712e-01,1.814603440349108754e-01
9.787291964675641776e-01,1.107159724510819315e-01,1.727169170236877993e-01
9.791902178806448642e-01,1.196295741302145360e-01,1.639368238080717854e-01
9.794979276689748104e-01,1.285314022733043959e-01,1.551241061919191033e-01
9.796518913878028423e-01,1.374172336335831857e-01,1.462828616099434154e-01
9.796518913878028423e-01,1.462828616099434154e-01,1.374172336335831857e-01
9.794979276689748104e-01,1.551241061919191033e-01,1.285314022733043959e-01
9.791902178806448642e-01,1.639368238080717854e-01,1.196295741302145360e-01
9.787291964675641776e-01,1.727169170236877993e-01,1.107159724510819315e-01
9.781155129686660565e-01,1.814603440349108754e-01,1.017948271415353712e-01
9.773500294815136158e-01,1.901631279081678061e-01,9.287036479236102093e-02
9.764338173117826924e-01,1.988213655159738469e-01,8.394679877341118535e-02
9.753681528331906714e-01,2.074312361228957402e-01,7.502831944870697045e-02
9.741545125890322954e-01,2.159890095785637343e-01,6.611908456486645380e-02
9.727945676718513512e-01,2.244910540781195341e-01,5.722320986305007989e-02
9.712901774226890828e-01,2.329338434543100356e-01,4.834475996221529459e-02
9.696433824957796377e-01,2.413139639695379146e-01,3.948773955865166052e-02
9.678563973384313179e-01,2.496281205805003789e-01,3.065608498357022191e-02
9.638715342996506674e-01,2.660459891053334469e-01,1.308422897239344858e-02
9.616788794888488923e-01,2.741437529764592096e-01,4.351488142483479586e-03
9.645548868396713882e-01,4.325358236949199478e-03,2.638468524539011595e-01
9.666550144620031926e-01,1.300432754881618649e-02,2.557517751267183170e-01
9.686226878999079082e-01,2.171799748654502232e-02,2.475851713466132309e-01
9.704553625900010916e-01,3.046272438623321907e-02,2.393499773204038616e-01
9.721506433535577196e-01,3.923477932817048819e-02,2.310492560436706588e-01
9.737062927978021865e-01,4.803035525011580681e-02,2.226861925232641870e-01
9.751202392837630128e-01,5.684557448739425978e-02,2.142640884524860401e-01
9.763905844067999329e-01,6.567649670897757197e-02,2.057863563547963903e-01
9.775156099382177333e-01,7.451912721502108872e-02,1.972565132162322765e-01
9.784937841792503699e-01,8.336942555787334175e-02,1.886781736309765256e-01
9.793237676821275883e-01,9.222331444540214640e-02,1.800550424886422918e-01
9.800044182968866702e-01,1.010766888826385296e-01,1.713909072357783780e-01
9.805347955070272681e-01,1.099254255052721230e-01,1.626896297478027387e-01
9.809141640219883884e-01,1.187653920564739340e-01,1.539551378509847190e-01
9.811419965996908132e-01,1.275924569569104605e-01,1.451914165371739895e-01
9.812179760779841109e-01,1.364024989166704449e-01,1.364024989166704449e-01
9.811419965996908132e-01,1.451914165371739895e-01,1.275924569569104605e-01
9.809141640219883884e-01,1.539551378509847190e-01,1.187653920564739340e-01
9.805347955070272681e-01,1.626896297478027387e-01,1.099254255052721230e-01
9.800044182968866702e-01,1.713909072357783780e-01,1.010766888826385296e-01
9.793237676821275883e-01,1.800550424886422918e-01,9.222331444540214640e-02
9.784937841792503699e-01,1.886781736309765256e-01,8.336942555787334175e-02
9.775156099382177333e-01,1.972565132162322765e-01,7.451912721502108872e-02
9.763905844067999329e-01,2.057863563547963903e-01,6.567649670897757197e-02
9.751202392837630128e-01,2.142640884524860401e-01,5.684557448739425978e-02
9.737062927978021865e-01,2.226861925232641870e-01,4.803035525011580681e-02
9.721506433535577196e-01,2.310492560436706588e-01,3.923477932817048819e-02
9.704553625900010916e-01,2.393499773204038616e-01,3.046272438623321907e-02
9.686226878999079082e-01,2.475851713466132309e-01,2.171799748654502232e-02
9.666550144620031926e-01,2.557517751267183170e-01,1.300432754881618649e-02
9.645548868396713882e-01,2.638468524539011595e-01,4.325358236949199478e-03
9.672879792021622514e-01,4.299057685342943212e-03,2.536444034352336452e-01
9.692964771410047531e-01,1.292395302854672939e-02,2.455551075423878515e-01
9.711727577440880665e-01,2.158161683875751274e-02,2.373977852263326471e-01
9.729144150947467429e-01,3.026844846961434035e-02,2.291753955556514455e-01
9.745191933878348811e-01,3.898076773551339275e-02,2.208910171679092371e-01
9.759849947966930950e-01,4.771482196783832785e-02,2.125478433112798216e-01
9.773098868945259143e-01,5.646679346501705388e-02,2.041491763735232001e-01
9.784921095801633051e-01,6.523280730534422589e-02,1.956984219160326777e-01
9.795300814606592299e-01,7.400893948813869194e-02,1.871990822347037731e-01
9.804224056461986470e-01,8.279122536567899704e-02,1.786547494733073116e-01
9.811678749162939805e-01,9.157566832552077596e-02,1.700690983188242744e-01
9.817654762202451257e-01,1.003582486802917229e-01,1.614458783117736496e-01
9.822143944792545156e-01,1.091349327199171715e-01,1.527889058078840401e-01
9.825140156624009302e-01,1.179016818794881016e-01,1.441020556304854483e-01
9.826639291138140608e-01,1.266544619746693690e-01,1.353892524556810362e-01
9.826639291138140608e-01,1.353892524556810362e-01,1.266544619746693690e-01
9.825140156624009302e-01,1.441020556304854483e-01,1.179016818794881016e-01
9.822143944792545156e-01,1.527889058078840401e-01,1.091349327199171715e-01
9.817654762202451257e-01,1.614458783117736496e-01,1.003582486802917229e-01
9.811678749162939805e-01,1.700690983188242744e-01,9.157566832552077596e-02
9.804224056461986470e-01,1.786547494733073116e-01,8.279122536567899704e-02
9.795300814606592299e-01,1.871990822347037731e-01,7.400893948813869194e-02
9.784921095801633051e-01,1.956984219160326777e-01,6.523280730534422589e-02
9.773098868945259143e-01,2.041491763735232001e-01,5.646679346501705388e-02
9.759849947966930950e-01,2.125478433112798216e-01,4.771482196783832785e-02
9.745191933878348811e-01,2.208910171679092371e-01,3.898076773551339275e-02
9.729144150947467429e-01,2.291753955556514455e-01,3.026844846961434035e-02
9.711727577440880665e-01,2.373977852263326471e-01,2.158161683875751274e-02
9.692964771410047531e-01,2.455551075423878515e-01,1.292395302854672939e-02
9.672879792021622514e-01,2.536444034352336452e-01,4.299057685342943212e-03
9.698817943308100098e-01,4.272607023483744777e-03,2.435386003385734410e-01
9.717996465760955216e-01,1.284316713536690080e-02,2.354580641483931813e-01
9.735856176976770415e-01,2.144461712990478053e-02,2.273129415769906680e-01
9.767529871753513060e-01,3.872588935937516103e-02,2.108409531788203173e-01
9.781303043525636509e-01,4.739838479241497565e-02,2.025203713857730847e-01
9.793675922831778236e-01,5.608713083560049051e-02,1.941477605847709287e-01
9.804632250822420403e-01,6.478831883803361225e-02,1.857265140023630356e-01
9.814157538020648053e-01,7.349809609971409696e-02,1.772601141228399013e-01
9.822239116910964629e-01,8.221257410630322671e-02,1.687521257971487387e-01
9.828866188306223384e-01,9.092783698433069828e-02,1.602061889723921939e-01
9.834029861163176012e-01,9.963995013513350651e-02,1.516260110752031542e-01
9.837723185561002559e-01,1.083449690039757912e-01,1.430153590852480394e-01
9.839941178604247884e-01,1.170389479393456750e-01,1.343780513377672570e-01
9.840680843061616612e-01,1.257179490963818980e-01,1.257179490963818980e-01
9.839941178604247884e-01,1.343780513377672570e-01,1.170389479393456750e-01
9.837723185561002559e-01,1.430153590852480394e-01,1.083449690039757912e-01
9.834029861163176012e-01,1.516260110752031542e-01,9.963995013513350651e-02
9.828866188306223384e-01,1.602061889723921939e-01,9.092783698433069828e-02
9.822239116910964629e-01,1.687521257971487387e-01,8.221257410630322671e-02
9.814157538020648053e-01,1.772601141228399013e-01,7.349809609971409696e-02
9.804632250822420403e-01,1.857265140023630356e-01,6.478831883803361225e-02
9.793675922831778236e-01,1.941477605847709287e-01,5.608713083560049051e-02
9.781303043525636509e-01,2.025203713857730847e-01,4.739838479241497565e-02
9.767529871753513060e-01,2.108409531788203173e-01,3.872588935937516103e-02
9.752374377296161301e-01,2.191062084766979001e-01,3.007340116346833916e-02
9.735856176976770415e-01,2.273129415769906680e-01,2.144461712990478053e-02
9.717996465760955216e-01,2.354580641483931813e-01,1.284316713536690080e-02
9.698817943308100098e-01,2.435386003385734410e-01,4.272607023483744777e-03
9.723399813814055381e-01,4.246026119569456733e-03,2.335314365763201117e-01
9.741682514788329028e-01,1.276202949535588937e-02,2.254625210846207262e-01
9.758650712740485345e-01,2.130709762607092828e-02,2.173323957859234767e-01
9.774283038456140771e-01,2.987772107825021131e-02,2.091440475477514827e-01
9.788559627523856221e-01,3.847032168022476023e-02,2.009005687745070989e-01
9.801462188699731071e-01,4.708125942170176409e-02,1.926051521796890431e-01
9.812974067657397326e-01,5.570683968539134195e-02,1.842610851132175098e-01
9.823080305697481363e-01,6.434332077967783170e-02,1.758717434644527233e-01
9.831767693018138576e-01,7.298692173856259624e-02,1.674405851649377330e-01
9.839024816180065303e-01,8.163383035258570120e-02,1.589711433181932032e-01
9.844842099435340277e-01,9.028021139220181179e-02,1.504670189870030150e-01
9.849211839629181675e-01,9.892221498317518846e-02,1.419318736715122209e-01
9.852128234426771325e-01,1.075559850919953209e-01,1.333694215140741879e-01
9.853587403663235378e-01,1.161776680781254900e-01,1.247834212690977496e-01
9.853587403663235378e-01,1.247834212690977496e-01,1.161776680781254900e-01
9.852128234426771325e-01,1.333694215140741879e-01,1.075559850919953209e-01
9.849211839629181675e-01,1.419318736715122209e-01,9.892221498317518846e-02
9.844842099435340277e-01,1.504670189870030150e-01,9.028021139220181179e-02
9.839024816180065303e-01,1.589711433181932032e-01,8.163383035258570120e-02
9.831767693018138576e-01,1.674405851649377330e-01,7.298692173856259624e-02
9.823080305697481363e-01,1.758717434644527233e-01,6.434332077967783170e-02
9.812974067657397326e-01,1.842610851132175098e-01,5.570683968539134195e-02
9.801462188699731071e-01,1.926051521796890431e-01,4.708125942170176409e-02
9.788559627523856221e-01,2.009005687745070989e-01,3.847032168022476023e-02
9.774283038456140771e-01,2.091440475477514827e-01,2.987772107825021131e-02
9.758650712740485345e-01,2.173323957859234767e-01,2.130709762607092828e-02
9.741682514788329028e-01,2.254625210846207262e-01,1.276202949535588937e-02
9.723399813814055381e-01,2.335314365763201117e-01,4.246026119569456733e-03
9.746661920718540095e-01,4.219334164813221162e-03,2.236247107351007068e-01
9.764060163659512570e-01,1.268059761514222367e-02,2.155701594574178093e-01
9.780149110058700135e-01,2.116915391787597273e-02,2.074577083951845424e-01
9.794908690243225857e-01,2.968154148558553238e-02,1.992903499746457308e-01
9.808320336205444967e-01,3.821423507612511233e-02,1.910711753806255409e-01
9.820367045033013831e-01,4.676365259539530528e-02,1.828033692365452767e-01
9.831033437683168730e-01,5.532616220341177171e-02,1.744902038722986604e-01
9.840305812710774536e-01,6.389808969292710972e-02,1.661350332016104658e-01
9.848172194587997419e-01,7.247572610735755760e-02,1.577412862336605714e-01
9.854622376285702146e-01,8.105533556252308980e-02,1.493124602467530704e-01
9.859647955822570253e-01,8.963316323475063740e-02,1.408521136546081465e-01
9.863242366527208427e-01,9.820544347624492187e-02,1.323638585984170668e-01
9.866120727211248331e-01,1.153182942141574435e-01,1.153182942141574435e-01
9.865400900800644912e-01,1.238513533000946687e-01,1.067684080173229855e-01
9.863242366527208427e-01,1.323638585984170668e-01,9.820544347624492187e-02
9.859647955822570253e-01,1.408521136546081465e-01,8.963316323475063740e-02
9.854622376285702146e-01,1.493124602467530704e-01,8.105533556252308980e-02
9.848172194587997419e-01,1.577412862336605714e-01,7.247572610735755760e-02
9.840305812710774536e-01,1.661350332016104658e-01,6.389808969292710972e-02
9.831033437683168730e-01,1.744902038722986604e-01,5.532616220341177171e-02
9.820367045033013831e-01,1.828033692365452767e-01,4.676365259539530528e-02
9.808320336205444967e-01,1.910711753806255409e-01,3.821423507612511233e-02
9.794908690243225857e-01,1.992903499746457308e-01,2.968154148558553238e-02
9.780149110058700135e-01,2.074577083951845424e-01,2.116915391787597273e-02
9.764060163659512570e-01,2.155701594574178093e-01,1.268059761514222367e-02
9.746661920718540095e-01,2.236247107351007068e-01,4.219334164813221162e-03
9.768640724307792178e-01,4.192549667084889339e-03,2.138200330213293476e-01
9.785166535010308975e-01,1.259892686911198711e-02,2.057824721954957803e-01
9.800389106044079535e-01,2.103087790996583523e-02,1.976902523536788747e-01
9.814289634784121308e-01,2.948499031909392748e-02,1.895463663370323959e-01
9.826850814108685217e-01,3.795779284419664029e-02,1.813538991444950677e-01
9.838056891054831610e-01,4.644576214661079450e-02,1.731160225464584146e-01
9.847893720799839601e-01,5.494532977270296520e-02,1.648359893181089164e-01
9.856348815612160363e-01,6.345288937089374470e-02,1.565171271148712295e-01
9.863411388444385253e-01,7.196480412169722896e-02,1.481628320152590106e-01
9.869072390873141476e-01,8.047741434617583511e-02,1.397765617591474885e-01
9.873324545126431762e-01,8.898704525650431851e-02,1.313618287119825701e-01
9.876162369977495858e-01,9.749001481093665100e-02,1.229221925877027471e-01
9.877582200325367712e-01,1.059826416343923605e-01,1.144612529651437421e-01
9.877582200325367712e-01,1.144612529651437421e-01,1.059826416343923605e-01
9.876162369977495858e-01,1.229221925877027471e-01,9.749001481093665100e-02
9.873324545126431762e-01,1.313618287119825701e-01,8.898704525650431851e-02
9.869072390873141476e-01,1.397765617591474885e-01,8.047741434617583511e-02
9.863411388444385253e-01,1.481628320152590106e-01,7.196480412169722896e-02
9.856348815612160363e-01,1.565171271148712295e-01,6.345288937089374470e-02
9.847893720799839601e-01,1.648359893181089164e-01,5.494532977270296520e-02
9.838056891054831610e-01,1.731160225464584146e-01,4.644576214661079450e-02
9.826850814108685217e-01,1.813538991444950677e-01,3.795779284419664029e-02
9.814289634784121308e-01,1.895463663370323959e-01,2.948499031909392748e-02
9.800389106044079535e-01,1.976902523536788747e-01,2.103087790996583523e-02
9.785166535010308975e-01,2.057824721954957803e-01,1.259892686911198711e-02
9.768640724307792178e-01,2.138200330213293476e-01,4.192549667084889339e-03
9.789372551285108193e-01,4.165690447355365096e-03,2.041188319204128854e-01
9.805038554361814596e-01,1.251707049492997541e-02,1.961007710872362808e-01
9.819408177344269850e-01,2.089235782413674178e-02,1.880312204172306934e-01
9.832463850811692385e-01,2.928819019390717024e-02,1.799131683340011723e-01
9.844189491881303322e-01,3.770115124550286329e-02,1.717496890072908178e-01
9.854570558257995661e-01,4.612777708120763959e-02,1.635439369242816243e-01
9.863594097612340406e-01,5.456456309317465198e-02,1.552991411113432418e-01
9.871248791963270763e-01,6.300797101253151344e-02,1.470185990292402212e-01
9.877524996770910004e-01,7.145443614685340061e-02,1.387056701674213022e-01
9.882414774477278341e-01,7.990037477236948404e-02,1.303637693654449425e-01
9.885911922267787144e-01,8.834219164579724948e-02,1.219963598918152453e-01
9.888011993864124216e-01,9.677628759952121296e-02,1.136069463124814299e-01
9.888712315198916469e-01,1.051990671829671903e-01,1.051990671829671903e-01
9.888011993864124216e-01,1.136069463124814299e-01,9.677628759952121296e-02
9.885911922267787144e-01,1.219963598918152453e-01,8.834219164579724948e-02
9.882414774477278341e-01,1.303637693654449425e-01,7.990037477236948404e-02
9.877524996770910004e-01,1.387056701674213022e-01,7.145443614685340061e-02
9.871248791963270763e-01,1.470185990292402212e-01,6.300797101253151344e-02
9.863594097612340406e-01,1.552991411113432418e-01,5.456456309317465198e-02
9.854570558257995661e-01,1.635439369242816243e-01,4.612777708120763959e-02
9.844189491881303322e-01,1.717496890072908178e-01,3.770115124550286329e-02
9.832463850811692385e-01,1.799131683340011723e-01,2.928819019390717024e-02
9.819408177344269850e-01,1.880312204172306934e-01,2.089235782413674178e-02
9.805038554361814596e-01,1.961007710872362808e-01,1.251707049492997541e-02
9.789372551285108193e-01,2.041188319204128854e-01,4.165690447355365096e-03
9.823712881419016663e-01,1.243507959673293209e-02,1.865261939509939848e-01
9.837243473898426016e-01,2.075367821497558010e-02,1.784816326487899951e-01
9.849468930072295958e-01,2.909125844325150673e-02,1.703916565961874074e-01
9.860374353745999798e-01,3.744445957118733986e-02,1.622593248084784889e-01
9.869946373331625056e-01,4.580987768212990696e-02,1.540877703853460456e-01
9.878173186816828766e-01,5.418407233275054219e-02,1.458801947420206857e-01
9.885044601790911045e-01,6.256357342905639884e-02,1.376398615439240747e-01
9.890552070264810869e-01,7.094488826772227252e-02,1.293700903705523875e-01
9.894688718053614718e-01,7.932450871013446703e-02,1.210742501365210250e-01
9.897449368524769975e-01,8.769891845528277052e-02,1.127557522996492784e-01
9.898830560551802327e-01,9.606460037666306184e-02,1.044180438876772393e-01
9.898830560551802327e-01,1.044180438876772393e-01,9.606460037666306184e-02
9.897449368524769975e-01,1.127557522996492784e-01,8.769891845528277052e-02
9.894688718053614718e-01,1.210742501365210250e-01,7.932450871013446703e-02
9.890552070264810869e-01,1.293700903705523875e-01,7.094488826772227252e-02
9.885044601790911045e-01,1.376398615439240747e-01,6.256357342905639884e-02
9.878173186816828766e-01,1.458801947420206857e-01,5.418407233275054219e-02
9.869946373331625056e-01,1.540877703853460456e-01,4.580987768212990696e-02
9.860374353745999798e-01,1.622593248084784889e-01,3.744445957118733986e-02
9.849468930072295958e-01,1.703916565961874074e-01,2.909125844325150673e-02
9.837243473898426016e-01,1.784816326487899951e-01,2.075367821497558010e-02
9.823712881419016663e-01,1.865261939509939848e-01,1.243507959673293209e-02
9.808893523816279991e-01,1.945223610208291765e-01,4.138773638741046271e-03
9.827239494192501201e-01,4.111815687946653204e-03,1.850317059575993794e-01
9.841225847104763114e-01,1.235300315536162763e-02,1.770597118935166581e-01
9.853931758526897067e-01,2.061491999691819621e-02,1.690423439747291978e-01
9.865342019643297267e-01,2.889430717050338326e-02,1.609825685213759905e-01
9.875442882704155156e-01,3.718786022775623368e-02,1.528834253807756227e-01
9.884222106394452423e-01,4.549223563612509597e-02,1.447480224785798464e-01
9.891668996591100882e-01,5.380405730363359978e-02,1.365795300784545252e-01
9.897774442245331761e-01,6.211992327769037120e-02,1.283811747738934361e-01
9.902530946156421487e-01,7.043641258772349867e-02,1.201562332378812575e-01
9.905932650434342568e-01,7.875009220010566191e-02,1.119080257580448851e-01
9.907975356482643381e-01,8.705752405277636385e-02,1.036399095866385317e-01
9.908656539368340121e-01,9.535527213618068265e-02,9.535527213618068265e-02
9.907975356482643381e-01,1.036399095866385317e-01,8.705752405277636385e-02
9.905932650434342568e-01,1.119080257580448851e-01,7.875009220010566191e-02
9.902530946156421487e-01,1.201562332378812575e-01,7.043641258772349867e-02
9.897774442245331761e-01,1.283811747738934361e-01,6.211992327769037120e-02
9.891668996591100882e-01,1.365795300784545252e-01,5.380405730363359978e-02
9.884222106394452423e-01,1.447480224785798464e-01,4.549223563612509597e-02
9.875442882704155156e-01,1.528834253807756227e-01,3.718786022775623368e-02
9.865342019643297267e-01,1.609825685213759905e-01,2.889430717050338326e-02
9.853931758526897067e-01,1.690423439747291978e-01,2.061491999691819621e-02
9.841225847104763114e-01,1.770597118935166581e-01,1.235300315536162763e-02
9.827239494192501201e-01,1.850317059575993794e-01,4.111815687946653204e-03
9.844445984966865293e-01,4.084832358907413384e-03,1.756477914330187573e-01
9.857613396158830810e-01,1.227088804501099209e-02,1.677021366151502380e-01
9.869509352157886939e-01,2.047616048165536856e-02,1.597140517569118623e-01
9.880119769939399443e-01,2.869744331517667599e-02,1.516864860945053017e-01
9.889432011459836636e-01,3.693148883947656308e-02,1.436224565979644374e-01
9.897434924959522817e-01,4.517501418031317356e-02,1.355250425409395276e-01
9.904118881707194566e-01,5.342470766066121507e-02,1.273973798061921181e-01
9.909475807951434456e-01,6.167723531919979546e-02,1.192426549504529421e-01
9.913499211872704997e-01,6.992924755262903969e-02,1.110640990541755246e-01
9.916184205360617510e-01,7.817738585139075158e-02,1.028649813834088961e-01
9.917527520473762292e-01,8.641828959748922012e-02,9.464860289248819281e-02
9.917527520473762292e-01,9.464860289248819281e-02,8.641828959748922012e-02
9.916184205360617510e-01,1.028649813834088961e-01,7.817738585139075158e-02
9.913499211872704997e-01,1.110640990541755246e-01,6.992924755262903969e-02
9.909475807951434456e-01,1.192426549504529421e-01,6.167723531919979546e-02
9.904118881707194566e-01,1.273973798061921181e-01,5.342470766066121507e-02
9.897434924959522817e-01,1.355250425409395276e-01,4.517501418031317356e-02
9.889432011459836636e-01,1.436224565979644374e-01,3.693148883947656308e-02
9.880119769939399443e-01,1.516864860945053017e-01,2.869744331517667599e-02
9.869509352157886939e-01,1.597140517569118623e-01,2.047616048165536856e-02
9.844445984966865293e-01,1.756477914330187573e-01,4.084832358907413384e-03
9.860548134398691156e-01,4.057838738435674830e-03,1.663713882758626750e-01
9.872911035111943123e-01,1.218877905569375718e-02,1.584541277240188450e-01
9.884012084477185045e-01,2.033747342485017415e-02,1.504973033438912755e-01
9.893838288170900830e-01,2.850076873135650585e-02,1.425038436567825084e-01
9.902378078805265105e-01,3.667547436594542631e-02,1.344767393417999057e-01
9.909621353350617223e-01,4.485836826619620660e-02,1.264190378410983973e-01
9.915559506066896622e-01,5.304620311887640188e-02,1.183338377267242891e-01
9.920185456735433061e-01,6.123571269589773991e-02,1.102242828526159291e-01
9.923493674010706034e-01,6.942361829554814789e-02,1.020935563169825810e-01
9.925480193741810231e-01,7.760663525970962207e-02,9.394487426175375522e-02
9.926142632145014133e-01,8.578147953705567152e-02,8.578147953705567152e-02
9.925480193741810231e-01,9.394487426175375522e-02,7.760663525970962207e-02
9.923493674010706034e-01,1.020935563169825810e-01,6.942361829554814789e-02
9.920185456735433061e-01,1.102242828526159291e-01,6.123571269589773991e-02
9.915559506066896622e-01,1.183338377267242891e-01,5.304620311887640188e-02
9.909621353350617223e-01,1.264190378410983973e-01,4.485836826619620660e-02
9.902378078805265105e-01,1.344767393417999057e-01,3.667547436594542631e-02
9.893838288170900830e-01,1.425038436567825084e-01,2.850076873135650585e-02
9.884012084477185045e-01,1.504973033438912755e-01,2.033747342485017415e-02
9.872911035111943123e-01,1.584541277240188450e-01,1.218877905569375718e-02
9.860548134398691156e-01,1.663713882758626750e-01,4.057838738435674830e-03
9.875580647021733327e-01,4.030849243682340342e-03,1.572031205036112655e-01
9.887153785428404174e-01,1.210671892093274048e-02,1.493162000248371146e-01
9.897475249773017847e-01,2.019892908116942276e-02,1.413925035681859732e-01
9.906533097005232325e-01,2.830438027715780416e-02,1.334349355923153679e-01
9.914316791199407897e-01,3.641993923297742047e-02,1.254464573580333364e-01
9.920817237283546808e-01,4.454244473882408573e-02,1.174300815841725909e-01
9.926026810356165520e-01,5.266871368760414618e-02,1.093888668896393773e-01
9.929939380407245553e-01,6.079554722698313207e-02,1.013259120449718914e-01
9.932550332286955719e-01,6.891973699954213883e-02,9.324435005820407019e-02
9.933856580795148439e-01,7.703807144290114595e-02,8.514734212110126876e-02
9.933856580795148439e-01,8.514734212110126876e-02,7.703807144290114595e-02
9.932550332286955719e-01,9.324435005820407019e-02,6.891973699954213883e-02
9.929939380407245553e-01,1.013259120449718914e-01,6.079554722698313207e-02
9.926026810356165520e-01,1.093888668896393773e-01,5.266871368760414618e-02
9.920817237283546808e-01,1.174300815841725909e-01,4.454244473882408573e-02
9.914316791199407897e-01,1.254464573580333364e-01,3.641993923297742047e-02
9.906533097005232325e-01,1.334349355923153679e-01,2.830438027715780416e-02
9.897475249773017847e-01,1.413925035681859732e-01,2.019892908116942276e-02
9.887153785428404174e-01,1.493162000248371146e-01,1.210671892093274048e-02
9.875580647021733327e-01,1.572031205036112655e-01,4.030849243682340342e-03
9.889577749137568041e-01,4.003877631229784892e-03,1.481434723555020427e-01
9.900376141598254964e-01,1.202474835011933807e-02,1.402887307513922821e-01
9.909933567737371218e-01,2.006059426667484297e-02,1.323999221600539455e-01
9.918239098174568280e-01,2.810836991385505176e-02,1.244799239042152367e-01
9.925283189265091677e-01,3.616499947505499163e-02,1.165316649751771821e-01
9.931057713321547187e-01,4.422738252896235567e-02,1.085581207529075914e-01
9.935555984512840499e-01,5.229239991848863567e-02,1.005623075355550622e-01
9.938772780279550023e-01,6.035691971829686142e-02,9.254727690138851715e-02
9.940704358131835505e-01,6.841780327459158484e-02,8.451610992743666118e-02
9.941348467724342441e-01,7.647191129018725275e-02,7.647191129018725275e-02
9.940704358131835505e-01,8.451610992743666118e-02,6.841780327459158484e-02
9.938772780279550023e-01,9.254727690138851715e-02,6.035691971829686142e-02
9.935555984512840499e-01,1.005623075355550622e-01,5.229239991848863567e-02
9.931057713321547187e-01,1.085581207529075914e-01,4.422738252896235567e-02
9.925283189265091677e-01,1.165316649751771821e-01,3.616499947505499163e-02
9.918239098174568280e-01,1.244799239042152367e-01,2.810836991385505176e-02
9.909933567737371218e-01,1.323999221600539455e-01,2.006059426667484297e-02
9.900376141598254964e-01,1.402887307513922821e-01,1.202474835011933807e-02
9.889577749137568041e-01,1.481434723555020427e-01,4.003877631229784892e-03
9.902573149023863319e-01,3.976937007640105395e-03,1.391927952674036906e-01
9.912612033950257695e-01,1.194290606500031035e-02,1.313719667150034243e-01
9.921421148977648263e-01,1.992253242766596141e-02,1.235197010515289573e-01
9.928990540766948758e-01,2.791282481340106106e-02,1.156388456555186850e-01
9.940377182912908394e-01,4.391331285624176101e-02,9.980298376418582362e-02
9.944181444703084072e-01,5.191741316511649940e-02,9.185388483059073184e-02
9.946720047107666662e-01,5.992000028378112464e-02,8.388800039729357727e-02
9.947990077603255932e-01,6.791800454588567404e-02,7.590835802187223535e-02
9.947990077603255932e-01,7.590835802187223535e-02,6.791800454588567404e-02
9.946720047107666662e-01,8.388800039729357727e-02,5.992000028378112464e-02
9.944181444703084072e-01,9.185388483059073184e-02,5.191741316511649940e-02
9.940377182912908394e-01,9.980298376418582362e-02,4.391331285624176101e-02
9.935311618926768729e-01,1.077322946630613482e-01,3.591076488768711605e-02
9.928990540766948758e-01,1.156388456555186850e-01,2.791282481340106106e-02
9.921421148977648263e-01,1.235197010515289573e-01,1.992253242766596141e-02
9.912612033950257695e-01,1.313719667150034243e-01,1.194290606500031035e-02
9.902573149023863319e-01,1.391927952674036906e-01,3.976937007640105395e-03
9.914600001638590454e-01,3.950039841290275099e-03,1.303513147625790791e-01
9.923894795950289893e-01,1.186122883978122343e-02,1.225660313444059679e-01
9.931971464987702225e-01,1.978480371511494307e-02,1.147518615476666726e-01
9.938820993935566506e-01,2.771782747312707615e-02,1.069116202534901583e-01
9.944435706910391692e-01,3.565733918812491465e-02,9.904816441145808392e-02
9.948809290720257437e-01,4.360035944140351616e-02,9.116438792293463100e-02
9.951936814505321083e-01,5.154389585201958612e-02,8.326321637633933570e-02
9.953814745139778486e-01,5.948494867613413062e-02,7.534760165643657193e-02
9.954440958301257192e-01,6.742051645064596477e-02,6.742051645064596477e-02
9.953814745139778486e-01,7.534760165643657193e-02,5.948494867613413062e-02
9.951936814505321083e-01,8.326321637633933570e-02,5.154389585201958612e-02
9.948809290720257437e-01,9.116438792293463100e-02,4.360035944140351616e-02
9.944435706910391692e-01,9.904816441145808392e-02,3.565733918812491465e-02
9.938820993935566506e-01,1.069116202534901583e-01,2.771782747312707615e-02
9.931971464987702225e-01,1.147518615476666726e-01,1.978480371511494307e-02
9.923894795950289893e-01,1.225660313444059679e-01,1.186122883978122343e-02
9.914600001638590454e-01,1.303513147625790791e-01,3.950039841290275099e-03
9.925690877595240158e-01,3.923197975334087595e-03,1.216191372353567085e-01
9.934257135745607759e-01,1.177975154436238132e-02,1.138709315955030166e-01
9.941617322325146944e-01,1.964746506388368938e-02,1.060963113449719247e-01
9.947763323760574483e-01,2.752345583649170799e-02,9.829805655889894966e-02
9.952688340328409433e-01,3.540482018298643507e-02,9.047898491207645444e-02
9.956386906954503013e-01,4.328863872588914474e-02,8.264194665851563870e-02
9.958854910005892069e-01,5.117198175101841939e-02,7.478981948225768561e-02
9.960089599974217833e-01,5.905191462435307320e-02,6.692550324093347880e-02
9.960089599974217833e-01,6.692550324093347880e-02,5.905191462435307320e-02
9.958854910005892069e-01,7.478981948225768561e-02,5.117198175101841939e-02
9.956386906954503013e-01,8.264194665851563870e-02,4.328863872588914474e-02
9.952688340328409433e-01,9.047898491207645444e-02,3.540482018298643507e-02
9.947763323760574483e-01,9.829805655889894966e-02,2.752345583649170799e-02
9.941617322325146944e-01,1.060963113449719247e-01,1.964746506388368938e-02
9.934257135745607759e-01,1.138709315955030166e-01,1.177975154436238132e-02
9.925690877595240158e-01,1.216191372353567085e-01,3.923197975334087595e-03
9.935877736180532827e-01,3.896422641639424398e-03,1.129962566075433106e-01
9.943731111713601800e-01,1.169850719025129770e-02,1.052865647122616655e-01
9.950390840741750731e-01,1.951057027596421814e-02,9.755285137982108723e-02
9.955849673999579430e-01,2.732978341882237594e-02,8.979785980470209039e-02
9.960101650076529367e-01,3.515329994144657244e-02,8.202436653004199774e-02
9.963142113431712188e-01,4.297826009715640522e-02,7.423517653145196571e-02
9.964967728517676315e-01,5.080179626303129442e-02,6.643311819011783748e-02
9.965576489929335313e-01,5.862103817605491402e-02,5.862103817605491402e-02
9.964967728517676315e-01,6.643311819011783748e-02,5.080179626303129442e-02
9.963142113431712188e-01,7.423517653145196571e-02,4.297826009715640522e-02
9.960101650076529367e-01,8.202436653004199774e-02,3.515329994144657244e-02
9.955849673999579430e-01,8.979785980470209039e-02,2.732978341882237594e-02
9.950390840741750731e-01,9.755285137982108723e-02,1.951057027596421814e-02
9.943731111713601800e-01,1.052865647122616655e-01,1.169850719025129770e-02
9.935877736180532827e-01,1.129962566075433106e-01,3.896422641639424398e-03
9.945191902184613575e-01,3.869724475558215370e-03,1.044825608400718198e-01
9.952348111773934303e-01,1.161752697872443785e-02,9.681272482270364410e-02
9.958323435015693503e-01,1.937417010703442258e-02,8.912118249235834178e-02
9.963111450466566321e-01,2.713687943706846739e-02,8.141063831120540217e-02
9.969106193078185463e-01,4.266932611823347904e-02,6.594350400090628894e-02
9.970306440641411028e-01,5.043345670363359734e-02,5.819245004265415078e-02
9.970306440641411028e-01,5.819245004265415078e-02,5.043345670363359734e-02
9.969106193078185463e-01,6.594350400090628894e-02,4.266932611823347904e-02
9.966706997774136267e-01,7.368382605358310411e-02,3.490286497274989325e-02
9.963111450466566321e-01,8.141063831120540217e-02,2.713687943706846739e-02
9.958323435015693503e-01,8.912118249235834178e-02,1.937417010703442258e-02
9.952348111773934303e-01,9.681272482270364410e-02,1.161752697872443785e-02
9.945191902184613575e-01,1.044825608400718198e-01,3.869724475558215370e-03
9.953664046314241176e-01,3.843113531395459751e-03,9.607783828488648814e-02
9.960138836224986525e-01,1.153684035083975268e-02,8.844910935643809924e-02
9.965445800238103002e-01,1.923831235567201314e-02,8.080091189382246353e-02
9.969579308784222160e-01,2.694480894266005830e-02,7.313590998722016567e-02
9.972534965986994404e-01,3.465359640690461596e-02,6.545679321304205545e-02
9.974309622617120175e-01,4.236193276014992709e-02,5.776627194565899653e-02
9.974901385399125298e-01,5.006707259080642181e-02,5.006707259080642181e-02
9.974309622617120175e-01,5.776627194565899653e-02,4.236193276014992709e-02
9.972534965986994404e-01,6.545679321304205545e-02,3.465359640690461596e-02
9.969579308784222160e-01,7.313590998722016567e-02,2.694480894266005830e-02
9.965445800238103002e-01,8.080091189382246353e-02,1.923831235567201314e-02
9.960138836224986525e-01,8.844910935643809924e-02,1.153684035083975268e-02
9.953664046314241176e-01,9.607783828488648814e-02,3.843113531395459751e-03
9.961324168961558367e-01,3.816599298452704337e-03,8.778178386441219672e-02
9.967133283869132887e-01,1.145647503893003696e-02,8.019532527251026222e-02
9.971787900311337438e-01,1.910304195461941940e-02,7.259155942755379787e-02
9.975283145261125695e-01,2.675363295663903476e-02,6.497310860898050655e-02
9.977615351478777983e-01,3.440557017751302848e-02,5.734261696252171414e-02
9.978782068179570253e-01,4.205616963600584957e-02,4.970274593346146047e-02
9.978782068179570253e-01,4.970274593346146047e-02,4.205616963600584957e-02
9.977615351478777983e-01,5.734261696252171414e-02,3.440557017751302848e-02
9.975283145261125695e-01,6.497310860898050655e-02,2.675363295663903476e-02
9.971787900311337438e-01,7.259155942755379787e-02,1.910304195461941940e-02
9.967133283869132887e-01,8.019532527251026222e-02,1.145647503893003696e-02
9.961324168961558367e-01,8.778178386441219672e-02,3.816599298452704337e-03
9.968201587104558170e-01,3.790190717530250199e-03,7.959400506813525678e-02
9.973360741196327650e-01,1.137645711923535551e-02,7.205089508849057967e-02
9.977378959422777971e-01,1.896840106354140409e-02,6.449256361604077670e-02
9.980252090652885766e-01,2.656340860630045445e-02,5.692158987064382947e-02
9.981977161246797792e-01,3.415885720578751977e-02,4.934057151947086189e-02
9.982552383592440126e-01,4.175212023555773672e-02,4.175212023555773672e-02
9.981977161246797792e-01,4.934057151947086189e-02,3.415885720578751977e-02
9.980252090652885766e-01,5.692158987064382947e-02,2.656340860630045445e-02
9.977378959422777971e-01,6.449256361604077670e-02,1.896840106354140409e-02
9.973360741196327650e-01,7.205089508849057967e-02,1.137645711923535551e-02
9.968201587104558170e-01,7.959400506813525678e-02,3.790190717530250199e-03
9.974324924120242519e-01,3.763896197781223772e-03,7.151402775784325427e-02
9.978849774401501449e-01,1.129681106536018984e-02,6.401526270370774818e-02
9.982247456265188612e-01,1.883442916276450649e-02,5.650328748829351599e-02
9.984514506574757586e-01,2.637418926265030356e-02,4.898063720206484450e-02
9.985648611106997530e-01,3.391352358489169161e-02,4.144986215931206752e-02
9.985648611106997530e-01,4.144986215931206752e-02,3.391352358489169161e-02
9.984514506574757586e-01,4.898063720206484450e-02,2.637418926265030356e-02
9.982247456265188612e-01,5.650328748829351599e-02,1.883442916276450649e-02
9.978849774401501449e-01,6.401526270370774818e-02,1.129681106536018984e-02
9.974324924120242519e-01,7.151402775784325427e-02,3.763896197781223772e-03
9.979722102297163833e-01,3.737723633819162172e-03,6.354130177492575693e-02
9.983628224018290531e-01,1.121755980226774203e-02,5.608779901133870843e-02
9.986421120782819072e-01,1.870116314753336728e-02,4.862302418358675771e-02
9.988097984342519942e-01,2.618602467805154765e-02,4.114946735122386456e-02
9.988657126603427416e-01,3.366963076383178155e-02,3.366963076383178155e-02
9.988097984342519942e-01,4.114946735122386456e-02,2.618602467805154765e-02
9.986421120782819072e-01,4.862302418358675771e-02,1.870116314753336728e-02
9.983628224018290531e-01,5.608779901133870843e-02,1.121755980226774203e-02
9.979722102297163833e-01,6.354130177492575693e-02,3.737723633819162172e-03
9.984420337840836934e-01,3.711680422989158644e-03,5.567520634483737879e-02
9.987723201959355368e-01,1.113872476054946631e-02,4.826780729571435863e-02
9.991029346028046376e-01,2.599896112349305705e-02,3.342723573020536104e-02
9.991029346028046376e-01,3.342723573020536104e-02,2.599896112349305705e-02
9.989926933231175754e-01,4.085100232919811752e-02,1.856863742236277912e-02
9.987723201959355368e-01,4.826780729571435863e-02,1.113872476054946631e-02
9.984420337840836934e-01,5.567520634483737879e-02,3.711680422989158644e-03
9.988446138172807354e-01,3.685773482720592926e-03,4.791505527536770587e-02
9.991161090761826458e-01,1.106032593073264826e-02,4.055452841268637754e-02
9.992791125347593173e-01,1.843688399510626241e-02,3.318639119119126679e-02
9.993334647526118664e-01,2.581304152497521445e-02,2.581304152497521445e-02
9.992791125347593173e-01,3.318639119119126679e-02,1.843688399510626241e-02
9.991161090761826458e-01,4.055452841268637754e-02,1.106032593073264826e-02
9.988446138172807354e-01,4.791505527536770587e-02,3.685773482720592926e-03
9.991825301332062370e-01,3.660009267887202097e-03,4.026010194675922610e-02
9.993967544845244744e-01,1.098238191741235728e-02,3.294714575223707531e-02
9.995039183439325958e-01,1.830593257040169508e-02,2.562830559856237381e-02
9.995039183439325958e-01,2.562830559856237381e-02,1.830593257040169508e-02
9.993967544845244744e-01,3.294714575223707531e-02,1.098238191741235728e-02
9.991825301332062370e-01,4.026010194675922610e-02,3.660009267887202097e-03
9.994582917295865565e-01,3.634393788107587522e-03,3.270954409296828597e-02
9.996167493598380194e-01,1.090490999301641471e-02,2.544478998370496708e-02
9.996695853205690430e-01,1.817581064219216461e-02,1.817581064219216461e-02
9.996167493598380194e-01,2.544478998370496708e-02,1.090490999301641471e-02
9.994582917295865565e-01,3.270954409296828597e-02,3.634393788107587522e-03
9.996743371045577753e-01,3.608932624926201090e-03,2.526252837448340893e-02
9.997785146120616862e-01,1.082792615103315981e-02,1.804654358505526635e-02
9.997785146120616862e-01,1.804654358505526635e-02,1.082792615103315981e-02
9.996743371045577753e-01,2.526252837448340893e-02,3.608932624926201090e-03
9.998330347211922264e-01,3.583630948821477525e-03,1.791815474410738546e-02
9.998843997452930843e-01,1.075144515855153832e-02,1.075144515855153832e-02
9.998330347211922264e-01,1.791815474410738546e-02,3.583630948821477525e-03
9.999366836142892234e-01,3.558493535993911827e-03,1.067548060798173548e-02
9.999366836142892234e-01,1.067548060798173548e-02,3.558493535993911827e-03
9.999875141246460375e-01,3.533524784892742073e-03,3.533524784892742073e-03
