f1,f2
0.000000000000000000e+00,1.000000000000000000e+00
2.370398463981795287e-05,9.951313085409684289e-01
4.740796927963590574e-05,9.931145848634891360e-01
7.111195391945386200e-05,9.915670507332644545e-01
9.481593855927181148e-05,9.902623699551093006e-01
1.422239078389077240e-04,9.880735979806459790e-01
1.659278924787256735e-04,9.871178349503229033e-01
1.896318771185436230e-04,9.862281812246403989e-01
2.133358617583615724e-04,9.853925487818274709e-01
2.370398463981795219e-04,9.846021364069296178e-01
2.607438310379974985e-04,9.838502998936975441e-01
2.844478156778154480e-04,9.831318773549163614e-01
3.081518003176333975e-04,9.824427638127843920e-01
3.555597695972692964e-04,9.811397358218093556e-01
3.792637542370872459e-04,9.805207859804306869e-01
4.029677388769051954e-04,9.799208423606095009e-01
4.266717235167231449e-04,9.793382473545458877e-01
4.503757081565410944e-04,9.787715707460019621e-01
4.740796927963590438e-04,9.782195682968508610e-01
4.977836774361770475e-04,9.776811495541382069e-01
5.214876620759949970e-04,9.771553524861819051e-01
5.688956313556308960e-04,9.761382999176286823e-01
5.925996159954488455e-04,9.756455991356889346e-01
6.163036006352667949e-04,9.751626052824783342e-01
6.400075852750847444e-04,9.746887614004240419e-01
6.637115699149026939e-04,9.742235616607324289e-01
6.874155545547206434e-04,9.737665450240798881e-01
7.111195391945385929e-04,9.733172898774341553e-01
7.348235238343565423e-04,9.728754094693555787e-01
7.822314931139924413e-04,9.720123772753421765e-01
8.059354777538103908e-04,9.715905937699107486e-01
8.296394623936283403e-04,9.711749161338720793e-01
8.533434470334462897e-04,9.707650829758142086e-01
8.770474316732642392e-04,9.703608509376753233e-01
9.007514163130821887e-04,9.699619929996164958e-01
9.244554009529001382e-04,9.695682969844213739e-01
9.481593855927180877e-04,9.691795642334467553e-01
9.718633702325360372e-04,9.687956084306712512e-01
1.019271339512172045e-03,9.680413379446938249e-01
1.042975324151989994e-03,9.676707034579771216e-01
1.066679308791807943e-03,9.673042047206145133e-01
1.090383293431625893e-03,9.669417034471782246e-01
1.114087278071443842e-03,9.665830688288339356e-01
1.137791262711261792e-03,9.662281769793774622e-01
1.161495247351079741e-03,9.658769104329514299e-01
1.185199231990897691e-03,9.655291576876702253e-01
1.232607201270533590e-03,9.648437749563845145e-01
1.256311185910351539e-03,9.645059482256380656e-01
1.280015170550169489e-03,9.641712411431253571e-01
1.303719155189987438e-03,9.638395664693660825e-01
1.327423139829805388e-03,9.635108409130807017e-01
1.351127124469623337e-03,9.631849848854820983e-01
1.374831109109441287e-03,9.628619222738845629e-01
1.398535093749259236e-03,9.625415802328057824e-01
1.445943063028895135e-03,9.619087816725394591e-01
1.469647047668713085e-03,9.615961941319491890e-01
1.493351032308531034e-03,9.612860648000685071e-01
1.517055016948348984e-03,9.609783345417660660e-01
1.540759001588166933e-03,9.606729465232709542e-01
1.564462986227984883e-03,9.603698460887145627e-01
1.588166970867802832e-03,9.600689806450571906e-01
1.611870955507620782e-03,9.597702995547181537e-01
1.659278924787256681e-03,9.591792970657423423e-01
1.682982909427074630e-03,9.588868832987043067e-01
1.706686894066892579e-03,9.585964689781966142e-01
1.730390878706710529e-03,9.583080118625562083e-01
1.754094863346528478e-03,9.580214711520688153e-01
1.777798847986346428e-03,9.577368074209937632e-01
1.801502832626164377e-03,9.574539825536531046e-01
1.825206817265982327e-03,9.571729596842933896e-01
1.848910801905800276e-03,9.568937031404513016e-01
1.896318771185436175e-03,9.563403519886850557e-01
1.920022755825254125e-03,9.560661915368372510e-01
1.943726740465072074e-03,9.557936656302475908e-01
1.967430725104890241e-03,9.555227438198496959e-01
1.991134709744708190e-03,9.552533965711578201e-01
2.014838694384526140e-03,9.549855952262694680e-01
2.038542679024344089e-03,9.547193119678764051e-01
2.062246663664162039e-03,9.544545197851518337e-01
2.109654632943797938e-03,9.539293044433453383e-01
2.133358617583615887e-03,9.536688310119935119e-01
2.157062602223433836e-03,9.534097480549149628e-01
2.180766586863251786e-03,9.531520321399185036e-01
2.204470571503069735e-03,9.528956604699996280e-01
2.228174556142887685e-03,9.526406108595000255e-01
2.251878540782705634e-03,9.523868617114040758e-01
2.275582525422523584e-03,9.521343919957104829e-01
2.322990494702159483e-03,9.516332094538331177e-01
2.346694479341977432e-03,9.513844572218639328e-01
2.370398463981795382e-03,9.511369055740492851e-01
2.394102448621613331e-03,9.508905360244792604e-01
2.417806433261431281e-03,9.506453305438410384e-01
2.441510417901249230e-03,9.504012715437897274e-01
2.465214402541067180e-03,9.501583418620014321e-01
2.488918387180885129e-03,9.499165247478705831e-01
2.536326356460521028e-03,9.494361631971853788e-01
2.560030341100338978e-03,9.491975871976647827e-01
2.583734325740156927e-03,9.489600606152691631e-01
2.607438310379974877e-03,9.487235685637855909e-01
2.631142295019792826e-03,9.484880964947041138e-01
2.654846279659610776e-03,9.482536301865949202e-01
2.678550264299428725e-03,9.480201557349097197e-01
2.702254248939246675e-03,9.477876595421896866e-01
2.749662218218882574e-03,9.473255490231843323e-01
2.773366202858700523e-03,9.470959089545866183e-01
2.797070187498518472e-03,9.468671956432841430e-01
2.820774172138336422e-03,9.466393968932551584e-01
2.844478156778154371e-03,9.464125007643023890e-01
2.868182141417972321e-03,9.461864955646085429e-01
2.891886126057790270e-03,9.459613698435672680e-01
2.915590110697608220e-03,9.457371123848777872e-01
2.939294095337426169e-03,9.455137121998926641e-01
2.986702064617062068e-03,9.450694407964692623e-01
3.010406049256880018e-03,9.448485486824355073e-01
3.034110033896697967e-03,9.446284720392036371e-01
3.057814018536515917e-03,9.444092009246728425e-01
3.081518003176333866e-03,9.441907255891857087e-01
3.105221987816151816e-03,9.439730364703591281e-01
3.128925972455969765e-03,9.437561241880900731e-01
3.152629957095787715e-03,9.435399795397331202e-01
3.200037926375423614e-03,9.431099571936546466e-01
3.223741911015241563e-03,9.428960619367610096e-01
3.247445895655059513e-03,9.426828991868704266e-01
3.271149880294877462e-03,9.424704605617505448e-01
3.294853864934695412e-03,9.422587378308852069e-01
3.318557849574513361e-03,9.420477229116617224e-01
3.342261834214331311e-03,9.418374078656815973e-01
3.365965818854149260e-03,9.416277848951867258e-01
3.413373788133785159e-03,9.412105846721772195e-01
3.437077772773603108e-03,9.410029924967553416e-01
3.460781757413421058e-03,9.407960625446113445e-01
3.484485742053239007e-03,9.405897876714117700e-01
3.508189726693056957e-03,9.403841608542564678e-01
3.531893711332874906e-03,9.401791751888133319e-01
3.555597695972692856e-03,9.399748238865377470e-01
3.579301680612510805e-03,9.397711002719769668e-01
3.626709649892146704e-03,9.393655099540276776e-01
3.650413634531964654e-03,9.391636304420298842e-01
3.674117619171782603e-03,9.389623529956722114e-01
3.697821603811600553e-03,9.387616714672230023e-01
3.721525588451418502e-03,9.385615798074511407e-01
3.745229573091236452e-03,9.383620720634351375e-01
3.768933557731054401e-03,9.381631423764330568e-01
3.792637542370872351e-03,9.379647849798137260e-01
3.816341527010690300e-03,9.377669941970460110e-01
3.863749496290326199e-03,9.373730902057644254e-01
3.887453480930144149e-03,9.371769660773627830e-01
3.911157465569962098e-03,9.369813867193910184e-01
3.934861450209780481e-03,9.367863468775515789e-01
3.958565434849597997e-03,9.365918413766951556e-01
3.982269419489416380e-03,9.363978651191657843e-01
4.005973404129233896e-03,9.362044130831883582e-01
4.029677388769052279e-03,9.360114803213016588e-01
4.077085358048688178e-03,9.356271531923991969e-01
4.100789342688505694e-03,9.354357492884833869e-01
4.124493327328324077e-03,9.352448455819994955e-01
4.148197311968141593e-03,9.350544374749313326e-01
4.171901296607959976e-03,9.348645204349911308e-01
4.195605281247777492e-03,9.346750899943143676e-01
4.219309265887595875e-03,9.344861417481897803e-01
4.243013250527413391e-03,9.342976713538186928e-01
4.290421219807049290e-03,9.339221470514901258e-01
4.314125204446867673e-03,9.337350847567781331e-01
4.337829189086685189e-03,9.335484835380409852e-01
4.361533173726503572e-03,9.333623393445131811e-01
4.385237158366321088e-03,9.331766481805280344e-01
4.408941143006139471e-03,9.329914061044770612e-01
4.432645127645956987e-03,9.328066092277953469e-01
4.456349112285775370e-03,9.326222537139702284e-01
4.503757081565411269e-03,9.322548516833231158e-01
4.527461066205228785e-03,9.320717977451490333e-01
4.551165050845047168e-03,9.318891703253059378e-01
4.574869035484864684e-03,9.317069658334878879e-01
4.598573020124683067e-03,9.315251807259706807e-01
4.622277004764500583e-03,9.313438115047735222e-01
4.645980989404318966e-03,9.311628547168399050e-01
4.669684974044136481e-03,9.309823069532365825e-01
4.693388958683954865e-03,9.308021648483718602e-01
4.740796927963590764e-03,9.304430843646269711e-01
4.764500912603408279e-03,9.302641394644748374e-01
4.788204897243226663e-03,9.300855871790726370e-01
4.811908881883044178e-03,9.299074243484055646e-01
4.835612866522862562e-03,9.297296478514629481e-01
4.859316851162680077e-03,9.295522546055700053e-01
4.883020835802498461e-03,9.293752415657355881e-01
4.906724820442315976e-03,9.291986057240126939e-01
4.954132789721951875e-03,9.288464537845985136e-01
4.977836774361770258e-03,9.286709318506776167e-01
5.001540759001587774e-03,9.284957754412247466e-01
5.025244743641406157e-03,9.283209817244048034e-01
5.048948728281223673e-03,9.281465479018733422e-01
5.072652712921042056e-03,9.279724712082265681e-01
5.096356697560859572e-03,9.277987489104645435e-01
5.120060682200677955e-03,9.276253783074646098e-01
5.167468651480313854e-03,9.272796815375666801e-01
5.191172636120131370e-03,9.271073501232253156e-01
5.214876620759949753e-03,9.269353599077810868e-01
5.238580605399767269e-03,9.267637083419780764e-01
5.262284590039585652e-03,9.265923929055001063e-01
5.285988574679403168e-03,9.264214111065164348e-01
5.309692559319221551e-03,9.262507604812353357e-01
5.333396543959039067e-03,9.260804385934670035e-01
5.380804513238674966e-03,9.257407714211589589e-01
5.404508497878493349e-03,9.255714213984378436e-01
5.428212482518310865e-03,9.254023906360517859e-01
5.451916467158129248e-03,9.252336768295644776e-01
5.475620451797946764e-03,9.250652776996950433e-01
5.499324436437765147e-03,9.248971909919386780e-01
5.523028421077582663e-03,9.247294144761935009e-01
5.546732405717401046e-03,9.245619459463955137e-01
5.570436390357218562e-03,9.243947832201585557e-01
5.617844359636854461e-03,9.240613665651168374e-01
5.641548344276672844e-03,9.238951083868025549e-01
5.665252328916490360e-03,9.237291475123601270e-01
5.688956313556308743e-03,9.235634818726538020e-01
5.712660298196126259e-03,9.233981094202137196e-01
5.736364282835944642e-03,9.232330281289217178e-01
5.760068267475762158e-03,9.230682359937043557e-01
5.783772252115580541e-03,9.229037310302297126e-01
5.831180221395216440e-03,9.225755747831159148e-01
5.854884206035033956e-03,9.224119196318796288e-01
5.878588190674852339e-03,9.222485439166246968e-01
5.902292175314669855e-03,9.220854457523857128e-01
5.925996159954488238e-03,9.219226232732381510e-01
5.949700144594305753e-03,9.217600746320324667e-01
5.973404129234124137e-03,9.215977980001338610e-01
5.997108113873941652e-03,9.214357915671651522e-01
6.044516083153577551e-03,9.211125821462909924e-01
6.068220067793395935e-03,9.209513756266765050e-01
6.091924052433214318e-03,9.207904322420917831e-01
6.115628037073031834e-03,9.206297502697594615e-01
6.139332021712850217e-03,9.204693280037141712e-01
6.163036006352667732e-03,9.203091637545758319e-01
6.186739990992486116e-03,9.201492558493277185e-01
6.210443975632303631e-03,9.199896026310970809e-01
6.257851944911939530e-03,9.196710537076318026e-01
6.281555929551757914e-03,9.195121547674566242e-01
6.305259914191575429e-03,9.193535040440055095e-01
6.328963898831393813e-03,9.191950999579746595e-01
6.352667883471211328e-03,9.190369409449684612e-01
6.376371868111029712e-03,9.188790254553054204e-01
6.400075852750847227e-03,9.187213519538268702e-01
6.423779837390665610e-03,9.185639189197103427e-01
6.471187806670301509e-03,9.182497682408459205e-01
6.494891791310119025e-03,9.180930476244854033e-01
6.518595775949937408e-03,9.179365615319076133e-01
6.542299760589754924e-03,9.177803085112604675e-01
6.566003745229573307e-03,9.176242871239651544e-01
6.589707729869390823e-03,9.174684959445490451e-01
6.613411714509209206e-03,9.173129335604812695e-01
6.637115699149026722e-03,9.171575985720107349e-01
6.660819683788845105e-03,9.170024895920075858e-01
6.708227653068481004e-03,9.166929441710489623e-01
6.731931637708298520e-03,9.165385050175405279e-01
6.755635622348116903e-03,9.163842864470920224e-01
6.779339606987934419e-03,9.162302871333778409e-01
6.803043591627752802e-03,9.160765057617900053e-01
6.826747576267570318e-03,9.159229410292957230e-01
6.850451560907388701e-03,9.157695916442978312e-01
6.874155545547206217e-03,9.156164563264962419e-01
6.921563514826842116e-03,9.153108228269568603e-01
6.945267499466660499e-03,9.151583221398945645e-01
6.968971484106478015e-03,9.150060305091183288e-01
6.992675468746296398e-03,9.148539467088196986e-01
7.016379453386113914e-03,9.147020695237039201e-01
7.040083438025932297e-03,9.145503977488652625e-01
7.063787422665749813e-03,9.143989301896662258e-01
7.087491407305568196e-03,9.142476656616166375e-01
7.134899376585204095e-03,9.139457410110356506e-01
7.158603361225021611e-03,9.137950785692069422e-01
7.182307345864839994e-03,9.136446145197050228e-01
7.206011330504657510e-03,9.134943477270389689e-01
7.229715315144475893e-03,9.133442770651822862e-01
7.253419299784293409e-03,9.131944014174639968e-01
7.277123284424111792e-03,9.130447196764629458e-01
7.300827269063929308e-03,9.128952307439023306e-01
7.348235238343565207e-03,9.125968269560988944e-01
7.371939222983383590e-03,9.124479099491018541e-01
7.395643207623201106e-03,9.122991814468371929e-01
7.419347192263019489e-03,9.121506403952294173e-01
7.443051176902837004e-03,9.120022857487486423e-01
7.466755161542655388e-03,9.118541164703166668e-01
7.490459146182472903e-03,9.117061315312129377e-01
7.514163130822291287e-03,9.115583299109826232e-01
7.537867115462108802e-03,9.114107105973461298e-01
7.585275084741744701e-03,9.111160148810747428e-01
7.608979069381563085e-03,9.109689364939561607e-01
7.632683054021380600e-03,9.108220364442909389e-01
7.656387038661198984e-03,9.106753137593569525e-01
7.680091023301016499e-03,9.105287674740881743e-01
7.703795007940834882e-03,9.103823966309927407e-01
7.727498992580652398e-03,9.102362002800722385e-01
7.751202977220470781e-03,9.100901774787409915e-01
7.798610946500106680e-03,9.097986487910978415e-01
7.822314931139924196e-03,9.096531410559757225e-01
7.846018915779741712e-03,9.095078031726702150e-01
7.869722900419560963e-03,9.093626342344991453e-01
7.893426885059378478e-03,9.092176333417363310e-01
7.917130869699195994e-03,9.090727996015381951e-01
7.940834854339013510e-03,9.089281321278723791e-01
7.964538838978832760e-03,9.087836300414472435e-01
8.011946808258467792e-03,9.084951185464366086e-01
8.035650792898285308e-03,9.083511074123469253e-01
8.059354777538104558e-03,9.082072582143539963e-01
8.083058762177922074e-03,9.080635701058407117e-01
8.106762746817739590e-03,9.079200422465247833e-01
8.130466731457557106e-03,9.077766738023950177e-01
8.154170716097376356e-03,9.076334639456481446e-01
8.177874700737193872e-03,9.074904118546253118e-01
8.225282670016828904e-03,9.072047777134691904e-01
8.248986654656648154e-03,9.070621940501885083e-01
8.272690639296465670e-03,9.069197649262176197e-01
8.296394623936283186e-03,9.067774895497081600e-01
8.320098608576100702e-03,9.066353671345969145e-01
8.343802593215919952e-03,9.064933969005487535e-01
8.367506577855737468e-03,9.063515780728991222e-01
8.391210562495554984e-03,9.062099098825993071e-01
8.414914547135372500e-03,9.060683915661604804e-01
8.462322516415009266e-03,9.057858015283860587e-01
8.486026501054826782e-03,9.056447283073876253e-01
8.509730485694644297e-03,9.055038019608189215e-01
8.533434470334463548e-03,9.053630217521895229e-01
8.557138454974281064e-03,9.052223869502526998e-01
8.580842439614098580e-03,9.050818968289547906e-01
8.604546424253916095e-03,9.049415506673859078e-01
8.628250408893735346e-03,9.048013477497302004e-01
8.675658378173370378e-03,9.045213688080753212e-01
8.699362362813187893e-03,9.043815913774813087e-01
8.723066347453007144e-03,9.042419543775166435e-01
8.746770332092824660e-03,9.041024571171193402e-01
8.770474316732642175e-03,9.039630989100392311e-01
8.794178301372459691e-03,9.038238790747920026e-01
8.817882286012278942e-03,9.036847969346152309e-01
8.841586270652096458e-03,9.035458518174240838e-01
8.888994239931731489e-03,9.032683699867868343e-01
8.912698224571550740e-03,9.031298319521700035e-01
8.936402209211368255e-03,9.029914282981127416e-01
8.960106193851185771e-03,9.028531583752757994e-01
8.983810178491003287e-03,9.027150215387439447e-01
9.007514163130822538e-03,9.025770171479855497e-01
9.031218147770640053e-03,9.024391445668128453e-01
9.054922132410457569e-03,9.023014031633417309e-01
9.102330101690094336e-03,9.020263113832551749e-01
9.126034086329911851e-03,9.018889597640429301e-01
9.149738070969729367e-03,9.017517368372625075e-01
9.173442055609548618e-03,9.016146419919733868e-01
9.197146040249366133e-03,9.014776746213108982e-01
9.220850024889183649e-03,9.013408341224506959e-01
9.244554009529001165e-03,9.012041198965720090e-01
9.268257994168820416e-03,9.010675313488223370e-01
9.291961978808637931e-03,9.009310678882826995e-01
9.339369948088272963e-03,9.006585138846127103e-01
9.363073932728092214e-03,9.005224221789983607e-01
9.386777917367909729e-03,9.003864532355581041e-01
9.410481902007727245e-03,9.002506064825241960e-01
9.434185886647544761e-03,9.001148813518593528e-01
9.457889871287364011e-03,8.999792772792239992e-01
9.481593855927181527e-03,8.998437937039444057e-01
9.505297840566999043e-03,8.997084300689804914e-01
9.552705809846635809e-03,8.994380604098224374e-01
9.576409794486453325e-03,8.993030532894374929e-01
9.600113779126270841e-03,8.991681639169255558e-01
9.623817763766088357e-03,8.990333917529528263e-01
9.647521748405907607e-03,8.988987362616358556e-01
9.671225733045725123e-03,8.987641969105127915e-01
9.694929717685542639e-03,8.986297731705141789e-01
9.718633702325360155e-03,8.984954645159340947e-01
9.766041671604996921e-03,8.982271903768546117e-01
9.789745656244814437e-03,8.980932238575076720e-01
9.813449640884631953e-03,8.979593703538294447e-01
9.837153625524451203e-03,8.978256293565123336e-01
9.860857610164268719e-03,8.976920003594469621e-01
9.884561594804086235e-03,8.975584828596953058e-01
9.908265579443903751e-03,8.974250763574637135e-01
9.931969564083723001e-03,8.972917803560780392e-01
9.979377533363358033e-03,8.970255178845875088e-01
1.000308151800317555e-02,8.968925504364980705e-01
1.002678550264299480e-02,8.967596915332354257e-01
1.005048948728281231e-02,8.966269406933390362e-01
1.007419347192262983e-02,8.964942974383171004e-01
1.009789745656244735e-02,8.963617612926216838e-01
1.012160144120226660e-02,8.962293317836256268e-01
1.014530542584208411e-02,8.960970084415987857e-01
1.019271339512171914e-02,8.958326783938743709e-01
1.021641737976153839e-02,8.957006707629907583e-01
1.024012136440135591e-02,8.955687674486587646e-01
1.026382534904117343e-02,8.954369679952858263e-01
1.028752933368099094e-02,8.953052719500397272e-01
1.031123331832081019e-02,8.951736788628262831e-01
1.033493730296062771e-02,8.950421882862676926e-01
1.035864128760044522e-02,8.949107997756809985e-01
1.038234527224026274e-02,8.947795128890568828e-01
1.042975324151989951e-02,8.945172422329000783e-01
1.045345722615971702e-02,8.943862575925277669e-01
1.047716121079953454e-02,8.942553728343975994e-01
1.050086519543935379e-02,8.941245875295560364e-01
1.052456918007917130e-02,8.939939012515998318e-01
1.054827316471898882e-02,8.938633135766561599e-01
1.057197714935880634e-02,8.937328240833631865e-01
1.059568113399862559e-02,8.936024323528500846e-01
1.064308910327826062e-02,8.933419405170236471e-01
1.066679308791807813e-02,8.932118395862537197e-01
1.069049707255789738e-02,8.930818347673139534e-01
1.071420105719771490e-02,8.929519256535058958e-01
1.073790504183753242e-02,8.928221118405103018e-01
1.076160902647734993e-02,8.926923929263688162e-01
1.078531301111716918e-02,8.925627685114653209e-01
1.080901699575698670e-02,8.924332381985092821e-01
1.085642496503662173e-02,8.921744583007976681e-01
1.088012894967644098e-02,8.920452079329287409e-01
1.090383293431625850e-02,8.919160501007468156e-01
1.092753691895607601e-02,8.917869844183262673e-01
1.095124090359589353e-02,8.916580105019639158e-01
1.097494488823571278e-02,8.915291279701622607e-01
1.099864887287553029e-02,8.914003364436127175e-01
1.102235285751534781e-02,8.912716355451797412e-01
1.106976082679498458e-02,8.910145041348904726e-01
1.109346481143480209e-02,8.908860728794838479e-01
1.111716879607461961e-02,8.907577307650619280e-01
1.114087278071443712e-02,8.906294774251157786e-01
1.116457676535425637e-02,8.905013124952150250e-01
1.118828074999407389e-02,8.903732356129927528e-01
1.121198473463389141e-02,8.902452464181306313e-01
1.123568871927370892e-02,8.901173445523439254e-01
1.125939270391352817e-02,8.899895296593663963e-01
1.130680067319316320e-02,8.897341593767813528e-01
1.133050465783298072e-02,8.896066032846047245e-01
1.135420864247279997e-02,8.894791327600707342e-01
1.137791262711261749e-02,8.893517474567906866e-01
1.140161661175243500e-02,8.892244470303092285e-01
1.142532059639225252e-02,8.890972311380898052e-01
1.144902458103207177e-02,8.889700994395018929e-01
1.147272856567188928e-02,8.888430515958068989e-01
1.152013653495152432e-02,8.885892061275206810e-01
1.154384051959134357e-02,8.884624078347922449e-01
1.156754450423116108e-02,8.883356920606557683e-01
1.159124848887097860e-02,8.882090584756339169e-01
1.161495247351079611e-02,8.880825067520624616e-01
1.163865645815061536e-02,8.879560365640776221e-01
1.166236044279043288e-02,8.878296475876039651e-01
1.168606442743025040e-02,8.877033395003413041e-01
1.173347239670988716e-02,8.874509647130517376e-01
1.175717638134970468e-02,8.873248973771914461e-01
1.178088036598952219e-02,8.871989096588509538e-01
1.180458435062933971e-02,8.870730012444242307e-01
1.182828833526915896e-02,8.869471718220085510e-01
1.185199231990897648e-02,8.868214210813922804e-01
1.187569630454879399e-02,8.866957487140433303e-01
1.189940028918861151e-02,8.865701544130979439e-01
1.194680825846824827e-02,8.863191987912355518e-01
1.197051224310806579e-02,8.861938368648295539e-01
1.199421622774788330e-02,8.860685517938270417e-01
1.201792021238770256e-02,8.859433432795362773e-01
1.204162419702752007e-02,8.858182110248667973e-01
1.206532818166733759e-02,8.856931547343181998e-01
1.208903216630715510e-02,8.855681741139704855e-01
1.211273615094697435e-02,8.854432688714721778e-01
1.213644013558679187e-02,8.853184387160311086e-01
1.218384810486642864e-02,8.850690025108810532e-01
1.220755208950624615e-02,8.849443958872871274e-01
1.223125607414606367e-02,8.848198632029596888e-01
1.225496005878588118e-02,8.846954041747450148e-01
1.227866404342570043e-02,8.845710185209868515e-01
1.230236802806551795e-02,8.844467059615163107e-01
1.232607201270533546e-02,8.843224662176424333e-01
1.234977599734515298e-02,8.841982990121420860e-01
1.239718396662478975e-02,8.839501811146522892e-01
1.242088795126460726e-02,8.838262298754705482e-01
1.244459193590442478e-02,8.837023500802588805e-01
1.246829592054424403e-02,8.835785414589916176e-01
1.249199990518406155e-02,8.834548037430540735e-01
1.251570388982387906e-02,8.833311366652339958e-01
1.253940787446369658e-02,8.832075399597124621e-01
1.256311185910351583e-02,8.830840133620545540e-01
1.261051982838315086e-02,8.828371694394578917e-01
1.263422381302296837e-02,8.827138515924901618e-01
1.265792779766278763e-02,8.825906028093110089e-01
1.268163178230260514e-02,8.824674228322741953e-01
1.270533576694242266e-02,8.823443114050650848e-01
1.272903975158224017e-02,8.822212682726922051e-01
1.275274373622205942e-02,8.820982931814792538e-01
1.277644772086187694e-02,8.819753858790561063e-01
1.282385569014151197e-02,8.817297736375826478e-01
1.284755967478133122e-02,8.816070682002506986e-01
1.287126365942114874e-02,8.814844295551294007e-01
1.289496764406096625e-02,8.813618574562585017e-01
1.291867162870078377e-02,8.812393516589358544e-01
1.294237561334060302e-02,8.811169119197093114e-01
1.296607959798042053e-02,8.809945379963686207e-01
1.298978358262023805e-02,8.808722296479383207e-01
1.301348756726005557e-02,8.807499866346697459e-01
1.306089553653969233e-02,8.805056956607106855e-01
1.308459952117950985e-02,8.803836472265884616e-01
1.310830350581932736e-02,8.802616631807494985e-01
1.313200749045914661e-02,8.801397432894658701e-01
1.315571147509896413e-02,8.800178873201918162e-01
1.317941545973878165e-02,8.798960950415564142e-01
1.320311944437859916e-02,8.797743662233562523e-01
1.322682342901841841e-02,8.796527006365482126e-01
1.327423139829805344e-02,8.794095582466966432e-01
1.329793538293787096e-02,8.792880809913057316e-01
1.332163936757769021e-02,8.791666660625988561e-01
1.334534335221750773e-02,8.790453132372300082e-01
1.336904733685732524e-02,8.789240222929721735e-01
1.339275132149714276e-02,8.788027930087103368e-01
1.341645530613696201e-02,8.786816251644350428e-01
1.344015929077677952e-02,8.785605185412351803e-01
1.348756726005641456e-02,8.783184880878729395e-01
1.351127124469623381e-02,8.781975638253234351e-01
1.353497522933605132e-02,8.780766999190622313e-01
1.355867921397586884e-02,8.779558961555745666e-01
1.358238319861568635e-02,8.778351523224052766e-01
1.360608718325550560e-02,8.777144682081531313e-01
1.362979116789532312e-02,8.775938436024641742e-01
1.365349515253514064e-02,8.774732782960259492e-01
1.370090312181477740e-02,8.772323247488206244e-01
1.372460710645459492e-02,8.771119360945800469e-01
1.374831109109441243e-02,8.769916059126304786e-01
1.377201507573422995e-02,8.768713339987748157e-01
1.379571906037404920e-02,8.767511201498210394e-01
1.381942304501386672e-02,8.766309641635762206e-01
1.384312702965368423e-02,8.765108658388409690e-01
1.386683101429350175e-02,8.763908249754038815e-01
1.389053499893332100e-02,8.762708413740353253e-01
1.393794296821295603e-02,8.760310451654612640e-01
1.396164695285277355e-02,8.759112321646560506e-01
1.398535093749259280e-02,8.757914756387079613e-01
1.400905492213241031e-02,8.756717753932133919e-01
1.403275890677222783e-02,8.755521312347169793e-01
1.405646289141204534e-02,8.754325429707066064e-01
1.408016687605186459e-02,8.753130104096077391e-01
1.410387086069168211e-02,8.751935333607785417e-01
1.415127882997131714e-02,8.749547450419911110e-01
1.417498281461113639e-02,8.748354333953636264e-01
1.419868679925095391e-02,8.747161765076564288e-01
1.422239078389077142e-02,8.745969741928107943e-01
1.424609476853058894e-02,8.744778262656693890e-01
1.426979875317040819e-02,8.743587325419707179e-01
1.429350273781022571e-02,8.742396928383444621e-01
1.431720672245004322e-02,8.741207069723065937e-01
1.436461469172967999e-02,8.738828960274593882e-01
1.438831867636949750e-02,8.737640705880677094e-01
1.441202266100931502e-02,8.736452982650897425e-01
1.443572664564913254e-02,8.735265788803979747e-01
1.445943063028895179e-02,8.734079122567219855e-01
1.448313461492876930e-02,8.732892982176433394e-01
1.450683859956858682e-02,8.731707365875910343e-01
1.453054258420840433e-02,8.730522271918369492e-01
1.457795055348804110e-02,8.728153644084964968e-01
1.460165453812785862e-02,8.726970106756259948e-01
1.462535852276767613e-02,8.725787084864761178e-01
1.464906250740749538e-02,8.724604576704636516e-01
1.467276649204731290e-02,8.723422580578206187e-01
1.469647047668713041e-02,8.722241094795902816e-01
1.472017446132694793e-02,8.721060117676220358e-01
1.474387844596676718e-02,8.719879647545679680e-01
1.479128641524640221e-02,8.717520221597944152e-01
1.481499039988621973e-02,8.716341262473508156e-01
1.483869438452603898e-02,8.715162803723640605e-01
1.486239836916585649e-02,8.713984843714328576e-01
1.488610235380567401e-02,8.712807380819317382e-01
1.490980633844549152e-02,8.711630413420081709e-01
1.493351032308531078e-02,8.710453939905776766e-01
1.495721430772512829e-02,8.709277958673200537e-01
1.498091829236494581e-02,8.708102468126752704e-01
1.502832626164458257e-02,8.705752952747598528e-01
1.505203024628440009e-02,8.704578924761332548e-01
1.507573423092421760e-02,8.703405381153996867e-01
1.509943821556403512e-02,8.702232320367394580e-01
1.512314220020385437e-02,8.701059740850690671e-01
1.514684618484367189e-02,8.699887641060377597e-01
1.517055016948348940e-02,8.698716019460228654e-01
1.519425415412330865e-02,8.697544874521268010e-01
1.524166212340294368e-02,8.695204008547003927e-01
1.526536610804276120e-02,8.694034284489642328e-01
1.528907009268258045e-02,8.692865031049272773e-01
1.531277407732239797e-02,8.691696246732589781e-01
1.533647806196221548e-02,8.690527930053312256e-01
1.536018204660203300e-02,8.689360079532140180e-01
1.538388603124185225e-02,8.688192693696730196e-01
1.540759001588166976e-02,8.687025771081653414e-01
1.545499798516130480e-02,8.684693309685127538e-01
1.547870196980112405e-02,8.683527768007071046e-01
1.550240595444094156e-02,8.682362683756060795e-01
1.552610993908075908e-02,8.681198055500708444e-01
1.554981392372057659e-02,8.680033881816331398e-01
1.557351790836039584e-02,8.678870161284916174e-01
1.559722189300021336e-02,8.677706892495086199e-01
1.562092587764003088e-02,8.676544074042067400e-01
1.566833384691966591e-02,8.674219782560174119e-01
1.569203783155948342e-02,8.673058306754461988e-01
1.571574181619930441e-02,8.671897275731818011e-01
1.573944580083912193e-02,8.670736688119982105e-01
1.576314978547893944e-02,8.669576542553096843e-01
1.578685377011875696e-02,8.668416837671675257e-01
1.581055775475857447e-02,8.667257572122576414e-01
1.583426173939839199e-02,8.666098744558963229e-01
1.585796572403820950e-02,8.664940353640275816e-01
1.590537369331784801e-02,8.662624876406640473e-01
1.592907767795766552e-02,8.661467787441677890e-01
1.595278166259748304e-02,8.660311129821549603e-01
1.597648564723730055e-02,8.659154902236617657e-01
1.600018963187711807e-02,8.657999103383332562e-01
1.602389361651693558e-02,8.656843731964205535e-01
1.604759760115675310e-02,8.655688786687784075e-01
1.607130158579657062e-02,8.654534266268613107e-01
1.611870955507620912e-02,8.652226494890049580e-01
1.614241353971602663e-02,8.651073241389495294e-01
1.616611752435584415e-02,8.649920407663814759e-01
1.618982150899566166e-02,8.648767992457128129e-01
1.621352549363547918e-02,8.647615994519378679e-01
1.623722947827529670e-02,8.646464412606312822e-01
1.626093346291511421e-02,8.645313245479449016e-01
1.628463744755493520e-02,8.644162491906045576e-01
1.633204541683457023e-02,8.641862220517215754e-01
1.635574940147438774e-02,8.640712700264773227e-01
1.637945338611420526e-02,8.639563588691709928e-01
1.640315737075402278e-02,8.638414884593589305e-01
1.642686135539384029e-02,8.637266586771551458e-01
1.645056534003365781e-02,8.636118694032288712e-01
1.647426932467347879e-02,8.634971205188016752e-01
1.649797330931329631e-02,8.633824119056457969e-01
1.654538127859293134e-02,8.631531150229674321e-01
1.656908526323274886e-02,8.630385265197145772e-01
1.659278924787256637e-02,8.629239778202661970e-01
1.661649323251238389e-02,8.628094688091044739e-01
1.664019721715220140e-02,8.626949993712460518e-01
1.666390120179202239e-02,8.625805693922389272e-01
1.668760518643183990e-02,8.624661787581612282e-01
1.671130917107165742e-02,8.623518273556172176e-01
1.673501315571147494e-02,8.622375150717359604e-01
1.678242112499110997e-02,8.620090074110841050e-01
1.680612510963092748e-02,8.618948118111712242e-01
1.682982909427074500e-02,8.617806548836312031e-01
1.685353307891056598e-02,8.616665365181781500e-01
1.687723706355038350e-02,8.615524566050359878e-01
1.690094104819020102e-02,8.614384150349360114e-01
1.692464503283001853e-02,8.613244116991147781e-01
1.694834901746983605e-02,8.612104464893109990e-01
1.699575698674947108e-02,8.609826300172129798e-01
1.701946097138928859e-02,8.608687785408896120e-01
1.704316495602910958e-02,8.607549647625213352e-01
1.706686894066892710e-02,8.606411885763260994e-01
1.709057292530874461e-02,8.605274498770113523e-01
1.711427690994856213e-02,8.604137485597705970e-01
1.713798089458837964e-02,8.603000845202822822e-01
1.716168487922819716e-02,8.601864576547068042e-01
1.720909284850783219e-02,8.599593150323353585e-01
1.723279683314765318e-02,8.598457990702519371e-01
1.725650081778747069e-02,8.597323198715026704e-01
1.728020480242728821e-02,8.596188773346268297e-01
1.730390878706710572e-02,8.595054713586325335e-01
1.732761277170692324e-02,8.593921018429956371e-01
1.735131675634674076e-02,8.592787686876566244e-01
1.737502074098655827e-02,8.591654717930189422e-01
1.742242871026619677e-02,8.589389863897638477e-01
1.744613269490601429e-02,8.588257976842493813e-01
1.746983667954583180e-02,8.587126448456381400e-01
1.749354066418564932e-02,8.585995277766170775e-01
1.751724464882546684e-02,8.584864463803241197e-01
1.754094863346528435e-02,8.583734005603453898e-01
1.756465261810510187e-02,8.582603902207136537e-01
1.758835660274491938e-02,8.581474152659066545e-01
1.761206058738474037e-02,8.580344756008444485e-01
1.765946855666437540e-02,8.578087017618363230e-01
1.768317254130419292e-02,8.576958673999260929e-01
1.770687652594401043e-02,8.575830679518282595e-01
1.773058051058382795e-02,8.574703033246469097e-01
1.775428449522364546e-02,8.573575734259172298e-01
1.777798847986346298e-02,8.572448781636033965e-01
1.780169246450328396e-02,8.571322174460966892e-01
1.782539644914310148e-02,8.570195911822141577e-01
1.787280441842273651e-02,8.567944416527043527e-01
1.789650840306255403e-02,8.566819182068208249e-01
1.792021238770237154e-02,8.565694288540454115e-01
1.794391637234218906e-02,8.564569735052940391e-01
1.796762035698200657e-02,8.563445520718971915e-01
1.799132434162182756e-02,8.562321644655976893e-01
1.801502832626164508e-02,8.561198105985494688e-01
1.803873231090146259e-02,8.560074903833149174e-01
1.808614028018109762e-02,8.557829505605732967e-01
1.810984426482091514e-02,8.556707307802208229e-01
1.813354824946073265e-02,8.555585443059883222e-01
1.815725223410055017e-02,8.554463910524571224e-01
1.818095621874037116e-02,8.553342709346076767e-01
1.820466020338018867e-02,8.552221838678166765e-01
1.822836418802000619e-02,8.551101297678564972e-01
1.825206817265982370e-02,8.549981085508927547e-01
1.829947614193945873e-02,8.547741644325744792e-01
1.832318012657927625e-02,8.546622413655038386e-01
1.834688411121909724e-02,8.545503508499936451e-01
1.837058809585891475e-02,8.544384928041524052e-01
1.839429208049873227e-02,8.543266671464718742e-01
1.841799606513854978e-02,8.542148737958253912e-01
1.844170004977836730e-02,8.541031126714674349e-01
1.846540403441818481e-02,8.539913836930305147e-01
1.851281200369781985e-02,8.537680218543359789e-01
1.853651598833764083e-02,8.536563888352234342e-01
1.856021997297745835e-02,8.535447876443191806e-01
1.858392395761727586e-02,8.534332182031262315e-01
1.860762794225709338e-02,8.533216804335167494e-01
1.863133192689691089e-02,8.532101742577308245e-01
1.865503591153672841e-02,8.530986995983746990e-01
1.867873989617654593e-02,8.529872563784195449e-01
1.870244388081636344e-02,8.528758445211995776e-01
1.874985185009600194e-02,8.526531145901096176e-01
1.877355583473581946e-02,8.525417963647109465e-01
1.879725981937563697e-02,8.524305091989871075e-01
1.882096380401545449e-02,8.523192530180661031e-01
1.884466778865527201e-02,8.522080277474305410e-01
1.886837177329508952e-02,8.520968333129155248e-01
1.889207575793490704e-02,8.519856696407082097e-01
1.891577974257472802e-02,8.518745366573449163e-01
1.896318771185436305e-02,8.516523624650392810e-01
1.898689169649418057e-02,8.515413211109078562e-01
1.901059568113399809e-02,8.514303101552389563e-01
1.903429966577381560e-02,8.513193295262984073e-01
1.905800365041363312e-02,8.512083791526927623e-01
1.908170763505345063e-02,8.510974589633696352e-01
1.910541161969327162e-02,8.509865688876148138e-01
1.912911560433308913e-02,8.508757088550514824e-01
1.917652357361272417e-02,8.506540786396716847e-01
1.920022755825254168e-02,8.505433083177766918e-01
1.922393154289235920e-02,8.504325677609134715e-01
1.924763552753217671e-02,8.503218569003722083e-01
1.927133951217199423e-02,8.502111756677721566e-01
1.929504349681181521e-02,8.501005239950609749e-01
1.931874748145163273e-02,8.499899018145127272e-01
1.934245146609145025e-02,8.498793090587269949e-01
1.938985943537108528e-02,8.496582115534609958e-01
1.941356342001090279e-02,8.495477066707953773e-01
1.943726740465072031e-02,8.494372309465190174e-01
1.946097138929053783e-02,8.493267843148394336e-01
1.948467537393035881e-02,8.492163667102815561e-01
1.950837935857017633e-02,8.491059780676871727e-01
1.953208334320999384e-02,8.489956183222131525e-01
1.955578732784981136e-02,8.488852874093302248e-01
1.957949131248962887e-02,8.487749852648219795e-01
1.962689928176926391e-02,8.485544670256208732e-01
1.965060326640908142e-02,8.484442508040478392e-01
1.967430725104890241e-02,8.483340630970872542e-01
1.969801123568871992e-02,8.482239038420681387e-01
1.972171522032853744e-02,8.481137729766251576e-01
1.974541920496835495e-02,8.480036704386971769e-01
1.976912318960817247e-02,8.478935961665262644e-01
1.979282717424798999e-02,8.477835500986564687e-01
1.984023514352762502e-02,8.475635423314985539e-01
1.986393912816744600e-02,8.474535805107974440e-01
1.988764311280726352e-02,8.473436466515694709e-01
1.991134709744708103e-02,8.472337406938504900e-01
1.993505108208689855e-02,8.471238625779720088e-01
1.995875506672671607e-02,8.470140122445589670e-01
1.998245905136653358e-02,8.469041896345291809e-01
2.000616303600635110e-02,8.467943946890921225e-01
2.005357100528598960e-02,8.465748875582849164e-01
2.007727498992580711e-02,8.464651752567817766e-01
2.010097897456562463e-02,8.463554903876029378e-01
2.012468295920544215e-02,8.462458328933990526e-01
2.014838694384525966e-02,8.461362027171061007e-01
2.017209092848507718e-02,8.460265998019438349e-01
2.019579491312489469e-02,8.459170240914148931e-01
2.021949889776471221e-02,8.458074755293032432e-01
2.026690686704435071e-02,8.455884596268726794e-01
2.029061085168416823e-02,8.454789921755214710e-01
2.031431483632398574e-02,8.453695516505213003e-01
2.033801882096380326e-02,8.452601379970499096e-01
2.036172280560362077e-02,8.451507511605594880e-01
2.038542679024343829e-02,8.450413910867773382e-01
2.040913077488325580e-02,8.449320577217039885e-01
2.043283475952307679e-02,8.448227510116121941e-01
2.045653874416289431e-02,8.447134709030459376e-01
2.050394671344252934e-02,8.444949902780178874e-01
2.052765069808234685e-02,8.443857896559920917e-01
2.055135468272216437e-02,8.442766154243614984e-01
2.057505866736198188e-02,8.441674675310121279e-01
2.059876265200179940e-02,8.440583459240951214e-01
2.062246663664162039e-02,8.439492505520257426e-01
2.064617062128143790e-02,8.438401813634827109e-01
2.066987460592125542e-02,8.437311383074073134e-01
2.071728257520089045e-02,8.435131303897299704e-01
2.074098655984070796e-02,8.434041654273136679e-01
2.076469054448052548e-02,8.432952263957341765e-01
2.078839452912034300e-02,8.431863132452303011e-01
2.081209851376016398e-02,8.430774259262971970e-01
2.083580249839998150e-02,8.429685643896861480e-01
2.085950648303979901e-02,8.428597285864027899e-01
2.088321046767961653e-02,8.427509184677067777e-01
2.093061843695925156e-02,8.425333750903797325e-01
2.095432242159906908e-02,8.424246417355288896e-01
2.097802640623888659e-02,8.423159338728241075e-01
2.100173039087870758e-02,8.422072514547807032e-01
2.102543437551852509e-02,8.420985944341619067e-01
2.104913836015834261e-02,8.419899627639789719e-01
2.107284234479816012e-02,8.418813563974890668e-01
2.109654632943797764e-02,8.417727752881954961e-01
2.114395429871761267e-02,8.415556886564328209e-01
2.116765828335743019e-02,8.414471830421903498e-01
2.119136226799725117e-02,8.413387025015960363e-01
2.121506625263706869e-02,8.412302469893679913e-01
2.123877023727688620e-02,8.411218164604646885e-01
2.126247422191670372e-02,8.410134108700849653e-01
2.128617820655652124e-02,8.409050301736653577e-01
2.130988219119633875e-02,8.407966743268808774e-01
2.133358617583615627e-02,8.406883432856433469e-01
2.138099414511579477e-02,8.404717554446363703e-01
2.140469812975561228e-02,8.403634985578678496e-01
2.142840211439542980e-02,8.402552663026467972e-01
2.145210609903524732e-02,8.401470586360575421e-01
2.147581008367506483e-02,8.400388755154162279e-01
2.149951406831488235e-02,8.399307168982701466e-01
2.152321805295469986e-02,8.398225827423974055e-01
2.154692203759452085e-02,8.397144730058051509e-01
2.159433000687415588e-02,8.394983266236342168e-01
2.161803399151397340e-02,8.393902898952108060e-01
2.164173797615379091e-02,8.392822774203764213e-01
2.166544196079360843e-02,8.391742891582744113e-01
2.168914594543342594e-02,8.390663250682723895e-01
2.171284993007324346e-02,8.389583851099620126e-01
2.173655391471306444e-02,8.388504692431583143e-01
2.176025789935288196e-02,8.387425774278984836e-01
2.180766586863251699e-02,8.385268657932676284e-01
2.183136985327233451e-02,8.384190458950763203e-01
2.185507383791215202e-02,8.383112498907867582e-01
2.187877782255196954e-02,8.382034777415371396e-01
2.190248180719178706e-02,8.380957294086828213e-01
2.192618579183160804e-02,8.379880048537965420e-01
2.194988977647142556e-02,8.378803040386674228e-01
2.197359376111124307e-02,8.377726269252997460e-01
2.202100173039087810e-02,8.375573436529410998e-01
2.204470571503069562e-02,8.374497374190302823e-01
2.206840969967051314e-02,8.373421547370401008e-01
2.209211368431033065e-02,8.372345955700418729e-01
2.211581766895015164e-02,8.371270598813181918e-01
2.213952165358996915e-02,8.370195476343618157e-01
2.216322563822978667e-02,8.369120587928753352e-01
2.218692962286960418e-02,8.368045933207706177e-01
2.223433759214923922e-02,8.365897323413927777e-01
2.225804157678905673e-02,8.364823367629815598e-01
2.228174556142887425e-02,8.363749644116743598e-01
2.230544954606869523e-02,8.362676152524168849e-01
2.232915353070851275e-02,8.361602892503599005e-01
2.235285751534833026e-02,8.360529863708583420e-01
2.237656149998814778e-02,8.359457065794705377e-01
2.240026548462796530e-02,8.358384498419573205e-01
2.242396946926778281e-02,8.357312161242815840e-01
2.247137743854741784e-02,8.355168176133006552e-01
2.249508142318723883e-02,8.354096527529253358e-01
2.251878540782705634e-02,8.353025107782461323e-01
2.254248939246687386e-02,8.351953916562258051e-01
2.256619337710669138e-02,8.350882953540252895e-01
2.258989736174650889e-02,8.349812218390028074e-01
2.261360134638632641e-02,8.348741710787132009e-01
2.263730533102614392e-02,8.347671430409074889e-01
2.268471330030578242e-02,8.345531550047268210e-01
2.270841728494559994e-02,8.344461949428279013e-01
2.273212126958541746e-02,8.343392574763632830e-01
2.275582525422523497e-02,8.342323425740540976e-01
2.277952923886505249e-02,8.341254502048135455e-01
2.280323322350487000e-02,8.340185803377464513e-01
2.282693720814468752e-02,8.339117329421484870e-01
2.285064119278450503e-02,8.338049079875053948e-01
2.289804916206414354e-02,8.335913252799748152e-01
2.292175314670396105e-02,8.334845674670042781e-01
2.294545713134377857e-02,8.333778319748219587e-01
2.296916111598359608e-02,8.332711187738550684e-01
2.299286510062341360e-02,8.331644278347178911e-01
2.301656908526323111e-02,8.330577591282105621e-01
2.304027306990304863e-02,8.329511126253180686e-01
2.306397705454286962e-02,8.328444882972104724e-01
2.311138502382250465e-02,8.326313060509495934e-01
2.313508900846232216e-02,8.325247480760539220e-01
2.315879299310213968e-02,8.324182121624577047e-01
2.318249697774195719e-02,8.323116982822450494e-01
2.320620096238177471e-02,8.322052064076814748e-01
2.322990494702159223e-02,8.320987365112129108e-01
2.325360893166141321e-02,8.319922885654649214e-01
2.327731291630123073e-02,8.318858625432429266e-01
2.330101690094104824e-02,8.317794584175306483e-01
2.334842487022068327e-02,8.315667157484614158e-01
2.337212885486050079e-02,8.314603771519608610e-01
2.339583283950031831e-02,8.313540603456817113e-01
2.341953682414013582e-02,8.312477653034929803e-01
2.344324080877995681e-02,8.311414919994392081e-01
2.346694479341977432e-02,8.310352404077392396e-01
2.349064877805959184e-02,8.309290105027867801e-01
2.351435276269940935e-02,8.308228022591486184e-01
2.356176073197904439e-02,8.306104506549482069e-01
2.358546471661886190e-02,8.305043072443830665e-01
2.360916870125867942e-02,8.303981853951255543e-01
2.363287268589850040e-02,8.302920850826026600e-01
2.365657667053831792e-02,8.301860062824116815e-01
2.368028065517813543e-02,8.300799489703193368e-01
2.370398463981795295e-02,8.299739131222623190e-01
2.372768862445777047e-02,8.298678987143455199e-01
2.377509659373740550e-02,8.296559341241932506e-01
2.379880057837722301e-02,8.295499838950066707e-01
2.382250456301704400e-02,8.294440550120570910e-01
2.384620854765686151e-02,8.293381474522851793e-01
2.386991253229667903e-02,8.292322611927972487e-01
2.389361651693649655e-02,8.291263962108643693e-01
2.391732050157631406e-02,8.290205524839225903e-01
2.394102448621613158e-02,8.289147299895714971e-01
2.398843245549576661e-02,8.287031486098574984e-01
2.401213644013558760e-02,8.285973896805091110e-01
2.403584042477540511e-02,8.284916518957803344e-01
2.405954440941522263e-02,8.283859352340828819e-01
2.408324839405504014e-02,8.282802396739897821e-01
2.410695237869485766e-02,8.281745651942344910e-01
2.413065636333467517e-02,8.280689117737101146e-01
2.415436034797449269e-02,8.279632793914696309e-01
2.417806433261431021e-02,8.278576680267245580e-01
2.422547230189394871e-02,8.276465082673590823e-01
2.424917628653376622e-02,8.275409598319523052e-01
2.427288027117358374e-02,8.274354323324673022e-01
2.429658425581340125e-02,8.273299257489026282e-01
2.432028824045321877e-02,8.272244400614136017e-01
2.434399222509303629e-02,8.271189752503105286e-01
2.436769620973285727e-02,8.270135312960589236e-01
2.439140019437267479e-02,8.269081081792789556e-01
2.443880816365230982e-02,8.266973243813839911e-01
2.446251214829212733e-02,8.265919636622776068e-01
2.448621613293194485e-02,8.264866237046589736e-01
2.450992011757176237e-02,8.263813044899140925e-01
2.453362410221157988e-02,8.262760059995802875e-01
2.455732808685140087e-02,8.261707282153464282e-01
2.458103207149121838e-02,8.260654711190518196e-01
2.460473605613103590e-02,8.259602346926864236e-01
2.465214402541067093e-02,8.257498237784517414e-01
2.467584801005048845e-02,8.256446492553097816e-01
2.469955199469030596e-02,8.255394953315507989e-01
2.472325597933012348e-02,8.254343619899092710e-01
2.474695996396994446e-02,8.253292492132677793e-01
2.477066394860976198e-02,8.252241569846555658e-01
2.479436793324957949e-02,8.251190852872489767e-01
2.481807191788939701e-02,8.250140341043704639e-01
2.486547988716903204e-02,8.248039932162158916e-01
2.488918387180884956e-02,8.246990034783121537e-01
2.491288785644866707e-02,8.245940341896800252e-01
2.493659184108848806e-02,8.244890853343668224e-01
2.496029582572830557e-02,8.243841568965634137e-01
2.498399981036812309e-02,8.242792488606035528e-01
2.500770379500794061e-02,8.241743612109643236e-01
2.503140777964775812e-02,8.240694939322645851e-01
2.505511176428757564e-02,8.239646470092655273e-01
2.510251973356721067e-02,8.237550141701208695e-01
2.512622371820703165e-02,8.236502282242029738e-01
2.514992770284684917e-02,8.235454625744407231e-01
2.517363168748666669e-02,8.234407172062983005e-01
2.519733567212648420e-02,8.233359921053793329e-01
2.522103965676630172e-02,8.232312872574263363e-01
2.524474364140611923e-02,8.231266026483207154e-01
2.526844762604593675e-02,8.230219382640815429e-01
2.531585559532557525e-02,8.228126701149688360e-01
2.533955957996539277e-02,8.227080663228206747e-01
2.536326356460521028e-02,8.226034827009893746e-01
2.538696754924502780e-02,8.224989192361792378e-01
2.541067153388484531e-02,8.223943759152294586e-01
2.543437551852466283e-02,8.222898527251152334e-01
2.545807950316448035e-02,8.221853496529459848e-01
2.548178348780429786e-02,8.220808666859661384e-01
2.552919145708393636e-02,8.218719610172214862e-01
2.555289544172375388e-02,8.217675382906143300e-01
2.557659942636357139e-02,8.216631356195105429e-01
2.560030341100338891e-02,8.215587529918209064e-01
2.562400739564320643e-02,8.214543903955884296e-01
2.564771138028302394e-02,8.213500478189876830e-01
2.567141536492284146e-02,8.212457252503249094e-01
2.569511934956266244e-02,8.211414226780369141e-01
2.574252731884229747e-02,8.209328774769861781e-01
2.576623130348211499e-02,8.208286348257487486e-01
2.578993528812193251e-02,8.207244121259362757e-01
2.581363927276175002e-02,8.206202093666349340e-01
2.583734325740156754e-02,8.205160265370593509e-01
2.586104724204138505e-02,8.204118636265529396e-01
2.588475122668120604e-02,8.203077206245865671e-01
2.590845521132102355e-02,8.202035975207589980e-01
2.593215919596084107e-02,8.200994943047960062e-01
2.597956716524047610e-02,8.198913474960011216e-01
2.600327114988029362e-02,8.197873038832534931e-01
2.602697513452011113e-02,8.196832801185385264e-01
2.605067911915992865e-02,8.195792761922122693e-01
2.607438310379974963e-02,8.194752920947564467e-01
2.609808708843956715e-02,8.193713278167766845e-01
2.612179107307938467e-02,8.192673833490032864e-01
2.614549505771920218e-02,8.191634586822903463e-01
2.619290302699883721e-02,8.189556687160800541e-01
2.621660701163865473e-02,8.188518033989073963e-01
2.624031099627847224e-02,8.187479578474436970e-01
2.626401498091829323e-02,8.186441320531575583e-01
2.628771896555811075e-02,8.185403260076391518e-01
2.631142295019792826e-02,8.184365397025998856e-01
2.633512693483774578e-02,8.183327731298726260e-01
2.635883091947756329e-02,8.182290262814106985e-01
2.640623888875719832e-02,8.180215917256987712e-01
2.642994287339701584e-02,8.179179040029562753e-01
2.645364685803683683e-02,8.178142359734933420e-01
2.647735084267665434e-02,8.177105876298623732e-01
2.650105482731647186e-02,8.176069589647336766e-01
2.652475881195628937e-02,8.175033499708965756e-01
2.654846279659610689e-02,8.173997606412580774e-01
2.657216678123592440e-02,8.172961909688428728e-01
2.661957475051555944e-02,8.170891105683673050e-01
2.664327873515538042e-02,8.169855998269420772e-01
2.666698271979519794e-02,8.168821087160089700e-01
2.669068670443501545e-02,8.167786372291760966e-01
2.671439068907483297e-02,8.166751853601673661e-01
2.673809467371465048e-02,8.165717531028219289e-01
2.676179865835446800e-02,8.164683404510938436e-01
2.678550264299428552e-02,8.163649473990519656e-01
2.683291061227392402e-02,8.161582200708739077e-01
2.685661459691374153e-02,8.160548857834460934e-01
2.688031858155355905e-02,8.159515710731204408e-01
2.690402256619337656e-02,8.158482759345343505e-01
2.692772655083319408e-02,8.157450003624384660e-01
2.695143053547301160e-02,8.156417443516952304e-01
2.697513452011282911e-02,8.155385078972797741e-01
2.699883850475264663e-02,8.154352909942784722e-01
2.702254248939246761e-02,8.153320936378897210e-01
2.706995045867210264e-02,8.151257575462984573e-01
2.709365444331192016e-02,8.150226188020470719e-01
2.711735842795173768e-02,8.149194995863098256e-01
2.714106241259155519e-02,8.148163998948378950e-01
2.716476639723137271e-02,8.147133197234919244e-01
2.718847038187119022e-02,8.146102590682420264e-01
2.721217436651101121e-02,8.145072179251673372e-01
2.723587835115082872e-02,8.144041962904554621e-01
2.728328632043046376e-02,8.141982115314139179e-01
2.730699030507028127e-02,8.140952484000005818e-01
2.733069428971009879e-02,8.139923047627827257e-01
2.735439827434991630e-02,8.138893806164871902e-01
2.737810225898973729e-02,8.137864759579476193e-01
2.740180624362955480e-02,8.136835907841050153e-01
2.742551022826937232e-02,8.135807250920057410e-01
2.744921421290918984e-02,8.134778788788027404e-01
2.749662218218882487e-02,8.132722448782252478e-01
2.752032616682864238e-02,8.131694570856838888e-01
2.754403015146845990e-02,8.130666887617045147e-01
2.756773413610828088e-02,8.129639399039658709e-01
2.759143812074809840e-02,8.128612105102507313e-01
2.761514210538791592e-02,8.127585005784458971e-01
2.763884609002773343e-02,8.126558101065418649e-01
2.766255007466755095e-02,8.125531390926329367e-01
2.770995804394718598e-02,8.123478554316909683e-01
2.773366202858700350e-02,8.122452427813606768e-01
2.775736601322682448e-02,8.121426495824296543e-01
2.778106999786664200e-02,8.120400758335049041e-01
2.780477398250645951e-02,8.119375215332949036e-01
2.782847796714627703e-02,8.118349866806096049e-01
2.785218195178609454e-02,8.117324712743601012e-01
2.787588593642591206e-02,8.116299753135586270e-01
2.789958992106572958e-02,8.115274987973176701e-01
2.794699789034536808e-02,8.113226040954693019e-01
2.797070187498518559e-02,8.112201859085876876e-01
2.799440585962500311e-02,8.111177871637178516e-01
2.801810984426482062e-02,8.110154078604712158e-01
2.804181382890463814e-02,8.109130479985581230e-01
2.806551781354445566e-02,8.108107075777881700e-01
2.808922179818427317e-02,8.107083865980686532e-01
2.811292578282409069e-02,8.106060850594054568e-01
2.816033375210372919e-02,8.104015403057603928e-01
2.818403773674354670e-02,8.102992970912784587e-01
2.820774172138336422e-02,8.101970733188522678e-01
2.823144570602318174e-02,8.100948689889742038e-01
2.825514969066299925e-02,8.099926841022334623e-01
2.827885367530281677e-02,8.098905186593154948e-01
2.830255765994263428e-02,8.097883726610015653e-01
2.832626164458245527e-02,8.096862461081690832e-01
2.837366961386209030e-02,8.094820513429344944e-01
2.839737359850190782e-02,8.093799831327633809e-01
2.842107758314172533e-02,8.092779343725349239e-01
2.844478156778154285e-02,8.091759050636015971e-01
2.846848555242136036e-02,8.090738952074095769e-01
2.849218953706117788e-02,8.089719048054994088e-01
2.851589352170099886e-02,8.088699338595051191e-01
2.853959750634081638e-02,8.087679823711542149e-01
2.858700547562045141e-02,8.085641377747588843e-01
2.861070946026026893e-02,8.084622446706346555e-01
2.863441344490008644e-02,8.083603710319935409e-01
2.865811742953990396e-02,8.082585168610267878e-01
2.868182141417972147e-02,8.081566821600175698e-01
2.870552539881954246e-02,8.080548669313405430e-01
2.872922938345935998e-02,8.079530711774617346e-01
2.875293336809917749e-02,8.078512949009387656e-01
2.877663735273899501e-02,8.077495381044199618e-01
2.882404532201863004e-02,8.075460829624421244e-01
2.884774930665844755e-02,8.074443846227322696e-01
2.887145329129826507e-02,8.073427057745250490e-01
2.889515727593808606e-02,8.072410464209198722e-01
2.891886126057790357e-02,8.071394065651060767e-01
2.894256524521772109e-02,8.070377862103618183e-01
2.896626922985753860e-02,8.069361853600544032e-01
2.898997321449735612e-02,8.068346040176402889e-01
2.903738118377699115e-02,8.066314998707586614e-01
2.906108516841680867e-02,8.065299770736452656e-01
2.908478915305662965e-02,8.064284737991329610e-01
2.910849313769644717e-02,8.063269900511182975e-01
2.913219712233626468e-02,8.062255258335849772e-01
2.915590110697608220e-02,8.061240811506044102e-01
2.917960509161589971e-02,8.060226560063343815e-01
2.920330907625571723e-02,8.059212504050196069e-01
2.925071704553535226e-02,8.057184978486664484e-01
2.927442103017517325e-02,8.056171509025487065e-01
2.929812501481499076e-02,8.055158235172269476e-01
2.932182899945480828e-02,8.054145156973758768e-01
2.934553298409462579e-02,8.053132274477552421e-01
2.936923696873444331e-02,8.052119587732099459e-01
2.939294095337426083e-02,8.051107096786699335e-01
2.941664493801407834e-02,8.050094801691495272e-01
2.946405290729371684e-02,8.048070799256465957e-01
2.948775689193353436e-02,8.047059092021137117e-01
2.951146087657335187e-02,8.046047580844998270e-01
2.953516486121316939e-02,8.045036265782387064e-01
2.955886884585298691e-02,8.044025146888478250e-01
2.958257283049280442e-02,8.043014224219275921e-01
2.960627681513262194e-02,8.042003497831613501e-01
2.962998079977243945e-02,8.040992967783145984e-01
2.965368478441226044e-02,8.039982634132359918e-01
2.970109275369189547e-02,8.037962556261862845e-01
2.972479673833171299e-02,8.036952812163216109e-01
2.974850072297153050e-02,8.035943264704376032e-01
2.977220470761134802e-02,8.034933913947910344e-01
2.979590869225116553e-02,8.033924759957198347e-01
2.981961267689098305e-02,8.032915802796429805e-01
2.984331666153080403e-02,8.031907042530601615e-01
2.986702064617062155e-02,8.030898479225512254e-01
2.991442861545025658e-02,8.028881943764760720e-01
2.993813260009007410e-02,8.027873971744701187e-01
2.996183658472989161e-02,8.026866196956583543e-01
2.998554056936970913e-02,8.025858619470198629e-01
3.000924455400952665e-02,8.024851239356125543e-01
3.003294853864934763e-02,8.023844056685740522e-01
3.005665252328916515e-02,8.022837071531200293e-01
3.008035650792898266e-02,8.021830283965449837e-01
3.012776447720861769e-02,8.019817301896018380e-01
3.015146846184843521e-02,8.018811107542135330e-01
3.017517244648825273e-02,8.017805111076636848e-01
3.019887643112807024e-02,8.016799312576363690e-01
3.022258041576789123e-02,8.015793712118932657e-01
3.024628440040770874e-02,8.014788309782728826e-01
3.026998838504752626e-02,8.013783105646906657e-01
3.029369236968734377e-02,8.012778099791387776e-01
3.034110033896697881e-02,8.010768683244776645e-01
3.036480432360679632e-02,8.009764272717343481e-01
3.038850830824661731e-02,8.008760060797533997e-01
3.041221229288643482e-02,8.007756047569074553e-01
3.043591627752625234e-02,8.006752233116446460e-01
3.045962026216606985e-02,8.005748617524887090e-01
3.048332424680588737e-02,8.004745200880380995e-01
3.050702823144570489e-02,8.003741983269663240e-01
3.055443620072533992e-02,8.001736145500273345e-01
3.057814018536516090e-02,8.000733525518798350e-01
3.060184417000497842e-02,7.999731104925505987e-01
3.062554815464479593e-02,7.998728883810846124e-01
3.064925213928461345e-02,7.997726862266010261e-01
3.067295612392443097e-02,7.996725040382920424e-01
3.069666010856424848e-02,7.995723418254235826e-01
3.072036409320406600e-02,7.994721995973343986e-01
3.074406807784388351e-02,7.993720773634365173e-01
3.079147604712352201e-02,7.991718929162253682e-01
3.081518003176333953e-02,7.990718307220991967e-01
3.083888401640315705e-02,7.989717885605375214e-01
3.086258800104297456e-02,7.988717664413143016e-01
3.088629198568279208e-02,7.987717643742749951e-01
3.090999597032260959e-02,7.986717823693371132e-01
3.093369995496242711e-02,7.985718204364893325e-01
3.095740393960224809e-02,7.984718785857913836e-01
3.100481190888188313e-02,7.982720551714411750e-01
3.102851589352170064e-02,7.981721736282632040e-01
3.105221987816151816e-02,7.980723122081841980e-01
3.107592386280133567e-02,7.979724709216174938e-01
3.109962784744115319e-02,7.978726497790468164e-01
3.112333183208097070e-02,7.977728487910258348e-01
3.114703581672079169e-02,7.976730679681776071e-01
3.117073980136060921e-02,7.975733073211954682e-01
3.121814777064024424e-02,7.973738465979476331e-01
3.124185175528006175e-02,7.972741465434142194e-01
3.126555573991988274e-02,7.971744667082109048e-01
3.128925972455969678e-02,7.970748071033760818e-01
3.131296370919951777e-02,7.969751677400160883e-01
3.133666769383933182e-02,7.968755486293064294e-01
3.136037167847915280e-02,7.967759497824900006e-01
3.138407566311896685e-02,7.966763712108780870e-01
3.143148363239860882e-02,7.964772749388513429e-01
3.145518761703842286e-02,7.963777572613970346e-01
3.147889160167824385e-02,7.962782599050680643e-01
3.150259558631805790e-02,7.961787828815130030e-01
3.152629957095787888e-02,7.960793262024468131e-01
3.155000355559769293e-02,7.959798898796518474e-01
3.157370754023751391e-02,7.958804739249762950e-01
3.159741152487732796e-02,7.957810783503356244e-01
3.162111550951714894e-02,7.956817031677106966e-01
3.166852347879678398e-02,7.954830140267630245e-01
3.169222746343660496e-02,7.953837000927321821e-01
3.171593144807641901e-02,7.952844065993005529e-01
3.173963543271623999e-02,7.951851335587777347e-01
3.176333941735605404e-02,7.950858809835388286e-01
3.178704340199587502e-02,7.949866488860234393e-01
3.181074738663569601e-02,7.948874372787363418e-01
3.183445137127551006e-02,7.947882461742469262e-01
3.188185934055514509e-02,7.945899255242606651e-01
3.190556332519496607e-02,7.944907960042244532e-01
3.192926730983478012e-02,7.943916870379067463e-01
3.195297129447460110e-02,7.942925986381975667e-01
3.197667527911441515e-02,7.941935308180509967e-01
3.200037926375423614e-02,7.940944835904840682e-01
3.202408324839405712e-02,7.939954569685776509e-01
3.204778723303387117e-02,7.938964509654755641e-01
3.209519520231350620e-02,7.936985008685741860e-01
3.211889918695332719e-02,7.935995568013770596e-01
3.214260317159314123e-02,7.935006334061878164e-01
3.216630715623296222e-02,7.934017306964636917e-01
3.219001114087278320e-02,7.933028486857238715e-01
3.221371512551259725e-02,7.932039873875499358e-01
3.223741911015241823e-02,7.931051468155849715e-01
3.226112309479223228e-02,7.930063269835339046e-01
3.230853106407186731e-02,7.928087495943004770e-01
3.233223504871168830e-02,7.927099920648350562e-01
3.235593903335150234e-02,7.926112553307165243e-01
3.237964301799132333e-02,7.925125394059562289e-01
3.240334700263114431e-02,7.924138443046255809e-01
3.242705098727095836e-02,7.923151700408568310e-01
3.245075497191077935e-02,7.922165166288426263e-01
3.247445895655059339e-02,7.921178840828357881e-01
3.249816294119041438e-02,7.920192724171494225e-01
3.254557091047004941e-02,7.918221117842890733e-01
3.256927489510987039e-02,7.917235628460400632e-01
3.259297887974968444e-02,7.916250348459610287e-01
3.261668286438950543e-02,7.915265277986628378e-01
3.264038684902931947e-02,7.914280417188160888e-01
3.266409083366914046e-02,7.913295766211496662e-01
3.268779481830895450e-02,7.912311325204516299e-01
3.271149880294877549e-02,7.911327094315687702e-01
3.275890677222841052e-02,7.909359263489279535e-01
3.278261075686823151e-02,7.908375663851554549e-01
3.280631474150804555e-02,7.907392274931689391e-01
3.283001872614786654e-02,7.906409096881059639e-01
3.285372271078768058e-02,7.905426129851622630e-01
3.287742669542750157e-02,7.904443373995910793e-01
3.290113068006731561e-02,7.903460829467030546e-01
3.292483466470713660e-02,7.902478496418663401e-01
3.297224263398677163e-02,7.900514465381037743e-01
3.299594661862659262e-02,7.899532767701991087e-01
3.301965060326640666e-02,7.898551282123880135e-01
3.304335458790622765e-02,7.897570008803221908e-01
3.306705857254604169e-02,7.896588947897107413e-01
3.309076255718586268e-02,7.895608099563183879e-01
3.311446654182567673e-02,7.894627463959664748e-01
3.313817052646549771e-02,7.893647041245316354e-01
3.318557849574513274e-02,7.891686835122013743e-01
3.320928248038495373e-02,7.890707052033383295e-01
3.323298646502476777e-02,7.889727482474574449e-01
3.325669044966458876e-02,7.888748126607133537e-01
3.328039443430440281e-02,7.887768984593159782e-01
3.330409841894422379e-02,7.886790056595297527e-01
3.332780240358404478e-02,7.885811342776745114e-01
3.335150638822385882e-02,7.884832843301240457e-01
3.337521037286367981e-02,7.883854558333071028e-01
3.342261834214331484e-02,7.881898632578600017e-01
3.344632232678312889e-02,7.880920992123584545e-01
3.347002631142294987e-02,7.879943566838469859e-01
3.349373029606277086e-02,7.878966356890247935e-01
3.351743428070258490e-02,7.877989362446444765e-01
3.354113826534240589e-02,7.877012583675121471e-01
3.356484224998221993e-02,7.876036020744874300e-01
3.358854623462204092e-02,7.875059673824829076e-01
3.363595420390167595e-02,7.873107628694507865e-01
3.365965818854149000e-02,7.872131930825134738e-01
3.368336217318131098e-02,7.871156449647765951e-01
3.370706615782113197e-02,7.870181185334168550e-01
3.373077014246094602e-02,7.869206138056634714e-01
3.375447412710076700e-02,7.868231307987978429e-01
3.377817811174058105e-02,7.867256695301529934e-01
3.380188209638040203e-02,7.866282300171147934e-01
3.384929006566003706e-02,7.864334163276576195e-01
3.387299405029985805e-02,7.863360421862682914e-01
3.389669803493967210e-02,7.862386898705434612e-01
3.392040201957949308e-02,7.861413593981265713e-01
3.394410600421930713e-02,7.860440507867115789e-01
3.396780998885912811e-02,7.859467640540439559e-01
3.399151397349894216e-02,7.858494992179195782e-01
3.401521795813876314e-02,7.857522562961853918e-01
3.406262592741839818e-02,7.855578362675273985e-01
3.408632991205821916e-02,7.854606591965496154e-01
3.411003389669803321e-02,7.853635041118537385e-01
3.413373788133785419e-02,7.852663710315382906e-01
3.415744186597766824e-02,7.851692599737513101e-01
3.418114585061748922e-02,7.850721709566912399e-01
3.420484983525730327e-02,7.849751039986055945e-01
3.422855381989712426e-02,7.848780591177916266e-01
3.427596178917675929e-02,7.846840356614149803e-01
3.429966577381658027e-02,7.845870571226929435e-01
3.432336975845639432e-02,7.844901007349243116e-01
3.434707374309621530e-02,7.843931665166518075e-01
3.437077772773602935e-02,7.842962544864670038e-01
3.439448171237585034e-02,7.841993646630101011e-01
3.441818569701566438e-02,7.841024970649695947e-01
3.444188968165548537e-02,7.840056517110826073e-01
3.446559366629530635e-02,7.839088286201342237e-01
3.451300163557494138e-02,7.837152493024338584e-01
3.453670562021475543e-02,7.836184931134922982e-01
3.456040960485457642e-02,7.835217592631090744e-01
3.458411358949439046e-02,7.834250477703086357e-01
3.460781757413421145e-02,7.833283586541626153e-01
3.463152155877403243e-02,7.832316919337899419e-01
3.465522554341384648e-02,7.831350476283565065e-01
3.467892952805366746e-02,7.830384257570756068e-01
3.472633749733330250e-02,7.828452493940581958e-01
3.475004148197311654e-02,7.827486949409819816e-01
3.477374546661293753e-02,7.826521629993783424e-01
3.479744945125275157e-02,7.825556535886941667e-01
3.482115343589257256e-02,7.824591667284217511e-01
3.484485742053239354e-02,7.823627024380999107e-01
3.486856140517220759e-02,7.822662607373137567e-01
3.489226538981202858e-02,7.821698416456936975e-01
3.493967335909166361e-02,7.819770713687044239e-01
3.496337734373147765e-02,7.818807202228248432e-01
3.498708132837129864e-02,7.817843917650911800e-01
3.501078531301111962e-02,7.816880860153616606e-01
3.503448929765093367e-02,7.815918029935398081e-01
3.505819328229075466e-02,7.814955427195741100e-01
3.508189726693056870e-02,7.813993052134582395e-01
3.510560125157038969e-02,7.813030904952303901e-01
3.515300922085002472e-02,7.811107295028145714e-01
3.517671320548983876e-02,7.810145832689260326e-01
3.520041719012965975e-02,7.809184599035237095e-01
3.522412117476948074e-02,7.808223594268681733e-01
3.524782515940929478e-02,7.807262818592636267e-01
3.527152914404911577e-02,7.806302272210583482e-01
3.529523312868892981e-02,7.805341955326445813e-01
3.531893711332875080e-02,7.804381868144579792e-01
3.534264109796856485e-02,7.803422010869780490e-01
3.539004906724820682e-02,7.801502986862725031e-01
3.541375305188802086e-02,7.800543820542223949e-01
3.543745703652784185e-02,7.799584884952295294e-01
3.546116102116765589e-02,7.798626180299893518e-01
3.548486500580747688e-02,7.797667706792400510e-01
3.550856899044729093e-02,7.796709464637626708e-01
3.553227297508711191e-02,7.795751454043808870e-01
3.555597695972692596e-02,7.794793675219605644e-01
3.560338492900656793e-02,7.792878813716804798e-01
3.562708891364638197e-02,7.791921731457642775e-01
3.565079289828620296e-02,7.790964881806964337e-01
3.567449688292601701e-02,7.790008264975536445e-01
3.569820086756583799e-02,7.789051881174546832e-01
3.572190485220565204e-02,7.788095730615595125e-01
3.574560883684547302e-02,7.787139813510700614e-01
3.576931282148529401e-02,7.786184130072293375e-01
3.581672079076492904e-02,7.784273465046738227e-01
3.584042477540474309e-02,7.783318483886516592e-01
3.586412876004456407e-02,7.782363737246630331e-01
3.588783274468437812e-02,7.781409225341568980e-01
3.591153672932419910e-02,7.780454948386223979e-01
3.593524071396401315e-02,7.779500906595897547e-01
3.595894469860383413e-02,7.778547100186292695e-01
3.598264868324365512e-02,7.777593529373522108e-01
3.603005665252329015e-02,7.775687095404927307e-01
3.605376063716310420e-02,7.774734232683332413e-01
3.607746462180292518e-02,7.773781606427023760e-01
3.610116860644273923e-02,7.772829216854115764e-01
3.612487259108256021e-02,7.771877064183115857e-01
3.614857657572238120e-02,7.770925148632931156e-01
3.617228056036219525e-02,7.769973470422860684e-01
3.619598454500201623e-02,7.769022029772599813e-01
3.621968852964183028e-02,7.768070826902235826e-01
3.626709649892146531e-02,7.766169135383501620e-01
3.629080048356128629e-02,7.765218647177257738e-01
3.631450446820110034e-02,7.764268397635164520e-01
3.633820845284092133e-02,7.763318386979253249e-01
3.636191243748074231e-02,7.762368615431943786e-01
3.638561642212055636e-02,7.761419083216042347e-01
3.640932040676037734e-02,7.760469790554737068e-01
3.643302439140019139e-02,7.759520737671599111e-01
3.648043236067982642e-02,7.757623352136014949e-01
3.650413634531964741e-02,7.756675019932615101e-01
3.652784032995946839e-02,7.755726928405470844e-01
3.655154431459928244e-02,7.754779077780054042e-01
3.657524829923910342e-02,7.753831468282205153e-01
3.659895228387891747e-02,7.752884100138146550e-01
3.662265626851873845e-02,7.751936973574470313e-01
3.664636025315855250e-02,7.750990088818142665e-01
3.669376822243819447e-02,7.749097045637256542e-01
3.671747220707800852e-02,7.748150887668484588e-01
3.674117619171782950e-02,7.747204972418636482e-01
3.676488017635764355e-02,7.746259300116522528e-01
3.678858416099746453e-02,7.745313870991324956e-01
3.681228814563727858e-02,7.744368685272592367e-01
3.683599213027709957e-02,7.743423743190233077e-01
3.685969611491691361e-02,7.742479044974520663e-01
3.690710408419655558e-02,7.740590381065944880e-01
3.693080806883636963e-02,7.739646415835435000e-01
3.695451205347619061e-02,7.738702695396280085e-01
3.697821603811600466e-02,7.737759219980552272e-01
3.700192002275582565e-02,7.736815989820683415e-01
3.702562400739563969e-02,7.735873005149460635e-01
3.704932799203546068e-02,7.734930266200025217e-01
3.707303197667528166e-02,7.733987773205871497e-01
3.709673596131509571e-02,7.733045526400849079e-01
3.714414393059473074e-02,7.731161772295342960e-01
3.716784791523455173e-02,7.730220265464310403e-01
3.719155189987436577e-02,7.729279005761303667e-01
3.721525588451418676e-02,7.728337993421920959e-01
3.723895986915400080e-02,7.727397228682104657e-01
3.726266385379382179e-02,7.726456711778141306e-01
3.728636783843364277e-02,7.725516442946662732e-01
3.731007182307345682e-02,7.724576422424643818e-01
3.735747979235309185e-02,7.722697127258596472e-01
3.738118377699291284e-02,7.721757853090226442e-01
3.740488776163272688e-02,7.720818828182629545e-01
3.742859174627254787e-02,7.719880052774483747e-01
3.745229573091236885e-02,7.718941527104801192e-01
3.747599971555218290e-02,7.718003251412932642e-01
3.749970370019200389e-02,7.717065225938561923e-01
3.752340768483181793e-02,7.716127450921710373e-01
3.757081565411145296e-02,7.714252653222302136e-01
3.759451963875127395e-02,7.713315631021444574e-01
3.761822362339108800e-02,7.712378860241504430e-01
3.764192760803090898e-02,7.711442341124155053e-01
3.766563159267072997e-02,7.710506073911400637e-01
3.768933557731054401e-02,7.709570058845569562e-01
3.771303956195036500e-02,7.708634296169317723e-01
3.773674354659017904e-02,7.707698786125627421e-01
3.778415151586981408e-02,7.705828524909478228e-01
3.780785550050963506e-02,7.704893774224597092e-01
3.783155948514945605e-02,7.703959277147434115e-01
3.785526346978927009e-02,7.703025033922580311e-01
3.787896745442909108e-02,7.702091044794947550e-01
3.790267143906890512e-02,7.701157310009766332e-01
3.792637542370872611e-02,7.700223829812579135e-01
3.795007940834854016e-02,7.699290604449252617e-01
3.797378339298836114e-02,7.698357634165964303e-01
3.802119136226799617e-02,7.696492459825778898e-01
3.804489534690781716e-02,7.695560256262807819e-01
3.806859933154763120e-02,7.694628308767716973e-01
3.809230331618745219e-02,7.693696617588247078e-01
3.811600730082726624e-02,7.692765182972447491e-01
3.813971128546708722e-02,7.691834005168675104e-01
3.816341527010690127e-02,7.690903084425593228e-01
3.818711925474672225e-02,7.689972420992174929e-01
3.823452722402635728e-02,7.688111867051736770e-01
3.825823120866617827e-02,7.687181977044181824e-01
3.828193519330599232e-02,7.686252345345220283e-01
3.830563917794581330e-02,7.685322972205339553e-01
3.832934316258562735e-02,7.684393857875331246e-01
3.835304714722544833e-02,7.683465002606282290e-01
3.837675113186526238e-02,7.682536406649582705e-01
3.840045511650508336e-02,7.681608070256916720e-01
3.844786308578471840e-02,7.679752177171920158e-01
3.847156707042453938e-02,7.678824620984440186e-01
3.849527105506435343e-02,7.677897325370700576e-01
3.851897503970417441e-02,7.676970290583859935e-01
3.854267902434398846e-02,7.676043516877373296e-01
3.856638300898380944e-02,7.675117004504984353e-01
3.859008699362363043e-02,7.674190753720726565e-01
3.861379097826344448e-02,7.673264764778926494e-01
3.866119894754307951e-02,7.671413573441434597e-01
3.868490293218290049e-02,7.670488371555828078e-01
3.870860691682271454e-02,7.669563432532850999e-01
3.873231090146253552e-02,7.668638756628257669e-01
3.875601488610234957e-02,7.667714344098089940e-01
3.877971887074217056e-02,7.666790195198671665e-01
3.880342285538199154e-02,7.665866310186607580e-01
3.882712684002180559e-02,7.664942689318785529e-01
3.887453480930144062e-02,7.663096241044804469e-01
3.889823879394126160e-02,7.662173414153816697e-01
3.892194277858107565e-02,7.661250852437406778e-01
3.894564676322089664e-02,7.660328556153849222e-01
3.896935074786071762e-02,7.659406525561700541e-01
3.899305473250053167e-02,7.658484760919787027e-01
3.901675871714035265e-02,7.657563262487206979e-01
3.904046270178016670e-02,7.656642030523338471e-01
3.906416668641998768e-02,7.655721065287822702e-01
3.911157465569962272e-02,7.653879936041791954e-01
3.913527864033943676e-02,7.652959772551918283e-01
3.915898262497925775e-02,7.652039876831681076e-01
3.918268660961907873e-02,7.651120249142071561e-01
3.920639059425889278e-02,7.650200889744346311e-01
3.923009457889871376e-02,7.649281798900027241e-01
3.925379856353852781e-02,7.648362976870903829e-01
3.927750254817834880e-02,7.647444423919026457e-01
3.932491051745798383e-02,7.645608126296523643e-01
3.934861450209780481e-02,7.644690382151311248e-01
3.937231848673761886e-02,7.643772908134167654e-01
3.939602247137743984e-02,7.642855704508446646e-01
3.941972645601725389e-02,7.641938771537766240e-01
3.944343044065707488e-02,7.641022109485995362e-01
3.946713442529688892e-02,7.640105718617262731e-01
3.949083840993670991e-02,7.639189599195951308e-01
3.953824637921634494e-02,7.637358175754402900e-01
3.956195036385616592e-02,7.636442872264205262e-01
3.958565434849597997e-02,7.635527841281503081e-01
3.960935833313580096e-02,7.634613083071947193e-01
3.963306231777561500e-02,7.633698597901436012e-01
3.965676630241543599e-02,7.632784386036116642e-01
3.968047028705525003e-02,7.631870447742389318e-01
3.970417427169507102e-02,7.630956783286897416e-01
3.975158224097470605e-02,7.629130276958433488e-01
3.977528622561452704e-02,7.628217435619983888e-01
3.979899021025434108e-02,7.627304869188811232e-01
3.982269419489416207e-02,7.626392577932784578e-01
3.984639817953397611e-02,7.625480562120018346e-01
3.987010216417379710e-02,7.624568822018867875e-01
3.989380614881361808e-02,7.623657357897928311e-01
3.991751013345343213e-02,7.622746170026034607e-01
3.994121411809325312e-02,7.621835258672264857e-01
3.998862208737288815e-02,7.620014266596576435e-01
4.001232607201270219e-02,7.619104186413997448e-01
4.003603005665252318e-02,7.618194383828212901e-01
4.005973404129233723e-02,7.617284859109479944e-01
4.008343802593215821e-02,7.616375612528289984e-01
4.010714201057197920e-02,7.615466644355367576e-01
4.013084599521179324e-02,7.614557954861669309e-01
4.015454997985161423e-02,7.613649544318381590e-01
4.020195794913124926e-02,7.611833561168950268e-01
4.022566193377106331e-02,7.610925989106328560e-01
4.024936591841088429e-02,7.610018697081167849e-01
4.027306990305070528e-02,7.609111685365800293e-01
4.029677388769051932e-02,7.608204954232785644e-01
4.032047787233034031e-02,7.607298503954904589e-01
4.034418185697015435e-02,7.606392334805169853e-01
4.036788584160997534e-02,7.605486447056811761e-01
4.041529381088961037e-02,7.603675516858268146e-01
4.043899779552942442e-02,7.602770474955660163e-01
4.046270178016924540e-02,7.601865715549580571e-01
4.048640576480906639e-02,7.600961238914366591e-01
4.051010974944888043e-02,7.600057045324578597e-01
4.053381373408870142e-02,7.599153135054989017e-01
4.055751771872851547e-02,7.598249508380594541e-01
4.058122170336833645e-02,7.597346165576600585e-01
4.062862967264797148e-02,7.595540332681732787e-01
4.065233365728779247e-02,7.594637843142348910e-01
4.067603764192760651e-02,7.593735638576352143e-01
4.069974162656742750e-02,7.592833719260017045e-01
4.072344561120724155e-02,7.591932085469835778e-01
4.074714959584706253e-02,7.591030737482505897e-01
4.077085358048687658e-02,7.590129675574940338e-01
4.079455756512669756e-02,7.589228900024254099e-01
4.081826154976651161e-02,7.588328411107778670e-01
4.086566951904615358e-02,7.586528294287790963e-01
4.088937350368596763e-02,7.585628666939968623e-01
4.091307748832578861e-02,7.584729327337724758e-01
4.093678147296560266e-02,7.583830275759416706e-01
4.096048545760542364e-02,7.582931512483602754e-01
4.098418944224523769e-02,7.582033037789042140e-01
4.100789342688505867e-02,7.581134851954696163e-01
4.103159741152487966e-02,7.580236955259730403e-01
4.107900538080451469e-02,7.578442030405587726e-01
4.110270936544432874e-02,7.577545002805733398e-01
4.112641335008414972e-02,7.576648265463901133e-01
4.115011733472396377e-02,7.575751818660247938e-01
4.117382131936378475e-02,7.574855662675124002e-01
4.119752530400359880e-02,7.573959797789072690e-01
4.122122928864341979e-02,7.573064224282837209e-01
4.124493327328324077e-02,7.572168942437351724e-01
4.129234124256287580e-02,7.570379254853324413e-01
4.131604522720268985e-02,7.569484849677612370e-01
4.133974921184251083e-02,7.568590737288305448e-01
4.136345319648232488e-02,7.567696917967292602e-01
4.138715718112214587e-02,7.566803391996653749e-01
4.141086116576196685e-02,7.565910159658655321e-01
4.143456515040178090e-02,7.565017221235750267e-01
4.145826913504160188e-02,7.564124577010580275e-01
4.150567710432123691e-02,7.562340172284932605e-01
4.152938108896105096e-02,7.561448412350660897e-01
4.155308507360087195e-02,7.560556947746535084e-01
4.157678905824068599e-02,7.559665778756113896e-01
4.160049304288050698e-02,7.558774905663143695e-01
4.162419702752032796e-02,7.557884328751542924e-01
4.164790101216014201e-02,7.556994048305418765e-01
4.167160499679996299e-02,7.556104064609056037e-01
4.169530898143977704e-02,7.555214377946912752e-01
4.174271695071941207e-02,7.553435896864026944e-01
4.176642093535923306e-02,7.552547103013093066e-01
4.179012491999905404e-02,7.551658607335999251e-01
4.181382890463886809e-02,7.550770410118088360e-01
4.183753288927868907e-02,7.549882511644876448e-01
4.186123687391850312e-02,7.548994912202056096e-01
4.188494085855832411e-02,7.548107612075489747e-01
4.190864484319813815e-02,7.547220611551211933e-01
4.195605281247777318e-02,7.545447510454514894e-01
4.197975679711759417e-02,7.544561410455015160e-01
4.200346078175741515e-02,7.543675611203645159e-01
4.202716476639722920e-02,7.542790112987287632e-01
4.205086875103705019e-02,7.541904916092987410e-01
4.207457273567686423e-02,7.541020020807962521e-01
4.209827672031668522e-02,7.540135427419591974e-01
4.212198070495649926e-02,7.539251136215423532e-01
4.216938867423614123e-02,7.537483461510688931e-01
4.219309265887595528e-02,7.536600078586030982e-01
4.221679664351577627e-02,7.535716998997389338e-01
4.224050062815559031e-02,7.534834223033120004e-01
4.226420461279541130e-02,7.533951750981742190e-01
4.228790859743522534e-02,7.533069583131937197e-01
4.231161258207504633e-02,7.532187719772536205e-01
4.233531656671486038e-02,7.531306161192539150e-01
4.238272453599450235e-02,7.529543959527511543e-01
4.240642852063431639e-02,7.528663317021255796e-01
4.243013250527413738e-02,7.527782980451944717e-01
4.245383648991395142e-02,7.526902950109354284e-01
4.247754047455377241e-02,7.526023226283409251e-01
4.250124445919358646e-02,7.525143809264193129e-01
4.252494844383340744e-02,7.524264699341933760e-01
4.254865242847322843e-02,7.523385896807015527e-01
4.259606039775286346e-02,7.521629215061492735e-01
4.261976438239267750e-02,7.520751336432401901e-01
4.264346836703249849e-02,7.519873766353686317e-01
4.266717235167231254e-02,7.518996505116470885e-01
4.269087633631213352e-02,7.518119553012033718e-01
4.271458032095195451e-02,7.517242910331796146e-01
4.273828430559176855e-02,7.516366577367324942e-01
4.276198829023158954e-02,7.515490554410332313e-01
4.278569227487140358e-02,7.514614841752672580e-01
4.283310024415103862e-02,7.512864348503492939e-01
4.285680422879085960e-02,7.511989568496397762e-01
4.288050821343067365e-02,7.511115099957483832e-01
4.290421219807049463e-02,7.510240943179314899e-01
4.292791618271031562e-02,7.509367098454596823e-01
4.295162016735012966e-02,7.508493566076169801e-01
4.297532415198995065e-02,7.507620346337015027e-01
4.299902813662976470e-02,7.506747439530252475e-01
4.304643610590939973e-02,7.505002565887056720e-01
4.307014009054922071e-02,7.504130599637538479e-01
4.309384407518904170e-02,7.503258947494243492e-01
4.311754805982885574e-02,7.502387609750966746e-01
4.314125204446867673e-02,7.501516586701633127e-01
4.316495602910849078e-02,7.500645878640302966e-01
4.318866001374831176e-02,7.499775485861168711e-01
4.321236399838812581e-02,7.498905408658550487e-01
4.325977196766776084e-02,7.497166202160802095e-01
4.328347595230758182e-02,7.496297073454962767e-01
4.330717993694740281e-02,7.495428261504222256e-01
4.333088392158721686e-02,7.494559766603546835e-01
4.335458790622703784e-02,7.493691589048028234e-01
4.337829189086685189e-02,7.492823729132881416e-01
4.340199587550667287e-02,7.491956187153454572e-01
4.342569986014648692e-02,7.491088963405211354e-01
4.347310782942612889e-02,7.489355471784769902e-01
4.349681181406594294e-02,7.488489204504121810e-01
4.352051579870576392e-02,7.487623256637757629e-01
4.354421978334557797e-02,7.486757628481760518e-01
4.356792376798539895e-02,7.485892320332326877e-01
4.359162775262521300e-02,7.485027332485776341e-01
4.361533173726503398e-02,7.484162665238545120e-01
4.363903572190484803e-02,7.483298318887192657e-01
4.366273970654466902e-02,7.482434293728388308e-01
4.371014767582430405e-02,7.480707208175704226e-01
4.373385166046412503e-02,7.479844148375751622e-01
4.375755564510393908e-02,7.478981410956201392e-01
4.378125962974376006e-02,7.478118996214301317e-01
4.380496361438357411e-02,7.477256904447416863e-01
4.382866759902339510e-02,7.476395135953020077e-01
4.385237158366321608e-02,7.475533691028701799e-01
4.387607556830303013e-02,7.474672569972156122e-01
4.392348353758266516e-02,7.472951300653736251e-01
4.394718752222248614e-02,7.472091152987804241e-01
4.397089150686230019e-02,7.471231330381538083e-01
4.399459549150212118e-02,7.470371833133179207e-01
4.401829947614193522e-02,7.469512661541077847e-01
4.404200346078175621e-02,7.468653815903690818e-01
4.406570744542157719e-02,7.467795296519579296e-01
4.408941143006139124e-02,7.466937103687411037e-01
4.413681939934102627e-02,7.465221698874091594e-01
4.416052338398084726e-02,7.464364487490792177e-01
4.418422736862066130e-02,7.463507603855137340e-01
4.420793135326048229e-02,7.462651048266309983e-01
4.423163533790030327e-02,7.461794821023590707e-01
4.425533932254011732e-02,7.460938922426362252e-01
4.427904330717993830e-02,7.460083352774102838e-01
4.430274729181975235e-02,7.459228112366397268e-01
4.435015526109938738e-02,7.457518620483445382e-01
4.437385924573920837e-02,7.456664369607847176e-01
4.439756323037902241e-02,7.455810449176095700e-01
4.442126721501884340e-02,7.454956859488250931e-01
4.444497119965866438e-02,7.454103600844470545e-01
4.446867518429847843e-02,7.453250673545008809e-01
4.449237916893829942e-02,7.452398077890209915e-01
4.451608315357811346e-02,7.451545814180512428e-01
4.453978713821793445e-02,7.450693882716444838e-01
4.458719510749756948e-02,7.448991017727775166e-01
4.461089909213739046e-02,7.448140084804686367e-01
4.463460307677720451e-02,7.447289485330254033e-01
4.465830706141702550e-02,7.446439219605455184e-01
4.468201104605683954e-02,7.445589287931358990e-01
4.470571503069666053e-02,7.444739690609121219e-01
4.472941901533647457e-02,7.443890427939980903e-01
4.475312299997629556e-02,7.443041500225264784e-01
4.480053096925593059e-02,7.441344650864841759e-01
4.482423495389575158e-02,7.440496729822212441e-01
4.484793893853556562e-02,7.439649144940163605e-01
4.487164292317538661e-02,7.438801896520439438e-01
4.489534690781520065e-02,7.437954984864869612e-01
4.491905089245502164e-02,7.437108410275363735e-01
4.494275487709483569e-02,7.436262173053913571e-01
4.496645886173465667e-02,7.435416273502586382e-01
4.501386683101429170e-02,7.433725488618987409e-01
4.503757081565411269e-02,7.432880603891247606e-01
4.506127480029392673e-02,7.432036058042700288e-01
4.508497878493374772e-02,7.431191851375804625e-01
4.510868276957356177e-02,7.430347984193099720e-01
4.513238675421338275e-02,7.429504456797193512e-01
4.515609073885319680e-02,7.428661269490772767e-01
4.517979472349301778e-02,7.427818422576599744e-01
4.522720269277265281e-02,7.426133751136398953e-01
4.525090667741247380e-02,7.425291927216254306e-01
4.527461066205228785e-02,7.424450444900125845e-01
4.529831464669210883e-02,7.423609304491129990e-01
4.532201863133192288e-02,7.422768506292459767e-01
4.534572261597174386e-02,7.421928050607374816e-01
4.536942660061156485e-02,7.421087937739201390e-01
4.539313058525137889e-02,7.420248167991340127e-01
4.541683456989119988e-02,7.419408741667253837e-01
4.546424253917083491e-02,7.417730920504596037e-01
4.548794652381064896e-02,7.416892526273285435e-01
4.551165050845046994e-02,7.416054476680269403e-01
4.553535449309029093e-02,7.415216772029340486e-01
4.555905847773010497e-02,7.414379412624354515e-01
4.558276246236992596e-02,7.413542398769229491e-01
4.560646644700974001e-02,7.412705730767947809e-01
4.563017043164956099e-02,7.411869408924551816e-01
4.567757840092919602e-02,7.410197804927891596e-01
4.570128238556901007e-02,7.409362523383017374e-01
4.572498637020883105e-02,7.408527589212804410e-01
4.574869035484865204e-02,7.407693002721594810e-01
4.577239433948846609e-02,7.406858764213787305e-01
4.579609832412828707e-02,7.406024873993841684e-01
4.581980230876810112e-02,7.405191332366267698e-01
4.584350629340792210e-02,7.404358139635637270e-01
4.589091426268755713e-02,7.402692802083756796e-01
4.591461824732737812e-02,7.401860657871919269e-01
4.593832223196719217e-02,7.401028863775851452e-01
4.596202621660701315e-02,7.400197420100389500e-01
4.598573020124682720e-02,7.399366327150426192e-01
4.600943418588664818e-02,7.398535585230903155e-01
4.603313817052646223e-02,7.397705194646818638e-01
4.605684215516628321e-02,7.396875155703214189e-01
4.610425012444591825e-02,7.395216133957872584e-01
4.612795410908573923e-02,7.394387151766469435e-01
4.615165809372555328e-02,7.393558522436214364e-01
4.617536207836537426e-02,7.392730246272394279e-01
4.619906606300518831e-02,7.391902323580342715e-01
4.622277004764500929e-02,7.391074754665436508e-01
4.624647403228482334e-02,7.390247539833101342e-01
4.627017801692464433e-02,7.389420679388803981e-01
4.629388200156446531e-02,7.388594173638056706e-01
4.634128997084410034e-02,7.386942227439481368e-01
4.636499395548391439e-02,7.386116787602893252e-01
4.638869794012373537e-02,7.385291703682332898e-01
4.641240192476354942e-02,7.384466975983523529e-01
4.643610590940337041e-02,7.383642604812227228e-01
4.645980989404318445e-02,7.382818590474250486e-01
4.648351387868300544e-02,7.381994933275430881e-01
4.650721786332282642e-02,7.381171633521650399e-01
4.655462583260246145e-02,7.379526107572919047e-01
4.657832981724227550e-02,7.378703881989914226e-01
4.660203380188209649e-02,7.377882015075840627e-01
4.662573778652191053e-02,7.377060507136763423e-01
4.664944177116173152e-02,7.376239358478778874e-01
4.667314575580155250e-02,7.375418569408017655e-01
4.669684974044136655e-02,7.374598140230647081e-01
4.672055372508118753e-02,7.373778071252863331e-01
4.676796169436082257e-02,7.372139015121014216e-01
4.679166567900063661e-02,7.371320028579501082e-01
4.681536966364045760e-02,7.370501403462685897e-01
4.683907364828027164e-02,7.369683140076919159e-01
4.686277763292009263e-02,7.368865238728584677e-01
4.688648161755991361e-02,7.368047699724090682e-01
4.691018560219972766e-02,7.367230523369879824e-01
4.693388958683954865e-02,7.366413709972415846e-01
4.698129755611918368e-02,7.364781173273728943e-01
4.700500154075899772e-02,7.363965450585570061e-01
4.702870552539881871e-02,7.363150092080282816e-01
4.705240951003863970e-02,7.362335098064465289e-01
4.707611349467845374e-02,7.361520468844731102e-01
4.709981747931827473e-02,7.360706204727722746e-01
4.712352146395808877e-02,7.359892306020103803e-01
4.714722544859790976e-02,7.359078773028557841e-01
4.719463341787754479e-02,7.357452805420534592e-01
4.721833740251735884e-02,7.356640371417532132e-01
4.724204138715717982e-02,7.355828304357550085e-01
4.726574537179700081e-02,7.355016604547375270e-01
4.728944935643681485e-02,7.354205272293810047e-01
4.731315334107663584e-02,7.353394307903678984e-01
4.733685732571644988e-02,7.352583711683816636e-01
4.736056131035627087e-02,7.351773483941081988e-01
4.738426529499608492e-02,7.350963624982345124e-01
4.743167326427572689e-02,7.349345014644421692e-01
4.745537724891554093e-02,7.348536263879051900e-01
4.747908123355536192e-02,7.347727883125311221e-01
4.750278521819517596e-02,7.346919872690141906e-01
4.752648920283499695e-02,7.346112232880497306e-01
4.755019318747481100e-02,7.345304964003341874e-01
4.757389717211463198e-02,7.344498066365653388e-01
4.759760115675444603e-02,7.343691540274420726e-01
4.764500912603408800e-02,7.342079603959317247e-01
4.766871311067390204e-02,7.341274194349470816e-01
4.769241709531372303e-02,7.340469157514120102e-01
4.771612107995353708e-02,7.339664493760301722e-01
4.773982506459335806e-02,7.338860203395050075e-01
4.776352904923317211e-02,7.338056286725411770e-01
4.778723303387299309e-02,7.337252744058436749e-01
4.781093701851281408e-02,7.336449575701181613e-01
4.785834498779244911e-02,7.334844363144075174e-01
4.788204897243226316e-02,7.334042319558358169e-01
4.790575295707208414e-02,7.333240651510624097e-01
4.792945694171189819e-02,7.332439359307949545e-01
4.795316092635171917e-02,7.331638443257404436e-01
4.797686491099153322e-02,7.330837903666068689e-01
4.800056889563135420e-02,7.330037740841018890e-01
4.802427288027117519e-02,7.329237955089332734e-01
4.807168084955081022e-02,7.327639516034348821e-01
4.809538483419062427e-02,7.326840863345199795e-01
4.811908881883044525e-02,7.326042588957708546e-01
4.814279280347025930e-02,7.325244693178944999e-01
4.816649678811008028e-02,7.324447176315971308e-01
4.819020077274990127e-02,7.323650038675848517e-01
4.821390475738971532e-02,7.322853280565632117e-01
4.823760874202953630e-02,7.322056902292372049e-01
4.826131272666935035e-02,7.321260904163113814e-01
4.830872069594898538e-02,7.319670049564752645e-01
4.833242468058880636e-02,7.318875193709704075e-01
4.835612866522862041e-02,7.318080719226766062e-01
4.837983264986844140e-02,7.317286626422946361e-01
4.840353663450826238e-02,7.316492915605242731e-01
4.842724061914807643e-02,7.315699587080645161e-01
4.845094460378789741e-02,7.314906641156128098e-01
4.847464858842771146e-02,7.314114078138660435e-01
4.852205655770734649e-02,7.312530102052676728e-01
4.854576054234716748e-02,7.311738689598035190e-01
4.856946452698698846e-02,7.310947661278187626e-01
4.859316851162680251e-02,7.310157017400037427e-01
4.861687249626662349e-02,7.309366758270471331e-01
4.864057648090643754e-02,7.308576884196363865e-01
4.866428046554625853e-02,7.307787395484575121e-01
4.868798445018607257e-02,7.306998292441945209e-01
4.873539241946571454e-02,7.305421244591446817e-01
4.875909640410552859e-02,7.304633300397177509e-01
4.878280038874534957e-02,7.303845743099263155e-01
4.880650437338516362e-02,7.303058573004458376e-01
4.883020835802498461e-02,7.302271790419493369e-01
4.885391234266479865e-02,7.301485395651085009e-01
4.887761632730461964e-02,7.300699389005922413e-01
4.890132031194443368e-02,7.299913770790681378e-01
4.894872828122407565e-02,7.298343700876531726e-01
4.897243226586388970e-02,7.297559249790857017e-01
4.899613625050371069e-02,7.296775188361565023e-01
4.901984023514352473e-02,7.295991516895212747e-01
4.904354421978334572e-02,7.295208235698330546e-01
4.906724820442315976e-02,7.294425345077429901e-01
4.909095218906298075e-02,7.293642845338988989e-01
4.911465617370280173e-02,7.292860736789466003e-01
4.913836015834261578e-02,7.292079019735288048e-01
4.918576812762225081e-02,7.290516761338544649e-01
4.920947211226207180e-02,7.289736220608696859e-01
4.923317609690188584e-02,7.288956072599630520e-01
4.925688008154170683e-02,7.288176317617631739e-01
4.928058406618152087e-02,7.287396955968955536e-01
4.930428805082134186e-02,7.286617987959826959e-01
4.932799203546116285e-02,7.285839413896441075e-01
4.935169602010097689e-02,7.285061234084960757e-01
4.939910398938061192e-02,7.283506058442200670e-01
4.942280797402043291e-02,7.282729063223081223e-01
4.944651195866024695e-02,7.281952463480187987e-01
4.947021594330006794e-02,7.281176259519512861e-01
4.949391992793988893e-02,7.280400451647017768e-01
4.951762391257970297e-02,7.279625040168625771e-01
4.954132789721952396e-02,7.278850025390224410e-01
4.956503188185933800e-02,7.278075407617667913e-01
4.961243985113897303e-02,7.276527364313296609e-01
4.963614383577879402e-02,7.275753939392997083e-01
4.965984782041860807e-02,7.274980912701565217e-01
4.968355180505842905e-02,7.274208284544660952e-01
4.970725578969825004e-02,7.273436055227900932e-01
4.973095977433806408e-02,7.272664225056866272e-01
4.975466375897788507e-02,7.271892794337092569e-01
4.977836774361769911e-02,7.271121763374075453e-01
4.982577571289733415e-02,7.269580901940080331e-01
4.984947969753715513e-02,7.268811072079879310e-01
4.987318368217697612e-02,7.268041643197988844e-01
4.989688766681679016e-02,7.267272615599686958e-01
4.992059165145661115e-02,7.266503989590207269e-01
4.994429563609642519e-02,7.265735765474736763e-01
4.996799962073624618e-02,7.264967943558420238e-01
4.999170360537606023e-02,7.264200524146351423e-01
5.001540759001588121e-02,7.263433507543578527e-01
5.006281555929551624e-02,7.261900683985876848e-01
5.008651954393533723e-02,7.261134877640803564e-01
5.011022352857515127e-02,7.260369475324739419e-01
5.013392751321497226e-02,7.259604477342485040e-01
5.015763149785478631e-02,7.258839883998798870e-01
5.018133548249460729e-02,7.258075695598380506e-01
5.020503946713442134e-02,7.257311912445884028e-01
5.022874345177424232e-02,7.256548534845908005e-01
5.027615142105387736e-02,7.255022997521655137e-01
5.029985540569369834e-02,7.254260838406313416e-01
5.032355939033351239e-02,7.253499086061360179e-01
5.034726337497333337e-02,7.252737740791129761e-01
5.037096735961314742e-02,7.251976802899895436e-01
5.039467134425296840e-02,7.251216272691881626e-01
5.041837532889278245e-02,7.250456150471249472e-01
5.044207931353260344e-02,7.249696436542109046e-01
5.048948728281223847e-02,7.248178234774446116e-01
5.051319126745205945e-02,7.247419747543850654e-01
5.053689525209187350e-02,7.246661669820596563e-01
5.056059923673169448e-02,7.245904001908504144e-01
5.058430322137150853e-02,7.245146744111324866e-01
5.060800720601132952e-02,7.244389896732756906e-01
5.063171119065115050e-02,7.243633460076432939e-01
5.065541517529096455e-02,7.242877434445926799e-01
5.070282314457059958e-02,7.241366617476345802e-01
5.072652712921042056e-02,7.240611826744103308e-01
5.075023111385023461e-02,7.239857448251343364e-01
5.077393509849005560e-02,7.239103482301321169e-01
5.079763908312986964e-02,7.238349929197228638e-01
5.082134306776969063e-02,7.237596789242193296e-01
5.084504705240951161e-02,7.236844062739276051e-01
5.086875103704932566e-02,7.236091749991473421e-01
5.091615900632896069e-02,7.234588366972849460e-01
5.093986299096878168e-02,7.233837297307681435e-01
5.096356697560859572e-02,7.233086642608933525e-01
5.098727096024841671e-02,7.232336403179256967e-01
5.101097494488823769e-02,7.231586579321239716e-01
5.103467892952805174e-02,7.230837171337398672e-01
5.105838291416787272e-02,7.230088179530176351e-01
5.108208689880768677e-02,7.229339604201950875e-01
5.110579088344750776e-02,7.228591445655021541e-01
5.115319885272714279e-02,7.227096380113906537e-01
5.117690283736695683e-02,7.226349473723964190e-01
5.120060682200677782e-02,7.225602985323803518e-01
5.122431080664659880e-02,7.224856915215362996e-01
5.124801479128641285e-02,7.224111263700504493e-01
5.127171877592623384e-02,7.223366031081016603e-01
5.129542276056604788e-02,7.222621217658610204e-01
5.131912674520586887e-02,7.221876823734920681e-01
5.136653471448550390e-02,7.220389295589850764e-01
5.139023869912532488e-02,7.219646161971357001e-01
5.141394268376513893e-02,7.218903449057350041e-01
5.143764666840495992e-02,7.218161157149075580e-01
5.146135065304477396e-02,7.217419286547702706e-01
5.148505463768459495e-02,7.216677837554318353e-01
5.150875862232440899e-02,7.215936810469930629e-01
5.153246260696422998e-02,7.215196205595464374e-01
5.157987057624386501e-02,7.213716263679600393e-01
5.160357456088368600e-02,7.212976927239644898e-01
5.162727854552350004e-02,7.212238014212499770e-01
5.165098253016332103e-02,7.211499524898677960e-01
5.167468651480313507e-02,7.210761459598611367e-01
5.169839049944295606e-02,7.210023818612646407e-01
5.172209448408277011e-02,7.209286602241045117e-01
5.174579846872259109e-02,7.208549810783981826e-01
5.179320643800222612e-02,7.207077503813743569e-01
5.181691042264204711e-02,7.206341988900488715e-01
5.184061440728186115e-02,7.205606900101613199e-01
5.186431839192168214e-02,7.204872237716855032e-01
5.188802237656149619e-02,7.204138002045868960e-01
5.191172636120131717e-02,7.203404193388217580e-01
5.193543034584113816e-02,7.202670812043375781e-01
5.195913433048095220e-02,7.201937858310726304e-01
5.198283831512077319e-02,7.201205332489566402e-01
5.203024628440040822e-02,7.199741565778423613e-01
5.205395026904022227e-02,7.199010325486573381e-01
5.207765425368004325e-02,7.198279514302469151e-01
5.210135823831985730e-02,7.197549132524946325e-01
5.212506222295967828e-02,7.196819180452743714e-01
5.214876620759949927e-02,7.196089658384505761e-01
5.217247019223931331e-02,7.195360566618785869e-01
5.219617417687913430e-02,7.194631905454040854e-01
5.224358214615876933e-02,7.193175876120823098e-01
5.226728613079858338e-02,7.192448508548782149e-01
5.229099011543840436e-02,7.191721572770580773e-01
5.231469410007822535e-02,7.190995069084193947e-01
5.233839808471803939e-02,7.190268997787496730e-01
5.236210206935786038e-02,7.189543359178266480e-01
5.238580605399767443e-02,7.188818153554180634e-01
5.240951003863749541e-02,7.188093381212818933e-01
5.245691800791713044e-02,7.186645137568081765e-01
5.248062199255694449e-02,7.185921666859361734e-01
5.250432597719676547e-02,7.185198630622675608e-01
5.252802996183658646e-02,7.184476029155096866e-01
5.255173394647640051e-02,7.183753862753596842e-01
5.257543793111622149e-02,7.183032131715043622e-01
5.259914191575603554e-02,7.182310836336200932e-01
5.262284590039585652e-02,7.181589976913731466e-01
5.267025386967549155e-02,7.180149567124027854e-01
5.269395785431531254e-02,7.179430017349592852e-01
5.271766183895512659e-02,7.178710904717121588e-01
5.274136582359494757e-02,7.177992229522750511e-01
5.276506980823476162e-02,7.177273992062506158e-01
5.278877379287458260e-02,7.176556192632304043e-01
5.281247777751439665e-02,7.175838831527958650e-01
5.283618176215421763e-02,7.175121909045170110e-01
5.285988574679403168e-02,7.174405425479535303e-01
5.290729371607367365e-02,7.172973776281550418e-01
5.293099770071348770e-02,7.172258611239838988e-01
5.295470168535330868e-02,7.171543886296557480e-01
5.297840566999312273e-02,7.170829601746746551e-01
5.300210965463294371e-02,7.170115757885335839e-01
5.302581363927275776e-02,7.169402355007145067e-01
5.304951762391257875e-02,7.168689393406878496e-01
5.307322160855239973e-02,7.167976873379126035e-01
5.312062957783203476e-02,7.166553159218970181e-01
5.314433356247184881e-02,7.165841965675177061e-01
5.316803754711166979e-02,7.165131214881125254e-01
5.319174153175148384e-02,7.164420907130831795e-01
5.321544551639130483e-02,7.163711042718198252e-01
5.323914950103111887e-02,7.163001621937010732e-01
5.326285348567093986e-02,7.162292645080937659e-01
5.328655747031076084e-02,7.161584112443526440e-01
5.333396543959039587e-02,7.160168380998309656e-01
5.335766942423020992e-02,7.159461182777009380e-01
5.338137340887003091e-02,7.158754429947389308e-01
5.340507739350984495e-02,7.158048122802403990e-01
5.342878137814966594e-02,7.157342261634884739e-01
5.345248536278948692e-02,7.156636846737550739e-01
5.347618934742930097e-02,7.155931878402987945e-01
5.349989333206912195e-02,7.155227356923670179e-01
5.354730130134875699e-02,7.153819655700031088e-01
5.357100528598857103e-02,7.153116476540034574e-01
5.359470927062839202e-02,7.152413745403933820e-01
5.361841325526820606e-02,7.151711462583578705e-01
5.364211723990802705e-02,7.151009628370698090e-01
5.366582122454784803e-02,7.150308243056894275e-01
5.368952520918766208e-02,7.149607306933644102e-01
5.371322919382748307e-02,7.148906820292297848e-01
5.373693317846729711e-02,7.148206783424081445e-01
5.378434114774693214e-02,7.146808060171290222e-01
5.380804513238675313e-02,7.146109374368525557e-01
5.383174911702657411e-02,7.145411139502507725e-01
5.385545310166638816e-02,7.144713355863818727e-01
5.387915708630620915e-02,7.144016023742912891e-01
5.390286107094602319e-02,7.143319143430113538e-01
5.392656505558584418e-02,7.142622715215611873e-01
5.395026904022565822e-02,7.141926739389471424e-01
5.399767700950529326e-02,7.140536146061859935e-01
5.402138099414511424e-02,7.139841529139852039e-01
5.404508497878493523e-02,7.139147365765133868e-01
5.406878896342474927e-02,7.138453656227102817e-01
5.409249294806457026e-02,7.137760400815024164e-01
5.411619693270438430e-02,7.137067599818029962e-01
5.413990091734420529e-02,7.136375253525115703e-01
5.416360490198401934e-02,7.135683362225145876e-01
5.421101287126366131e-02,7.134300945758798029e-01
5.423471685590347535e-02,7.133610421169463978e-01
5.425842084054329634e-02,7.132920352727156743e-01
5.428212482518311038e-02,7.132230740720053586e-01
5.430582880982293137e-02,7.131541585436194097e-01
5.432953279446274542e-02,7.130852887163482423e-01
5.435323677910256640e-02,7.130164646189678379e-01
5.437694076374238045e-02,7.129476862802407444e-01
5.442434873302202242e-02,7.128102669937252944e-01
5.444805271766183646e-02,7.127416261033915346e-01
5.447175670230165745e-02,7.126730310866199458e-01
5.449546068694147150e-02,7.126044819721022439e-01
5.451916467158129248e-02,7.125359787885162666e-01
5.454286865622110653e-02,7.124675215645251969e-01
5.456657264086092751e-02,7.123991103287784510e-01
5.459027662550074850e-02,7.123307451099105680e-01
5.463768459478038353e-02,7.121941528372783825e-01
5.466138857942019758e-02,7.121259258407112158e-01
5.468509256406001856e-02,7.120577449754172950e-01
5.470879654869983261e-02,7.119896102699588836e-01
5.473250053333965359e-02,7.119215217528835904e-01
5.475620451797947458e-02,7.118534794527242582e-01
5.477990850261928862e-02,7.117854833979990747e-01
5.480361248725910961e-02,7.117175336172114619e-01
5.482731647189892366e-02,7.116496301388500756e-01
5.487472444117855869e-02,7.115139622032853328e-01
5.489842842581837967e-02,7.114461978029847922e-01
5.492213241045819372e-02,7.113784798189155545e-01
5.494583639509801470e-02,7.113108082794914466e-01
5.496954037973783569e-02,7.112431832131110854e-01
5.499324436437764974e-02,7.111756046481580995e-01
5.501694834901747072e-02,7.111080726130006857e-01
5.504065233365728477e-02,7.110405871359920527e-01
5.508806030293691980e-02,7.109057559697573581e-01
5.511176428757674078e-02,7.108384103371609974e-01
5.513546827221656177e-02,7.107711113759725974e-01
5.515917225685637582e-02,7.107038591144685391e-01
5.518287624149619680e-02,7.106366535809095497e-01
5.520658022613601085e-02,7.105694948035410352e-01
5.523028421077583183e-02,7.105023828105924144e-01
5.525398819541564588e-02,7.104353176302778961e-01
5.530139616469528091e-02,7.103013278203278436e-01
5.532510014933510190e-02,7.102344032470419011e-01
5.534880413397492288e-02,7.101675255990886892e-01
5.537250811861473693e-02,7.101006949046032579e-01
5.539621210325455791e-02,7.100339111917045587e-01
5.541991608789437196e-02,7.099671744884961111e-01
5.544362007253419294e-02,7.099004848230651143e-01
5.546732405717400699e-02,7.098338422234826695e-01
5.551473202645364896e-02,7.097006983340679032e-01
5.553843601109346301e-02,7.096341971002975146e-01
5.556213999573328399e-02,7.095677430444989886e-01
5.558584398037309804e-02,7.095013361946629349e-01
5.560954796501291902e-02,7.094349765787631990e-01
5.563325194965273307e-02,7.093686642247574170e-01
5.565695593429255406e-02,7.093023991605869050e-01
5.568065991893236810e-02,7.092361814141763254e-01
5.570436390357218909e-02,7.091700110134340207e-01
5.575177187285182412e-02,7.090378123605045602e-01
5.577547585749164510e-02,7.089717841640512663e-01
5.579917984213145915e-02,7.089058034247335272e-01
5.582288382677128014e-02,7.088398701703765292e-01
5.584658781141109418e-02,7.087739844287886948e-01
5.587029179605091517e-02,7.087081462277616817e-01
5.589399578069073615e-02,7.086423555950701614e-01
5.591769976533055020e-02,7.085766125584720410e-01
5.596510773461018523e-02,7.084452693845026960e-01
5.598881171925000622e-02,7.083796693025624647e-01
5.601251570388982026e-02,7.083141169275771754e-01
5.603621968852964125e-02,7.082486122872198031e-01
5.605992367316945529e-02,7.081831554091456704e-01
5.608362765780927628e-02,7.081177463209934464e-01
5.610733164244909726e-02,7.080523850503841476e-01
5.613103562708891131e-02,7.079870716249216933e-01
5.617844359636854634e-02,7.078565884197660640e-01
5.620214758100836733e-02,7.077914186951936859e-01
5.622585156564818137e-02,7.077262969260099679e-01
5.624955555028800236e-02,7.076612231397316766e-01
5.627325953492782334e-02,7.075961973638578151e-01
5.629696351956763739e-02,7.075312196258700670e-01
5.632066750420745838e-02,7.074662899532325744e-01
5.634437148884727242e-02,7.074014083733916047e-01
5.639177945812690745e-02,7.072717896017959305e-01
5.641548344276672844e-02,7.072070524648450540e-01
5.643918742740654249e-02,7.071423635302982458e-01
5.646289141204636347e-02,7.070777228255129554e-01
5.648659539668618446e-02,7.070131303778284249e-01
5.651029938132599850e-02,7.069485862145659105e-01
5.653400336596581949e-02,7.068840903630287942e-01
5.655770735060563353e-02,7.068196428505024720e-01
5.658141133524545452e-02,7.067552437042539104e-01
5.662881930452508955e-02,7.066265906195678959e-01
5.665252328916491054e-02,7.065623367355740037e-01
5.667622727380472458e-02,7.064981313267443275e-01
5.669993125844454557e-02,7.064339744202550175e-01
5.672363524308435961e-02,7.063698660432635723e-01
5.674733922772418060e-02,7.063058062229091716e-01
5.677104321236399465e-02,7.062417949863125655e-01
5.679474719700381563e-02,7.061778323605757413e-01
5.684215516628345066e-02,7.060500530499980165e-01
5.686585915092327165e-02,7.059862364192684980e-01
5.688956313556308569e-02,7.059224685076217476e-01
5.691326712020290668e-02,7.058587493420669379e-01
5.693697110484272073e-02,7.057950789495942567e-01
5.696067508948254171e-02,7.057314573571752403e-01
5.698437907412235576e-02,7.056678845917625509e-01
5.700808305876217674e-02,7.056043606802898660e-01
5.705549102804181177e-02,7.054774595268050730e-01
5.707919501268163276e-02,7.054140823385658399e-01
5.710289899732144681e-02,7.053507541118120283e-01
5.712660298196126779e-02,7.052874748733822807e-01
5.715030696660108184e-02,7.052242446500963657e-01
5.717401095124090282e-02,7.051610634687546231e-01
5.719771493588071687e-02,7.050979313561381856e-01
5.722141892052053785e-02,7.050348483390089793e-01
5.726882688980017289e-02,7.049088296981632640e-01
5.729253087443999387e-02,7.048458941278737955e-01
5.731623485907980792e-02,7.047830077599256393e-01
5.733993884371962890e-02,7.047201706209839100e-01
5.736364282835944295e-02,7.046573827376938493e-01
5.738734681299926393e-02,7.045946441366813806e-01
5.741105079763908492e-02,7.045319548445527769e-01
5.743475478227889897e-02,7.044693148878947708e-01
5.745845876691871995e-02,7.044067242932741113e-01
5.750586673619835498e-02,7.042816912963141274e-01
5.752957072083816903e-02,7.042192489470099348e-01
5.755327470547799001e-02,7.041568560658132414e-01
5.757697869011780406e-02,7.040945126791918751e-01
5.760068267475762505e-02,7.040322188135939019e-01
5.762438665939744603e-02,7.039699744954470706e-01
5.764809064403726008e-02,7.039077797511597012e-01
5.767179462867708106e-02,7.038456346071193526e-01
5.771920259795671609e-02,7.037214932252311428e-01
5.774290658259653014e-02,7.036594970400582572e-01
5.776661056723635113e-02,7.035975505604827873e-01
5.779031455187617211e-02,7.035356538127913728e-01
5.781401853651598616e-02,7.034738068232510022e-01
5.783772252115580714e-02,7.034120096181077919e-01
5.786142650579562119e-02,7.033502622235875412e-01
5.788513049043544217e-02,7.032885646658959544e-01
5.793253845971507721e-02,7.031653191657181168e-01
5.795624244435489819e-02,7.031037712755400237e-01
5.797994642899471224e-02,7.030422733268073543e-01
5.800365041363453322e-02,7.029808253456227840e-01
5.802735439827434727e-02,7.029194273580682273e-01
5.805105838291416825e-02,7.028580793902049484e-01
5.807476236755398230e-02,7.027967814680733394e-01
5.809846635219380329e-02,7.027355336176934753e-01
5.814587432147343832e-02,7.026131882361630332e-01
5.816957830611325930e-02,7.025520907569474671e-01
5.819328229075307335e-02,7.024910434533535586e-01
5.821698627539289433e-02,7.024300463512964665e-01
5.824069026003270838e-02,7.023690994766700335e-01
5.826439424467252937e-02,7.023082028553473410e-01
5.828809822931234341e-02,7.022473565131801543e-01
5.831180221395216440e-02,7.021865604759991442e-01
5.833550619859198538e-02,7.021258147696137764e-01
5.838291416787162041e-02,7.020044744523613600e-01
5.840661815251143446e-02,7.019438798930068835e-01
5.843032213715125545e-02,7.018833357674729712e-01
5.845402612179106949e-02,7.018228421014622853e-01
5.847773010643089048e-02,7.017623989206561719e-01
5.850143409107070452e-02,7.017020062507145495e-01
5.852513807571052551e-02,7.016416641172755764e-01
5.854884206035034649e-02,7.015813725459562056e-01
5.859625002962998153e-02,7.014609411920346149e-01
5.861995401426979557e-02,7.014008014605576102e-01
5.864365799890961656e-02,7.013407123934504162e-01
5.866736198354943060e-02,7.012806740162214059e-01
5.869106596818925159e-02,7.012206863543567481e-01
5.871476995282907257e-02,7.011607494333212953e-01
5.873847393746888662e-02,7.011008632785575845e-01
5.876217792210870761e-02,7.010410279154861701e-01
5.880958589138834264e-02,7.009215096659943134e-01
5.883328987602815668e-02,7.008618268303050680e-01
5.885699386066797767e-02,7.008021948877710683e-01
5.888069784530779172e-02,7.007426138637028457e-01
5.890440182994761270e-02,7.006830837833887271e-01
5.892810581458743369e-02,7.006236046720948352e-01
5.895180979922724773e-02,7.005641765550647548e-01
5.897551378386706872e-02,7.005047994575203107e-01
5.902292175314670375e-02,7.003861984216619430e-01
5.904662573778651780e-02,7.003269745336794250e-01
5.907032972242633878e-02,7.002678017658447995e-01
5.909403370706615977e-02,7.002086801432673147e-01
5.911773769170597381e-02,7.001496096910340139e-01
5.914144167634579480e-02,7.000905904342094033e-01
5.916514566098560884e-02,7.000316223978350072e-01
5.918884964562542983e-02,6.999727056069300346e-01
5.923625761490506486e-02,6.998550258614910646e-01
5.925996159954487891e-02,6.997962629568817983e-01
5.928366558418469989e-02,6.997375513975909733e-01
5.930736956882452088e-02,6.996788912085237788e-01
5.933107355346433492e-02,6.996202824145626442e-01
5.935477753810415591e-02,6.995617250405670173e-01
5.937848152274396996e-02,6.995032191113734754e-01
5.940218550738379094e-02,6.994447646517952810e-01
5.942588949202360499e-02,6.993863616866230482e-01
5.947329746130324696e-02,6.992697103385424606e-01
5.949700144594306100e-02,6.992114620050995377e-01
5.952070543058288199e-02,6.991532652649927737e-01
5.954440941522269604e-02,6.990951201428972084e-01
5.956811339986251702e-02,6.990370266634640117e-01
5.959181738450233107e-02,6.989789848513211501e-01
5.961552136914215205e-02,6.989209947310733861e-01
5.963922535378196610e-02,6.988630563273022789e-01
5.968663332306160807e-02,6.987473347673969215e-01
5.971033730770142212e-02,6.986895516603079948e-01
5.973404129234124310e-02,6.986318203677862604e-01
5.975774527698105715e-02,6.985741409142949276e-01
5.978144926162087813e-02,6.985165133242744462e-01
5.980515324626069218e-02,6.984589376221411738e-01
5.982885723090051316e-02,6.984014138322879317e-01
5.985256121554033415e-02,6.983439419790837821e-01
5.989996918481996918e-02,6.982291541799796608e-01
5.992367316945978323e-02,6.981718382826987979e-01
5.994737715409960421e-02,6.981145744193048008e-01
5.997108113873941826e-02,6.980573626140476051e-01
5.999478512337923924e-02,6.980002028911529433e-01
6.001848910801905329e-02,6.979430952748224559e-01
6.004219309265887428e-02,6.978860397892341361e-01
6.006589707729869526e-02,6.978290364585413297e-01
6.011330504657833029e-02,6.977151863583367364e-01
6.013700903121814434e-02,6.976583396370112933e-01
6.016071301585796532e-02,6.976015451669546064e-01
6.018441700049777937e-02,6.975448029721993404e-01
6.020812098513760036e-02,6.974881130767535131e-01
6.023182496977742134e-02,6.974314755046013836e-01
6.025552895441723539e-02,6.973748902797025639e-01
6.027923293905705637e-02,6.973183574259921302e-01
6.030293692369687042e-02,6.972618769673807337e-01
6.035034489297650545e-02,6.971490733309757548e-01
6.037404887761632644e-02,6.970927502008807952e-01
6.039775286225614048e-02,6.970364795612823405e-01
6.042145684689596147e-02,6.969802614359685844e-01
6.044516083153578245e-02,6.969240958487021853e-01
6.046886481617559650e-02,6.968679828232218210e-01
6.049256880081541748e-02,6.968119223832410780e-01
6.051627278545523153e-02,6.967559145524487851e-01
6.056368075473486656e-02,6.966440568130606303e-01
6.058738473937468755e-02,6.965882069517183028e-01
6.061108872401450853e-02,6.965324097940709391e-01
6.063479270865432258e-02,6.964766653636829119e-01
6.065849669329414356e-02,6.964209736840935028e-01
6.068220067793395761e-02,6.963653347788169024e-01
6.070590466257377860e-02,6.963097486713422102e-01
6.072960864721359264e-02,6.962542153851332127e-01
6.077701661649323461e-02,6.961433073702425478e-01
6.080072060113304866e-02,6.960879326883625540e-01
6.082442458577286964e-02,6.960326109213520462e-01
6.084812857041268369e-02,6.959773420925488008e-01
6.087183255505250468e-02,6.959221262252648366e-01
6.089553653969231872e-02,6.958669633427873036e-01
6.091924052433213971e-02,6.958118534683777057e-01
6.094294450897195375e-02,6.957567966252720115e-01
6.099035247825159572e-02,6.956468421257888668e-01
6.101405646289140977e-02,6.955919445157559000e-01
6.103776044753123076e-02,6.955371000297152495e-01
6.106146443217104480e-02,6.954823086907755414e-01
6.108516841681086579e-02,6.954275705220187564e-01
6.110887240145067983e-02,6.953728855465017844e-01
6.113257638609050082e-02,6.953182537872555358e-01
6.115628037073032180e-02,6.952636752672851639e-01
6.117998435537013585e-02,6.952091500095698429e-01
6.122739232464977088e-02,6.951002593726923751e-01
6.125109630928959187e-02,6.950458940393592355e-01
6.127480029392940591e-02,6.949915820599392724e-01
6.129850427856922690e-02,6.949373234572820968e-01
6.132220826320904095e-02,6.948831182542108964e-01
6.134591224784886193e-02,6.948289664735233240e-01
6.136961623248868292e-02,6.947748681379906088e-01
6.139332021712849696e-02,6.947208232703578901e-01
6.144072818640813199e-02,6.946128940296413257e-01
6.146443217104795298e-02,6.945590097019166409e-01
6.148813615568776703e-02,6.945051789328098302e-01
6.151184014032758801e-02,6.944514017449345822e-01
6.153554412496740900e-02,6.943976781608784954e-01
6.155924810960722304e-02,6.943440082032021898e-01
6.158295209424704403e-02,6.942903918944400843e-01
6.160665607888685807e-02,6.942368292571003963e-01
6.165406404816649311e-02,6.941298650865869169e-01
6.167776803280631409e-02,6.940764635982963338e-01
6.170147201744612814e-02,6.940231158711943626e-01
6.172517600208594912e-02,6.939698219276557722e-01
6.174887998672577011e-02,6.939165817900290190e-01
6.177258397136558415e-02,6.938633954806355808e-01
6.179628795600540514e-02,6.938102630217700684e-01
6.181999194064521919e-02,6.937571844357006690e-01
6.186739990992485422e-02,6.936511889708867340e-01
6.189110389456467520e-02,6.935982721365439030e-01
6.191480787920449619e-02,6.935454092637999279e-01
6.193851186384431023e-02,6.934926003747881040e-01
6.196221584848413122e-02,6.934398454916145260e-01
6.198591983312394527e-02,6.933871446363588653e-01
6.200962381776376625e-02,6.933344978310728157e-01
6.203332780240358030e-02,6.932819050977816477e-01
6.205703178704340128e-02,6.932293664584830983e-01
6.210443975632303631e-02,6.931244515497191339e-01
6.212814374096285730e-02,6.930720753241134124e-01
6.215184772560267135e-02,6.930197532802190308e-01
6.217555171024249233e-02,6.929674854398978345e-01
6.219925569488230638e-02,6.929152718249836918e-01
6.222295967952212736e-02,6.928631124572834921e-01
6.224666366416194141e-02,6.928110073585760365e-01
6.227036764880176239e-02,6.927589565506135916e-01
6.231777561808139743e-02,6.926550178937918023e-01
6.234147960272121841e-02,6.926031300882985464e-01
6.236518358736103246e-02,6.925512966602812570e-01
6.238888757200085344e-02,6.924995176313539780e-01
6.241259155664066749e-02,6.924477930231025535e-01
6.243629554128048847e-02,6.923961228570854054e-01
6.245999952592030252e-02,6.923445071548333107e-01
6.248370351056012351e-02,6.922929459378487360e-01
6.253111147983976548e-02,6.921899870455548998e-01
6.255481546447957952e-02,6.921385894131119043e-01
6.257851944911939357e-02,6.920872463516689610e-01
6.260222343375920762e-02,6.920359578825895364e-01
6.262592741839903554e-02,6.919847240272087863e-01
6.264963140303884959e-02,6.919335448068340000e-01
6.267333538767866363e-02,6.918824202427443781e-01
6.269703937231849156e-02,6.918313503561908107e-01
6.274444734159811965e-02,6.917293747005556215e-01
6.276815132623793370e-02,6.916784689738351144e-01
6.279185531087776162e-02,6.916276180093731130e-01
6.281555929551757567e-02,6.915768218282798419e-01
6.283926328015738971e-02,6.915260804516364379e-01
6.286296726479721764e-02,6.914753939004965044e-01
6.288667124943703168e-02,6.914247621958851120e-01
6.291037523407684573e-02,6.913741853587985764e-01
6.295778320335648770e-02,6.912731963710437855e-01
6.298148718799630175e-02,6.912227842622261642e-01
6.300519117263611579e-02,6.911724271046344459e-01
6.302889515727592984e-02,6.911221249191229488e-01
6.305259914191575776e-02,6.910718777265164592e-01
6.307630312655557181e-02,6.910216855476117859e-01
6.310000711119538586e-02,6.909715484031767607e-01
6.312371109583521378e-02,6.909214663139507939e-01
6.314741508047502783e-02,6.908714393006442078e-01
6.319482304975465592e-02,6.907715505844870263e-01
6.321852703439448384e-02,6.907216889229130796e-01
6.324223101903429789e-02,6.906718824198121442e-01
6.326593500367411194e-02,6.906221310957503245e-01
6.328963898831393986e-02,6.905724349712646370e-01
6.331334297295375391e-02,6.905227940668634545e-01
6.333704695759356795e-02,6.904732084030258399e-01
6.336075094223338200e-02,6.904236780002019902e-01
6.340815891151302397e-02,6.903247830592500467e-01
6.343186289615283802e-02,6.902754185618767968e-01
6.345556688079266594e-02,6.902261094070262226e-01
6.347927086543247999e-02,6.901768556150030820e-01
6.350297485007229403e-02,6.901276572060819348e-01
6.352667883471210808e-02,6.900785142005086970e-01
6.355038281935193600e-02,6.900294266184996417e-01
6.357408680399175005e-02,6.899803944802420652e-01
6.362149477327139202e-02,6.898824966155820970e-01
6.364519875791120607e-02,6.898336309294068602e-01
6.366890274255102011e-02,6.897848207674369680e-01
6.369260672719083416e-02,6.897360661497118350e-01
6.371631071183066208e-02,6.896873670962421210e-01
6.374001469647047613e-02,6.896387236270082877e-01
6.376371868111029018e-02,6.895901357619611538e-01
6.378742266575011810e-02,6.895416035210221173e-01
6.383483063502974619e-02,6.894447059910052689e-01
6.385853461966956024e-02,6.893963407416212608e-01
6.388223860430938816e-02,6.893480311957335127e-01
6.390594258894920221e-02,6.892997773731143196e-01
6.392964657358901626e-02,6.892515792935064445e-01
6.395335055822883030e-02,6.892034369766226742e-01
6.397705454286865823e-02,6.891553504421458198e-01
6.400075852750847227e-02,6.891073197097288272e-01
6.402446251214828632e-02,6.890593447989945552e-01
6.407187048142792829e-02,6.889635625209159508e-01
6.409557446606774234e-02,6.889157551926673451e-01
6.411927845070755638e-02,6.888680037642925802e-01
6.414298243534738431e-02,6.888203082552643020e-01
6.416668641998719835e-02,6.887726686850248470e-01
6.419039040462701240e-02,6.887250850729862428e-01
6.421409438926684032e-02,6.886775574385303189e-01
6.423779837390665437e-02,6.886300858010089287e-01
6.428520634318628246e-02,6.885353105940238416e-01
6.430891032782611039e-02,6.884880070631117510e-01
6.433261431246592443e-02,6.884407596062368517e-01
6.435631829710573848e-02,6.883935682425991187e-01
6.438002228174556640e-02,6.883464329913675517e-01
6.440372626638538045e-02,6.882993538716810633e-01
6.442743025102519450e-02,6.882523309026478131e-01
6.445113423566500854e-02,6.882053641033453184e-01
6.449854220494465051e-02,6.881115990900906754e-01
6.452224618958446456e-02,6.880648009141405730e-01
6.454595017422429248e-02,6.880180589839257621e-01
6.456965415886410653e-02,6.879713733183703273e-01
6.459335814350392058e-02,6.879247439363678218e-01
6.461706212814373462e-02,6.878781708567814901e-01
6.464076611278356255e-02,6.878316540984427130e-01
6.466447009742337659e-02,6.877851936801528954e-01
6.471187806670300469e-02,6.876924419387702159e-01
6.473558205134283261e-02,6.876461506531250656e-01
6.475928603598264666e-02,6.875999157824240759e-01
6.478299002062246070e-02,6.875537373453135537e-01
6.480669400526228863e-02,6.875076153604091633e-01
6.483039798990210267e-02,6.874615498462950391e-01
6.485410197454191672e-02,6.874155408215242291e-01
6.487780595918173077e-02,6.873695883046188060e-01
6.490150994382155869e-02,6.873236923140694232e-01
6.494891791310118678e-02,6.872320699858471826e-01
6.497262189774101471e-02,6.871863436849997564e-01
6.499632588238082875e-02,6.871406739841595668e-01
6.502002986702064280e-02,6.870950609016612809e-01
6.504373385166045685e-02,6.870495044558081466e-01
6.506743783630028477e-02,6.870040046648719922e-01
6.509114182094009882e-02,6.869585615470931161e-01
6.511484580557991286e-02,6.869131751206805081e-01
6.516225377485955483e-02,6.868225724146321820e-01
6.518595775949936888e-02,6.867773561712569030e-01
6.520966174413918293e-02,6.867321966917685483e-01
6.523336572877901085e-02,6.866870939942183449e-01
6.525706971341882490e-02,6.866420480966258788e-01
6.528077369805863894e-02,6.865970590169790944e-01
6.530447768269846687e-02,6.865521267732340727e-01
6.532818166733828091e-02,6.865072513833156975e-01
6.537558963661790901e-02,6.864176712364974398e-01
6.539929362125773693e-02,6.863729665152877857e-01
6.542299760589755098e-02,6.863283187192847912e-01
6.544670159053736502e-02,6.862837278662536900e-01
6.547040557517717907e-02,6.862391939739282964e-01
6.549410955981700699e-02,6.861947170600101176e-01
6.551781354445682104e-02,6.861502971421686858e-01
6.554151752909663509e-02,6.861059342380415593e-01
6.558892549837627706e-02,6.860173795413208042e-01
6.561262948301609110e-02,6.859731877838420866e-01
6.563633346765590515e-02,6.859290531103077182e-01
6.566003745229573307e-02,6.858849755381946078e-01
6.568374143693554712e-02,6.858409550849476899e-01
6.570744542157536117e-02,6.857969917679799243e-01
6.573114940621518909e-02,6.857530856046716305e-01
6.575485339085500314e-02,6.857092366123713756e-01
6.577855737549481718e-02,6.856654448083946418e-01
6.582596534477445915e-02,6.855780328345146835e-01
6.584966932941427320e-02,6.855344126990813303e-01
6.587337331405408725e-02,6.854908498209117962e-01
6.589707729869391517e-02,6.854473442171602482e-01
6.592078128333372922e-02,6.854038959049477686e-01
6.594448526797354326e-02,6.853605049013636874e-01
6.596818925261335731e-02,6.853171712234642499e-01
6.599189323725318523e-02,6.852738948882733938e-01
6.603930120653281333e-02,6.851875143139495306e-01
6.606300519117264125e-02,6.851444101087010852e-01
6.608670917581245530e-02,6.851013633139303449e-01
6.611041316045226934e-02,6.850583739464978228e-01
6.613411714509208339e-02,6.850154420232311692e-01
6.615782112973191131e-02,6.849725675609255049e-01
6.618152511437172536e-02,6.849297505763429772e-01
6.620522909901153941e-02,6.848869910862132038e-01
6.625263706829118138e-02,6.848016446560639681e-01
6.627634105293099542e-02,6.847590577493388730e-01
6.630004503757080947e-02,6.847165284036549338e-01
6.632374902221063739e-02,6.846740566355766777e-01
6.634745300685045144e-02,6.846316424616359919e-01
6.637115699149026549e-02,6.845892858983313456e-01
6.639486097613007953e-02,6.845469869621282344e-01
6.641856496076990746e-02,6.845047456694595134e-01
6.646597293004953555e-02,6.844204360802887965e-01
6.648967691468936347e-02,6.843783678164859774e-01
6.651338089932917752e-02,6.843363572616157908e-01
6.653708488396899157e-02,6.842944044319446695e-01
6.656078886860880561e-02,6.842525093437057393e-01
6.658449285324863354e-02,6.842106720130991526e-01
6.660819683788844758e-02,6.841688924562915330e-01
6.663190082252826163e-02,6.841271706894159754e-01
6.667930879180790360e-02,6.840439005898273361e-01
6.670301277644771765e-02,6.840023522892135777e-01
6.672671676108753169e-02,6.839608618427309716e-01
6.675042074572735962e-02,6.839194292663450803e-01
6.677412473036717366e-02,6.838780545759886031e-01
6.679782871500698771e-02,6.838367377875606001e-01
6.682153269964681563e-02,6.837954789169259362e-01
6.684523668428662968e-02,6.837542779799166137e-01
6.686894066892644373e-02,6.837131349923305512e-01
6.691634863820608570e-02,6.836310229284521256e-01
6.694005262284589974e-02,6.835900538835870677e-01
6.696375660748571379e-02,6.835491428510005463e-01
6.698746059212554171e-02,6.835082898463215040e-01
6.701116457676535576e-02,6.834674948851457987e-01
6.703486856140516981e-02,6.834267579830348716e-01
6.705857254604498385e-02,6.833860791555165237e-01
6.708227653068481178e-02,6.833454584180846947e-01
6.712968449996443987e-02,6.832643912752867088e-01
6.715338848460425392e-02,6.832239449007383447e-01
6.717709246924408184e-02,6.831835566779125291e-01
6.720079645388389589e-02,6.831432266221330041e-01
6.722450043852370993e-02,6.831029547486897613e-01
6.724820442316353786e-02,6.830627410728383753e-01
6.727190840780335190e-02,6.830225856098008919e-01
6.729561239244316595e-02,6.829824883747643849e-01
6.734302036172280792e-02,6.829024686492732865e-01
6.736672434636262197e-02,6.828625461890226456e-01
6.739042833100243601e-02,6.828226820171808820e-01
6.741413231564226394e-02,6.827828761487639841e-01
6.743783630028207798e-02,6.827431285987541898e-01
6.746154028492189203e-02,6.827034393820988756e-01
6.748524426956170608e-02,6.826638085137112233e-01
6.750894825420153400e-02,6.826242360084699978e-01
6.755635622348116209e-02,6.825452661467700244e-01
6.758006020812099002e-02,6.825058688198964996e-01
6.760376419276080406e-02,6.824665299153397369e-01
6.762746817740061811e-02,6.824272494478065276e-01
6.765117216204043216e-02,6.823880274319681360e-01
6.767487614668026008e-02,6.823488638824618535e-01
6.769858013132007413e-02,6.823097588138904435e-01
6.772228411595988817e-02,6.822707122408213642e-01
6.774598810059971610e-02,6.822317241777881014e-01
6.779339606987934419e-02,6.821539236397875516e-01
6.781710005451915824e-02,6.821151111937132638e-01
6.784080403915898616e-02,6.820763573154599024e-01
6.786450802379880021e-02,6.820376620193868700e-01
6.788821200843861425e-02,6.819990253198188190e-01
6.791191599307842830e-02,6.819604472310450971e-01
6.793561997771825622e-02,6.819219277673207458e-01
6.795932396235807027e-02,6.818834669428655015e-01
6.800673193163771224e-02,6.818067212684661982e-01
6.803043591627752629e-02,6.817684364467870850e-01
6.805413990091734033e-02,6.817302103209063047e-01
6.807784388555715438e-02,6.816920429048688446e-01
6.810154787019698230e-02,6.816539342126842760e-01
6.812525185483679635e-02,6.816158842583270872e-01
6.814895583947661040e-02,6.815778930557365722e-01
6.817265982411643832e-02,6.815399606188173864e-01
6.822006779339606641e-02,6.814642720974328771e-01
6.824377177803588046e-02,6.814265160406002275e-01
6.826747576267570838e-02,6.813888188047032557e-01
6.829117974731552243e-02,6.813511804034704245e-01
6.831488373195533648e-02,6.813136008505938923e-01
6.833858771659516440e-02,6.812760801597311788e-01
6.836229170123497845e-02,6.812386183445043875e-01
6.838599568587479249e-02,6.812012154184997614e-01
6.843340365515443446e-02,6.811265862883264521e-01
6.845710763979424851e-02,6.810893601111536189e-01
6.848081162443406256e-02,6.810521928771945399e-01
6.850451560907389048e-02,6.810150845998584890e-01
6.852821959371370453e-02,6.809780352925187685e-01
6.855192357835351857e-02,6.809410449685135980e-01
6.857562756299333262e-02,6.809041136411451145e-01
6.859933154763316054e-02,6.808672413236801502e-01
6.862303553227297459e-02,6.808304280293495658e-01
6.867044350155260268e-02,6.807569785628375669e-01
6.869414748619243061e-02,6.807203424169393502e-01
6.871785147083224465e-02,6.806837653467425753e-01
6.874155545547205870e-02,6.806472473652993571e-01
6.876525944011188662e-02,6.806107884856260615e-01
6.878896342475170067e-02,6.805743887207035270e-01
6.881266740939151472e-02,6.805380480834765100e-01
6.883637139403132876e-02,6.805017665868537957e-01
6.888377936331097073e-02,6.804293810668763376e-01
6.890748334795078478e-02,6.803932770691598630e-01
6.893118733259061270e-02,6.803572322633233416e-01
6.895489131723042675e-02,6.803212466620958132e-01
6.897859530187024080e-02,6.802853202781700137e-01
6.900229928651005484e-02,6.802494531242030407e-01
6.902600327114988277e-02,6.802136452128153543e-01
6.904970725578969681e-02,6.801778965565914437e-01
6.909711522506933878e-02,6.801065770597931603e-01
6.912081920970915283e-02,6.800710062442069104e-01
6.914452319434896688e-02,6.800354947337609035e-01
6.916822717898878092e-02,6.800000425408587734e-01
6.919193116362860885e-02,6.799646496778678495e-01
6.921563514826842289e-02,6.799293161571189348e-01
6.923933913290823694e-02,6.798940419909066391e-01
6.926304311754806486e-02,6.798588271914893788e-01
6.931045108682769296e-02,6.797885757418904440e-01
6.933415507146750700e-02,6.797535391160433038e-01
6.935785905610733493e-02,6.797185619056600459e-01
6.938156304074714897e-02,6.796836441228165659e-01
6.940526702538696302e-02,6.796487857795526777e-01
6.942897101002677707e-02,6.796139868878711132e-01
6.945267499466660499e-02,6.795792474597386335e-01
6.947637897930641904e-02,6.795445675070849179e-01
6.950008296394623308e-02,6.795099470418034526e-01
6.954749093322587505e-02,6.794408846207465880e-01
6.957119491786568910e-02,6.794064426885746411e-01
6.959489890250550315e-02,6.793720602909816275e-01
6.961860288714533107e-02,6.793377374396770696e-01
6.964230687178514512e-02,6.793034741463341852e-01
6.966601085642495916e-02,6.792692704225893330e-01
6.968971484106478709e-02,6.792351262800421230e-01
6.971341882570460113e-02,6.792010417302551950e-01
6.976082679498422923e-02,6.791330514550288910e-01
6.978453077962405715e-02,6.790991457525304975e-01
6.980823476426387120e-02,6.790652996886744619e-01
6.983193874890368524e-02,6.790315132748391269e-01
6.985564273354351317e-02,6.789977865223655318e-01
6.987934671818332721e-02,6.789641194425579673e-01
6.990305070282314126e-02,6.789305120466834209e-01
6.992675468746295531e-02,6.788969643459724645e-01
6.997416265674259728e-02,6.788300480747759824e-01
6.999786664138241132e-02,6.787966795265651943e-01
7.002157062602223925e-02,6.787633707180676934e-01
7.004527461066205329e-02,6.787301216603276455e-01
7.006897859530186734e-02,6.786969323643525787e-01
7.009268257994168139e-02,6.786638028411127177e-01
7.011638656458150931e-02,6.786307331015409838e-01
7.014009054922132336e-02,6.785977231565328838e-01
7.018749851850096533e-02,6.785318826936040937e-01
7.021120250314077937e-02,6.784990521972881217e-01
7.023490648778059342e-02,6.784662815387454415e-01
7.025861047242040747e-02,6.784335707286849315e-01
7.028231445706023539e-02,6.784009197777782774e-01
7.030601844170004944e-02,6.783683286966595283e-01
7.032972242633986348e-02,6.783357974959254300e-01
7.035342641097967753e-02,6.783033261861352026e-01
7.037713039561950545e-02,6.782709147778106518e-01
7.042453836489913355e-02,6.782062717074576197e-01
7.044824234953896147e-02,6.781740400662847890e-01
7.047194633417877552e-02,6.781418683682890469e-01
7.049565031881858956e-02,6.781097566238043495e-01
7.051935430345840361e-02,6.780777048431265719e-01
7.054305828809823153e-02,6.780457130365147300e-01
7.056676227273804558e-02,6.780137812141895370e-01
7.059046625737785963e-02,6.779819093863339585e-01
7.063787422665750160e-02,6.779183457545767677e-01
7.066157821129731564e-02,6.778866539708524597e-01
7.068528219593712969e-02,6.778550222219532628e-01
7.070898618057695761e-02,6.778234505178732938e-01
7.073269016521677166e-02,6.777919388685692548e-01
7.075639414985658571e-02,6.777604872839594341e-01
7.078009813449641363e-02,6.777290957739245947e-01
7.080380211913622768e-02,6.776977643483077518e-01
7.085121008841585577e-02,6.776352817895086034e-01
7.087491407305568369e-02,6.776041306758222582e-01
7.089861805769549774e-02,6.775730396855451643e-01
7.092232204233531179e-02,6.775420088283302666e-01
7.094602602697513971e-02,6.775110381137923188e-01
7.096973001161495376e-02,6.774801275515079935e-01
7.099343399625476780e-02,6.774492771510161049e-01
7.101713798089458185e-02,6.774184869218169425e-01
7.106454595017422382e-02,6.773570870151085499e-01
7.108824993481403787e-02,6.773264773564094954e-01
7.111195391945385191e-02,6.772959279066236293e-01
7.113565790409367984e-02,6.772654386750606159e-01
7.115936188873349388e-02,6.772350096709917056e-01
7.118306587337330793e-02,6.772046409036501791e-01
7.120676985801313585e-02,6.771743323822303484e-01
7.123047384265294990e-02,6.771440841158890001e-01
7.127788181193257799e-02,6.770837683848757171e-01
7.130158579657240592e-02,6.770537009383245097e-01
7.132528978121221996e-02,6.770236937830939050e-01
7.134899376585203401e-02,6.769937469281483988e-01
7.137269775049186193e-02,6.769638603824137402e-01
7.139640173513167598e-02,6.769340341547777085e-01
7.142010571977149003e-02,6.769042682540893363e-01
7.144380970441130407e-02,6.768745626891592426e-01
7.146751368905113200e-02,6.768449174687594105e-01
7.151492165833076009e-02,6.767858080964456180e-01
7.153862564297058801e-02,6.767563439618828891e-01
7.156232962761040206e-02,6.767269402065524408e-01
7.158603361225021611e-02,6.766975968390335217e-01
7.160973759689003015e-02,6.766683138678665221e-01
7.163344158152985808e-02,6.766390913015528641e-01
7.165714556616967212e-02,6.766099291485553335e-01
7.168084955080948617e-02,6.765808274172984138e-01
7.172825752008912814e-02,6.765228052535088299e-01
7.175196150472894219e-02,6.764938848376306213e-01
7.177566548936875623e-02,6.764650248768017127e-01
7.179936947400858416e-02,6.764362253792525204e-01
7.182307345864839820e-02,6.764074863531741588e-01
7.184677744328821225e-02,6.763788078067191067e-01
7.187048142792802630e-02,6.763501897480007630e-01
7.189418541256785422e-02,6.763216321850936685e-01
7.194159338184748231e-02,6.762646985788176579e-01
7.196529736648731024e-02,6.762363225514028686e-01
7.198900135112712428e-02,6.762080070517081376e-01
7.201270533576693833e-02,6.761797520876130507e-01
7.203640932040675238e-02,6.761515576669582250e-01
7.206011330504658030e-02,6.761234237975450867e-01
7.208381728968639435e-02,6.760953504871362041e-01
7.210752127432620839e-02,6.760673377434547326e-01
7.215492924360585036e-02,6.760114939869716899e-01
7.217863322824566441e-02,6.759836629894208082e-01
7.220233721288547846e-02,6.759558925890988279e-01
7.222604119752530638e-02,6.759281827935335052e-01
7.224974518216512043e-02,6.759005336102126282e-01
7.227344916680493447e-02,6.758729450465852384e-01
7.229715315144476240e-02,6.758454171100606311e-01
7.232085713608457644e-02,6.758179498080096881e-01
7.234456112072439049e-02,6.757905431477628788e-01
7.239196909000403246e-02,6.757359117818094729e-01
7.241567307464384651e-02,6.757086870905678611e-01
7.243937705928366055e-02,6.756815230700607966e-01
7.246308104392348848e-02,6.756544197274225727e-01
7.248678502856330252e-02,6.756273770697471814e-01
7.251048901320311657e-02,6.756003951040903122e-01
7.253419299784293062e-02,6.755734738374674642e-01
7.255789698248275854e-02,6.755466132768545018e-01
7.260530495176238663e-02,6.754930743013659589e-01
7.262900893640220068e-02,6.754663959002447093e-01
7.265271292104202860e-02,6.754397782326426736e-01
7.267641690568184265e-02,6.754132213053380962e-01
7.270012089032165670e-02,6.753867251250696979e-01
7.272382487496148462e-02,6.753602896985362314e-01
7.274752885960129867e-02,6.753339150323972584e-01
7.277123284424111271e-02,6.753076011332724837e-01
7.281864081352075468e-02,6.752551556623452855e-01
7.284234479816056873e-02,6.752290241035836527e-01
7.286604878280038278e-02,6.752029533379172443e-01
7.288975276744021070e-02,6.751769433717674795e-01
7.291345675208002475e-02,6.751509942115151430e-01
7.293716073671983879e-02,6.751251058635014957e-01
7.296086472135965284e-02,6.750992783340281633e-01
7.298456870599948076e-02,6.750735116293565818e-01
7.303197667527910886e-02,6.750221607192656847e-01
7.305568065991893678e-02,6.749965765261698447e-01
7.307938464455875083e-02,6.749710531825232618e-01
7.310308862919856487e-02,6.749455906943876426e-01
7.312679261383837892e-02,6.749201890677848370e-01
7.315049659847820684e-02,6.748948483086969485e-01
7.317420058311802089e-02,6.748695684230660019e-01
7.319790456775783494e-02,6.748443494167938317e-01
7.322160855239766286e-02,6.748191912957419714e-01
7.326901652167729095e-02,6.747690577325474726e-01
7.329272050631710500e-02,6.747440823019277278e-01
7.331642449095693292e-02,6.747191677795750797e-01
7.334012847559674697e-02,6.746943141711504444e-01
7.336383246023656102e-02,6.746695214822752140e-01
7.338753644487638894e-02,6.746447897185302578e-01
7.341124042951620299e-02,6.746201188854561437e-01
7.343494441415601703e-02,6.745955089885531386e-01
7.348235238343565900e-02,6.745464720250619051e-01
7.350605636807547305e-02,6.745220449692730380e-01
7.352976035271528710e-02,6.744976788712544469e-01
7.355346433735510114e-02,6.744733737363054482e-01
7.357716832199492907e-02,6.744491295696842803e-01
7.360087230663474311e-02,6.744249463766095465e-01
7.362457629127455716e-02,6.744008241622589939e-01
7.364828027591438508e-02,6.743767629317701795e-01
7.369568824519401318e-02,6.743288234427257111e-01
7.371939222983382722e-02,6.743049451942431105e-01
7.374309621447365515e-02,6.742811279497676891e-01
7.376680019911346919e-02,6.742573717142350542e-01
7.379050418375328324e-02,6.742336764925396242e-01
7.381420816839311116e-02,6.742100422895360712e-01
7.383791215303292521e-02,6.741864691100374340e-01
7.386161613767273926e-02,6.741629569588171167e-01
7.390902410695238123e-02,6.741161157601007758e-01
7.393272809159219527e-02,6.740927867219479452e-01
7.395643207623200932e-02,6.740695187307594871e-01
7.398013606087183724e-02,6.740463117911057456e-01
7.400384004551165129e-02,6.740231659075157644e-01
7.402754403015146534e-02,6.740000810844781753e-01
7.405124801479127938e-02,6.739770573264409759e-01
7.407495199943110731e-02,6.739540946378113073e-01
7.409865598407092135e-02,6.739311930229555658e-01
7.414606395335056332e-02,6.738855730318276116e-01
7.416976793799037737e-02,6.738628546640843542e-01
7.419347192263019142e-02,6.738401973871729345e-01
7.421717590727000546e-02,6.738176012052555786e-01
7.424087989190983339e-02,6.737950661224541005e-01
7.426458387654964743e-02,6.737725921428491249e-01
7.428828786118946148e-02,6.737501792704800874e-01
7.431199184582927553e-02,6.737278275093464552e-01
7.435939981510891750e-02,6.736833073365753322e-01
7.438310379974873154e-02,6.736611389327311628e-01
7.440680778438855947e-02,6.736390316557081537e-01
7.443051176902837351e-02,6.736169855093006031e-01
7.445421575366818756e-02,6.735950004972615091e-01
7.447791973830800161e-02,6.735730766233032352e-01
7.450162372294782953e-02,6.735512138910961788e-01
7.452532770758764358e-02,6.735294123042708803e-01
7.457273567686728555e-02,6.734859925810791070e-01
7.459643966150709959e-02,6.734643744517669894e-01
7.462014364614691364e-02,6.734428174819453439e-01
7.464384763078672769e-02,6.734213216750384312e-01
7.466755161542655561e-02,6.733998870344295451e-01
7.469125560006636966e-02,6.733785135634604568e-01
7.471495958470618370e-02,6.733572012654323036e-01
7.473866356934601163e-02,6.733359501436044781e-01
7.478607153862563972e-02,6.732936314413822121e-01
7.480977552326545377e-02,6.732725638673009438e-01
7.483347950790528169e-02,6.732515574820459037e-01
7.485718349254509574e-02,6.732306122886705380e-01
7.488088747718490978e-02,6.732097282901866597e-01
7.490459146182473771e-02,6.731889054895648927e-01
7.492829544646455175e-02,6.731681438897346714e-01
7.495199943110436580e-02,6.731474434935837969e-01
7.499940740038400777e-02,6.731062263236646803e-01
7.502311138502382182e-02,6.730857095554653169e-01
7.504681536966363586e-02,6.730652540020828356e-01
7.507051935430344991e-02,6.730448596661979810e-01
7.509422333894327783e-02,6.730245265504504193e-01
7.511792732358309188e-02,6.730042546574377393e-01
7.514163130822290593e-02,6.729840439897163407e-01
7.516533529286273385e-02,6.729638945498009894e-01
7.518903927750254790e-02,6.729438063401652625e-01
7.523644724678217599e-02,6.729038136214174903e-01
7.526015123142200391e-02,6.728839091170443210e-01
7.528385521606181796e-02,6.728640658524283058e-01
7.530755920070163201e-02,6.728442838298347439e-01
7.533126318534145993e-02,6.728245630514873010e-01
7.535496716998127398e-02,6.728049035195683425e-01
7.537867115462108802e-02,6.727853052362181563e-01
7.540237513926090207e-02,6.727657682035357301e-01
7.544978310854054404e-02,6.727268778983602759e-01
7.547348709318035809e-02,6.727075246298565014e-01
7.549719107782018601e-02,6.726882326199985496e-01
7.552089506246000006e-02,6.726690018706763530e-01
7.554459904709981410e-02,6.726498323837384330e-01
7.556830303173962815e-02,6.726307241609915666e-01
7.559200701637945607e-02,6.726116772042002312e-01
7.561571100101927012e-02,6.725926915150878260e-01
7.566311897029891209e-02,6.725549039465819057e-01
7.568682295493872614e-02,6.725361020704250237e-01
7.571052693957854018e-02,6.725173614684204493e-01
7.573423092421835423e-02,6.724986821420815275e-01
7.575793490885818215e-02,6.724800640928804141e-01
7.578163889349799620e-02,6.724615073222465211e-01
7.580534287813781025e-02,6.724430118315680716e-01
7.582904686277762429e-02,6.724245776221908777e-01
7.587645483205726626e-02,6.723878930525137854e-01
7.590015881669708031e-02,6.723696426946959015e-01
7.592386280133690823e-02,6.723514536231430805e-01
7.594756678597672228e-02,6.723333258389913025e-01
7.597127077061653633e-02,6.723152593433341373e-01
7.599497475525635037e-02,6.722972541372236321e-01
7.601867873989617830e-02,6.722793102216694239e-01
7.604238272453599234e-02,6.722614275976391829e-01
7.606608670917580639e-02,6.722436062660582801e-01
7.611349467845544836e-02,6.722081474837363624e-01
7.613719866309526241e-02,6.721905100346355910e-01
7.616090264773507645e-02,6.721729338812649779e-01
7.618460663237490438e-02,6.721554190243390625e-01
7.620831061701471842e-02,6.721379654645307511e-01
7.623201460165453247e-02,6.721205732024700952e-01
7.625571858629436039e-02,6.721032422387452909e-01
7.627942257093417444e-02,6.720859725739023460e-01
7.632683054021380253e-02,6.720516171428334573e-01
7.635053452485363046e-02,6.720345313774882534e-01
7.637423850949344450e-02,6.720175069127855005e-01
7.639794249413325855e-02,6.720005437490597089e-01
7.642164647877308647e-02,6.719836418866027561e-01
7.644535046341290052e-02,6.719668013256648864e-01
7.646905444805271457e-02,6.719500220664531565e-01
7.649275843269252861e-02,6.719333041091328784e-01
7.654016640197217058e-02,6.719000521006143201e-01
7.656387038661198463e-02,6.718835180495341675e-01
7.658757437125181255e-02,6.718670453005815002e-01
7.661127835589162660e-02,6.718506338537094669e-01
7.663498234053144065e-02,6.718342837088282504e-01
7.665868632517125469e-02,6.718179948658062894e-01
7.668239030981108262e-02,6.718017673244687238e-01
7.670609429445089666e-02,6.717856010845991710e-01
7.675350226373052476e-02,6.717534525081825247e-01
7.677720624837035268e-02,6.717374701709891704e-01
7.680091023301016673e-02,6.717215491339705302e-01
7.682461421764998077e-02,6.717056893966969477e-01
7.684831820228980870e-02,6.716898909586963562e-01
7.687202218692962274e-02,6.716741538194539451e-01
7.689572617156943679e-02,6.716584779784120496e-01
7.691943015620925084e-02,6.716428634349709270e-01
7.694313414084907876e-02,6.716273101884878693e-01
7.699054211012870685e-02,6.715963875836116204e-01
7.701424609476853478e-02,6.715810182237200721e-01
7.703795007940834882e-02,6.715657101577892085e-01
7.706165406404816287e-02,6.715504633849629368e-01
7.708535804868797692e-02,6.715352779043426423e-01
7.710906203332780484e-02,6.715201537149866340e-01
7.713276601796761889e-02,6.715050908159111431e-01
7.715647000260743293e-02,6.714900892060887694e-01
7.720387797188707490e-02,6.714602698498819411e-01
7.722758195652688895e-02,6.714454521012295229e-01
7.725128594116670300e-02,6.714306956372946278e-01
7.727498992580653092e-02,6.714160004568362483e-01
7.729869391044634497e-02,6.714013665585706336e-01
7.732239789508615901e-02,6.713867939411710672e-01
7.734610187972598694e-02,6.713722826032680890e-01
7.736980586436580098e-02,6.713578325434492733e-01
7.741721383364542908e-02,6.713291162522002642e-01
7.744091781828525700e-02,6.713148500177309463e-01
7.746462180292507105e-02,6.713006450552670978e-01
7.748832578756488509e-02,6.712865013631822420e-01
7.751202977220469914e-02,6.712724189398062702e-01
7.753573375684452706e-02,6.712583977834263305e-01
7.755943774148434111e-02,6.712444378922864940e-01
7.758314172612415516e-02,6.712305392645883106e-01
7.763054969540379713e-02,6.712029257921054981e-01
7.765425368004361117e-02,6.711892109435084741e-01
7.767795766468342522e-02,6.711755573507275363e-01
7.770166164932325314e-02,6.711619650117486291e-01
7.772536563396306719e-02,6.711484339245149533e-01
7.774906961860288124e-02,6.711349640869260780e-01
7.777277360324270916e-02,6.711215554968392727e-01
7.779647758788252321e-02,6.711082081520680642e-01
7.782018157252233725e-02,6.710949220503832358e-01
7.786758954180197922e-02,6.710685335671389140e-01
7.789129352644179327e-02,6.710554311809051597e-01
7.791499751108160732e-02,6.710423900284088194e-01
7.793870149572143524e-02,6.710294101072048489e-01
7.796240548036124929e-02,6.710164914148047943e-01
7.798610946500106333e-02,6.710036339486773471e-01
7.800981344964087738e-02,6.709908377062475671e-01
7.803351743428070530e-02,6.709781026848977703e-01
7.808092540356033340e-02,6.709528162947500096e-01
7.810462938820016132e-02,6.709402649204999625e-01
7.812833337283997537e-02,6.709277747564257321e-01
7.815203735747978941e-02,6.709153457996931413e-01
7.817574134211960346e-02,6.709029780474246030e-01
7.819944532675943138e-02,6.708906714966994533e-01
7.822314931139924543e-02,6.708784261445533970e-01
7.824685329603905948e-02,6.708662419879792838e-01
7.829426126531870145e-02,6.708420572492997946e-01
7.831796524995851549e-02,6.708300566609629589e-01
7.834166923459832954e-02,6.708181172557348138e-01
7.836537321923815747e-02,6.708062390303908273e-01
7.838907720387797151e-02,6.707944219816639464e-01
7.841278118851778556e-02,6.707826661062424867e-01
7.843648517315759960e-02,6.707709714007724644e-01
7.846018915779742753e-02,6.707593378618559310e-01
7.850759712707705562e-02,6.707362542698743768e-01
7.853130111171688355e-02,6.707248042097964102e-01
7.855500509635669759e-02,6.707134153022459300e-01
7.857870908099651164e-02,6.707020875436078278e-01
7.860241306563632568e-02,6.706908209302232526e-01
7.862611705027615361e-02,6.706796154583902769e-01
7.864982103491596765e-02,6.706684711243628971e-01
7.867352501955578170e-02,6.706573879243522551e-01
7.872093298883542367e-02,6.706354049110060389e-01
7.874463697347523772e-02,6.706245050898741455e-01
7.876834095811505176e-02,6.706136663871666848e-01
7.879204494275487969e-02,6.706028887988763065e-01
7.881574892739469373e-02,6.705921723209528063e-01
7.883945291203450778e-02,6.705815169493015704e-01
7.886315689667433571e-02,6.705709226797849087e-01
7.888686088131414975e-02,6.705603895082213883e-01
7.891056486595396380e-02,6.705499174303861665e-01
7.895797283523360577e-02,6.705291565387810904e-01
7.898167681987341981e-02,6.705188677163431699e-01
7.900538080451323386e-02,6.705086399702963051e-01
7.902908478915306179e-02,6.704984732961974947e-01
7.905278877379287583e-02,6.704883676895593281e-01
7.907649275843268988e-02,6.704783231458512072e-01
7.910019674307250392e-02,6.704683396604986800e-01
7.912390072771233185e-02,6.704584172288831079e-01
7.917130869699195994e-02,6.704387555081722239e-01
7.919501268163177399e-02,6.704290162096215866e-01
7.921871666627160191e-02,6.704193379458975866e-01
7.924242065091141596e-02,6.704097207121635371e-01
7.926612463555123000e-02,6.704001645035384538e-01
7.928982862019105793e-02,6.703906693150974982e-01
7.931353260483087197e-02,6.703812351418725335e-01
7.933723658947068602e-02,6.703718619788512356e-01
7.938464455875032799e-02,6.703532986631517421e-01
7.940834854339014204e-02,6.703441085002298516e-01
7.943205252802995608e-02,6.703349793270242385e-01
7.945575651266978401e-02,6.703259111383035318e-01
7.947946049730959805e-02,6.703169039287925068e-01
7.950316448194941210e-02,6.703079576931718631e-01
7.952686846658922615e-02,6.702990724260783351e-01
7.955057245122905407e-02,6.702902481221051367e-01
7.959798042050868216e-02,6.702727823816715391e-01
7.962168440514851009e-02,6.702641409341775214e-01
7.964538838978832413e-02,6.702555604277365964e-01
7.966909237442813818e-02,6.702470408567218207e-01
7.969279635906795223e-02,6.702385822154625084e-01
7.971650034370778015e-02,6.702301844982442303e-01
7.974020432834759420e-02,6.702218476993083707e-01
7.976390831298740824e-02,6.702135718128522379e-01
7.978761229762723617e-02,6.702053568330295086e-01
7.983502026690686426e-02,6.701891095696770329e-01
7.985872425154667831e-02,6.701810772742343714e-01
7.988242823618650623e-02,6.701731058615982839e-01
7.990613222082632028e-02,6.701651953257025118e-01
7.992983620546613432e-02,6.701573456604359436e-01
7.995354019010594837e-02,6.701495568596440577e-01
7.997724417474577630e-02,6.701418289171277021e-01
8.000094815938559034e-02,6.701341618266440925e-01
8.004835612866523231e-02,6.701190101765828189e-01
8.007206011330504636e-02,6.701115256042987633e-01
8.009576409794486040e-02,6.701041018586347819e-01
8.011946808258467445e-02,6.700967389331271562e-01
8.014317206722450238e-02,6.700894368212683139e-01
8.016687605186431642e-02,6.700821955165067179e-01
8.019058003650413047e-02,6.700750150122464222e-01
8.021428402114395839e-02,6.700678953018474049e-01
8.026169199042358648e-02,6.700538382358520728e-01
8.028539597506340053e-02,6.700469008667548909e-01
8.030909995970322846e-02,6.700400242645169202e-01
8.033280394434304250e-02,6.700332084222774265e-01
8.035650792898285655e-02,6.700264533331313777e-01
8.038021191362268447e-02,6.700197589901291106e-01
8.040391589826249852e-02,6.700131253862771086e-01
8.042761988290231256e-02,6.700065525145377787e-01
8.047502785218195454e-02,6.699935889390240540e-01
8.049873183682176858e-02,6.699871982209528731e-01
8.052243582146158263e-02,6.699808682064006815e-01
8.054613980610141055e-02,6.699745988881081749e-01
8.056984379074122460e-02,6.699683902587720841e-01
8.059354777538103864e-02,6.699622423110445091e-01
8.061725176002085269e-02,6.699561550375340291e-01
8.064095574466068062e-02,6.699501284308040372e-01
8.066465972930049466e-02,6.699441624833740727e-01
8.071206769858012275e-02,6.699324125362703386e-01
8.073577168321995068e-02,6.699266285214140471e-01
8.075947566785976472e-02,6.699209051354921840e-01
8.078317965249957877e-02,6.699152423708026882e-01
8.080688363713940670e-02,6.699096402195990896e-01
8.083058762177922074e-02,6.699040986740903980e-01
8.085429160641903479e-02,6.698986177264412145e-01
8.087799559105884883e-02,6.698931973687720642e-01
8.092540356033849080e-02,6.698825383916328091e-01
8.094910754497830485e-02,6.698772997561814879e-01
8.097281152961813278e-02,6.698721216787473232e-01
8.099651551425794682e-02,6.698670041512291284e-01
8.102021949889776087e-02,6.698619471654803093e-01
8.104392348353757491e-02,6.698569507133103063e-01
8.106762746817740284e-02,6.698520147864845953e-01
8.109133145281721688e-02,6.698471393767235771e-01
8.113873942209685886e-02,6.698375700750556216e-01
8.116244340673667290e-02,6.698328761663676634e-01
8.118614739137648695e-02,6.698282427411822448e-01
8.120985137601630099e-02,6.698236697909977222e-01
8.123355536065612892e-02,6.698191573072675986e-01
8.125725934529594296e-02,6.698147052814015234e-01
8.128096332993575701e-02,6.698103137047641820e-01
8.130466731457558494e-02,6.698059825686757396e-01
8.135207528385521303e-02,6.697975015832047241e-01
8.137577926849502707e-02,6.697933517162401040e-01
8.139948325313485500e-02,6.697892622546606223e-01
8.142318723777466905e-02,6.697852331895638445e-01
8.144689122241448309e-02,6.697812645120029273e-01
8.147059520705429714e-02,6.697773562129865077e-01
8.149429919169412506e-02,6.697735082834784803e-01
8.151800317633393911e-02,6.697697207143985532e-01
8.154170716097375315e-02,6.697659934966213591e-01
8.158911513025339513e-02,6.697587200782523231e-01
8.161281911489320917e-02,6.697551738591872583e-01
8.163652309953302322e-02,6.697516879544789248e-01
8.166022708417285114e-02,6.697482623547790226e-01
8.168393106881266519e-02,6.697448970506951760e-01
8.170763505345247923e-02,6.697415920327896011e-01
8.173133903809230716e-02,6.697383472915809932e-01
8.175504302273212121e-02,6.697351628175425287e-01
8.180245099201174930e-02,6.697289746326468007e-01
8.182615497665157722e-02,6.697259709025135122e-01
8.184985896129139127e-02,6.697230274009978723e-01
8.187356294593120531e-02,6.697201441183500137e-01
8.189726693057103324e-02,6.697173210447761038e-01
8.192097091521084729e-02,6.697145581704363471e-01
8.194467489985066133e-02,6.697118554854475381e-01
8.196837888449047538e-02,6.697092129798810634e-01
8.201578685377011735e-02,6.697041084670779520e-01
8.203949083840993139e-02,6.697016464397610447e-01
8.206319482304975932e-02,6.696992445517059300e-01
8.208689880768957337e-02,6.696969027927606177e-01
8.211060279232938741e-02,6.696946211527285975e-01
8.213430677696920146e-02,6.696923996213683949e-01
8.215801076160902938e-02,6.696902381883940159e-01
8.218171474624884343e-02,6.696881368434747239e-01
8.222912271552848540e-02,6.696841143762545245e-01
8.225282670016829945e-02,6.696821932330682126e-01
8.227653068480811349e-02,6.696803321361665118e-01
8.230023466944792754e-02,6.696785310749947540e-01
8.232393865408775546e-02,6.696767900389538619e-01
8.234764263872756951e-02,6.696751090173994614e-01
8.237134662336738355e-02,6.696734879996432133e-01
8.239505060800719760e-02,6.696719269749511483e-01
8.241875459264702553e-02,6.696704259325451103e-01
8.246616256192665362e-02,6.696676037512535595e-01
8.248986654656648154e-02,6.696662825905872474e-01
8.251357053120629559e-02,6.696650213686456965e-01
8.253727451584610963e-02,6.696638200744263747e-01
8.256097850048592368e-02,6.696626786968822298e-01
8.258468248512575161e-02,6.696615972249212456e-01
8.260838646976556565e-02,6.696605756474067750e-01
8.263209045440537970e-02,6.696596139531568737e-01
8.267949842368502167e-02,6.696578701695011793e-01
8.270320240832483571e-02,6.696570880575078988e-01
8.272690639296464976e-02,6.696563657836045458e-01
8.275061037760447769e-02,6.696557033363855771e-01
8.277431436224429173e-02,6.696551007044002635e-01
8.279801834688410578e-02,6.696545578761530226e-01
8.282172233152393370e-02,6.696540748401036414e-01
8.284542631616374775e-02,6.696536515846667204e-01
8.289283428544337584e-02,6.696529843690652850e-01
8.291653827008320377e-02,6.696527403855060401e-01
8.294024225472301781e-02,6.696525561357696832e-01
8.296394623936283186e-02,6.696524316080467720e-01
8.298765022400265978e-02,6.696523667904825672e-01
8.301135420864247383e-02,6.696523616711779203e-01
1.822362339109204199e-01,6.696110916221260645e-01
1.822599378955602478e-01,6.694807209711483020e-01
1.823073458648398759e-01,6.692197348668849077e-01
1.823310498494797038e-01,6.690891194990593593e-01
1.823547538341195040e-01,6.689584226445168813e-01
1.823784578187593319e-01,6.688276443461447229e-01
1.824021618033991599e-01,6.686967846468931942e-01
1.824258657880389600e-01,6.685658435897763319e-01
1.824495697726787879e-01,6.684348212178699011e-01
1.824732737573185881e-01,6.683037175743132829e-01
1.825206817265982440e-01,6.680412666451207571e-01
1.825443857112380441e-01,6.679099194460774713e-01
1.825680896958778721e-01,6.677784911485693531e-01
1.825917936805177000e-01,6.676469817960495323e-01
1.826154976651575002e-01,6.675153914320341997e-01
1.826392016497973281e-01,6.673837201001021624e-01
1.826629056344371560e-01,6.672519678438951773e-01
1.826866096190769562e-01,6.671201347071177290e-01
1.827103136037167841e-01,6.669882207335364743e-01
1.827577215729964122e-01,6.667241504513449213e-01
1.827814255576362401e-01,6.665919942305819079e-01
1.828051295422760403e-01,6.664597573487104354e-01
1.828288335269158682e-01,6.663274398498104656e-01
1.828525375115556961e-01,6.661950417780251321e-01
1.828762414961954963e-01,6.660625631775598521e-01
1.828999454808353242e-01,6.659300040926827702e-01
1.829236494654751521e-01,6.657973645677247587e-01
1.829710574347547802e-01,6.655318443752005209e-01
1.829947614193946082e-01,6.653989637966082338e-01
1.830184654040344083e-01,6.652660029558830068e-01
1.830421693886742363e-01,6.651329618976672409e-01
1.830658733733140364e-01,6.649998406666671746e-01
1.830895773579538643e-01,6.648666393076505532e-01
1.831132813425936923e-01,6.647333578654481823e-01
1.831369853272334924e-01,6.645999963849527070e-01
1.831843932965131483e-01,6.643330334889653299e-01
1.832080972811529485e-01,6.641994321635713572e-01
1.832318012657927764e-01,6.640657509800792502e-01
1.832555052504326043e-01,6.639319899836936267e-01
1.832792092350724045e-01,6.637981492196816102e-01
1.833029132197122324e-01,6.636642287333720525e-01
1.833266172043520603e-01,6.635302285701563108e-01
1.833503211889918605e-01,6.633961487754881370e-01
1.833977291582714886e-01,6.631277504739203632e-01
1.834214331429113165e-01,6.629934320582387963e-01
1.834451371275511444e-01,6.628590341935413077e-01
1.834688411121909446e-01,6.627245569255926227e-01
1.834925450968307725e-01,6.625900003002190841e-01
1.835162490814706004e-01,6.624553643633094291e-01
1.835399530661104006e-01,6.623206491608149005e-01
1.835636570507502285e-01,6.621858547387480254e-01
1.835873610353900565e-01,6.620509811431839475e-01
1.836347690046696846e-01,6.617809966161745105e-01
1.836584729893095125e-01,6.616458857771890800e-01
1.836821769739493126e-01,6.615106959496265260e-01
1.837058809585891406e-01,6.613754271798716333e-01
1.837295849432289407e-01,6.612400795143718035e-01
1.837532889278687687e-01,6.611046529996351673e-01
1.837769929125085966e-01,6.609691476822326939e-01
1.838006968971483968e-01,6.608335636087974141e-01
1.838481048664280526e-01,6.605621593806668690e-01
1.838718088510678528e-01,6.604263393195461962e-01
1.838955128357076807e-01,6.602904406895411249e-01
1.839192168203475086e-01,6.601544635375936609e-01
1.839429208049873088e-01,6.600184079107070945e-01
1.839666247896271367e-01,6.598822738559466661e-01
1.839903287742669369e-01,6.597460614204395668e-01
1.840140327589067648e-01,6.596097706513743830e-01
1.840614407281863929e-01,6.593369543016327494e-01
1.840851447128262208e-01,6.592004288156418923e-01
1.841088486974660487e-01,6.590638251854645802e-01
1.841325526821058489e-01,6.589271434585975973e-01
1.841562566667456768e-01,6.587903836825993453e-01
1.841799606513855048e-01,6.586535459050901764e-01
1.842036646360253049e-01,6.585166301737517269e-01
1.842273686206651329e-01,6.583796365363272507e-01
1.842747765899447610e-01,6.581054157344998767e-01
1.842984805745845889e-01,6.579681886658910184e-01
1.843221845592243890e-01,6.578308838827839899e-01
1.843458885438642170e-01,6.576935014332290219e-01
1.843695925285040449e-01,6.575560413653382952e-01
1.843932965131438451e-01,6.574185037272854970e-01
1.844170004977836730e-01,6.572808885673048218e-01
1.844407044824235009e-01,6.571431959336926365e-01
1.844644084670633011e-01,6.570054258748064813e-01
1.845118164363429569e-01,6.567296536749486213e-01
1.845355204209827571e-01,6.565916516309984186e-01
1.845592244056225850e-01,6.564535723558166946e-01
1.845829283902623852e-01,6.563154158980679664e-01
1.846066323749022131e-01,6.561771823064764808e-01
1.846303363595420410e-01,6.560388716298291012e-01
1.846540403441818412e-01,6.559004839169730872e-01
1.846777443288216691e-01,6.557620192168165385e-01
1.847251522981012972e-01,6.554848590505434336e-01
1.847488562827411251e-01,6.553461636825491654e-01
1.847725602673809531e-01,6.552073915235003820e-01
1.847962642520207532e-01,6.550685426226106056e-01
1.848199682366605812e-01,6.549296170291551977e-01
1.848436722213004091e-01,6.547906147924699161e-01
1.848673762059402093e-01,6.546515359619521357e-01
1.848910801905800372e-01,6.545123805870594058e-01
1.849384881598596653e-01,6.542338404022869369e-01
1.849621921444994932e-01,6.540944556916276076e-01
1.849858961291392934e-01,6.539549946350349252e-01
1.850096001137791213e-01,6.538154572822709731e-01
1.850333040984189492e-01,6.536758436831593411e-01
1.850570080830587494e-01,6.535361538875844589e-01
1.850807120676985773e-01,6.533963879454908197e-01
1.851044160523384052e-01,6.532565459068844227e-01
1.851518240216180333e-01,6.529766337404599996e-01
1.851755280062578612e-01,6.528365637129567300e-01
1.851992319908976614e-01,6.526964177895712149e-01
1.852229359755374893e-01,6.525561960206121004e-01
1.852466399601772895e-01,6.524158984564496500e-01
1.852703439448171174e-01,6.522755251475143012e-01
1.852940479294569454e-01,6.521350761442972210e-01
1.853177519140967455e-01,6.519945514973503053e-01
1.853414558987365734e-01,6.518539512572854022e-01
1.853888638680162015e-01,6.515725242005544482e-01
1.854125678526560295e-01,6.514316974854154063e-01
1.854362718372958574e-01,6.512907953802128391e-01
1.854599758219356576e-01,6.511498179358619076e-01
1.854836798065754855e-01,6.510087652033371697e-01
1.855073837912152857e-01,6.508676372336748006e-01
1.855310877758551136e-01,6.507264340779701506e-01
1.855547917604949415e-01,6.505851557873798541e-01
1.856021997297745696e-01,6.503023740064695080e-01
1.856259037144143975e-01,6.501608706187633757e-01
1.856496076990541977e-01,6.500192923014004309e-01
1.856733116836940256e-01,6.498776391058378454e-01
1.856970156683338535e-01,6.497359110835939644e-01
1.857207196529736537e-01,6.495941082862469740e-01
1.857444236376134816e-01,6.494522307654349014e-01
1.857681276222533095e-01,6.493102785728568360e-01
1.858155355915329376e-01,6.490261503794971798e-01
1.858392395761727378e-01,6.488839744824131950e-01
1.858629435608125657e-01,6.487417241209583185e-01
1.858866475454523937e-01,6.485993993471319552e-01
1.859103515300921938e-01,6.484570002129926847e-01
1.859340555147320218e-01,6.483145267706597048e-01
1.859577594993718497e-01,6.481719790723121655e-01
1.859814634840116498e-01,6.480293571701888355e-01
1.860288714532913057e-01,6.477438909638706388e-01
1.860525754379311059e-01,6.476010467644536250e-01
1.860762794225709338e-01,6.474581285708156386e-01
1.860999834072107617e-01,6.473151364354953197e-01
1.861236873918505619e-01,6.471720704110911493e-01
1.861473913764903898e-01,6.470289305502606725e-01
1.861710953611301900e-01,6.468857169057221634e-01
1.861947993457700179e-01,6.467424295302526271e-01
1.862422073150496460e-01,6.464556337979306955e-01
1.862659112996894739e-01,6.463121255469312931e-01
1.862896152843293018e-01,6.461685437767082929e-01
1.863133192689691020e-01,6.460248885403376828e-01
1.863370232536089299e-01,6.458811598909547369e-01
1.863607272382487579e-01,6.457373578817546811e-01
1.863844312228885580e-01,6.455934825659923604e-01
1.864081352075283859e-01,6.454495339969814616e-01
1.864318391921681861e-01,6.453055122280964007e-01
1.864792471614478420e-01,6.450172493044941113e-01
1.865029511460876421e-01,6.448730082568221444e-01
1.865266551307274701e-01,6.447286942233648732e-01
1.865503591153672980e-01,6.445843072577931432e-01
1.865740631000070981e-01,6.444398474138378630e-01
1.865977670846469261e-01,6.442953147452878948e-01
1.866214710692867540e-01,6.441507093059924971e-01
1.866451750539265542e-01,6.440060311498599921e-01
1.866925830232062100e-01,6.437164569030120465e-01
1.867162870078460102e-01,6.435715609204096799e-01
1.867399909924858381e-01,6.434265924371951328e-01
1.867636949771256383e-01,6.432815515075732682e-01
1.867873989617654662e-01,6.431364381858073465e-01
1.868111029464052941e-01,6.429912525262195810e-01
1.868348069310450943e-01,6.428459945831922484e-01
1.868585109156849222e-01,6.427006644111659117e-01
1.869059188849645503e-01,6.424097875981745753e-01
1.869296228696043782e-01,6.422642410663860213e-01
1.869533268542442062e-01,6.421186225239520207e-01
1.869770308388840063e-01,6.419729320256085670e-01
1.870007348235238342e-01,6.418271696261494963e-01
1.870244388081636344e-01,6.416813353804292630e-01
1.870481427928034623e-01,6.415354293433598309e-01
1.870718467774432903e-01,6.413894515699127830e-01
1.871192547467229184e-01,6.410972810340656025e-01
1.871429587313627463e-01,6.409510883819018456e-01
1.871666627160025465e-01,6.408048242138343342e-01
1.871903667006423744e-01,6.406584885851276390e-01
1.872140706852822023e-01,6.405120815511058385e-01
1.872377746699220025e-01,6.403656031671519644e-01
1.872614786545618304e-01,6.402190534887068907e-01
1.872851826392016583e-01,6.400724325712705554e-01
1.873088866238414585e-01,6.399257404704017382e-01
1.873562945931210866e-01,6.396321429408931003e-01
1.873799985777609145e-01,6.394852376236628277e-01
1.874037025624007424e-01,6.393382613458193919e-01
1.874274065470405426e-01,6.391912141632143385e-01
1.874511105316803705e-01,6.390440961317567226e-01
1.874748145163201984e-01,6.388969073074147742e-01
1.874985185009599986e-01,6.387496477462147881e-01
1.875222224855998265e-01,6.386023175042416788e-01
1.875696304548794546e-01,6.383074452026070711e-01
1.875933344395192826e-01,6.381599032554065021e-01
1.876170384241591105e-01,6.380122908523550018e-01
1.876407424087989106e-01,6.378646080498291404e-01
1.876644463934387386e-01,6.377168549042629975e-01
1.876881503780785387e-01,6.375690314721496055e-01
1.877118543627183667e-01,6.374211378100397285e-01
1.877355583473581946e-01,6.372731739745418622e-01
1.877829663166378227e-01,6.369770360101099094e-01
1.878066703012776506e-01,6.368288619946841367e-01
1.878303742859174508e-01,6.366806180328875575e-01
1.878540782705572787e-01,6.365323041816191019e-01
1.878777822551971066e-01,6.363839204978364306e-01
1.879014862398369068e-01,6.362354670385549360e-01
1.879251902244767347e-01,6.360869438608468540e-01
1.879488942091165349e-01,6.359383510218442614e-01
1.879963021783961907e-01,6.356409565887670698e-01
1.880200061630359909e-01,6.354921551092443943e-01
1.880437101476758188e-01,6.353432841975290568e-01
1.880674141323156467e-01,6.351943439110417922e-01
1.880911181169554469e-01,6.350453343072605117e-01
1.881148221015952748e-01,6.348962554437200811e-01
1.881385260862351028e-01,6.347471073780145412e-01
1.881622300708749029e-01,6.345978901677945538e-01
1.881859340555147309e-01,6.344486038707688458e-01
1.882333420247943589e-01,6.341498242474223890e-01
1.882570460094341869e-01,6.340003310368067524e-01
1.882807499940739870e-01,6.338507689707958415e-01
1.883044539787138150e-01,6.337011381073855976e-01
1.883281579633536429e-01,6.335514385046298047e-01
1.883518619479934431e-01,6.334016702206402005e-01
1.883755659326332710e-01,6.332518333135850330e-01
1.883992699172730989e-01,6.331019278416906149e-01
1.884466778865527270e-01,6.328019114365758258e-01
1.884703818711925549e-01,6.326518006200937405e-01
1.884940858558323551e-01,6.325016214722505303e-01
1.885177898404721830e-01,6.323513740515583903e-01
1.885414938251120109e-01,6.322010584165872471e-01
1.885651978097518111e-01,6.320506746259644260e-01
1.885889017943916390e-01,6.319002227383738735e-01
1.886126057790314392e-01,6.317497028125572678e-01
1.886600137483110950e-01,6.314484590814962717e-01
1.886837177329508952e-01,6.312977353940204539e-01
1.887074217175907231e-01,6.311469439038547291e-01
1.887311257022305511e-01,6.309960846700259918e-01
1.887548296868703512e-01,6.308451577516180908e-01
1.887785336715101792e-01,6.306941632077711635e-01
1.888022376561500071e-01,6.305431010976831896e-01
1.888259416407898073e-01,6.303919714806087704e-01
1.888733496100694353e-01,6.300895099628012197e-01
1.888970535947092633e-01,6.299381781808615077e-01
1.889207575793490912e-01,6.297867791295210793e-01
1.889444615639888914e-01,6.296353128683188638e-01
1.889681655486287193e-01,6.294837794568494127e-01
1.889918695332685472e-01,6.293321789547651202e-01
1.890155735179083474e-01,6.291805114217747796e-01
1.890392775025481753e-01,6.290287769176430288e-01
1.890629814871880032e-01,6.288769755021917929e-01
1.891103894564676313e-01,6.285731721769018954e-01
1.891340934411074592e-01,6.284211703869895249e-01
1.891577974257472594e-01,6.282691019256106957e-01
1.891815014103870873e-01,6.281169668528696626e-01
1.892052053950268875e-01,6.279647652289280790e-01
1.892289093796667154e-01,6.278124971140023325e-01
1.892526133643065434e-01,6.276601625683665420e-01
1.892763173489463435e-01,6.275077616523506707e-01
1.893237253182259994e-01,6.272027609507805357e-01
1.893474293028657995e-01,6.270501612861680840e-01
1.893711332875056275e-01,6.268974954930587318e-01
1.893948372721454554e-01,6.267447636320637727e-01
1.894185412567852556e-01,6.265919657638510110e-01
1.894422452414250835e-01,6.264391019491438728e-01
1.894659492260648836e-01,6.262861722487225169e-01
1.894896532107047116e-01,6.261331767234225021e-01
1.895370611799843397e-01,6.258269884418113937e-01
1.895607651646241676e-01,6.256737958074521933e-01
1.895844691492639955e-01,6.255205375921185640e-01
1.896081731339037957e-01,6.253672138569266181e-01
1.896318771185436236e-01,6.252138246630478680e-01
1.896555811031834515e-01,6.250603700717104472e-01
1.896792850878232517e-01,6.249068501441977785e-01
1.897029890724630796e-01,6.247532649418494621e-01
1.897503970417427077e-01,6.244458989582821751e-01
1.897741010263825356e-01,6.242921183000209595e-01
1.897978050110223358e-01,6.241382726128396063e-01
1.898215089956621637e-01,6.239843619583558265e-01
1.898452129803019917e-01,6.238303863982437303e-01
1.898689169649417918e-01,6.236763459942329391e-01
1.898926209495816197e-01,6.235222408081079193e-01
1.899163249342214477e-01,6.233680709017094257e-01
1.899637329035010758e-01,6.230595371757327028e-01
1.899874368881409037e-01,6.229051734801125395e-01
1.900111408727807039e-01,6.227507453121364778e-01
1.900348448574205318e-01,6.225962527339220509e-01
1.900585488420603597e-01,6.224416958076425255e-01
1.900822528267001599e-01,6.222870745955269012e-01
1.901059568113399878e-01,6.221323891598590228e-01
1.901296607959797880e-01,6.219776395629779131e-01
1.901533647806196159e-01,6.218228258672781061e-01
1.902007727498992440e-01,6.215130064292769818e-01
1.902244767345390719e-01,6.213580008120407339e-01
1.902481807191788998e-01,6.212029313461158164e-01
1.902718847038187000e-01,6.210477980941727649e-01
1.902955886884585279e-01,6.208926011189369598e-01
1.903192926730983559e-01,6.207373404831887376e-01
1.903429966577381560e-01,6.205820162497638348e-01
1.903667006423779839e-01,6.204266284815522781e-01
1.904141086116576120e-01,6.201156625926069754e-01
1.904378125962974400e-01,6.199600845979286179e-01
1.904615165809372401e-01,6.198044433205751602e-01
1.904852205655770681e-01,6.196487388237112981e-01
1.905089245502168960e-01,6.194929711705566833e-01
1.905326285348566961e-01,6.193371404243862566e-01
1.905563325194965241e-01,6.191812466485286937e-01
1.905800365041363520e-01,6.190252899063681813e-01
1.906274444734159801e-01,6.187131877769477262e-01
1.906511484580558080e-01,6.185570425167287167e-01
1.906748524426956082e-01,6.184008345442892907e-01
1.906985564273354361e-01,6.182445639232856394e-01
1.907222604119752363e-01,6.180882307174302426e-01
1.907459643966150642e-01,6.179318349904882046e-01
1.907696683812548921e-01,6.177753768062804740e-01
1.907933723658946923e-01,6.176188562286821782e-01
1.908407803351743481e-01,6.173056281490842956e-01
1.908644843198141483e-01,6.171489207751067463e-01
1.908881883044539762e-01,6.169921512637811523e-01
1.909118922890938042e-01,6.168353196792544235e-01
1.909355962737336043e-01,6.166784260857276490e-01
1.909593002583734322e-01,6.165214705474553192e-01
1.909830042430132324e-01,6.163644531287468809e-01
1.910067082276530603e-01,6.162073738939654044e-01
1.910304122122928883e-01,6.160502329075285832e-01
1.910778201815725164e-01,6.157357659376283543e-01
1.911015241662123443e-01,6.155784400832698955e-01
1.911252281508521444e-01,6.154210527354662119e-01
1.911489321354919724e-01,6.152636039589043371e-01
1.911726361201318003e-01,6.151060938183258164e-01
1.911963401047716005e-01,6.149485223785261523e-01
1.912200440894114284e-01,6.147908897043543597e-01
1.912437480740512563e-01,6.146331958607129664e-01
1.912911560433308844e-01,6.143176249249033827e-01
1.913148600279706846e-01,6.141597479628098100e-01
1.913385640126105125e-01,6.140018100913960941e-01
1.913622679972503404e-01,6.138438113758337700e-01
1.913859719818901406e-01,6.136857518813485513e-01
1.914096759665299685e-01,6.135276316732188873e-01
1.914333799511697964e-01,6.133694508167768511e-01
1.914570839358095966e-01,6.132112093774089168e-01
1.915044919050892525e-01,6.128945450117044835e-01
1.915281958897290526e-01,6.127361222164074972e-01
1.915518998743688805e-01,6.125776391002623056e-01
1.915756038590087085e-01,6.124190957289220583e-01
1.915993078436485086e-01,6.122604921680930845e-01
1.916230118282883366e-01,6.121018284835347822e-01
1.916467158129281367e-01,6.119431047410603952e-01
1.916704197975679647e-01,6.117843210065357917e-01
1.917178277668475928e-01,6.114665738250669724e-01
1.917415317514874207e-01,6.113076105101208357e-01
1.917652357361272486e-01,6.111485874671209739e-01
1.917889397207670488e-01,6.109895047621991537e-01
1.918126437054068767e-01,6.108303624615400995e-01
1.918363476900467046e-01,6.106711606313817153e-01
1.918600516746865048e-01,6.105118993380150849e-01
1.918837556593263327e-01,6.103525786477834725e-01
1.919074596439661329e-01,6.101931986270842101e-01
1.919548676132457887e-01,6.098742608601324111e-01
1.919785715978855889e-01,6.097147032469377725e-01
1.920022755825254168e-01,6.095550865693896148e-01
1.920259795671652447e-01,6.093954108941496139e-01
1.920496835518050449e-01,6.092356762879305165e-01
1.920733875364448728e-01,6.090758828174986927e-01
1.920970915210847008e-01,6.089160305496723602e-01
1.921207955057245009e-01,6.087561195513234713e-01
1.921682034750041568e-01,6.084361216308047382e-01
1.921919074596439569e-01,6.082760348426404784e-01
1.922156114442837849e-01,6.081158895919634988e-01
1.922393154289235850e-01,6.079556859459080975e-01
1.922630194135634130e-01,6.077954239716600870e-01
1.922867233982032409e-01,6.076351037364581265e-01
1.923104273828430411e-01,6.074747253075932774e-01
1.923341313674828690e-01,6.073142887524085598e-01
1.923815393367624971e-01,6.069932415327135011e-01
1.924052433214023250e-01,6.068326310031505466e-01
1.924289473060421529e-01,6.066719626171626079e-01
1.924526512906819531e-01,6.065112364423541624e-01
1.924763552753217810e-01,6.063504525463809802e-01
1.925000592599616089e-01,6.061896109969517887e-01
1.925237632446014091e-01,6.060287118618266078e-01
1.925474672292412370e-01,6.058677552088176377e-01
1.925948751985208651e-01,6.055456696206579226e-01
1.926185791831606930e-01,6.053845408213911483e-01
1.926422831678004932e-01,6.052233547760094146e-01
1.926659871524403211e-01,6.050621115525840477e-01
1.926896911370801491e-01,6.049008112192386655e-01
1.927133951217199492e-01,6.047394538441486223e-01
1.927370991063597772e-01,6.045780394955404535e-01
1.927608030909996051e-01,6.044165682416932084e-01
1.927845070756394052e-01,6.042550401509372282e-01
1.928319150449190333e-01,6.039318137322774449e-01
1.928556190295588613e-01,6.037701155412922294e-01
1.928793230141986892e-01,6.036083607872348988e-01
1.929030269988384894e-01,6.034465495386938105e-01
1.929267309834783173e-01,6.032846818643076148e-01
1.929504349681181452e-01,6.031227578327675865e-01
1.929741389527579454e-01,6.029607775128160707e-01
1.929978429373977733e-01,6.027987409732461499e-01
1.930452509066774014e-01,6.024744995106818823e-01
1.930689548913172293e-01,6.023122947255311610e-01
1.930926588759570572e-01,6.021500339964482862e-01
1.931163628605968574e-01,6.019877173924835789e-01
1.931400668452366853e-01,6.018253449827372092e-01
1.931637708298764855e-01,6.016629168363616387e-01
1.931874748145163134e-01,6.015004330225588447e-01
1.932111787991561414e-01,6.013378936105832073e-01
1.932585867684357694e-01,6.010126482693837202e-01
1.932822907530755974e-01,6.008499424789218724e-01
1.933059947377153975e-01,6.006871813678120731e-01
1.933296987223552255e-01,6.005243650055622773e-01
1.933534027069950534e-01,6.003614934617318433e-01
1.933771066916348536e-01,6.001985668059309775e-01
1.934008106762746815e-01,6.000355851078198466e-01
1.934245146609144816e-01,5.998725484371102423e-01
1.934719226301941375e-01,5.995463104569925816e-01
1.934956266148339377e-01,5.993831092872609068e-01
1.935193305994737656e-01,5.992198534242817454e-01
1.935430345841135935e-01,5.990565429380195761e-01
1.935667385687533937e-01,5.988931778984893928e-01
1.935904425533932216e-01,5.987297583757555941e-01
1.936141465380330495e-01,5.985662844399345373e-01
1.936378505226728497e-01,5.984027561611917623e-01
1.936615545073126776e-01,5.982391736097432133e-01
1.937089624765923057e-01,5.979118459698464783e-01
1.937326664612321336e-01,5.977481010220817570e-01
1.937563704458719338e-01,5.975843020829793018e-01
1.937800744305117617e-01,5.974204492230057451e-01
1.938037784151515897e-01,5.972565425126794558e-01
1.938274823997913898e-01,5.970925820225674308e-01
1.938511863844312177e-01,5.969285678232870707e-01
1.938748903690710457e-01,5.967644999855061805e-01
1.939222983383506738e-01,5.964362036773628306e-01
1.939460023229905017e-01,5.962719753485850038e-01
1.939697063076303019e-01,5.961076936644764679e-01
1.939934102922701298e-01,5.959433586959536067e-01
1.940171142769099577e-01,5.957789705139834302e-01
1.940408182615497579e-01,5.956145291895827976e-01
1.940645222461895858e-01,5.954500347938174176e-01
1.940882262308293860e-01,5.952854873978035144e-01
1.941356342001090418e-01,5.949562338897415037e-01
1.941593381847488420e-01,5.947915279201736460e-01
1.941830421693886699e-01,5.946267692353166545e-01
1.942067461540284978e-01,5.944619579065343329e-01
1.942304501386682980e-01,5.942970940052400008e-01
1.942541541233081259e-01,5.941321776028959389e-01
1.942778581079479538e-01,5.939672087710142767e-01
1.943015620925877540e-01,5.938021875811564376e-01
1.943489700618673821e-01,5.934719884140032820e-01
1.943726740465072100e-01,5.933068105800766157e-01
1.943963780311470380e-01,5.931415806749112951e-01
1.944200820157868381e-01,5.929762987703149912e-01
1.944437860004266660e-01,5.928109649381437807e-01
1.944674899850664940e-01,5.926455792503032560e-01
1.944911939697062941e-01,5.924801417787485258e-01
1.945148979543461221e-01,5.923146525954826602e-01
1.945623059236257502e-01,5.919835193820777164e-01
1.945860099082655781e-01,5.918178754961901378e-01
1.946097138929054060e-01,5.916521801870953112e-01
1.946334178775452062e-01,5.914864335270415552e-01
1.946571218621850341e-01,5.913206355883253718e-01
1.946808258468248343e-01,5.911547864432923349e-01
1.947045298314646622e-01,5.909888861643366464e-01
1.947282338161044901e-01,5.908229348239015799e-01
1.947519378007442903e-01,5.906569324944783705e-01
1.947993457700239461e-01,5.903247751588762693e-01
1.948230497546637463e-01,5.901586202979235418e-01
1.948467537393035742e-01,5.899924147384342232e-01
1.948704577239434022e-01,5.898261585531424656e-01
1.948941617085832023e-01,5.896598518148308266e-01
1.949178656932230302e-01,5.894934945963300477e-01
1.949415696778628582e-01,5.893270869705190540e-01
1.949652736625026583e-01,5.891606290103256205e-01
1.950126816317822864e-01,5.888275623787415647e-01
1.950363856164221144e-01,5.886609538534467445e-01
1.950600896010619423e-01,5.884942952859609777e-01
1.950837935857017424e-01,5.883275867494528466e-01
1.951074975703415704e-01,5.881608283171378959e-01
1.951312015549813983e-01,5.879940200622806312e-01
1.951549055396211985e-01,5.878271620581939638e-01
1.951786095242610264e-01,5.876602543782371013e-01
1.952260174935406545e-01,5.873262902843946476e-01
1.952497214781804824e-01,5.871592340174685010e-01
1.952734254628202826e-01,5.869921283685922697e-01
1.952971294474601105e-01,5.868249734113644145e-01
1.953208334320999384e-01,5.866577692194322458e-01
1.953445374167397386e-01,5.864905158664908136e-01
1.953682414013795665e-01,5.863232134262819084e-01
1.953919453860193944e-01,5.861558619725952823e-01
1.954393533552990225e-01,5.858210123201866848e-01
1.954630573399388505e-01,5.856535142692818052e-01
1.954867613245786506e-01,5.854859675005337216e-01
1.955104653092184785e-01,5.853183720879694407e-01
1.955341692938583065e-01,5.851507281056635978e-01
1.955578732784981066e-01,5.849830356277382348e-01
1.955815772631379346e-01,5.848152947283621339e-01
1.956052812477777347e-01,5.846475054817517059e-01
1.956289852324175627e-01,5.844796679621703239e-01
1.956763932016971907e-01,5.841438484013850019e-01
1.957000971863370187e-01,5.839758665089432865e-01
1.957238011709768466e-01,5.838078366410557329e-01
1.957475051556166468e-01,5.836397588722217478e-01
1.957712091402564747e-01,5.834716332769862568e-01
1.957949131248963026e-01,5.833034599299425915e-01
1.958186171095361028e-01,5.831352389057304908e-01
1.958423210941759307e-01,5.829669702790356567e-01
1.958897290634555588e-01,5.826302905171790725e-01
1.959134330480953867e-01,5.824618795316238717e-01
1.959371370327351869e-01,5.822934212427997025e-01
1.959608410173750148e-01,5.821249157256264128e-01
1.959845450020148427e-01,5.819563630550707023e-01
1.960082489866546429e-01,5.817877633061463438e-01
1.960319529712944708e-01,5.816191165539119634e-01
1.960556569559342988e-01,5.814504228734741487e-01
1.961030649252139269e-01,5.811128950286457151e-01
1.961267689098537548e-01,5.809440610146990869e-01
1.961504728944935549e-01,5.807751803734377827e-01
1.961741768791333829e-01,5.806062531801996496e-01
1.961978808637731830e-01,5.804372795103691640e-01
1.962215848484130110e-01,5.802682594393759885e-01
1.962452888330528389e-01,5.800991930426973031e-01
1.962689928176926391e-01,5.799300803958556960e-01
1.963164007869722949e-01,5.795917166540035526e-01
1.963401047716120951e-01,5.794224657102690079e-01
1.963638087562519230e-01,5.792531688189220818e-01
1.963875127408917509e-01,5.790838260557158446e-01
1.964112167255315511e-01,5.789144374964485529e-01
1.964349207101713790e-01,5.787450032169642045e-01
1.964586246948112069e-01,5.785755232931533154e-01
1.964823286794510071e-01,5.784059978009518099e-01
1.965060326640908350e-01,5.782364268163407983e-01
1.965534406333704631e-01,5.778971486740458463e-01
1.965771446180102910e-01,5.777274416685530545e-01
1.966008486026500912e-01,5.775576894750338308e-01
1.966245525872899191e-01,5.773878921696969924e-01
1.966482565719297471e-01,5.772180498287980965e-01
1.966719605565695472e-01,5.770481625286374427e-01
1.966956645412093752e-01,5.768782303455605165e-01
1.967193685258492031e-01,5.767082533559586555e-01
1.967667764951288312e-01,5.763681652629711882e-01
1.967904804797686313e-01,5.761980543125940768e-01
1.968141844644084593e-01,5.760278988617090201e-01
1.968378884490482872e-01,5.758576989869329532e-01
1.968615924336880874e-01,5.756874547649288854e-01
1.968852964183279153e-01,5.755171662724034576e-01
1.969090004029677432e-01,5.753468335861094962e-01
1.969327043876075434e-01,5.751764567828443475e-01
1.969801123568871992e-01,5.748355711328133610e-01
1.970038163415269994e-01,5.746650624398671470e-01
1.970275203261668273e-01,5.744945099375876607e-01
1.970512243108066552e-01,5.743239137029966246e-01
1.970749282954464554e-01,5.741532738131605029e-01
1.970986322800862833e-01,5.739825903451898359e-01
1.971223362647260835e-01,5.738118633762410159e-01
1.971460402493659114e-01,5.736410929835131789e-01
1.971934482186455395e-01,5.732994222357461478e-01
1.972171522032853674e-01,5.731285220353297127e-01
1.972408561879251954e-01,5.729575787203806669e-01
1.972645601725649955e-01,5.727865923683219673e-01
1.972882641572048235e-01,5.726155630566200916e-01
1.973119681418446514e-01,5.724444908627865924e-01
1.973356721264844515e-01,5.722733758643768764e-01
1.973593761111242795e-01,5.721022181389904260e-01
1.973830800957641074e-01,5.719310177642712434e-01
1.974304880650437355e-01,5.715884893776311815e-01
1.974541920496835357e-01,5.714171615212185751e-01
1.974778960343233636e-01,5.712457913264898934e-01
1.975016000189631915e-01,5.710743788713089630e-01
1.975253040036029917e-01,5.709029242335841303e-01
1.975490079882428196e-01,5.707314274912670404e-01
1.975727119728826475e-01,5.705598887223539695e-01
1.975964159575224477e-01,5.703883080048843812e-01
1.976438239268021035e-01,5.700450210366522219e-01
1.976675279114419037e-01,5.698733149421879585e-01
1.976912318960817316e-01,5.697015672117622387e-01
1.977149358807215318e-01,5.695297779236336844e-01
1.977386398653613597e-01,5.693579471561033278e-01
1.977623438500011877e-01,5.691860749875163883e-01
1.977860478346409878e-01,5.690141614962616057e-01
1.978097518192808157e-01,5.688422067607703525e-01
1.978571597885604438e-01,5.684981738710238597e-01
1.978808637732002718e-01,5.683260958738487467e-01
1.979045677578400997e-01,5.681539769465983047e-01
1.979282717424798999e-01,5.679818171679209549e-01
1.979519757271197278e-01,5.678096166165079728e-01
1.979756797117595557e-01,5.676373753710939329e-01
1.979993836963993559e-01,5.674650935104569305e-01
1.980230876810391838e-01,5.672927711134170270e-01
1.980704956503188119e-01,5.669480050256278103e-01
1.980941996349586398e-01,5.667755614927342256e-01
1.981179036195984400e-01,5.666030777391506401e-01
1.981416076042382679e-01,5.664305538439119436e-01
1.981653115888780958e-01,5.662579898860959915e-01
1.981890155735178960e-01,5.660853859448240488e-01
1.982127195581577239e-01,5.659127420992591251e-01
1.982364235427975518e-01,5.657400584286073064e-01
1.982838315120771799e-01,5.653945719290806027e-01
1.983075354967169801e-01,5.652217692588304976e-01
1.983312394813568080e-01,5.650489270807432796e-01
1.983549434659966360e-01,5.648760454742375314e-01
1.983786474506364361e-01,5.647031245187746906e-01
1.984023514352762640e-01,5.645301642938578279e-01
1.984260554199160920e-01,5.643571648790324247e-01
1.984497594045558921e-01,5.641841263538865947e-01
1.984734633891957201e-01,5.640110487980501963e-01
1.985208713584753482e-01,5.636647769130376240e-01
1.985445753431151761e-01,5.634915827433319979e-01
1.985682793277550040e-01,5.633183498618778984e-01
1.985919833123948042e-01,5.631450783485156819e-01
1.986156872970346321e-01,5.629717682831273384e-01
1.986393912816744323e-01,5.627984197456376014e-01
1.986630952663142602e-01,5.626250328160126157e-01
1.986867992509540881e-01,5.624516075742602705e-01
1.987342072202337162e-01,5.621046424746148906e-01
1.987579112048735441e-01,5.619311027769464673e-01
1.987816151895133443e-01,5.617575250876003512e-01
1.988053191741531722e-01,5.615839094867924874e-01
1.988290231587930001e-01,5.614102560547811205e-01
1.988527271434328003e-01,5.612365648718660172e-01
1.988764311280726282e-01,5.610628360183876895e-01
1.989001351127124562e-01,5.608890695747285049e-01
1.989475430819920843e-01,5.605414242386049795e-01
1.989712470666318844e-01,5.603675455071120970e-01
1.989949510512717124e-01,5.601936295073808303e-01
1.990186550359115403e-01,5.600196763200006034e-01
1.990423590205513404e-01,5.598456860256014744e-01
1.990660630051911684e-01,5.596716587048539138e-01
1.990897669898309963e-01,5.594975944384705802e-01
1.991134709744707965e-01,5.593234933072047665e-01
1.991608789437504523e-01,5.589751807732413758e-01
1.991845829283902525e-01,5.588009695322554427e-01
1.992082869130300804e-01,5.586267217498082083e-01
1.992319908976698806e-01,5.584524375068580238e-01
1.992556948823097085e-01,5.582781168844023201e-01
1.992793988669495364e-01,5.581037599634808277e-01
1.993031028515893366e-01,5.579293668251731342e-01
1.993268068362291645e-01,5.577549375505993501e-01
1.993505108208689924e-01,5.575804722209202202e-01
1.993979187901486205e-01,5.572314337210928503e-01
1.994216227747884485e-01,5.570568607134684935e-01
1.994453267594282486e-01,5.568822519757875567e-01
1.994690307440680765e-01,5.567076075894128451e-01
1.994927347287079045e-01,5.565329276357474653e-01
1.995164387133477046e-01,5.563582121962356020e-01
1.995401426979875326e-01,5.561834613523606308e-01
1.995638466826273327e-01,5.560086751856468945e-01
1.996112546519069886e-01,5.556589972099984509e-01
1.996349586365467887e-01,5.554841055643127135e-01
1.996586626211866167e-01,5.553091789222844854e-01
1.996823666058264446e-01,5.551342173656382828e-01
1.997060705904662448e-01,5.549592209761383677e-01
1.997297745751060727e-01,5.547841898355880819e-01
1.997534785597459006e-01,5.546091240258311794e-01
1.997771825443857008e-01,5.544340236287518264e-01
1.998245905136653289e-01,5.540837194003560562e-01
1.998482944983051568e-01,5.539085157330050357e-01
1.998719984829449847e-01,5.537332778062620253e-01
1.998957024675847849e-01,5.535580057022080336e-01
1.999194064522246128e-01,5.533826995029640372e-01
1.999431104368644407e-01,5.532073592906907589e-01
1.999668144215042409e-01,5.530319851475882231e-01
1.999905184061440688e-01,5.528565771558954234e-01
2.000379263754236969e-01,5.525056599558927362e-01
2.000616303600635248e-01,5.523301509122576780e-01
2.000853343447033528e-01,5.521546083493820145e-01
2.001090383293431529e-01,5.519790323497011375e-01
2.001327423139829809e-01,5.518034229956889636e-01
2.001564462986227810e-01,5.516277803698594884e-01
2.001801502832626090e-01,5.514521045547644551e-01
2.002038542679024369e-01,5.512763956329956860e-01
2.002275582525422370e-01,5.511006536871833061e-01
2.002749662218218929e-01,5.507490710541423917e-01
2.002986702064616931e-01,5.505732305323683962e-01
2.003223741911015210e-01,5.503973573174592016e-01
2.003460781757413489e-01,5.502214514922388888e-01
2.003697821603811491e-01,5.500455131395706188e-01
2.003934861450209770e-01,5.498695423423547446e-01
2.004171901296608049e-01,5.496935391835313656e-01
2.004408941143006051e-01,5.495175037460787726e-01
2.004883020835802332e-01,5.491653363673891786e-01
2.005120060682200611e-01,5.489892045923004948e-01
2.005357100528598890e-01,5.488130408708784547e-01
2.005594140374996892e-01,5.486368452862934175e-01
2.005831180221395171e-01,5.484606179217526023e-01
2.006068220067793451e-01,5.482843588605026408e-01
2.006305259914191452e-01,5.481080681858279124e-01
2.006542299760589732e-01,5.479317459810499891e-01
2.007016379453386012e-01,5.475790073146653558e-01
2.007253419299784292e-01,5.474025910198927480e-01
2.007490459146182293e-01,5.472261435286862596e-01
2.007727498992580573e-01,5.470496649245576437e-01
2.007964538838978852e-01,5.468731552910566229e-01
2.008201578685376854e-01,5.466966147117705566e-01
2.008438618531775133e-01,5.465200432703241074e-01
2.008675658378173412e-01,5.463434410503801297e-01
2.009149738070969693e-01,5.459901446098390787e-01
2.009386777917367972e-01,5.458134505567546757e-01
2.009623817763765974e-01,5.456367260601990843e-01
2.009860857610164253e-01,5.454599712040223425e-01
2.010097897456562532e-01,5.452831860721117918e-01
2.010334937302960534e-01,5.451063707483925214e-01
2.010571977149358813e-01,5.449295253168260356e-01
2.010809016995756815e-01,5.447526498614123636e-01
2.011046056842155094e-01,5.445757444661871727e-01
2.011520136534951375e-01,5.442218441926347516e-01
2.011757176381349654e-01,5.440448494825657066e-01
2.011994216227747934e-01,5.438678251692015131e-01
2.012231256074145935e-01,5.436907713367643558e-01
2.012468295920544215e-01,5.435136880695120576e-01
2.012705335766942494e-01,5.433365754517399671e-01
2.012942375613340495e-01,5.431594335677805141e-01
2.013179415459738775e-01,5.429822625020019888e-01
2.013653495152535056e-01,5.426278331626468443e-01
2.013890534998933335e-01,5.424505750579906582e-01
2.014127574845331337e-01,5.422732881093570434e-01
2.014364614691729616e-01,5.420959724012973657e-01
2.014601654538127895e-01,5.419186280184001836e-01
2.014838694384525897e-01,5.417412550452900266e-01
2.015075734230924176e-01,5.415638535666275066e-01
2.015312774077322455e-01,5.413864236671102059e-01
2.015786853770118736e-01,5.410314789444806705e-01
2.016023893616517015e-01,5.408539642909440115e-01
2.016260933462915017e-01,5.406764215557036124e-01
2.016497973309313296e-01,5.404988508236370226e-01
2.016735013155711298e-01,5.403212521796587620e-01
2.016972053002109577e-01,5.401436257087185444e-01
2.017209092848507856e-01,5.399659714958024992e-01
2.017446132694905858e-01,5.397882896259325047e-01
2.017920212387702417e-01,5.394328432555961506e-01
2.018157252234100418e-01,5.392550789253528487e-01
2.018394292080498698e-01,5.390772872786003811e-01
2.018631331926896977e-01,5.388994684005392610e-01
2.018868371773294978e-01,5.387216223764059730e-01
2.019105411619693258e-01,5.385437492914719737e-01
2.019342451466091537e-01,5.383658492310438026e-01
2.019579491312489539e-01,5.381879222804645257e-01
2.020053571005285820e-01,5.378319880503992234e-01
2.020290610851684099e-01,5.376539809417749671e-01
2.020527650698082378e-01,5.374759472847229214e-01
2.020764690544480380e-01,5.372978871647624555e-01
2.021001730390878659e-01,5.371198006674472447e-01
2.021238770237276938e-01,5.369416878783668245e-01
2.021475810083674940e-01,5.367635488831452584e-01
2.021712849930073219e-01,5.365853837674420257e-01
2.021949889776471498e-01,5.364071926169512450e-01
2.022423969469267779e-01,5.360507325545594837e-01
2.022661009315665781e-01,5.358724638142211560e-01
2.022898049162064060e-01,5.356941693822210304e-01
2.023135089008462340e-01,5.355158493444271972e-01
2.023372128854860341e-01,5.353375037867430519e-01
2.023609168701258620e-01,5.351591327951057409e-01
2.023846208547656900e-01,5.349807364554879374e-01
2.024083248394054901e-01,5.348023148538959548e-01
2.024557328086851460e-01,5.344453962089886767e-01
2.024794367933249462e-01,5.342668993378589803e-01
2.025031407779647741e-01,5.340883775491257479e-01
2.025268447626046020e-01,5.339098309289678213e-01
2.025505487472444022e-01,5.337312595635981261e-01
2.025742527318842301e-01,5.335526635392631167e-01
2.025979567165240303e-01,5.333740429422442197e-01
2.026216607011638582e-01,5.331953978588562792e-01
2.026690686704434863e-01,5.328380345784042849e-01
2.026927726550833142e-01,5.326593165541400055e-01
2.027164766397231421e-01,5.324805743891070087e-01
2.027401806243629423e-01,5.323018081697901138e-01
2.027638846090027702e-01,5.321230179827074469e-01
2.027875885936425981e-01,5.319442039144114398e-01
2.028112925782823983e-01,5.317653660514883862e-01
2.028349965629222262e-01,5.315865044805574424e-01
2.028824045322018543e-01,5.312287105613179294e-01
2.029061085168416823e-01,5.310497783864163157e-01
2.029298125014814824e-01,5.308708228503205007e-01
2.029535164861213103e-01,5.306918440398172843e-01
2.029772204707611383e-01,5.305128420417267732e-01
2.030009244554009384e-01,5.303338169429032689e-01
2.030246284400407664e-01,5.301547688302328254e-01
2.030483324246805943e-01,5.299756977906355804e-01
2.030720364093203945e-01,5.297966039110650893e-01
2.031194443786000503e-01,5.294383479799809056e-01
2.031431483632398505e-01,5.292591861025390809e-01
2.031668523478796784e-01,5.290800017332663030e-01
2.031905563325194786e-01,5.289007949592814395e-01
2.032142603171593065e-01,5.287215658677342223e-01
2.032379643017991344e-01,5.285423145458090222e-01
2.032616682864389346e-01,5.283630410807222955e-01
2.032853722710787625e-01,5.281837455597226949e-01
2.033327802403583906e-01,5.278250886991452395e-01
2.033564842249982185e-01,5.276457275342283371e-01
2.033801882096380464e-01,5.274663446627212426e-01
2.034038921942778466e-01,5.272869401720355897e-01
2.034275961789176745e-01,5.271075141496150973e-01
2.034513001635575025e-01,5.269280666829364579e-01
2.034750041481973026e-01,5.267485978595087825e-01
2.034987081328371306e-01,5.265691077668727127e-01
2.035461161021167587e-01,5.262100641243004917e-01
2.035698200867565866e-01,5.260305107496070498e-01
2.035935240713963867e-01,5.258509364561906319e-01
2.036172280560362147e-01,5.256713413317524175e-01
2.036409320406760426e-01,5.254917254640258939e-01
2.036646360253158428e-01,5.253120889407764116e-01
2.036883400099556707e-01,5.251324318498008514e-01
2.037120439945954986e-01,5.249527542789278467e-01
2.037594519638751267e-01,5.245933380489647968e-01
2.037831559485149546e-01,5.244135995656901139e-01
2.038068599331547548e-01,5.242338409541505984e-01
2.038305639177945827e-01,5.240540623023327571e-01
2.038542679024343829e-01,5.238742636982551826e-01
2.038779718870742108e-01,5.236944452299676644e-01
2.039016758717140387e-01,5.235146069855514117e-01
2.039253798563538389e-01,5.233347490531192747e-01
2.039490838409936668e-01,5.231548715208148570e-01
2.039964918102732949e-01,5.227950580093202460e-01
2.040201957949131228e-01,5.226151222065735791e-01
2.040438997795529508e-01,5.224351671568416844e-01
2.040676037641927509e-01,5.222551929484243738e-01
2.040913077488325789e-01,5.220751996696511021e-01
2.041150117334723790e-01,5.218951874088842979e-01
2.041387157181122070e-01,5.217151562545150334e-01
2.041624197027520349e-01,5.215351062949667993e-01
2.042098276720316630e-01,5.211749503141795969e-01
2.042335316566714909e-01,5.209948444699395997e-01
2.042572356413112911e-01,5.208147201745201293e-01
2.042809396259511190e-01,5.206345775164967771e-01
2.043046436105909469e-01,5.204544165844768866e-01
2.043283475952307471e-01,5.202742374670973335e-01
2.043520515798705750e-01,5.200940402530256357e-01
2.043757555645104029e-01,5.199138250309601750e-01
2.044231635337900310e-01,5.195533409177910400e-01
2.044468675184298312e-01,5.193730722042348980e-01
2.044705715030696591e-01,5.191927858377790583e-01
2.044942754877094870e-01,5.190124819072731155e-01
2.045179794723492872e-01,5.188321605015958626e-01
2.045416834569891151e-01,5.186518217096560690e-01
2.045653874416289431e-01,5.184714656203930350e-01
2.045890914262687432e-01,5.182910923227757038e-01
2.046364993955483991e-01,5.179302944585021384e-01
2.046602033801881992e-01,5.177498700699327827e-01
2.046839073648280272e-01,5.175694288291824430e-01
2.047076113494678273e-01,5.173889708253687214e-01
2.047313153341076553e-01,5.172084961476383080e-01
2.047550193187474832e-01,5.170280048851680910e-01
2.047787233033872833e-01,5.168474971271644902e-01
2.048024272880271113e-01,5.166669729628625696e-01
2.048261312726669392e-01,5.164864324815274799e-01
2.048735392419465673e-01,5.161253029249646129e-01
2.048972432265863952e-01,5.159447140284124655e-01
2.049209472112261954e-01,5.157641091721798521e-01
2.049446511958660233e-01,5.155834884456773626e-01
2.049683551805058512e-01,5.154028519383451190e-01
2.049920591651456514e-01,5.152221997396525532e-01
2.050157631497854793e-01,5.150415319390971858e-01
2.050394671344252795e-01,5.148608486262064021e-01
2.050868751037049353e-01,5.144994358216695707e-01
2.051105790883447355e-01,5.143187065092218457e-01
2.051342830729845634e-01,5.141379620428340180e-01
2.051579870576243914e-01,5.139572025121769139e-01
2.051816910422641915e-01,5.137764280069504474e-01
2.052053950269040195e-01,5.135956386168812893e-01
2.052290990115438474e-01,5.134148344317267521e-01
2.052528029961836475e-01,5.132340155412712379e-01
2.053002109654633034e-01,5.128723340037374401e-01
2.053239149501031036e-01,5.126914715363706243e-01
2.053476189347429315e-01,5.125105947231249903e-01
2.053713229193827317e-01,5.123297036539268268e-01
2.053950269040225596e-01,5.121487984187300668e-01
2.054187308886623875e-01,5.119678791075173985e-01
2.054424348733021877e-01,5.117869458102989322e-01
2.054661388579420156e-01,5.116059986171127560e-01
2.055135468272216437e-01,5.112440629031309580e-01
2.055372508118614716e-01,5.110630745625509563e-01
2.055609547965012995e-01,5.108820726864352624e-01
2.055846587811410997e-01,5.107010573649614082e-01
2.056083627657809276e-01,5.105200286883339045e-01
2.056320667504207278e-01,5.103389867467856833e-01
2.056557707350605557e-01,5.101579316305764333e-01
2.056794747197003836e-01,5.099768634299939318e-01
2.057031787043401838e-01,5.097957822353533786e-01
2.057505866736198397e-01,5.094335812252944740e-01
2.057742906582596398e-01,5.092524615906434127e-01
2.057979946428994678e-01,5.090713293234672143e-01
2.058216986275392957e-01,5.088901845142175251e-01
2.058454026121790958e-01,5.087090272533731916e-01
2.058691065968189238e-01,5.085278576314393728e-01
2.058928105814587517e-01,5.083466757389490942e-01
2.059165145660985519e-01,5.081654816664618046e-01
2.059639225353781800e-01,5.078030573438688799e-01
2.059876265200180079e-01,5.076218272750163685e-01
2.060113305046578358e-01,5.074405853886736484e-01
2.060350344892976360e-01,5.072593317755343945e-01
2.060587384739374639e-01,5.070780665263183717e-01
2.060824424585772918e-01,5.068967897317727678e-01
2.061061464432170920e-01,5.067155014826708603e-01
2.061298504278569199e-01,5.065342018698121285e-01
2.061772583971365480e-01,5.061715689161569998e-01
2.062009623817763759e-01,5.059902357570915665e-01
2.062246663664161761e-01,5.058088915977326794e-01
2.062483703510560040e-01,5.056275365290114898e-01
2.062720743356958319e-01,5.054461706418855726e-01
2.062957783203356321e-01,5.052647940273391480e-01
2.063194823049754600e-01,5.050834067763813051e-01
2.063431862896152880e-01,5.049020089800480005e-01
2.063905942588949161e-01,5.045391821155277290e-01
2.064142982435347440e-01,5.043577532295415722e-01
2.064380022281745442e-01,5.041763141625821287e-01
2.064617062128143721e-01,5.039948650058138080e-01
2.064854101974542000e-01,5.038134058504273316e-01
2.065091141820940002e-01,5.036319367876396225e-01
2.065328181667338281e-01,5.034504579086914733e-01
2.065565221513736283e-01,5.032689693048507662e-01
2.066039301206532841e-01,5.029059632876877739e-01
2.066276341052930843e-01,5.027244460570273743e-01
2.066513380899329122e-01,5.025429194667976329e-01
2.066750420745727401e-01,5.023613836083927753e-01
2.066987460592125403e-01,5.021798385732323400e-01
2.067224500438523682e-01,5.019982844527600685e-01
2.067461540284921961e-01,5.018167213384460146e-01
2.067698580131319963e-01,5.016351493217847679e-01
2.067935619977718242e-01,5.014535684942954541e-01
2.068409699670514523e-01,5.010903807730365811e-01
2.068646739516912803e-01,5.009087740624302842e-01
2.068883779363310804e-01,5.007271589073233331e-01
2.069120819209709083e-01,5.005455353993587542e-01
2.069357859056107363e-01,5.003639036302053311e-01
2.069594898902505364e-01,5.001822636915557174e-01
2.069831938748903644e-01,5.000006156751273245e-01
2.070068978595301923e-01,4.998189596726619888e-01
2.070543058288098204e-01,4.994556240767112909e-01
2.070780098134496483e-01,4.992739446668313930e-01
2.071017137980894485e-01,4.990922576381262576e-01
2.071254177827292764e-01,4.989105630824592907e-01
2.071491217673690766e-01,4.987288610917185450e-01
2.071728257520089045e-01,4.985471517578153322e-01
2.071965297366487324e-01,4.983654351726859444e-01
2.072202337212885326e-01,4.981837114282903767e-01
2.072676416905681884e-01,4.978202428296593096e-01
2.072913456752079886e-01,4.976384981594634827e-01
2.073150496598478165e-01,4.974567466980794883e-01
2.073387536444876444e-01,4.972749885375868928e-01
2.073624576291274446e-01,4.970932237700886325e-01
2.073861616137672725e-01,4.969114524877105699e-01
2.074098655984071005e-01,4.967296747826030479e-01
2.074335695830469006e-01,4.965478907469398351e-01
2.074809775523265287e-01,4.961843040527558202e-01
2.075046815369663566e-01,4.960025015786992397e-01
2.075283855216061846e-01,4.958206931430146347e-01
2.075520895062459847e-01,4.956388788379923471e-01
2.075757934908858127e-01,4.954570587559453121e-01
2.075994974755256406e-01,4.952752329892103900e-01
2.076232014601654408e-01,4.950934016301474783e-01
2.076469054448052687e-01,4.949115647711386234e-01
2.076706094294450966e-01,4.947297225045896307e-01
2.077180173987247247e-01,4.943660221186085280e-01
2.077417213833645526e-01,4.941841641841017152e-01
2.077654253680043528e-01,4.940023012119059143e-01
2.077891293526441807e-01,4.938204332945405062e-01
2.078128333372839809e-01,4.936385605245480201e-01
2.078365373219238088e-01,4.934566829944926902e-01
2.078602413065636367e-01,4.932748007969623427e-01
2.078839452912034369e-01,4.930929140245666753e-01
2.079313532604830927e-01,4.927291271257302485e-01
2.079550572451228929e-01,4.925472271846214056e-01
2.079787612297627208e-01,4.923653230393098545e-01
2.080024652144025488e-01,4.921834147825172590e-01
2.080261691990423489e-01,4.920015025069870429e-01
2.080498731836821769e-01,4.918195863054843908e-01
2.080735771683219770e-01,4.916376662707976353e-01
2.080972811529618050e-01,4.914557424957356480e-01
2.081446891222414330e-01,4.910918840958344300e-01
2.081683931068812610e-01,4.909099496567239096e-01
2.081920970915210889e-01,4.907280118486951337e-01
2.082158010761608891e-01,4.905460707646670526e-01
2.082395050608007170e-01,4.903641264975794334e-01
2.082632090454405449e-01,4.901821791403944140e-01
2.082869130300803451e-01,4.900002287860956152e-01
2.083106170147201730e-01,4.898182755276873634e-01
2.083580249839998011e-01,4.894543606706698857e-01
2.083817289686396290e-01,4.892723992581767822e-01
2.084054329532794292e-01,4.890904353138076921e-01
2.084291369379192571e-01,4.889084689306735787e-01
2.084528409225590850e-01,4.887265002019071658e-01
2.084765449071988852e-01,4.885445292206621049e-01
2.085002488918387131e-01,4.883625560801128085e-01
2.085239528764785411e-01,4.881805808734550056e-01
2.085476568611183412e-01,4.879986036939055749e-01
2.085950648303979971e-01,4.876346437891005969e-01
2.086187688150377972e-01,4.874526612503827794e-01
2.086424727996776252e-01,4.872706771118469615e-01
2.086661767843174253e-01,4.870886914668139389e-01
2.086898807689572533e-01,4.869067044086240470e-01
2.087135847535970812e-01,4.867247160306391596e-01
2.087372887382368813e-01,4.865427264262412455e-01
2.087609927228767093e-01,4.863607356888318689e-01
2.088084006921563374e-01,4.859967511886916225e-01
2.088321046767961653e-01,4.858147576128664658e-01
2.088558086614359932e-01,4.856327632778426606e-01
2.088795126460757934e-01,4.854507682771238009e-01
2.089032166307156213e-01,4.852687727042334087e-01
2.089269206153554492e-01,4.850867766527148794e-01
2.089506245999952494e-01,4.849047802161322029e-01
2.089743285846350773e-01,4.847227834880686870e-01
2.090217365539147054e-01,4.843587895319327874e-01
2.090454405385545333e-01,4.841767924911263288e-01
2.090691445231943335e-01,4.839947955333716578e-01
2.090928485078341614e-01,4.838127987523504481e-01
2.091165524924739894e-01,4.836308022417644681e-01
2.091402564771137895e-01,4.834488060953355815e-01
2.091639604617536174e-01,4.832668104068041925e-01
2.091876644463934454e-01,4.830848152699305786e-01
2.092350724156730735e-01,4.827208270262949852e-01
2.092587764003129014e-01,4.825388341071495391e-01
2.092824803849527016e-01,4.823568421148963781e-01
2.093061843695925295e-01,4.821748511433908146e-01
2.093298883542323297e-01,4.819928612865090334e-01
2.093535923388721576e-01,4.818108726381453710e-01
2.093772963235119855e-01,4.816288852922132047e-01
2.094010003081517857e-01,4.814468993426452292e-01
2.094247042927916136e-01,4.812649148833920698e-01
2.094721122620712417e-01,4.809009508117304543e-01
2.094958162467110696e-01,4.807189713873176173e-01
2.095195202313508975e-01,4.805369938292120002e-01
2.095432242159906977e-01,4.803550182314583750e-01
2.095669282006305256e-01,4.801730446881194991e-01
2.095906321852703258e-01,4.799910732932772262e-01
2.096143361699101537e-01,4.798091041410311730e-01
2.096380401545499816e-01,4.796271373254996639e-01
2.096854481238296097e-01,4.792632110811450574e-01
2.097091521084694377e-01,4.790812518406492582e-01
2.097328560931092378e-01,4.788992953135233765e-01
2.097565600777490658e-01,4.787173415939762755e-01
2.097802640623888937e-01,4.785353907762350811e-01
2.098039680470286938e-01,4.783534429545449052e-01
2.098276720316685218e-01,4.781714982231685673e-01
2.098513760163083497e-01,4.779895566763865400e-01
2.098987839855879778e-01,4.776256835138178447e-01
2.099224879702277780e-01,4.774437520866811058e-01
2.099461919548676059e-01,4.772618242214386464e-01
2.099698959395074338e-01,4.770799000124595901e-01
2.099935999241472340e-01,4.768979795541303801e-01
2.100173039087870619e-01,4.767160629408551120e-01
2.100410078934268898e-01,4.765341502670544238e-01
2.100647118780666900e-01,4.763522416271674942e-01
2.101121198473463458e-01,4.759884368269740595e-01
2.101358238319861460e-01,4.758065408556312881e-01
2.101595278166259739e-01,4.756246492961277994e-01
2.101832318012658019e-01,4.754427622429884259e-01
2.102069357859056020e-01,4.752608797907544314e-01
2.102306397705454299e-01,4.750790020339832331e-01
2.102543437551852301e-01,4.748971290672506784e-01
2.102780477398250580e-01,4.747152609851478244e-01
2.103254557091046861e-01,4.743515398532834326e-01
2.103491596937445141e-01,4.741696869927884972e-01
2.103728636783843420e-01,4.739878393954575220e-01
2.103965676630241421e-01,4.738059971559657746e-01
2.104202716476639701e-01,4.736241603690039548e-01
2.104439756323037980e-01,4.734423291292800817e-01
2.104676796169435982e-01,4.732605035315184949e-01
2.104913836015834261e-01,4.730786836704592435e-01
2.105150875862232263e-01,4.728968696408590855e-01
2.105624955555028821e-01,4.725332594551429066e-01
2.105861995401426823e-01,4.723514634886208929e-01
2.106099035247825102e-01,4.721696737327452098e-01
2.106336075094223381e-01,4.719878902823528843e-01
2.106573114940621383e-01,4.718061132322967088e-01
2.106810154787019662e-01,4.716243426774450187e-01
2.107047194633417941e-01,4.714425787126824141e-01
2.107284234479815943e-01,4.712608214329088163e-01
2.107758314172612502e-01,4.708973273080065414e-01
2.107995354019010503e-01,4.707155906527562550e-01
2.108232393865408782e-01,4.705338610622506468e-01
2.108469433711806784e-01,4.703521386314678532e-01
2.108706473558205063e-01,4.701704234554004991e-01
2.108943513404603343e-01,4.699887156290572521e-01
2.109180553251001344e-01,4.698070152474617678e-01
2.109417593097399624e-01,4.696253224056526898e-01
2.109891672790195905e-01,4.692619597216242111e-01
2.110128712636594184e-01,4.690802900695576483e-01
2.110365752482992463e-01,4.688986283375834452e-01
2.110602792329390465e-01,4.687169746208155185e-01
2.110839832175788744e-01,4.685353290143820515e-01
2.111076872022186746e-01,4.683536916134271033e-01
2.111313911868585025e-01,4.681720625131083890e-01
2.111550951714983304e-01,4.679904418085988893e-01
2.112025031407779585e-01,4.676272259677721754e-01
2.112262071254177864e-01,4.674456310218732535e-01
2.112499111100575866e-01,4.672640448526209078e-01
2.112736150946974145e-01,4.670824675552597838e-01
2.112973190793372424e-01,4.669008992250500145e-01
2.113210230639770426e-01,4.667193399572653334e-01
2.113447270486168705e-01,4.665377898471935736e-01
2.113684310332566985e-01,4.663562489901371677e-01
2.113921350178964986e-01,4.661747174814128147e-01
2.114395429871761267e-01,4.658116828902943984e-01
2.114632469718159546e-01,4.656301799986030665e-01
2.114869509564557826e-01,4.654486868366485286e-01
2.115106549410955827e-01,4.652672034998166506e-01
2.115343589257354107e-01,4.650857300835070651e-01
2.115580629103752386e-01,4.649042666831328940e-01
2.115817668950150388e-01,4.647228133941214701e-01
2.116054708796548667e-01,4.645413703119130044e-01
2.116528788489344948e-01,4.641785151497342943e-01
2.116765828335743227e-01,4.639971032607126955e-01
2.117002868182141506e-01,4.638157019603902365e-01
2.117239908028539508e-01,4.636343113442747410e-01
2.117476947874937787e-01,4.634529315078866896e-01
2.117713987721335789e-01,4.632715625467600518e-01
2.117951027567734068e-01,4.630902045564413982e-01
2.118188067414132347e-01,4.629088576324909554e-01
2.118662147106928628e-01,4.625461973659992787e-01
2.118899186953326907e-01,4.623648842146421689e-01
2.119136226799724909e-01,4.621835825120223507e-01
2.119373266646123188e-01,4.620022923537634996e-01
2.119610306492521468e-01,4.618210138355030026e-01
2.119847346338919469e-01,4.616397470528904590e-01
2.120084386185317749e-01,4.614584921015874031e-01
2.120321426031715750e-01,4.612772490772693024e-01
2.120795505724512309e-01,4.609147991923470133e-01
2.121032545570910310e-01,4.607335925231544893e-01
2.121269585417308590e-01,4.605523981637685837e-01
2.121506625263706869e-01,4.603712162099260485e-01
2.121743665110104871e-01,4.601900467573755149e-01
2.121980704956503150e-01,4.600088899018772715e-01
2.122217744802901429e-01,4.598277457392040413e-01
2.122454784649299431e-01,4.596466143651403158e-01
2.122691824495697710e-01,4.594654958754824658e-01
2.123165904188493991e-01,4.591032979326308272e-01
2.123402944034892270e-01,4.589222186710887330e-01
2.123639983881290272e-01,4.587411526772570691e-01
2.123877023727688551e-01,4.585601000469907707e-01
2.124114063574086830e-01,4.583790608761569851e-01
2.124351103420484832e-01,4.581980352606338514e-01
2.124588143266883111e-01,4.580170232963108878e-01
2.124825183113281390e-01,4.578360250790896036e-01
2.125299262806077671e-01,4.574740702696138417e-01
2.125536302652475951e-01,4.572931138692177266e-01
2.125773342498873952e-01,4.571121715996411261e-01
2.126010382345272232e-01,4.569312435568409492e-01
2.126247422191670511e-01,4.567503298367854847e-01
2.126484462038068513e-01,4.565694305354544014e-01
2.126721501884466792e-01,4.563885457488373043e-01
2.126958541730864793e-01,4.562076755729360666e-01
2.127432621423661352e-01,4.558459794373378449e-01
2.127669661270059354e-01,4.556651536696971760e-01
2.127906701116457633e-01,4.554843428968837760e-01
2.128143740962855912e-01,4.553035472149522533e-01
2.128380780809253914e-01,4.551227667199676530e-01
2.128617820655652193e-01,4.549420015080052893e-01
2.128854860502050472e-01,4.547612516751511347e-01
2.129091900348448474e-01,4.545805173175018754e-01
2.129565980041244755e-01,4.542190954122525270e-01
2.129803019887643034e-01,4.540384080568963254e-01
2.130040059734041313e-01,4.538577365612314618e-01
2.130277099580439315e-01,4.536770810214053595e-01
2.130514139426837594e-01,4.534964415335744903e-01
2.130751179273235874e-01,4.533158181939058173e-01
2.130988219119633875e-01,4.531352110985766846e-01
2.131225258966032154e-01,4.529546203437728735e-01
2.131462298812430434e-01,4.527740460256912125e-01
2.131936378505226715e-01,4.524129470845270617e-01
2.132173418351624994e-01,4.522324226538851355e-01
2.132410458198022996e-01,4.520519150448468193e-01
2.132647498044421275e-01,4.518714243536555708e-01
2.132884537890819276e-01,4.516909506765655058e-01
2.133121577737217556e-01,4.515104941098387337e-01
2.133358617583615835e-01,4.513300547497480775e-01
2.133595657430013837e-01,4.511496326925742428e-01
2.134069737122810395e-01,4.507888408721481555e-01
2.134306776969208397e-01,4.506084713015041654e-01
2.134543816815606676e-01,4.504281194189929116e-01
2.134780856662004955e-01,4.502477853209410075e-01
2.135017896508402957e-01,4.500674691036840036e-01
2.135254936354801236e-01,4.498871708635655553e-01
2.135491976201199238e-01,4.497068906969385327e-01
2.135729016047597517e-01,4.495266287001641881e-01
2.136203095740393798e-01,4.491661596016630620e-01
2.136440135586792077e-01,4.489859526927016953e-01
2.136677175433190357e-01,4.488057643391245022e-01
2.136914215279588358e-01,4.486255946373355896e-01
2.137151255125986637e-01,4.484454436837467806e-01
2.137388294972384917e-01,4.482653115747784467e-01
2.137625334818782918e-01,4.480851984068597860e-01
2.137862374665181198e-01,4.479051042764270463e-01
2.138336454357977479e-01,4.475449735138073981e-01
2.138573494204375758e-01,4.473649370745340081e-01
2.138810534050773760e-01,4.471849200585745754e-01
2.139047573897172039e-01,4.470049225624043721e-01
2.139284613743570318e-01,4.468249446825086069e-01
2.139521653589968320e-01,4.466449865153792609e-01
2.139758693436366599e-01,4.464650481575157537e-01
2.139995733282764878e-01,4.462851297054254429e-01
2.140469812975561159e-01,4.459253529046316444e-01
2.140706852821959438e-01,4.457454947489799535e-01
2.140943892668357440e-01,4.455656568852054411e-01
2.141180932514755719e-01,4.453858394098523243e-01
2.141417972361153998e-01,4.452060424194722033e-01
2.141655012207552000e-01,4.450262660106242274e-01
2.141892052053950279e-01,4.448465102798737636e-01
2.142129091900348281e-01,4.446667753237940612e-01
2.142366131746746560e-01,4.444870612389648645e-01
2.142840211439542841e-01,4.441276960694128806e-01
2.143077251285941121e-01,4.439480451778841097e-01
2.143314291132339400e-01,4.437684155439943767e-01
2.143551330978737401e-01,4.435888072643578983e-01
2.143788370825135681e-01,4.434092204355949973e-01
2.144025410671533960e-01,4.432296551543329910e-01
2.144262450517931962e-01,4.430501115172059690e-01
2.144499490364330241e-01,4.428705896208536275e-01
2.144973570057126522e-01,4.425116114370661879e-01
2.145210609903524801e-01,4.423321553429430675e-01
2.145447649749922803e-01,4.421527213762190822e-01
2.145684689596321082e-01,4.419733096335653477e-01
2.145921729442719361e-01,4.417939202116598629e-01
2.146158769289117363e-01,4.416145532071862889e-01
2.146395809135515642e-01,4.414352087168341709e-01
2.146632848981913921e-01,4.412558868372988830e-01
2.147106928674710202e-01,4.408973112974912123e-01
2.147343968521108482e-01,4.407180578306387764e-01
2.147581008367506483e-01,4.405388273614437855e-01
2.147818048213904762e-01,4.403596199866300909e-01
2.148055088060302764e-01,4.401804358029278719e-01
2.148292127906701043e-01,4.400012749070717488e-01
2.148529167753099323e-01,4.398221373958030034e-01
2.148766207599497324e-01,4.396430233658677467e-01
2.149240287292293883e-01,4.392848661370072905e-01
2.149477327138691884e-01,4.391058231316011251e-01
2.149714366985090164e-01,4.389268039945646849e-01
2.149951406831488443e-01,4.387478088226705042e-01
2.150188446677886445e-01,4.385688377126955029e-01
2.150425486524284724e-01,4.383898907614214857e-01
2.150662526370682726e-01,4.382109680656354755e-01
2.150899566217081005e-01,4.380320697221287696e-01
2.151136606063479284e-01,4.378531958276982716e-01
2.151610685756275565e-01,4.374955217732749424e-01
2.151847725602673844e-01,4.373167218068981787e-01
2.152084765449071846e-01,4.371379466768298694e-01
2.152321805295470125e-01,4.369591964798889006e-01
2.152558845141868404e-01,4.367804713128995431e-01
2.152795884988266406e-01,4.366017712726899536e-01
2.153032924834664685e-01,4.364230964560920634e-01
2.153269964681062965e-01,4.362444469599427999e-01
2.153744044373859245e-01,4.358872243163578464e-01
2.153981084220257247e-01,4.357086513626156621e-01
2.154218124066655526e-01,4.355301041167093379e-01
2.154455163913053806e-01,4.353515826754959517e-01
2.154692203759451807e-01,4.351730871358363562e-01
2.154929243605850087e-01,4.349946175945947346e-01
2.155166283452248366e-01,4.348161741486392673e-01
2.155403323298646368e-01,4.346377568948424086e-01
2.155877402991442926e-01,4.342810013512278799e-01
2.156114442837840928e-01,4.341026632551724385e-01
2.156351482684239207e-01,4.339243517387979532e-01
2.156588522530637486e-01,4.337460668989941426e-01
2.156825562377035488e-01,4.335678088326537227e-01
2.157062602223433767e-01,4.333895776366723518e-01
2.157299642069831769e-01,4.332113734079496292e-01
2.157536681916230048e-01,4.330331962433869308e-01
2.158010761609026329e-01,4.326769234943675935e-01
2.158247801455424608e-01,4.324988281037301374e-01
2.158484841301822887e-01,4.323207601648921816e-01
2.158721881148220889e-01,4.321427197747710336e-01
2.158958920994619168e-01,4.319647070302857217e-01
2.159195960841017448e-01,4.317867220283592711e-01
2.159433000687415449e-01,4.316087648659165943e-01
2.159670040533813729e-01,4.314308356398848798e-01
2.159907080380211730e-01,4.312529344471950354e-01
2.160381160073008289e-01,4.308972165495723594e-01
2.160618199919406290e-01,4.307194000385123900e-01
2.160855239765804570e-01,4.305416119485382942e-01
2.161092279612202849e-01,4.303638523765925261e-01
2.161329319458600851e-01,4.301861214196188166e-01
2.161566359304999130e-01,4.300084191745630613e-01
2.161803399151397409e-01,4.298307457383737096e-01
2.162040438997795411e-01,4.296531012080010425e-01
2.162514518690591969e-01,4.292978992525143811e-01
2.162751558536989971e-01,4.291203420213106634e-01
2.162988598383388250e-01,4.289428140837419079e-01
2.163225638229786252e-01,4.287653155367678881e-01
2.163462678076184531e-01,4.285878464773485996e-01
2.163699717922582810e-01,4.284104070024468136e-01
2.163936757768980812e-01,4.282329972090260228e-01
2.164173797615379091e-01,4.280556171940513299e-01
2.164647877308175372e-01,4.277009468873077536e-01
2.164884917154573651e-01,4.275236567894753481e-01
2.165121957000971931e-01,4.273463968579626626e-01
2.165358996847369932e-01,4.271691671897408504e-01
2.165596036693768212e-01,4.269919678817822306e-01
2.165833076540166491e-01,4.268147990310601214e-01
2.166070116386564492e-01,4.266376607345491179e-01
2.166307156232962772e-01,4.264605530892240370e-01
2.166781235925759053e-01,4.261064301400369070e-01
2.167018275772157332e-01,4.259294150301287663e-01
2.167255315618555334e-01,4.257524309593150313e-01
2.167492355464953613e-01,4.255754780245738500e-01
2.167729395311351892e-01,4.253985563228845912e-01
2.167966435157749894e-01,4.252216659512270680e-01
2.168203475004148173e-01,4.250448070065807049e-01
2.168440514850546452e-01,4.248679795859261477e-01
2.168677554696944454e-01,4.246911837862439310e-01
2.169151634389740735e-01,4.243376874377186025e-01
2.169388674236139014e-01,4.241609870828374484e-01
2.169625714082537293e-01,4.239843187368518285e-01
2.169862753928935295e-01,4.238076824967429990e-01
2.170099793775333574e-01,4.236310784594912171e-01
2.170336833621731853e-01,4.234545067220775172e-01
2.170573873468129855e-01,4.232779673814821564e-01
2.170810913314528134e-01,4.231014605346850033e-01
2.171284993007324415e-01,4.227485447104046834e-01
2.171522032853722695e-01,4.225721359268793664e-01
2.171759072700120974e-01,4.223957600250687894e-01
2.171996112546518976e-01,4.222194171019509890e-01
2.172233152392917255e-01,4.220431072545018925e-01
2.172470192239315256e-01,4.218668305796990925e-01
2.172707232085713536e-01,4.216905871745170176e-01
2.172944271932111815e-01,4.215143771359310954e-01
2.173418351624908096e-01,4.211620575464414262e-01
2.173655391471306375e-01,4.209859481894823174e-01
2.173892431317704377e-01,4.208098725870085266e-01
2.174129471164102656e-01,4.206338308359890421e-01
2.174366511010500935e-01,4.204578230333926303e-01
2.174603550856898937e-01,4.202818492761863367e-01
2.174840590703297216e-01,4.201059096613355970e-01
2.175077630549695218e-01,4.199300042858053472e-01
2.175551710242491776e-01,4.195782966405544601e-01
2.175788750088889778e-01,4.194024945647557567e-01
2.176025789935288057e-01,4.192267271161188580e-01
2.176262829781686337e-01,4.190509943916006508e-01
2.176499869628084338e-01,4.188752964881558571e-01
2.176736909474482617e-01,4.186996335027370342e-01
2.176973949320880897e-01,4.185240055322952957e-01
2.177210989167278898e-01,4.183484126737797015e-01
2.177448029013677178e-01,4.181728550241369247e-01
2.177922108706473459e-01,4.178218457392480767e-01
2.178159148552871738e-01,4.176463942978849708e-01
2.178396188399269739e-01,4.174709784531615009e-01
2.178633228245668019e-01,4.172955983020132376e-01
2.178870268092066298e-01,4.171202539413740307e-01
2.179107307938464300e-01,4.169449454681752876e-01
2.179344347784862579e-01,4.167696729793450849e-01
2.179581387631260858e-01,4.165944365718098341e-01
2.180055467324057139e-01,4.162440723883147342e-01
2.180292507170455418e-01,4.160689448061937745e-01
2.180529547016853420e-01,4.158938536930451013e-01
2.180766586863251699e-01,4.157187991457808041e-01
2.181003626709649978e-01,4.155437812613103632e-01
2.181240666556047980e-01,4.153688001365404836e-01
2.181477706402446259e-01,4.151938558683737623e-01
2.181714746248844261e-01,4.150189485537108536e-01
2.182188825941640820e-01,4.146692451724803830e-01
2.182425865788038821e-01,4.144944492996974206e-01
2.182662905634437100e-01,4.143196907679860819e-01
2.182899945480835380e-01,4.141449696742302011e-01
2.183136985327233381e-01,4.139702861153103930e-01
2.183374025173631661e-01,4.137956401881024426e-01
2.183611065020029940e-01,4.136210319894795817e-01
2.183848104866427942e-01,4.134464616163113226e-01
2.184322184559224223e-01,4.130974347337963426e-01
2.184559224405622502e-01,4.129229784181691620e-01
2.184796264252020781e-01,4.127485603154354976e-01
2.185033304098418783e-01,4.125741805224456549e-01
2.185270343944817062e-01,4.123998391360447213e-01
2.185507383791215341e-01,4.122255362530749534e-01
2.185744423637613343e-01,4.120512719703740556e-01
2.185981463484011622e-01,4.118770463847751251e-01
2.186455543176807903e-01,4.115287116921956256e-01
2.186692583023206182e-01,4.113546027788598791e-01
2.186929622869604461e-01,4.111805329499161887e-01
2.187166662716002463e-01,4.110065023021759467e-01
2.187403702562400742e-01,4.108325109324451607e-01
2.187640742408798744e-01,4.106585589375265632e-01
2.187877782255197023e-01,4.104846464142169471e-01
2.188114822101595303e-01,4.103107734593087752e-01
2.188351861947993304e-01,4.101369401695900696e-01
2.188825941640789863e-01,4.097893929728456675e-01
2.189062981487187864e-01,4.096156792593706464e-01
2.189300021333586144e-01,4.094420055981852213e-01
2.189537061179984423e-01,4.092683720860519347e-01
2.189774101026382425e-01,4.090947788197281110e-01
2.190011140872780704e-01,4.089212258959653568e-01
2.190248180719178983e-01,4.087477134115103383e-01
2.190485220565576985e-01,4.085742414631044483e-01
2.190959300258373266e-01,4.082274195613758705e-01
2.191196340104771545e-01,4.080540698015079348e-01
2.191433379951169824e-01,4.078807609645979104e-01
2.191670419797567826e-01,4.077074931473591013e-01
2.191907459643966105e-01,4.075342664464983722e-01
2.192144499490364384e-01,4.073610809587175918e-01
2.192381539336762386e-01,4.071879367807125227e-01
2.192618579183160665e-01,4.070148340091722661e-01
2.193092658875956946e-01,4.066687530722149502e-01
2.193329698722355225e-01,4.064957751001466724e-01
2.193566738568753227e-01,4.063228389212409364e-01
2.193803778415151506e-01,4.061499446321564788e-01
2.194040818261549786e-01,4.059770923295455414e-01
2.194277858107947787e-01,4.058042821100548703e-01
2.194514897954346067e-01,4.056315140703233846e-01
2.194751937800744346e-01,4.054587883069843413e-01
2.195226017493540627e-01,4.051134639959828587e-01
2.195463057339938906e-01,4.049408656415534047e-01
2.195700097186336908e-01,4.047683099499823633e-01
2.195937137032735187e-01,4.045957970178688523e-01
2.196174176879133466e-01,4.044233269418054388e-01
2.196411216725531468e-01,4.042508998183781399e-01
2.196648256571929747e-01,4.040785157441650899e-01
2.196885296418327749e-01,4.039061748157381504e-01
2.197122336264726028e-01,4.037338771296613560e-01
2.197596415957522309e-01,4.033894118707802012e-01
2.197833455803920588e-01,4.032172444910681053e-01
2.198070495650318867e-01,4.030451207398907387e-01
2.198307535496716869e-01,4.028730407137762204e-01
2.198544575343115148e-01,4.027010045092443979e-01
2.198781615189513428e-01,4.025290122228076251e-01
2.199018655035911429e-01,4.023570639509713165e-01
2.199255694882309708e-01,4.021851597902321718e-01
2.199729774575105989e-01,4.018414841879962562e-01
2.199966814421504269e-01,4.016697129394542487e-01
2.200203854267902270e-01,4.014979861879204304e-01
2.200440894114300550e-01,4.013263040298516993e-01
2.200677933960698829e-01,4.011546665616981810e-01
2.200914973807096831e-01,4.009830738799013972e-01
2.201152013653495110e-01,4.008115260808942093e-01
2.201389053499893389e-01,4.006400232611018186e-01
2.201863133192689670e-01,4.002971529448203780e-01
2.202100173039087949e-01,4.001257856411387093e-01
2.202337212885485951e-01,3.999544637022883764e-01
2.202574252731884230e-01,3.997831872246511709e-01
2.202811292578282232e-01,3.996119563046018897e-01
2.203048332424680511e-01,3.994407710385053933e-01
2.203285372271078790e-01,3.992696315227186599e-01
2.203522412117476792e-01,3.990985378535892858e-01
2.203996491810273350e-01,3.987564884406484267e-01
2.204233531656671352e-01,3.985855328894883920e-01
2.204470571503069631e-01,3.984146235702868966e-01
2.204707611349467911e-01,3.982437605793467394e-01
2.204944651195865912e-01,3.980729440129618935e-01
2.205181691042264192e-01,3.979021739674161728e-01
2.205418730888662471e-01,3.977314505389841770e-01
2.205655770735060472e-01,3.975607738239318456e-01
2.205892810581458752e-01,3.973901439185147932e-01
2.206366890274255033e-01,3.970490249215641310e-01
2.206603930120653312e-01,3.968785360224944547e-01
2.206840969967051314e-01,3.967080943179887575e-01
2.207078009813449593e-01,3.965376999042546924e-01
2.207315049659847872e-01,3.963673528774900867e-01
2.207552089506245874e-01,3.961970533338836087e-01
2.207789129352644153e-01,3.960268013696127132e-01
2.208026169199042432e-01,3.958565970808457513e-01
2.208500248891838713e-01,3.955163319144466283e-01
2.208737288738236715e-01,3.953462712290998771e-01
2.208974328584634994e-01,3.951762586038284342e-01
2.209211368431033273e-01,3.950062941347490808e-01
2.209448408277431275e-01,3.948363779179691058e-01
2.209685448123829554e-01,3.946665100495843070e-01
2.209922487970227833e-01,3.944966906256806571e-01
2.210159527816625835e-01,3.943269197423336370e-01
2.210633607509422394e-01,3.939875239815558983e-01
2.210870647355820395e-01,3.938178992962227953e-01
2.211107687202218675e-01,3.936483235356395549e-01
2.211344727048616954e-01,3.934787967958279231e-01
2.211581766895014955e-01,3.933093191727985438e-01
2.211818806741413235e-01,3.931398907625504036e-01
2.212055846587811236e-01,3.929705116610723303e-01
2.212292886434209516e-01,3.928011819643411062e-01
2.212766966127005797e-01,3.924626711689732650e-01
2.213004005973404076e-01,3.922934902622343678e-01
2.213241045819802355e-01,3.921243591440387588e-01
2.213478085666200357e-01,3.919552779103074869e-01
2.213715125512598636e-01,3.917862466569489444e-01
2.213952165358996915e-01,3.916172654798609765e-01
2.214189205205394917e-01,3.914483344749296601e-01
2.214426245051793196e-01,3.912794537380289706e-01
2.214663284898191198e-01,3.911106233650213926e-01
2.215137364590987756e-01,3.907731140940756687e-01
2.215374404437385758e-01,3.906044353878032060e-01
2.215611444283784037e-01,3.904358074287547220e-01
2.215848484130182316e-01,3.902672303127326936e-01
2.216085523976580318e-01,3.900987041355280516e-01
2.216322563822978597e-01,3.899302289929189591e-01
2.216559603669376877e-01,3.897618049806713669e-01
2.216796643515774878e-01,3.895934321945391798e-01
2.217270723208571437e-01,3.892568406835740236e-01
2.217507763054969439e-01,3.890886221501868025e-01
2.217744802901367718e-01,3.889204552258053171e-01
2.217981842747765719e-01,3.887523400061212442e-01
2.218218882594163999e-01,3.885842765868129378e-01
2.218455922440562278e-01,3.884162650635460401e-01
2.218692962286960280e-01,3.882483055319738696e-01
2.218930002133358559e-01,3.880803980877362003e-01
2.219404081826154840e-01,3.877447398437600667e-01
2.219641121672553119e-01,3.875769892352367574e-01
2.219878161518951398e-01,3.874092910964783698e-01
2.220115201365349400e-01,3.872416455230595078e-01
2.220352241211747679e-01,3.870740526105415080e-01
2.220589281058145958e-01,3.869065124544724954e-01
2.220826320904543960e-01,3.867390251503876053e-01
2.221063360750942239e-01,3.865715907938075402e-01
2.221537440443738520e-01,3.862368813051809124e-01
2.221774480290136800e-01,3.860696063641089748e-01
2.222011520136534801e-01,3.859023847524917228e-01
2.222248559982933080e-01,3.857352165657822463e-01
2.222485599829331360e-01,3.855681018994197018e-01
2.222722639675729361e-01,3.854010408488300343e-01
2.222959679522127641e-01,3.852340335094242008e-01
2.223196719368525920e-01,3.850670799766000574e-01
2.223670799061322201e-01,3.847333347122162128e-01
2.223907838907720202e-01,3.845665431713806703e-01
2.224144878754118482e-01,3.843998058185752464e-01
2.224381918600516761e-01,3.842331227491265211e-01
2.224618958446914763e-01,3.840664940583468634e-01
2.224855998293313042e-01,3.838999198415335434e-01
2.225093038139711321e-01,3.837334001939697870e-01
2.225330077986109323e-01,3.835669352109246644e-01
2.225567117832507602e-01,3.834005249876517585e-01
2.226041197525303883e-01,3.830678692013651521e-01
2.226278237371702162e-01,3.829016238287855645e-01
2.226515277218100441e-01,3.827354335968465859e-01
2.226752317064498443e-01,3.825692986007285246e-01
2.226989356910896722e-01,3.824032189355954792e-01
2.227226396757294724e-01,3.822371946965980039e-01
2.227463436603693003e-01,3.820712259788702214e-01
2.227700476450091283e-01,3.819053128775317663e-01
2.228174556142887563e-01,3.815736539044246589e-01
2.228411595989285843e-01,3.814079082228182260e-01
2.228648635835683844e-01,3.812422185379261697e-01
2.228885675682082124e-01,3.810765849447906861e-01
2.229122715528480403e-01,3.809110075384388727e-01
2.229359755374878405e-01,3.807454864138823947e-01
2.229596795221276684e-01,3.805800216661163748e-01
2.229833835067674963e-01,3.804146133901211146e-01
2.230307914760471244e-01,3.800839666332833655e-01
2.230544954606869246e-01,3.799187283423215988e-01
2.230781994453267525e-01,3.797535469028910371e-01
2.231019034299665804e-01,3.795884224098924342e-01
2.231256074146063806e-01,3.794233549582101128e-01
2.231493113992462085e-01,3.792583446427110205e-01
2.231730153838860364e-01,3.790933915582476166e-01
2.231967193685258366e-01,3.789284957996549852e-01
2.232441273378054925e-01,3.785988766393411087e-01
2.232678313224452926e-01,3.784341534272086527e-01
2.232915353070851205e-01,3.782694879201238258e-01
2.233152392917249207e-01,3.781048802128395003e-01
2.233389432763647486e-01,3.779403304000912289e-01
2.233626472610045766e-01,3.777758385765990212e-01
2.233863512456443767e-01,3.776114048370653453e-01
2.234100552302842047e-01,3.774470292761754608e-01
2.234337592149240326e-01,3.772827119885983627e-01
2.234811671842036607e-01,3.769542526119725734e-01
2.235048711688434886e-01,3.767901107121756077e-01
2.235285751534832888e-01,3.766260274641959338e-01
2.235522791381231167e-01,3.764620029626158937e-01
2.235759831227629446e-01,3.762980373020016200e-01
2.235996871074027448e-01,3.761341305769015930e-01
2.236233910920425727e-01,3.759702828818465847e-01
2.236470950766823729e-01,3.758064943113501033e-01
2.236945030459620287e-01,3.754790949219981577e-01
2.237182070306018289e-01,3.753154842920817802e-01
2.237419110152416568e-01,3.751519331646009370e-01
2.237656149998814847e-01,3.749884416339810400e-01
2.237893189845212849e-01,3.748250097946291826e-01
2.238130229691611128e-01,3.746616377409344167e-01
2.238367269538009408e-01,3.744983255672679201e-01
2.238604309384407409e-01,3.743350733679828846e-01
2.239078389077203690e-01,3.740087492698782601e-01
2.239315428923601969e-01,3.738456775596740167e-01
2.239552468770000249e-01,3.736826662010815925e-01
2.239789508616398250e-01,3.735197152883628635e-01
2.240026548462796530e-01,3.733568249157609431e-01
2.240263588309194809e-01,3.731939951775011810e-01
2.240500628155592810e-01,3.730312261677896091e-01
2.240737668001991090e-01,3.728685179808138295e-01
2.241211747694787371e-01,3.725432844517273523e-01
2.241448787541185650e-01,3.723807592978982672e-01
2.241685827387583929e-01,3.722182953433681440e-01
2.241922867233981931e-01,3.720558926822312151e-01
2.242159907080380210e-01,3.718935514085617289e-01
2.242396946926778212e-01,3.717312716164151709e-01
2.242633986773176491e-01,3.715690533998279310e-01
2.242871026619574770e-01,3.714068968528173587e-01
2.243108066465972772e-01,3.712448020693817075e-01
2.243582146158769330e-01,3.709207981691293177e-01
2.243819186005167332e-01,3.707588892402122749e-01
2.244056225851565611e-01,3.705970424506681016e-01
2.244293265697963891e-01,3.704352578943976848e-01
2.244530305544361892e-01,3.702735356652822052e-01
2.244767345390760171e-01,3.701118758571831924e-01
2.245004385237158451e-01,3.699502785639423030e-01
2.245241425083556452e-01,3.697887438793818760e-01
2.245715504776352733e-01,3.694658627114897342e-01
2.245952544622751013e-01,3.693045164157022775e-01
2.246189584469149292e-01,3.691432331036834658e-01
2.246426624315547294e-01,3.689820128691553847e-01
2.246663664161945573e-01,3.688208558058193587e-01
2.246900704008343852e-01,3.686597620073574499e-01
2.247137743854741854e-01,3.684987315674306263e-01
2.247374783701140133e-01,3.683377645796797051e-01
2.247848863393936414e-01,3.680160213351670873e-01
2.248085903240334693e-01,3.678552452655843852e-01
2.248322943086732695e-01,3.676945330225364073e-01
2.248559982933130974e-01,3.675338846995604980e-01
2.248797022779529253e-01,3.673733003901743510e-01
2.249034062625927255e-01,3.672127801878747322e-01
2.249271102472325534e-01,3.670523241861368136e-01
2.249508142318723813e-01,3.668919324784156721e-01
2.249982222011520094e-01,3.665713423187366704e-01
2.250219261857918374e-01,3.664111440535831044e-01
2.250456301704316375e-01,3.662510104560544599e-01
2.250693341550714655e-01,3.660909416194997323e-01
2.250930381397112934e-01,3.659309376372467115e-01
2.251167421243510935e-01,3.657709986026020932e-01
2.251404461089909215e-01,3.656111246088505351e-01
2.251641500936307216e-01,3.654513157492559339e-01
2.251878540782705496e-01,3.652915721170597596e-01
2.252352620475501777e-01,3.649722809077233787e-01
2.252589660321900056e-01,3.648127335169585872e-01
2.252826700168298335e-01,3.646532517263435524e-01
2.253063740014696337e-01,3.644938356290117198e-01
2.253300779861094616e-01,3.643344853180741638e-01
2.253537819707492895e-01,3.641752008866201429e-01
2.253774859553890897e-01,3.640159824277172662e-01
2.254011899400289176e-01,3.638568300344104944e-01
2.254485979093085457e-01,3.635387238166551405e-01
2.254723018939483736e-01,3.633797701781858458e-01
2.254960058785881738e-01,3.632208829772713421e-01
2.255197098632280017e-01,3.630620623068446795e-01
2.255434138478678296e-01,3.629033082598174254e-01
2.255671178325076298e-01,3.627446209290782209e-01
2.255908218171474577e-01,3.625860004074930032e-01
2.256145258017872857e-01,3.624274467879051720e-01
2.256619337710669138e-01,3.621105406259815251e-01
2.256856377557067417e-01,3.619521882692183223e-01
2.257093417403465418e-01,3.617939031855982313e-01
2.257330457249863698e-01,3.616356854678498545e-01
2.257567497096261699e-01,3.614775352086795346e-01
2.257804536942659979e-01,3.613194525007700220e-01
2.258041576789058258e-01,3.611614374367809743e-01
2.258278616635456260e-01,3.610034901093491788e-01
2.258752696328252818e-01,3.606877990345862539e-01
2.258989736174650820e-01,3.605300554724115147e-01
2.259226776021049099e-01,3.603723800171063085e-01
2.259463815867447378e-01,3.602147727611899608e-01
2.259700855713845380e-01,3.600572337971585934e-01
2.259937895560243659e-01,3.598997632174840700e-01
2.260174935406641938e-01,3.597423611146148836e-01
2.260411975253039940e-01,3.595850275809757690e-01
2.260886054945836221e-01,3.592705665909668999e-01
2.261123094792234500e-01,3.591134393193267105e-01
2.261360134638632780e-01,3.589563809863756116e-01
2.261597174485030781e-01,3.587993916844191000e-01
2.261834214331429060e-01,3.586424715057369150e-01
2.262071254177827340e-01,3.584856205425858144e-01
2.262308294024225341e-01,3.583288388871983532e-01
2.262545333870623621e-01,3.581721266317812735e-01
2.262782373717021900e-01,3.580154838685183361e-01
2.263256453409818181e-01,3.577024071870662514e-01
2.263493493256216182e-01,3.575459734531207801e-01
2.263730533102614462e-01,3.573896095798174688e-01
2.263967572949012741e-01,3.572333156592166215e-01
2.264204612795410743e-01,3.570770917833540059e-01
2.264441652641809022e-01,3.569209380442397439e-01
2.264678692488207301e-01,3.567648545338600874e-01
2.264915732334605303e-01,3.566088413441760308e-01
2.265389812027401861e-01,3.562970262946113520e-01
2.265626851873799863e-01,3.561412246185278185e-01
2.265863891720198142e-01,3.559854936307317308e-01
2.266100931566596421e-01,3.558298334230587945e-01
2.266337971412994423e-01,3.556742440873181810e-01
2.266575011259392702e-01,3.555187257152946367e-01
2.266812051105790704e-01,3.553632783987469290e-01
2.267049090952188983e-01,3.552079022294082344e-01
2.267523170644985264e-01,3.548973636991640257e-01
2.267760210491383543e-01,3.547422015215967450e-01
2.267997250337781823e-01,3.545871108579156106e-01
2.268234290184179824e-01,3.544320917997253462e-01
2.268471330030578104e-01,3.542771444386046964e-01
2.268708369876976383e-01,3.541222688661066487e-01
2.268945409723374385e-01,3.539674651737585998e-01
2.269182449569772664e-01,3.538127334530606904e-01
2.269656529262568945e-01,3.535034862924893440e-01
2.269893569108967224e-01,3.533489710354862368e-01
2.270130608955365226e-01,3.531945281158750949e-01
2.270367648801763505e-01,3.530401576250251638e-01
2.270604688648161784e-01,3.528858596542795434e-01
2.270841728494559786e-01,3.527316342949551320e-01
2.271078768340958065e-01,3.525774816383413501e-01
2.271315808187356344e-01,3.524234017757019721e-01
2.271552848033754346e-01,3.522693947982736828e-01
2.272026927726550904e-01,3.519615998638618848e-01
2.272263967572948906e-01,3.518078120892182414e-01
2.272501007419347185e-01,3.516540975644634748e-01
2.272738047265745187e-01,3.515004563807004878e-01
2.272975087112143466e-01,3.513468886290038173e-01
2.273212126958541746e-01,3.511933944004219654e-01
2.273449166804939747e-01,3.510399737859758451e-01
2.273686206651338026e-01,3.508866268766585028e-01
2.274160286344134307e-01,3.505801545372491113e-01
2.274397326190532587e-01,3.504270292890071525e-01
2.274634366036930866e-01,3.502739781095947635e-01
2.274871405883328868e-01,3.501210010898685443e-01
2.275108445729727147e-01,3.499680983206570617e-01
2.275345485576125426e-01,3.498152698927616822e-01
2.275582525422523428e-01,3.496625158969555169e-01
2.275819565268921707e-01,3.495098364239839217e-01
2.276293644961717988e-01,3.492047014093881963e-01
2.276530684808116267e-01,3.490522460491152223e-01
2.276767724654514269e-01,3.488998655743800192e-01
2.277004764500912548e-01,3.487475600757877769e-01
2.277241804347310827e-01,3.485953296439162630e-01
2.277478844193708829e-01,3.484431743693146011e-01
2.277715884040107108e-01,3.482910943425033823e-01
2.277952923886505388e-01,3.481390896539751645e-01
2.278427003579301668e-01,3.478353066535961879e-01
2.278664043425699948e-01,3.476835285225876593e-01
2.278901083272097949e-01,3.475318260915477575e-01
2.279138123118496229e-01,3.473801994508256552e-01
2.279375162964894230e-01,3.472286486907427694e-01
2.279612202811292510e-01,3.470771739015909851e-01
2.279849242657690789e-01,3.469257751736338213e-01
2.280086282504088790e-01,3.467744525971060421e-01
2.280323322350487070e-01,3.466232062622128796e-01
2.280797402043283351e-01,3.463209426780076150e-01
2.281034441889681630e-01,3.461699256089608157e-01
2.281271481736079909e-01,3.460189851420796270e-01
2.281508521582477911e-01,3.458681213674242305e-01
2.281745561428876190e-01,3.457173343750243877e-01
2.281982601275274192e-01,3.455666242548815492e-01
2.282219641121672471e-01,3.454159910969667457e-01
2.282456680968070750e-01,3.452654349912222531e-01
2.282930760660867031e-01,3.449645542958638122e-01
2.283167800507265310e-01,3.448142298859856458e-01
2.283404840353663312e-01,3.446639828877489098e-01
2.283641880200061591e-01,3.445138133909472766e-01
2.283878920046459871e-01,3.443637214853441098e-01
2.284115959892857872e-01,3.442137072606730186e-01
2.284352999739256151e-01,3.440637708066375255e-01
2.284590039585654431e-01,3.439139122129111215e-01
2.285064119278450712e-01,3.436144289649285533e-01
2.285301159124848713e-01,3.434648044898683805e-01
2.285538198971246993e-01,3.433152582335089464e-01
2.285775238817645272e-01,3.431657902853726405e-01
2.286012278664043273e-01,3.430164007349510991e-01
2.286249318510441553e-01,3.428670896717054828e-01
2.286486358356839832e-01,3.427178571850662547e-01
2.286723398203237834e-01,3.425687033644337909e-01
2.287197477896034392e-01,3.422706320786346179e-01
2.287434517742432394e-01,3.421217147921143953e-01
2.287671557588830673e-01,3.419728765288932437e-01
2.287908597435228675e-01,3.418241173782169406e-01
2.288145637281626954e-01,3.416754374293005658e-01
2.288382677128025233e-01,3.415268367713277797e-01
2.288619716974423235e-01,3.413783154934517672e-01
2.288856756820821514e-01,3.412298736847935721e-01
2.289093796667219793e-01,3.410815114344437626e-01
2.289567876360016074e-01,3.407850259648744773e-01
2.289804916206414354e-01,3.406369029236785417e-01
2.290041956052812355e-01,3.404888597968391828e-01
2.290278995899210635e-01,3.403408966732888175e-01
2.290516035745608914e-01,3.401930136419294981e-01
2.290753075592006915e-01,3.400452107916313027e-01
2.290990115438405195e-01,3.398974882112320017e-01
2.291227155284803196e-01,3.397498459895384459e-01
2.291701234977599755e-01,3.394548029773343245e-01
2.291938274823997757e-01,3.393074023642773107e-01
2.292175314670396036e-01,3.391600824648323131e-01
2.292412354516794315e-01,3.390128433676460884e-01
2.292649394363192317e-01,3.388656851613333076e-01
2.292886434209590596e-01,3.387186079344755574e-01
2.293123474055988875e-01,3.385716117756231713e-01
2.293360513902386877e-01,3.384246967732938982e-01
2.293834593595183435e-01,3.381311105921121496e-01
2.294071633441581437e-01,3.379844395901326903e-01
2.294308673287979716e-01,3.378378500984218213e-01
2.294545713134377718e-01,3.376913422053348102e-01
2.294782752980775997e-01,3.375449159991934511e-01
2.295019792827174276e-01,3.373985715682876196e-01
2.295256832673572278e-01,3.372523090008742175e-01
2.295493872519970557e-01,3.371061283851766177e-01
2.295967952212766838e-01,3.368140133616599474e-01
2.296204992059165118e-01,3.366680791301235320e-01
2.296442031905563397e-01,3.365222272028681183e-01
2.296679071751961398e-01,3.363764576679527663e-01
2.296916111598359678e-01,3.362307706134020080e-01
2.297153151444757679e-01,3.360851661272084567e-01
2.297390191291155959e-01,3.359396442973301422e-01
2.297627231137554238e-01,3.357942052116925091e-01
2.297864270983952240e-01,3.356488489581870294e-01
2.298338350676748798e-01,3.353583852989713288e-01
2.298575390523146800e-01,3.352132780688765745e-01
2.298812430369545079e-01,3.350682540221443517e-01
2.299049470215943358e-01,3.349233132464979890e-01
2.299286510062341360e-01,3.347784558296273971e-01
2.299523549908739639e-01,3.346336818591874041e-01
2.299760589755137918e-01,3.344889914227996974e-01
2.299997629601535920e-01,3.343443846080521586e-01
2.300471709294332201e-01,3.340554221936561929e-01
2.300708749140730480e-01,3.339110667690119438e-01
2.300945788987128759e-01,3.337667953160160517e-01
2.301182828833526761e-01,3.336226079220852014e-01
2.301419868679925040e-01,3.334785046746009396e-01
2.301656908526323320e-01,3.333344856609110618e-01
2.301893948372721321e-01,3.331905509683287248e-01
2.302130988219119601e-01,3.330467006841320021e-01
2.302605067911915881e-01,3.327592536898369424e-01
2.302842107758314161e-01,3.326156571541220019e-01
2.303079147604712162e-01,3.324721453755598022e-01
2.303316187451110442e-01,3.323287184412546669e-01
2.303553227297508721e-01,3.321853764382767249e-01
2.303790267143906723e-01,3.320421194536608001e-01
2.304027306990305002e-01,3.318989475744060780e-01
2.304264346836703281e-01,3.317558608874773829e-01
2.304738426529499562e-01,3.314699434382801790e-01
2.304975466375897841e-01,3.313271128497644047e-01
2.305212506222295843e-01,3.311843678010804037e-01
2.305449546068694122e-01,3.310417083790160309e-01
2.305686585915092401e-01,3.308991346703237801e-01
2.305923625761490403e-01,3.307566467617209516e-01
2.306160665607888682e-01,3.306142447398884299e-01
2.306397705454286684e-01,3.304719286914725718e-01
2.306871785147083243e-01,3.301875548612934752e-01
2.307108824993481244e-01,3.300454972526432051e-01
2.307345864839879523e-01,3.299035259636340367e-01
2.307582904686277803e-01,3.297616410807328591e-01
2.307819944532675804e-01,3.296198426903700351e-01
2.308056984379074084e-01,3.294781308789399010e-01
2.308294024225472363e-01,3.293365057328006551e-01
2.308531064071870365e-01,3.291949673382745800e-01
2.308768103918268644e-01,3.290535157816470990e-01
2.309242183611064925e-01,3.287708735270499227e-01
2.309479223457463204e-01,3.286296830014697745e-01
2.309716263303861206e-01,3.284885796585678142e-01
2.309953303150259485e-01,3.283475635844472218e-01
2.310190342996657764e-01,3.282066348651752064e-01
2.310427382843055766e-01,3.280657935867821173e-01
2.310664422689454045e-01,3.279250398352608897e-01
2.310901462535852324e-01,3.277843736965687094e-01
2.311375542228648605e-01,3.275033046013136051e-01
2.311612582075046884e-01,3.273629018164794235e-01
2.311849621921444886e-01,3.272225869879318294e-01
2.312086661767843165e-01,3.270823602014423237e-01
2.312323701614241167e-01,3.269422215427458811e-01
2.312560741460639446e-01,3.268021710975393956e-01
2.312797781307037726e-01,3.266622089514832350e-01
2.313034821153435727e-01,3.265223351902004079e-01
2.313508900846232286e-01,3.262428531642577179e-01
2.313745940692630287e-01,3.261032450706563557e-01
2.313982980539028567e-01,3.259637257039444957e-01
2.314220020385426846e-01,3.258242951495571305e-01
2.314457060231824848e-01,3.256849534928921708e-01
2.314694100078223127e-01,3.255457008193088919e-01
2.314931139924621406e-01,3.254065372141293211e-01
2.315168179771019408e-01,3.252674627626376269e-01
2.315642259463815689e-01,3.249895816616633626e-01
2.315879299310213968e-01,3.248507751825588374e-01
2.316116339156612247e-01,3.247120581978981679e-01
2.316353379003010249e-01,3.245734307927748974e-01
2.316590418849408528e-01,3.244348930522442664e-01
2.316827458695806807e-01,3.242964450613236016e-01
2.317064498542204809e-01,3.241580869049921487e-01
2.317301538388603088e-01,3.240198186681897408e-01
2.317538578235001367e-01,3.238816404358184631e-01
2.318012657927797648e-01,3.236055543237844612e-01
2.318249697774195928e-01,3.234676466137325068e-01
2.318486737620593929e-01,3.233298292473336111e-01
2.318723777466992209e-01,3.231921023092962364e-01
2.318960817313390210e-01,3.230544658842903205e-01
2.319197857159788490e-01,3.229169200569464993e-01
2.319434897006186769e-01,3.227794649118572723e-01
2.319671936852584770e-01,3.226421005335753933e-01
2.320146016545381329e-01,3.223676444154495169e-01
2.320383056391779331e-01,3.222305528445163492e-01
2.320620096238177610e-01,3.220935523782108012e-01
2.320857136084575889e-01,3.219566431008904495e-01
2.321094175930973891e-01,3.218198250968727914e-01
2.321331215777372170e-01,3.216830984504358559e-01
2.321568255623770172e-01,3.215464632458187033e-01
2.321805295470168451e-01,3.214099195672203146e-01
2.322279375162964732e-01,3.211371071246790221e-01
2.322516415009363011e-01,3.210008385289362942e-01
2.322753454855761290e-01,3.208646617956125713e-01
2.322990494702159292e-01,3.207285770087089372e-01
2.323227534548557571e-01,3.205925842521856750e-01
2.323464574394955851e-01,3.204566836099637106e-01
2.323701614241353852e-01,3.203208751659237796e-01
2.323938654087752131e-01,3.201851590039066497e-01
2.324412733780548412e-01,3.199140038611023584e-01
2.324649773626946692e-01,3.197785650477956709e-01
2.324886813473344693e-01,3.196432188514727324e-01
2.325123853319742973e-01,3.195079653557726940e-01
2.325360893166141252e-01,3.193728046442945168e-01
2.325597933012539253e-01,3.192377368005969718e-01
2.325834972858937533e-01,3.191027619081975297e-01
2.326072012705335812e-01,3.189678800505740819e-01
2.326309052551733814e-01,3.188330913111629972e-01
2.326783132244530372e-01,3.185637935205214433e-01
2.327020172090928374e-01,3.184292846359605966e-01
2.327257211937326653e-01,3.182948692029509141e-01
2.327494251783724655e-01,3.181605473047254273e-01
2.327731291630122934e-01,3.180263190244750904e-01
2.327968331476521213e-01,3.178921844453507228e-01
2.328205371322919215e-01,3.177581436504613444e-01
2.328442411169317494e-01,3.176241967228750629e-01
2.328916490862113775e-01,3.173565848016782209e-01
2.329153530708512054e-01,3.172229199739969863e-01
2.329390570554910334e-01,3.170893493454780554e-01
2.329627610401308335e-01,3.169558729989829793e-01
2.329864650247706614e-01,3.168224910173308428e-01
2.330101690094104894e-01,3.166892034833001524e-01
2.330338729940502895e-01,3.165560104796272256e-01
2.330575769786901175e-01,3.164229120890068025e-01
2.331049849479697456e-01,3.161569994774930947e-01
2.331286889326095735e-01,3.160241854217800128e-01
2.331523929172493736e-01,3.158914663094799513e-01
2.331760969018892016e-01,3.157588422230777070e-01
2.331998008865290295e-01,3.156263132450168873e-01
2.332235048711688297e-01,3.154938794576984673e-01
2.332472088558086576e-01,3.153615409434811223e-01
2.332709128404484855e-01,3.152292977846811728e-01
2.333183208097281136e-01,3.149650978623893538e-01
2.333420247943679415e-01,3.148331412633186277e-01
2.333657287790077417e-01,3.147012803485085275e-01
2.333894327636475696e-01,3.145695152000630435e-01
2.334131367482873698e-01,3.144378459000444215e-01
2.334368407329271977e-01,3.143062725304717198e-01
2.334605447175670256e-01,3.141747951733213640e-01
2.334842487022068258e-01,3.140434139105273137e-01
2.335079526868466537e-01,3.139121288239803409e-01
2.335553606561262818e-01,3.136498475069768865e-01
2.335790646407661098e-01,3.135188514400873983e-01
2.336027686254059377e-01,3.133879518765794181e-01
2.336264726100457378e-01,3.132571488981285568e-01
2.336501765946855658e-01,3.131264425863675704e-01
2.336738805793253659e-01,3.129958330228860275e-01
2.336975845639651939e-01,3.128653202892298646e-01
2.337212885486050218e-01,3.127349044669019973e-01
2.337686965178846499e-01,3.124743638820259295e-01
2.337924005025244778e-01,3.123442392822659563e-01
2.338161044871642780e-01,3.122142119194109555e-01
2.338398084718041059e-01,3.120842818747460168e-01
2.338635124564439338e-01,3.119544492295127647e-01
2.338872164410837340e-01,3.118247140649090809e-01
2.339109204257235619e-01,3.116950764620886050e-01
2.339346244103633898e-01,3.115655365021613998e-01
2.339820323796430179e-01,3.113067498352080076e-01
2.340057363642828181e-01,3.111775032901819005e-01
2.340294403489226460e-01,3.110483547120491687e-01
2.340531443335624739e-01,3.109193041817001069e-01
2.340768483182022741e-01,3.107903517799799342e-01
2.341005523028421020e-01,3.106614975876903495e-01
2.341242562874819300e-01,3.105327416855878098e-01
2.341479602721217301e-01,3.104040841543854734e-01
2.341953682414013860e-01,3.101470645273082249e-01
2.342190722260411861e-01,3.100187025926361972e-01
2.342427762106810141e-01,3.098904393512690314e-01
2.342664801953208420e-01,3.097622748836968976e-01
2.342901841799606422e-01,3.096342092703647797e-01
2.343138881646004701e-01,3.095062425916724203e-01
2.343375921492402703e-01,3.093783749279758188e-01
2.343612961338800982e-01,3.092506063595849009e-01
2.344087041031597263e-01,3.089953668297373834e-01
2.344324080877995542e-01,3.088678960286764807e-01
2.344561120724393821e-01,3.087405246437130435e-01
2.344798160570791823e-01,3.086132527549318993e-01
2.345035200417190102e-01,3.084860804423728009e-01
2.345272240263588381e-01,3.083590077860303147e-01
2.345509280109986383e-01,3.082320348658533771e-01
2.345746319956384662e-01,3.081051617617455163e-01
2.345983359802782664e-01,3.079783885535651855e-01
2.346457439495579222e-01,3.077251421441912216e-01
2.346694479341977224e-01,3.075986691024862330e-01
2.346931519188375503e-01,3.074722962756850642e-01
2.347168559034773783e-01,3.073460237434176845e-01
2.347405598881171784e-01,3.072198515852683220e-01
2.347642638727570064e-01,3.070937798807746866e-01
2.347879678573968343e-01,3.069678087094292462e-01
2.348116718420366344e-01,3.068419381506782839e-01
2.348590798113162903e-01,3.065904991885137765e-01
2.348827837959560905e-01,3.064649309437621483e-01
2.349064877805959184e-01,3.063394636289284989e-01
2.349301917652357186e-01,3.062140973232283514e-01
2.349538957498755465e-01,3.060888321058303219e-01
2.349775997345153744e-01,3.059636680558570632e-01
2.350013037191551746e-01,3.058386052523849319e-01
2.350250077037950025e-01,3.057136437744433222e-01
2.350724156730746306e-01,3.054640251110375404e-01
2.350961196577144585e-01,3.053393680833996204e-01
2.351198236423542864e-01,3.052148126969442821e-01
2.351435276269940866e-01,3.050903590304679946e-01
2.351672316116339145e-01,3.049660071627197655e-01
2.351909355962737147e-01,3.048417571724023611e-01
2.352146395809135426e-01,3.047176091381709195e-01
2.352383435655533706e-01,3.045935631386340603e-01
2.352857515348329986e-01,3.043457775578423674e-01
2.353094555194728266e-01,3.042220381335685175e-01
2.353331595041126267e-01,3.040984010579513841e-01
2.353568634887524547e-01,3.039748664093635533e-01
2.353805674733922826e-01,3.038514342661298162e-01
2.354042714580320828e-01,3.037281047065283346e-01
2.354279754426719107e-01,3.036048778087886424e-01
2.354516794273117386e-01,3.034817536510938663e-01
2.354753834119515388e-01,3.033587323115787271e-01
2.355227913812311669e-01,3.031129983993894328e-01
2.355464953658709948e-01,3.029902859827467432e-01
2.355701993505108227e-01,3.028676766963468436e-01
2.355939033351506229e-01,3.027451706180860902e-01
2.356176073197904508e-01,3.026227678258124887e-01
2.356413113044302787e-01,3.025004683973266384e-01
2.356650152890700789e-01,3.023782724103804553e-01
2.356887192737099068e-01,3.022561799426782825e-01
2.357361272429895349e-01,3.020123058755816992e-01
2.357598312276293628e-01,3.018905244313544456e-01
2.357835352122691908e-01,3.017688468167055715e-01
2.358072391969089909e-01,3.016472731090981130e-01
2.358309431815488189e-01,3.015258033859461451e-01
2.358546471661886190e-01,3.014044377246157813e-01
2.358783511508284469e-01,3.012831762024240634e-01
2.359020551354682749e-01,3.011620188966397382e-01
2.359494631047479030e-01,3.009200172431252263e-01
2.359731670893877309e-01,3.007991730496886174e-01
2.359968710740275311e-01,3.006784333812473342e-01
2.360205750586673590e-01,3.005577983148257637e-01
2.360442790433071869e-01,3.004372679274001090e-01
2.360679830279469871e-01,3.003168422958972794e-01
2.360916870125868150e-01,3.001965214971947793e-01
2.361153909972266152e-01,3.000763056081215963e-01
2.361627989665062710e-01,2.998361888659318852e-01
2.361865029511460712e-01,2.997162881662268630e-01
2.362102069357858991e-01,2.995964926829736141e-01
2.362339109204257270e-01,2.994768024927544348e-01
2.362576149050655272e-01,2.993572176721024936e-01
2.362813188897053551e-01,2.992377382975008882e-01
2.363050228743451830e-01,2.991183644453835333e-01
2.363287268589849832e-01,2.989990961921344947e-01
2.363524308436248111e-01,2.988799336140884888e-01
2.363998388129044392e-01,2.986419257886949730e-01
2.364235427975442672e-01,2.985230806937674286e-01
2.364472467821840673e-01,2.984043415788832365e-01
2.364709507668238953e-01,2.982857085201274794e-01
2.364946547514637232e-01,2.981671815935357239e-01
2.365183587361035233e-01,2.980487608750933548e-01
2.365420627207433513e-01,2.979304464407351305e-01
2.365657667053831792e-01,2.978122383663462935e-01
2.366131746746628073e-01,2.975761416007652871e-01
2.366368786593026352e-01,2.974582530610919151e-01
2.366605826439424354e-01,2.973404711844250814e-01
2.366842866285822633e-01,2.972227960463978969e-01
2.367079906132220912e-01,2.971052277225934013e-01
2.367316945978618914e-01,2.969877662885438419e-01
2.367553985825017193e-01,2.968704118197305064e-01
2.367791025671415195e-01,2.967531643915849449e-01
2.368265105364211753e-01,2.965189909587656603e-01
2.368502145210609755e-01,2.964020651047006849e-01
2.368739185057008034e-01,2.962852465925188694e-01
2.368976224903406314e-01,2.961685354973973006e-01
2.369213264749804315e-01,2.960519318944621059e-01
2.369450304596202594e-01,2.959354358587873435e-01
2.369687344442600874e-01,2.958190474653971669e-01
2.369924384288998875e-01,2.957027667892639378e-01
2.370398463981795156e-01,2.954705288884015291e-01
2.370635503828193436e-01,2.953545718133608888e-01
2.370872543674591715e-01,2.952387227549542192e-01
2.371109583520989716e-01,2.951229817878975314e-01
2.371346623367387996e-01,2.950073489868545451e-01
2.371583663213786275e-01,2.948918244264382427e-01
2.371820703060184277e-01,2.947764081812100923e-01
2.372057742906582556e-01,2.946611003256793815e-01
2.372294782752980835e-01,2.945459009343036616e-01
2.372768862445777116e-01,2.943158278415899387e-01
2.373005902292175395e-01,2.942009542889085227e-01
2.373242942138573397e-01,2.940861894976951052e-01
2.373479981984971676e-01,2.939715335421478892e-01
2.373717021831369678e-01,2.938569864964136191e-01
2.373954061677767957e-01,2.937425484345860260e-01
2.374191101524166236e-01,2.936282194307074933e-01
2.374428141370564238e-01,2.935139995587678352e-01
2.374902221063360797e-01,2.932858875064033866e-01
2.375139260909758798e-01,2.931719954736967670e-01
2.375376300756157077e-01,2.930582128683651422e-01
2.375613340602555357e-01,2.929445397641367022e-01
2.375850380448953358e-01,2.928309762346870126e-01
2.376087420295351638e-01,2.927175223536389037e-01
2.376324460141749639e-01,2.926041781945625253e-01
2.376561499988147919e-01,2.924909438309755139e-01
2.377035579680944199e-01,2.922648047840756824e-01
2.377272619527342479e-01,2.921519002475340132e-01
2.377509659373740758e-01,2.920391058000237350e-01
2.377746699220138760e-01,2.919264215147983066e-01
2.377983739066537039e-01,2.918138474650574521e-01
2.378220778912935318e-01,2.917013837239487151e-01
2.378457818759333320e-01,2.915890303645660708e-01
2.378694858605731599e-01,2.914767874599499820e-01
2.379168938298527880e-01,2.912526333069156426e-01
2.379405978144926159e-01,2.911407222043121967e-01
2.379643017991324161e-01,2.910289218481060258e-01
2.379880057837722440e-01,2.909172323110709169e-01
2.380117097684120719e-01,2.908056536659274771e-01
2.380354137530518721e-01,2.906941859853429677e-01
2.380591177376917000e-01,2.905828293419303598e-01
2.380828217223315280e-01,2.904715838082495560e-01
2.381065257069713281e-01,2.903604494568065020e-01
2.381539336762509840e-01,2.901385145903884188e-01
2.381776376608907841e-01,2.900277142201563851e-01
2.382013416455306121e-01,2.899170253216475368e-01
2.382250456301704400e-01,2.898064479670984794e-01
2.382487496148102402e-01,2.896959822286918618e-01
2.382724535994500681e-01,2.895856281785557096e-01
2.382961575840898683e-01,2.894753858887644804e-01
2.383198615687296962e-01,2.893652554313378422e-01
2.383672695380093243e-01,2.891453303013882259e-01
2.383909735226491522e-01,2.890355357726334118e-01
2.384146775072889801e-01,2.889258533637802939e-01
2.384383814919287803e-01,2.888162831465770353e-01
2.384620854765686082e-01,2.887068251927170648e-01
2.384857894612084361e-01,2.885974795738396326e-01
2.385094934458482363e-01,2.884882463615289772e-01
2.385331974304880642e-01,2.883791256273148251e-01
2.385806053997676923e-01,2.881612218790211566e-01
2.386043093844075202e-01,2.880524390077268126e-01
2.386280133690473204e-01,2.879437689000998724e-01
2.386517173536871483e-01,2.878352116273955597e-01
2.386754213383269763e-01,2.877267672608143645e-01
2.386991253229667764e-01,2.876184358715016542e-01
2.387228293076066044e-01,2.875102175305473406e-01
2.387465332922464323e-01,2.874021123089868790e-01
2.387939412615260604e-01,2.871862415079111663e-01
2.388176452461658883e-01,2.870784760701894367e-01
2.388413492308056885e-01,2.869708240354489348e-01
2.388650532154455164e-01,2.868632854744479488e-01
2.388887572000853166e-01,2.867558604578892001e-01
2.389124611847251445e-01,2.866485490564201211e-01
2.389361651693649724e-01,2.865413513406325774e-01
2.389598691540047726e-01,2.864342673810626461e-01
2.390072771232844284e-01,2.862204410124411513e-01
2.390309811079242286e-01,2.861136987441832424e-01
2.390546850925640565e-01,2.860070705137295333e-01
2.390783890772038844e-01,2.859005563913372683e-01
2.391020930618436846e-01,2.857941564472077367e-01
2.391257970464835125e-01,2.856878707514855509e-01
2.391495010311233127e-01,2.855816993742602561e-01
2.391732050157631406e-01,2.854756423855642211e-01
2.391969090004029685e-01,2.853696998553741926e-01
2.392443169696825966e-01,2.851581584501382549e-01
2.392680209543224246e-01,2.850525597147640089e-01
2.392917249389622247e-01,2.849470757172402058e-01
2.393154289236020527e-01,2.848417065272610404e-01
2.393391329082418806e-01,2.847364522144655852e-01
2.393628368928816808e-01,2.846313128484357913e-01
2.393865408775215087e-01,2.845262884986964891e-01
2.394102448621613366e-01,2.844213792347167757e-01
2.394576528314409647e-01,2.842119062416275654e-01
2.394813568160807649e-01,2.841073426511716571e-01
2.395050608007205928e-01,2.840028944237823483e-01
2.395287647853604207e-01,2.838985616286445746e-01
2.395524687700002209e-01,2.837943443348860395e-01
2.395761727546400488e-01,2.836902426115773812e-01
2.395998767392798767e-01,2.835862565277321168e-01
2.396235807239196769e-01,2.834823861523068089e-01
2.396709886931993327e-01,2.832749928022559871e-01
2.396946926778391329e-01,2.831714699652575495e-01
2.397183966624789608e-01,2.830680631119324442e-01
2.397421006471187888e-01,2.829647723109511848e-01
2.397658046317585889e-01,2.828615976309263313e-01
2.397895086163984169e-01,2.827585391404129345e-01
2.398132126010382170e-01,2.826555969079088682e-01
2.398369165856780449e-01,2.825527710018538308e-01
2.398843245549576730e-01,2.823474684425633652e-01
2.399080285395975010e-01,2.822449919259193973e-01
2.399317325242373289e-01,2.821426320089078787e-01
2.399554365088771291e-01,2.820403887596800718e-01
2.399791404935169570e-01,2.819382622463294519e-01
2.400028444781567849e-01,2.818362525368912630e-01
2.400265484627965851e-01,2.817343596993432397e-01
2.400502524474364130e-01,2.816325838016044969e-01
2.400739564320762132e-01,2.815309249115366397e-01
2.401213644013558690e-01,2.813279584255666821e-01
2.401450683859956692e-01,2.812266509650965807e-01
2.401687723706354971e-01,2.811254607831599195e-01
2.401924763552753250e-01,2.810243879473269812e-01
2.402161803399151252e-01,2.809234325251092068e-01
2.402398843245549531e-01,2.808225945839596949e-01
2.402635883091947810e-01,2.807218741912729243e-01
2.402872922938345812e-01,2.806212714143850318e-01
2.403347002631142371e-01,2.804204189770561628e-01
2.403584042477540372e-01,2.803201694509939168e-01
2.403821082323938652e-01,2.802200378094874544e-01
2.404058122170336653e-01,2.801200241195794249e-01
2.404295162016734932e-01,2.800201284482531916e-01
2.404532201863133212e-01,2.799203508624331649e-01
2.404769241709531213e-01,2.798206914289851355e-01
2.405006281555929493e-01,2.797211502147153306e-01
2.405480361248725774e-01,2.795224227106414272e-01
2.405717401095124053e-01,2.794232365541548524e-01
2.405954440941522332e-01,2.793241688834812719e-01
2.406191480787920334e-01,2.792252197651315382e-01
2.406428520634318613e-01,2.791263892655566070e-01
2.406665560480716892e-01,2.790276774511486479e-01
2.406902600327114894e-01,2.789290843882398230e-01
2.407139640173513173e-01,2.788306101431030637e-01
2.407613719866309454e-01,2.786340183709400953e-01
2.407850759712707733e-01,2.785359009761617655e-01
2.408087799559105735e-01,2.784379026636513710e-01
2.408324839405504014e-01,2.783400234993834710e-01
2.408561879251902293e-01,2.782422635492730612e-01
2.408798919098300295e-01,2.781446228791753517e-01
2.409035958944698574e-01,2.780471015548853231e-01
2.409272998791096854e-01,2.779496996421382815e-01
2.409510038637494855e-01,2.778524172066095810e-01
2.409984118330291136e-01,2.776582110296069161e-01
2.410221158176689416e-01,2.775612874191831780e-01
2.410458198023087695e-01,2.774644835480772898e-01
2.410695237869485696e-01,2.773677994816640680e-01
2.410932277715883976e-01,2.772712352852573225e-01
2.411169317562282255e-01,2.771747910241111890e-01
2.411406357408680257e-01,2.770784667634188514e-01
2.411643397255078536e-01,2.769822625683134865e-01
2.412117476947874817e-01,2.767902146350921244e-01
2.412354516794273096e-01,2.766943710269393897e-01
2.412591556640671375e-01,2.765986477442999303e-01
2.412828596487069377e-01,2.765030448520034989e-01
2.413065636333467656e-01,2.764075624148191190e-01
2.413302676179865658e-01,2.763122004974555290e-01
2.413539716026263937e-01,2.762169591645599609e-01
2.413776755872662216e-01,2.761218384807190840e-01
2.414250835565458497e-01,2.759319593182434360e-01
2.414487875411856777e-01,2.758372009684767479e-01
2.414724915258254778e-01,2.757425635255014162e-01
2.414961955104653057e-01,2.756480470535984661e-01
2.415198994951051337e-01,2.755536516169881933e-01
2.415436034797449338e-01,2.754593772798297202e-01
2.415673074643847618e-01,2.753652241062202188e-01
2.415910114490245619e-01,2.752711921601963541e-01
2.416384194183042178e-01,2.750834922067423860e-01
2.416621234029440179e-01,2.749898243270779696e-01
2.416858273875838459e-01,2.748962779305293980e-01
2.417095313722236738e-01,2.748028530808253600e-01
2.417332353568634740e-01,2.747095498416331494e-01
2.417569393415033019e-01,2.746163682765579428e-01
2.417806433261431298e-01,2.745233084491434106e-01
2.418043473107829300e-01,2.744303704228716612e-01
2.418280512954227579e-01,2.743375542611622420e-01
2.418754592647023860e-01,2.741522877848018291e-01
2.418991632493422139e-01,2.740598375966808442e-01
2.419228672339820141e-01,2.739675095261830950e-01
2.419465712186218420e-01,2.738753036364182658e-01
2.419702752032616699e-01,2.737832199904344233e-01
2.419939791879014701e-01,2.736912586512171841e-01
2.420176831725412980e-01,2.735994196816899926e-01
2.420413871571811260e-01,2.735077031447140095e-01
2.420887951264607540e-01,2.733246376195483940e-01
2.421124991111005820e-01,2.732332887567692215e-01
2.421362030957403821e-01,2.731420625773619548e-01
2.421599070803802101e-01,2.730509591438752826e-01
2.421836110650200380e-01,2.729599785187958316e-01
2.422073150496598382e-01,2.728691207645473904e-01
2.422310190342996661e-01,2.727783859434909641e-01
2.422547230189394663e-01,2.726877741179246639e-01
2.423021309882191221e-01,2.725069197021423584e-01
2.423258349728589223e-01,2.724166772362087707e-01
2.423495389574987502e-01,2.723265580143304776e-01
2.423732429421385781e-01,2.722365620984913415e-01
2.423969469267783783e-01,2.721466895506121642e-01
2.424206509114182062e-01,2.720569404325509644e-01
2.424443548960580341e-01,2.719673148061022561e-01
2.424680588806978343e-01,2.718778127329978256e-01
2.425154668499774624e-01,2.716991794934313642e-01
2.425391708346172903e-01,2.716100484501161039e-01
2.425628748192571182e-01,2.715210412064384404e-01
2.425865788038969184e-01,2.714321578238133581e-01
2.426102827885367463e-01,2.713433983635923363e-01
2.426339867731765743e-01,2.712547628870634053e-01
2.426576907578163744e-01,2.711662514554511461e-01
2.426813947424562024e-01,2.710778641299159686e-01
2.427288027117358304e-01,2.709014620414027519e-01
2.427525066963756584e-01,2.708134474004277870e-01
2.427762106810154863e-01,2.707255571095364965e-01
2.427999146656552865e-01,2.706377912295709898e-01
2.428236186502951144e-01,2.705501498213094269e-01
2.428473226349349146e-01,2.704626329454658529e-01
2.428710266195747425e-01,2.703752406626905858e-01
2.428947306042145704e-01,2.702879730335701058e-01
2.429184345888543706e-01,2.702008301186262784e-01
2.429658425581340264e-01,2.700269186730365756e-01
2.429895465427738266e-01,2.699401502631142424e-01
2.430132505274136545e-01,2.698535068088151467e-01
2.430369545120534824e-01,2.697669883703405214e-01
2.430606584966932826e-01,2.696805950078269287e-01
2.430843624813331105e-01,2.695943267813465383e-01
2.431080664659729385e-01,2.695081837509070155e-01
2.431317704506127386e-01,2.694221659764516330e-01
2.431791784198923667e-01,2.692505064349433042e-01
2.432028824045321946e-01,2.691648647874537170e-01
2.432265863891720226e-01,2.690793486350748220e-01
2.432502903738118227e-01,2.689939580374268724e-01
2.432739943584516507e-01,2.689086930540645626e-01
2.432976983430914786e-01,2.688235537444783052e-01
2.433214023277312787e-01,2.687385401680937314e-01
2.433451063123711067e-01,2.686536523842709689e-01
2.433925142816507348e-01,2.684842544314277046e-01
2.434162182662905627e-01,2.683997443808030514e-01
2.434399222509303629e-01,2.683153603595315184e-01
2.434636262355701908e-01,2.682311024266482713e-01
2.434873302202100187e-01,2.681469706411228615e-01
2.435110342048498189e-01,2.680629650618601145e-01
2.435347381894896468e-01,2.679790857476989085e-01
2.435584421741294747e-01,2.678953327574131738e-01
2.436058501434091028e-01,2.677282059832362671e-01
2.436295541280489307e-01,2.676448323165654952e-01
2.436532581126887309e-01,2.675615852082108281e-01
2.436769620973285588e-01,2.674784647166186247e-01
2.437006660819683868e-01,2.673954709001692409e-01
2.437243700666081869e-01,2.673126038171779184e-01
2.437480740512480148e-01,2.672298635258937294e-01
2.437717780358878150e-01,2.671472500845000209e-01
2.437954820205276429e-01,2.670647635511142481e-01
2.438428899898072710e-01,2.669001714405079828e-01
2.438665939744470990e-01,2.668180659791928311e-01
2.438902979590869269e-01,2.667360876576967410e-01
2.439140019437267271e-01,2.666542365338073761e-01
2.439377059283665550e-01,2.665725126652463417e-01
2.439614099130063829e-01,2.664909161096689072e-01
2.439851138976461831e-01,2.664094469246643948e-01
2.440088178822860110e-01,2.663281051677557354e-01
2.440562258515656391e-01,2.661658041679861864e-01
2.440799298362054670e-01,2.660848450398394238e-01
2.441036338208452672e-01,2.660040135692168239e-01
2.441273378054850951e-01,2.659233098133094719e-01
2.441510417901249230e-01,2.658427338292416175e-01
2.441747457747647232e-01,2.657622856740713413e-01
2.441984497594045511e-01,2.656819654047896662e-01
2.442221537440443790e-01,2.656017730783211128e-01
2.442695617133240071e-01,2.654417724811889423e-01
2.442932656979638351e-01,2.653619643240406334e-01
2.443169696826036352e-01,2.652822843367362848e-01
2.443406736672434632e-01,2.652027325758663512e-01
2.443643776518832633e-01,2.651233090979546181e-01
2.443880816365230912e-01,2.650440139594575362e-01
2.444117856211629192e-01,2.649648472167647761e-01
2.444354896058027193e-01,2.648858089261989512e-01
2.444828975750823752e-01,2.647281179264016071e-01
2.445066015597221754e-01,2.646494653294794164e-01
2.445303055443620033e-01,2.645709414093021516e-01
2.445540095290018312e-01,2.644925462218562506e-01
2.445777135136416314e-01,2.644142798230608715e-01
2.446014174982814593e-01,2.643361422687673934e-01
2.446251214829212872e-01,2.642581336147602489e-01
2.446488254675610874e-01,2.641802539167559249e-01
2.446725294522009153e-01,2.641025032304037401e-01
2.447199374214805434e-01,2.639473891149139995e-01
2.447436414061203713e-01,2.638700257967368512e-01
2.447673453907601715e-01,2.637927917121319910e-01
2.447910493753999994e-01,2.637156869164103412e-01
2.448147533600398273e-01,2.636387114648147678e-01
2.448384573446796275e-01,2.635618654125205240e-01
2.448621613293194554e-01,2.634851488146346399e-01
2.448858653139592834e-01,2.634085617261964773e-01
2.449332732832389115e-01,2.632557762974807591e-01
2.449569772678787116e-01,2.631795780669413665e-01
2.449806812525185395e-01,2.631035095653265210e-01
2.450043852371583675e-01,2.630275708473350238e-01
2.450280892217981676e-01,2.629517619675977302e-01
2.450517932064379956e-01,2.628760829806767174e-01
2.450754971910778235e-01,2.628005339410661167e-01
2.450992011757176237e-01,2.627251149031920030e-01
2.451466091449972795e-01,2.625746670500134217e-01
2.451703131296370797e-01,2.624996383432184888e-01
2.451940171142769076e-01,2.624247398551783350e-01
2.452177210989167355e-01,2.623499716399764203e-01
2.452414250835565357e-01,2.622753337516275929e-01
2.452651290681963636e-01,2.622008262440775894e-01
2.452888330528361638e-01,2.621264491712041456e-01
2.453125370374759917e-01,2.620522025868156635e-01
2.453599450067556198e-01,2.619041010983838569e-01
2.453836489913954477e-01,2.618302463016137782e-01
2.454073529760352756e-01,2.617565222078747089e-01
2.454310569606750758e-01,2.616829288706308265e-01
2.454547609453149037e-01,2.616094663432773082e-01
2.454784649299547317e-01,2.615361346791403863e-01
2.455021689145945318e-01,2.614629339314770151e-01
2.455258728992343598e-01,2.613898641534748712e-01
2.455495768838741599e-01,2.613169253982529083e-01
2.455969848531538158e-01,2.611714411682776182e-01
2.456206888377936159e-01,2.610988957994154203e-01
2.456443928224334439e-01,2.610264816651151065e-01
2.456680968070732718e-01,2.609541988181487970e-01
2.456918007917130720e-01,2.608820473112192784e-01
2.457155047763528999e-01,2.608100271969593376e-01
2.457392087609927278e-01,2.607381385279328168e-01
2.457629127456325280e-01,2.606663813566336696e-01
2.458103207149121838e-01,2.605232617168447007e-01
2.458340246995519840e-01,2.604518993529946758e-01
2.458577286841918119e-01,2.603806686961510075e-01
2.458814326688316121e-01,2.603095697984593726e-01
2.459051366534714400e-01,2.602386027119950040e-01
2.459288406381112679e-01,2.601677674887638014e-01
2.459525446227510681e-01,2.600970641807013872e-01
2.459762486073908960e-01,2.600264928396733288e-01
2.460236565766705241e-01,2.598857462658338280e-01
2.460473605613103520e-01,2.598155711364033005e-01
2.460710645459501800e-01,2.597455281807696803e-01
2.460947685305899801e-01,2.596756174504483150e-01
2.461184725152298081e-01,2.596058389968836644e-01
2.461421764998696360e-01,2.595361928714509103e-01
2.461658804845094362e-01,2.594666791254540694e-01
2.461895844691492641e-01,2.593972978101273252e-01
2.462369924384288922e-01,2.592589326760678103e-01
2.462606964230687201e-01,2.591899489594507999e-01
2.462844004077085203e-01,2.591210978777354068e-01
2.463081043923483482e-01,2.590523794818029302e-01
2.463318083769881761e-01,2.589837938224643366e-01
2.463555123616279763e-01,2.589153409504600378e-01
2.463792163462678042e-01,2.588470209164592806e-01
2.464029203309076321e-01,2.587788337710609787e-01
2.464503283001872602e-01,2.586428583481126253e-01
2.464740322848270604e-01,2.585750701714060740e-01
2.464977362694668883e-01,2.585074150849887009e-01
2.465214402541067162e-01,2.584398931391045928e-01
2.465451442387465164e-01,2.583725043839275592e-01
2.465688482233863443e-01,2.583052488695596338e-01
2.465925522080261723e-01,2.582381266460320179e-01
2.466162561926659724e-01,2.581711377633049143e-01
2.466399601773058003e-01,2.581042822712672491e-01
2.466873681465854284e-01,2.579709716584594470e-01
2.467110721312252564e-01,2.579045166371107811e-01
2.467347761158650843e-01,2.578381952052946069e-01
2.467584801005048845e-01,2.577720074125432470e-01
2.467821840851447124e-01,2.577059533083175813e-01
2.468058880697845126e-01,2.576400329420073243e-01
2.468295920544243405e-01,2.575742463629300261e-01
2.468532960390641684e-01,2.575085936203324044e-01
2.469007040083437965e-01,2.573776898412038494e-01
2.469244079929836244e-01,2.573124389028075831e-01
2.469481119776234246e-01,2.572473219971600500e-01
2.469718159622632525e-01,2.571823391731495878e-01
2.469955199469030804e-01,2.571174904795921479e-01
2.470192239315428806e-01,2.570527759652323496e-01
2.470429279161827085e-01,2.569881956787423705e-01
2.470666319008225364e-01,2.569237496687228894e-01
2.471140398701021645e-01,2.567952606721376485e-01
2.471377438547419647e-01,2.567312177824129793e-01
2.471614478393817926e-01,2.566673093628407121e-01
2.471851518240216206e-01,2.566035354616611475e-01
2.472088558086614207e-01,2.565398961270425326e-01
2.472325597933012487e-01,2.564763914070805617e-01
2.472562637779410766e-01,2.564130213497987087e-01
2.472799677625808767e-01,2.563497860031485054e-01
2.473273757318605326e-01,2.562237196331859090e-01
2.473510797165003328e-01,2.561608887054143691e-01
2.473747837011401607e-01,2.560981926793555186e-01
2.473984876857799609e-01,2.560356316025987344e-01
2.474221916704197888e-01,2.559732055226604519e-01
2.474458956550596167e-01,2.559109144869844976e-01
2.474695996396994169e-01,2.558487585429427558e-01
2.474933036243392448e-01,2.557867377378334472e-01
2.475170076089790727e-01,2.557248521188827395e-01
2.475644155782587008e-01,2.556014866279973097e-01
2.475881195628985287e-01,2.555400068501503807e-01
2.476118235475383289e-01,2.554786624466380829e-01
2.476355275321781568e-01,2.554174534643222083e-01
2.476592315168179848e-01,2.553563799499914411e-01
2.476829355014577849e-01,2.552954419503615791e-01
2.477066394860976128e-01,2.552346395120756450e-01
2.477303434707374130e-01,2.551739726817032761e-01
2.477777514400170689e-01,2.550530460306118519e-01
2.478014554246568690e-01,2.549927863026667518e-01
2.478251594092966970e-01,2.549326623681823500e-01
2.478488633939365249e-01,2.548726742733623540e-01
2.478725673785763250e-01,2.548128220643373076e-01
2.478962713632161530e-01,2.547531057871640359e-01
2.479199753478559809e-01,2.546935254878260890e-01
2.479436793324957811e-01,2.546340812122338537e-01
2.479910873017754092e-01,2.545156009155594701e-01
2.480147912864152371e-01,2.544565649859301670e-01
2.480384952710550650e-01,2.543976652629516000e-01
2.480621992556948652e-01,2.543389017921667272e-01
2.480859032403346931e-01,2.542802746190437890e-01
2.481096072249745210e-01,2.542217837889778620e-01
2.481333112096143212e-01,2.541634293472901374e-01
2.481570151942541491e-01,2.541052113392279210e-01
2.482044231635337772e-01,2.539891848046006428e-01
2.482281271481736051e-01,2.539313763681606551e-01
2.482518311328134331e-01,2.538737045455971564e-01
2.482755351174532332e-01,2.538161693817875264e-01
2.482992391020930611e-01,2.537587709215355369e-01
2.483229430867328613e-01,2.537015092095710189e-01
2.483466470713726892e-01,2.536443842905493629e-01
2.483703510560125172e-01,2.535873962090519074e-01
2.483940550406523173e-01,2.535305450095859392e-01
2.484414630099319732e-01,2.534172534344055761e-01
2.484651669945717734e-01,2.533608131473341629e-01
2.484888709792116013e-01,2.533045099195802008e-01
2.485125749638514292e-01,2.532483437952788297e-01
2.485362789484912294e-01,2.531923148184916927e-01
2.485599829331310573e-01,2.531364230332051046e-01
2.485836869177708852e-01,2.530806684833312725e-01
2.486073909024106854e-01,2.530250512127081297e-01
2.486547988716903135e-01,2.529142286841904452e-01
2.486785028563301414e-01,2.528590235135981246e-01
2.487022068409699693e-01,2.528039557968602691e-01
2.487259108256097695e-01,2.527490255774413885e-01
2.487496148102495974e-01,2.526942328987307196e-01
2.487733187948894253e-01,2.526395778040431139e-01
2.487970227795292255e-01,2.525850603366182612e-01
2.488207267641690534e-01,2.525306805396211329e-01
2.488681347334486815e-01,2.524223341291947365e-01
2.488918387180885095e-01,2.523683676017204336e-01
2.489155427027283096e-01,2.523145389165834529e-01
2.489392466873681375e-01,2.522608481165740102e-01
2.489629506720079655e-01,2.522072952444063265e-01
2.489866546566477656e-01,2.521538803427201270e-01
2.490103586412875936e-01,2.521006034540798635e-01
2.490340626259274215e-01,2.520474646209742708e-01
2.490814705952070496e-01,2.519416012909474478e-01
2.491051745798468775e-01,2.518888768786275989e-01
2.491288785644866777e-01,2.518362906910457388e-01
2.491525825491265056e-01,2.517838427703138482e-01
2.491762865337663335e-01,2.517315331584686899e-01
2.491999905184061337e-01,2.516793618974718649e-01
2.492236945030459616e-01,2.516273290292085907e-01
2.492473984876857618e-01,2.515754345954894777e-01
2.492711024723255897e-01,2.515236786380484757e-01
2.493185104416052178e-01,2.514205823185617361e-01
2.493422144262450457e-01,2.513692420396060889e-01
2.493659184108848736e-01,2.513180404031098991e-01
2.493896223955246738e-01,2.512669774504289188e-01
2.494133263801645017e-01,2.512160532228426835e-01
2.494370303648043297e-01,2.511652677615557883e-01
2.494607343494441298e-01,2.511146211076960011e-01
2.494844383340839578e-01,2.510641133023155946e-01
2.495318463033635858e-01,2.509635144008213192e-01
2.495555502880034138e-01,2.509134233864317443e-01
2.495792542726432139e-01,2.508634713839694719e-01
2.496029582572830419e-01,2.508136584341065234e-01
2.496266622419228698e-01,2.507639845774384257e-01
2.496503662265626700e-01,2.507144498544846556e-01
2.496740702112024979e-01,2.506650543056879177e-01
2.496977741958423258e-01,2.506157979714154216e-01
2.497451821651219539e-01,2.505177031075275229e-01
2.497688861497617818e-01,2.504688646582639566e-01
2.497925901344015820e-01,2.504201655842277496e-01
2.498162941190414099e-01,2.503716059254035842e-01
2.498399981036812101e-01,2.503231857216997591e-01
2.498637020883210380e-01,2.502749050129476904e-01
2.498874060729608659e-01,2.502267638389024662e-01
2.499111100576006661e-01,2.501787622392426247e-01
2.499585180268803219e-01,2.500831779214086614e-01
2.499822220115201221e-01,2.500355952822080341e-01
2.500059259961599500e-01,2.499881523753391122e-01
2.500296299807997502e-01,2.499408492400966852e-01
2.500533339654396059e-01,2.498936859156984935e-01
2.500770379500794061e-01,2.498466624412853943e-01
2.501007419347192062e-01,2.497997788559216947e-01
2.501244459193590619e-01,2.497530351985940422e-01
2.501481499039988621e-01,2.497064315082127006e-01
2.501955578732785179e-01,2.496136441835437592e-01
2.502192618579183181e-01,2.495674606266911066e-01
2.502429658425581183e-01,2.495214171916540491e-01
2.502666698271979739e-01,2.494755139169571034e-01
2.502903738118377741e-01,2.494297508410479591e-01
2.503140777964775743e-01,2.493841280022962570e-01
2.503377817811173744e-01,2.493386454389949214e-01
2.503614857657572301e-01,2.492933031893591611e-01
2.504088937350368305e-01,2.492030397835601763e-01
2.504325977196766861e-01,2.491581187034405120e-01
2.504563017043164863e-01,2.491133380890744320e-01
2.504800056889562865e-01,2.490686979782901211e-01
2.505037096735961422e-01,2.490241984088383265e-01
2.505274136582359423e-01,2.489798394183921904e-01
2.505511176428757425e-01,2.489356210445473616e-01
2.505748216275155982e-01,2.488915433248216069e-01
2.506222295967951985e-01,2.488038099974106965e-01
2.506459335814350542e-01,2.487601544643728846e-01
2.506696375660748544e-01,2.487166397347485569e-01
2.506933415507146545e-01,2.486732658456671796e-01
2.507170455353545102e-01,2.486300328341796706e-01
2.507407495199943104e-01,2.485869407372596762e-01
2.507644535046341105e-01,2.485439895918026831e-01
2.507881574892739662e-01,2.485011794346259628e-01
2.508355654585535666e-01,2.484159822319942368e-01
2.508592694431934222e-01,2.483735952597838081e-01
2.508829734278332224e-01,2.483313494223436946e-01
2.509066774124730226e-01,2.482892447561008131e-01
2.509303813971128228e-01,2.482472812974044207e-01
2.509540853817526784e-01,2.482054590825249485e-01
2.509777893663924786e-01,2.481637781476553894e-01
2.510014933510322788e-01,2.481222385289097443e-01
2.510489013203119346e-01,2.480395833838556774e-01
2.510726053049517348e-01,2.479984679293842920e-01
2.510963092895915905e-01,2.479574939347103935e-01
2.511200132742313906e-01,2.479166614355565179e-01
2.511437172588711908e-01,2.478759704675665976e-01
2.511674212435110465e-01,2.478354210663057944e-01
2.511911252281508466e-01,2.477950132672611105e-01
2.512148292127906468e-01,2.477547471058407225e-01
2.512385331974305025e-01,2.477146226173740917e-01
2.512859411667101028e-01,2.476347988002277622e-01
2.513096451513499585e-01,2.475950995418137457e-01
2.513333491359897587e-01,2.475555420968851839e-01
2.513570531206295589e-01,2.475161265003779087e-01
2.513807571052694145e-01,2.474768527871491486e-01
2.514044610899092147e-01,2.474377209919773613e-01
2.514281650745490149e-01,2.473987311495617347e-01
2.514518690591888705e-01,2.473598832945226866e-01
2.514992770284684709e-01,2.472826136846620892e-01
2.515229810131082711e-01,2.472441919986863579e-01
2.515466849977481267e-01,2.472059124377791739e-01
2.515703889823879269e-01,2.471677750361659931e-01
2.515940929670277271e-01,2.471297798279929459e-01
2.516177969516675827e-01,2.470919268473270036e-01
2.516415009363073829e-01,2.470542161281562010e-01
2.516652049209471831e-01,2.470166477043889142e-01
2.517126128902268389e-01,2.469419378783031527e-01
2.517363168748666391e-01,2.469047965434054137e-01
2.517600208595064948e-01,2.468677976387525508e-01
2.517837248441462950e-01,2.468309411978567014e-01
2.518074288287860951e-01,2.467942272541504001e-01
2.518311328134259508e-01,2.467576558409864118e-01
2.518548367980657510e-01,2.467212269916385092e-01
2.518785407827055511e-01,2.466849407393005844e-01
2.519259487519852070e-01,2.466127961580328876e-01
2.519496527366250072e-01,2.465769378950933288e-01
2.519733567212648628e-01,2.465412223611436748e-01
2.519970607059046630e-01,2.465056495889800803e-01
2.520207646905444632e-01,2.464702196113186528e-01
2.520444686751843189e-01,2.464349324607954528e-01
2.520681726598241190e-01,2.463997881699673820e-01
2.520918766444639192e-01,2.463647867713109618e-01
2.521155806291037194e-01,2.463299282972232218e-01
2.521629885983833752e-01,2.462606402519417204e-01
2.521866925830231754e-01,2.462262107451420601e-01
2.522103965676630311e-01,2.461919242916992823e-01
2.522341005523028312e-01,2.461577809236105696e-01
2.522578045369426314e-01,2.461237806727929467e-01
2.522815085215824871e-01,2.460899235710831690e-01
2.523052125062222872e-01,2.460562096502383334e-01
2.523289164908620874e-01,2.460226389419351012e-01
2.523763244601417433e-01,2.459559272892588577e-01
2.524000284447815434e-01,2.459227864078381565e-01
2.524237324294213991e-01,2.458897888648635122e-01
2.524474364140611993e-01,2.458569346916105181e-01
2.524711403987009994e-01,2.458242239192741652e-01
2.524948443833408551e-01,2.457916565789690089e-01
2.525185483679806553e-01,2.457592327017296130e-01
2.525422523526204555e-01,2.457269523185097171e-01
2.525896603219001113e-01,2.456628221575416493e-01
2.526133643065399115e-01,2.456309724412986673e-01
2.526370682911797672e-01,2.455992663420856759e-01
2.526607722758195673e-01,2.455677038904539033e-01
2.526844762604593675e-01,2.455362851168738092e-01
2.527081802450992232e-01,2.455050100517353062e-01
2.527318842297390233e-01,2.454738787253477605e-01
2.527555882143788235e-01,2.454428911679395475e-01
2.528029961836584794e-01,2.453813474805712214e-01
2.528267001682982795e-01,2.453507914106641818e-01
2.528504041529380797e-01,2.453203792298424557e-01
2.528741081375779354e-01,2.452901109679305747e-01
2.528978121222177355e-01,2.452599866546719687e-01
2.529215161068575357e-01,2.452300063197292435e-01
2.529452200914973914e-01,2.452001699926837919e-01
2.529689240761371916e-01,2.451704777030363491e-01
2.529926280607769917e-01,2.451409294802063266e-01
2.530400360300566476e-01,2.450822653522712335e-01
2.530637400146964477e-01,2.450531495055998654e-01
2.530874439993363034e-01,2.450241778426129891e-01
2.531111479839761036e-01,2.449953503923245623e-01
2.531348519686159038e-01,2.449666671836671639e-01
2.531585559532557594e-01,2.449381282454922149e-01
2.531822599378955596e-01,2.449097336065699793e-01
2.532059639225353598e-01,2.448814832955891196e-01
2.532533718918150156e-01,2.448254157717998925e-01
2.532770758764548158e-01,2.447975986159624529e-01
2.533007798610946715e-01,2.447699259020078011e-01
2.533244838457344716e-01,2.447423976582178695e-01
2.533481878303742718e-01,2.447150139127928781e-01
2.533718918150140720e-01,2.446877746938516673e-01
2.533955957996539277e-01,2.446606800294313100e-01
2.534192997842937278e-01,2.446337299474874993e-01
2.534667077535733837e-01,2.445802636424438403e-01
2.534904117382131838e-01,2.445537474748470386e-01
2.535141157228529840e-01,2.445273760007327657e-01
2.535378197074928397e-01,2.445011492476483195e-01
2.535615236921326399e-01,2.444750672430591187e-01
2.535852276767724400e-01,2.444491300143489254e-01
2.536089316614122957e-01,2.444233375888194004e-01
2.536326356460520959e-01,2.443976899936906588e-01
2.536800436153317517e-01,2.443468294031061472e-01
2.537037475999715519e-01,2.443216164616808794e-01
2.537274515846113521e-01,2.442965484587171221e-01
2.537511555692512077e-01,2.442716254210252624e-01
2.537748595538910079e-01,2.442468473753335867e-01
2.537985635385308081e-01,2.442222143482881691e-01
2.538222675231706638e-01,2.441977263664531494e-01
2.538459715078104639e-01,2.441733834563106775e-01
2.538696754924502641e-01,2.441491856442602471e-01
2.539170834617299199e-01,2.441012254196242570e-01
2.539407874463697201e-01,2.440774630594274575e-01
2.539644914310095203e-01,2.440538459020999973e-01
2.539881954156493760e-01,2.440303739736304767e-01
2.540118994002891761e-01,2.440070472999252837e-01
2.540356033849289763e-01,2.439838659068084281e-01
2.540593073695688320e-01,2.439608298200213188e-01
2.540830113542086321e-01,2.439379390652232638e-01
2.541304193234882880e-01,2.438925936538186012e-01
2.541541233081280882e-01,2.438701390481179399e-01
2.541778272927678883e-01,2.438478298762182805e-01
2.542015312774077440e-01,2.438256661633660949e-01
2.542252352620475442e-01,2.438036479347258090e-01
2.542489392466873444e-01,2.437817752153785822e-01
2.542726432313272000e-01,2.437600480303233619e-01
2.542963472159670002e-01,2.437384664044764393e-01
2.543437551852466560e-01,2.436957399296580951e-01
2.543674591698864562e-01,2.436745951301055868e-01
2.543911631545262564e-01,2.436535959885986480e-01
2.544148671391661121e-01,2.436327425296397342e-01
2.544385711238059122e-01,2.436120347776483674e-01
2.544622751084457124e-01,2.435914727569613580e-01
2.544859790930855681e-01,2.435710564918322496e-01
2.545096830777253682e-01,2.435507860064322627e-01
2.545570910470049686e-01,2.435106824710877582e-01
2.545807950316448243e-01,2.434908494690701253e-01
2.546044990162846244e-01,2.434711623426352722e-01
2.546282030009244246e-01,2.434516211155389742e-01
2.546519069855642803e-01,2.434322258114539617e-01
2.546756109702040805e-01,2.434129764539698648e-01
2.546993149548438806e-01,2.433938730665932693e-01
2.547230189394837363e-01,2.433749156727473828e-01
2.547704269087633366e-01,2.433374389589252895e-01
2.547941308934031923e-01,2.433189196853796088e-01
2.548178348780429925e-01,2.433005464982258004e-01
2.548415388626827927e-01,2.432823194204708495e-01
2.548652428473226483e-01,2.432642384750384190e-01
2.548889468319624485e-01,2.432463036847690163e-01
2.549126508166022487e-01,2.432285150724195488e-01
2.549363548012421044e-01,2.432108726606636018e-01
2.549600587858819045e-01,2.431933764720912161e-01
2.550074667551615604e-01,2.431588228544401820e-01
2.550311707398013605e-01,2.431417654701243936e-01
2.550548747244411607e-01,2.431248543985175536e-01
2.550785787090810164e-01,2.431080896617922593e-01
2.551022826937208166e-01,2.430914712820373413e-01
2.551259866783606167e-01,2.430749992812580307e-01
2.551496906630004724e-01,2.430586736813759030e-01
2.551733946476402726e-01,2.430424945042287677e-01
2.552208026169198729e-01,2.430105755050729899e-01
2.552445066015597286e-01,2.429948357263211345e-01
2.552682105861995288e-01,2.429792424568186227e-01
2.552919145708393289e-01,2.429637957179843766e-01
2.553156185554791846e-01,2.429484955311538297e-01
2.553393225401189848e-01,2.429333419175780939e-01
2.553630265247587849e-01,2.429183348984245705e-01
2.553867305093986406e-01,2.429034744947769497e-01
2.554341384786782410e-01,2.428741936179136252e-01
2.554578424633180966e-01,2.428597731864450826e-01
2.554815464479578968e-01,2.428454994539767098e-01
2.555052504325976970e-01,2.428313724411720886e-01
2.555289544172375527e-01,2.428173921686105907e-01
2.555526584018773528e-01,2.428035586567875437e-01
2.555763623865171530e-01,2.427898719261140092e-01
2.556000663711570087e-01,2.427763319969172828e-01
2.556474743404366090e-01,2.427496926238409958e-01
2.556711783250764647e-01,2.427365932201945298e-01
2.556948823097162649e-01,2.427236406984908390e-01
2.557185862943560650e-01,2.427108350786357227e-01
2.557422902789959207e-01,2.426981763804508807e-01
2.557659942636357209e-01,2.426856646236732473e-01
2.557896982482755210e-01,2.426732998279559350e-01
2.558134022329153212e-01,2.426610820128672352e-01
2.558371062175551769e-01,2.426490111978913955e-01
2.558845141868347772e-01,2.426253106457919029e-01
2.559082181714746329e-01,2.426136809472140277e-01
2.559319221561144331e-01,2.426021983258405124e-01
2.559556261407542332e-01,2.425908628007329426e-01
2.559793301253940889e-01,2.425796743908683606e-01
2.560030341100338891e-01,2.425686331151392650e-01
2.560267380946736893e-01,2.425577389923534444e-01
2.560504420793135449e-01,2.425469920412341440e-01
2.560978500485931453e-01,2.425259397284645346e-01
2.561215540332330010e-01,2.425156344038373324e-01
2.561452580178728011e-01,2.425054763249225864e-01
2.561689620025126013e-01,2.424954655100198808e-01
2.561926659871524570e-01,2.424856019773442006e-01
2.562163699717922571e-01,2.424758857450255989e-01
2.562400739564320573e-01,2.424663168311091965e-01
2.562637779410719130e-01,2.424568952535552935e-01
2.563111859103515133e-01,2.424384941789525238e-01
2.563348898949913690e-01,2.424295147173997633e-01
2.563585938796311692e-01,2.424206826632017697e-01
2.563822978642709693e-01,2.424119980338946267e-01
2.564060018489107695e-01,2.424034608469287089e-01
2.564297058335506252e-01,2.423950711196697916e-01
2.564534098181904254e-01,2.423868288693985518e-01
2.564771138028302255e-01,2.423787341133104567e-01
2.565245217721098814e-01,2.423629871520401324e-01
2.565482257567496815e-01,2.423553349808235113e-01
2.565719297413895372e-01,2.423478303717208626e-01
2.565956337260293374e-01,2.423404733415019940e-01
2.566193377106691376e-01,2.423332639068515038e-01
2.566430416953089932e-01,2.423262020843686693e-01
2.566667456799487934e-01,2.423192878905675585e-01
2.566904496645885936e-01,2.423125213418770296e-01
2.567141536492284493e-01,2.423059024546405649e-01
2.567615616185080496e-01,2.422931077294764313e-01
2.567852656031479053e-01,2.422869319238090124e-01
2.568089695877877054e-01,2.422809038441158802e-01
2.568326735724275056e-01,2.422750235063133584e-01
2.568563775570673613e-01,2.422692909262327277e-01
2.568800815417071615e-01,2.422637061196195596e-01
2.569037855263469616e-01,2.422582691021337720e-01
2.569274895109868173e-01,2.422529798893501840e-01
2.569748974802664176e-01,2.422428449397598382e-01
2.569986014649062178e-01,2.422379992336745058e-01
2.570223054495460735e-01,2.422333013937338908e-01
2.570460094341858737e-01,2.422287514350845994e-01
2.570697134188256738e-01,2.422243493727875840e-01
2.570934174034655295e-01,2.422200952218183101e-01
2.571171213881053297e-01,2.422159889970660340e-01
2.571408253727451299e-01,2.422120307133350248e-01
2.571882333420247857e-01,2.422045580277225607e-01
2.572119373266645859e-01,2.422010436550200985e-01
2.572356413113044415e-01,2.421976772816963885e-01
2.572593452959442417e-01,2.421944589221261546e-01
2.572830492805840419e-01,2.421913885905986885e-01
2.573067532652238976e-01,2.421884663013167960e-01
2.573304572498636977e-01,2.421856920683979064e-01
2.573541612345034979e-01,2.421830659058732960e-01
2.574015692037831537e-01,2.421782578477021386e-01
2.574252731884229539e-01,2.421760759796884321e-01
2.574489771730628096e-01,2.421740422373344637e-01
2.574726811577026098e-01,2.421721566342412424e-01
2.574963851423424099e-01,2.421704191839244569e-01
2.575200891269822656e-01,2.421688298998130873e-01
2.575437931116220658e-01,2.421673887952503490e-01
2.575674970962618660e-01,2.421660958834929711e-01
2.575912010809016661e-01,2.421649511777118624e-01
2.576386090501813220e-01,2.421631064363309882e-01
2.576623130348211221e-01,2.421624064266416076e-01
2.576860170194609778e-01,2.421618546747499878e-01
2.577097210041007780e-01,2.421614511933956604e-01
2.577334249887405782e-01,2.421611959952320592e-01
2.577571289733804338e-01,2.421610890928264093e-01
4.093204067603763985e-01,2.420709971200308563e-01
4.093441107450162542e-01,2.417538062762165929e-01
4.093915187142958545e-01,2.411195220435937703e-01
4.094152226989356547e-01,2.408024290011425983e-01
4.094389266835755103e-01,2.404853689055038157e-01
4.094626306682153105e-01,2.401683419298598354e-01
4.094863346528551107e-01,2.398513482473915714e-01
4.095100386374949664e-01,2.395343880312800211e-01
4.095337426221347665e-01,2.392174614547093181e-01
4.095574466067745667e-01,2.389005686908617088e-01
4.096048545760542225e-01,2.382668852940671711e-01
4.096285585606940227e-01,2.379500950074875942e-01
4.096522625453338784e-01,2.376333392263633992e-01
4.096759665299736786e-01,2.373166181238791084e-01
4.096996705146134787e-01,2.369999318732176063e-01
4.097233744992533344e-01,2.366832806475592799e-01
4.097470784838931346e-01,2.363666646200885957e-01
4.097707824685329348e-01,2.360500839639862458e-01
4.098181904378125906e-01,2.354170294586088452e-01
4.098418944224523908e-01,2.351005559556941793e-01
4.098655984070922464e-01,2.347841185168659806e-01
4.098893023917320466e-01,2.344677173153032201e-01
4.099130063763718468e-01,2.341513525241812888e-01
4.099367103610117025e-01,2.338350243166743836e-01
4.099604143456515026e-01,2.335187328659576456e-01
4.099841183302913028e-01,2.332024783452025241e-01
4.100315262995709586e-01,2.325700807862569608e-01
4.100552302842107588e-01,2.322539380944035059e-01
4.100789342688505590e-01,2.319378330251845588e-01
4.101026382534904147e-01,2.316217657517613548e-01
4.101263422381302148e-01,2.313057364472973498e-01
4.101500462227700150e-01,2.309897452849511423e-01
4.101737502074098707e-01,2.306737924378789439e-01
4.101974541920496709e-01,2.303578780792366887e-01
4.102211581766894710e-01,2.300420023821759807e-01
4.102685661459691269e-01,2.294103676653938828e-01
4.102922701306089270e-01,2.290946089919643769e-01
4.103159741152487827e-01,2.287788896726976884e-01
4.103396780998885829e-01,2.284632098807335143e-01
4.103633820845283831e-01,2.281475697892065835e-01
4.103870860691682387e-01,2.278319695712482940e-01
4.104107900538080389e-01,2.275164093999889059e-01
4.104344940384478391e-01,2.272008894485540442e-01
4.104819020077274949e-01,2.265699708976383064e-01
4.105056059923672951e-01,2.262545726443921101e-01
4.105293099770071508e-01,2.259392153034354978e-01
4.105530139616469509e-01,2.256238990478771078e-01
4.105767179462867511e-01,2.253086240508195004e-01
4.106004219309266068e-01,2.249933904853611832e-01
4.106241259155664070e-01,2.246781985245984159e-01
4.106478299002062071e-01,2.243630483416215460e-01
4.106952378694858630e-01,2.237328740013652117e-01
4.107189418541256631e-01,2.234178501902458758e-01
4.107426458387654633e-01,2.231028688492306677e-01
4.107663498234053190e-01,2.227879301513866761e-01
4.107900538080451192e-01,2.224730342697783525e-01
4.108137577926849193e-01,2.221581813774639313e-01
4.108374617773247750e-01,2.218433716474940698e-01
4.108611657619645752e-01,2.215286052529188976e-01
4.109085737312442310e-01,2.208992031621143659e-01
4.109322777158840312e-01,2.205845678119545961e-01
4.109559817005238314e-01,2.202699764893261969e-01
4.109796856851636870e-01,2.199554293672489336e-01
4.110033896698034872e-01,2.196409266187389631e-01
4.110270936544432874e-01,2.193264684168042267e-01
4.110507976390831431e-01,2.190120549344468370e-01
4.110745016237229432e-01,2.186976863446649377e-01
4.110982056083627434e-01,2.183833628204482902e-01
4.111456135776423992e-01,2.177548516606408469e-01
4.111693175622821994e-01,2.174406643710000420e-01
4.111930215469220551e-01,2.171265228388226387e-01
4.112167255315618553e-01,2.168124272370670069e-01
4.112404295162016554e-01,2.164983777386842723e-01
4.112641335008414556e-01,2.161843745166190101e-01
4.112878374854813113e-01,2.158704177438077465e-01
4.113115414701211114e-01,2.155565075931823171e-01
4.113589494394007673e-01,2.149288278501715332e-01
4.113826534240405675e-01,2.146150586036111862e-01
4.114063574086803676e-01,2.143013366708843015e-01
4.114300613933202233e-01,2.139876622248836902e-01
4.114537653779600235e-01,2.136740354384962237e-01
4.114774693625998236e-01,2.133604564845993645e-01
4.115011733472396793e-01,2.130469255360620262e-01
4.115248773318794795e-01,2.127334427657478488e-01
4.115722853011591353e-01,2.121066224511937159e-01
4.115959892857989355e-01,2.117932852526368259e-01
4.116196932704387357e-01,2.114799969236681176e-01
4.116433972550785914e-01,2.111667576371072941e-01
4.116671012397183915e-01,2.108535675657677022e-01
4.116908052243581917e-01,2.105404268824517255e-01
4.117145092089980474e-01,2.102273357599528658e-01
4.117382131936378475e-01,2.099142943710581022e-01
4.117856211629175034e-01,2.092883614851742402e-01
4.118093251475573036e-01,2.089754703337111941e-01
4.118330291321971037e-01,2.086626296069020448e-01
4.118567331168369039e-01,2.083498394774860596e-01
4.118804371014767596e-01,2.080371001181922919e-01
4.119041410861165597e-01,2.077244117017423841e-01
4.119278450707563599e-01,2.074117744008470154e-01
4.119515490553962156e-01,2.070991883882044859e-01
4.119752530400360158e-01,2.067866538365077389e-01
4.120226610093156716e-01,2.061617398066616091e-01
4.120463649939554718e-01,2.058493606738438786e-01
4.120700689785952719e-01,2.055370336926330421e-01
4.120937729632351276e-01,2.052247590356678641e-01
4.121174769478749278e-01,2.049125368755790322e-01
4.121411809325147280e-01,2.046003673849841609e-01
4.121648849171545836e-01,2.042882507364903455e-01
4.121885889017943838e-01,2.039761871026957996e-01
4.122359968710740397e-01,2.033522195695348367e-01
4.122597008557138398e-01,2.030403160153077813e-01
4.122834048403536400e-01,2.027284661660572473e-01
4.123071088249934957e-01,2.024166701943225510e-01
4.123308128096332958e-01,2.021049282726354035e-01
4.123545167942730960e-01,2.017932405735133605e-01
4.123782207789129517e-01,2.014816072694624316e-01
4.124019247635527519e-01,2.011700285329787175e-01
4.124493327328323522e-01,2.005470354526313614e-01
4.124730367174722079e-01,2.002356214536969992e-01
4.124967407021120080e-01,1.999242627121900484e-01
4.125204446867518082e-01,1.996129594005441599e-01
4.125441486713916639e-01,1.993017116911812159e-01
4.125678526560314641e-01,1.989905197565121353e-01
4.125915566406712642e-01,1.986793837689338482e-01
4.126152606253111199e-01,1.983683039008299342e-01
4.126626685945907203e-01,1.977463132125246992e-01
4.126863725792305759e-01,1.974354027370261722e-01
4.127100765638703761e-01,1.971245490704135184e-01
4.127337805485101763e-01,1.968137523850058690e-01
4.127574845331500319e-01,1.965030128531091158e-01
4.127811885177898321e-01,1.961923306470178818e-01
4.128048925024296323e-01,1.958817059390110527e-01
4.128285964870694880e-01,1.955711389013544133e-01
4.128523004717092881e-01,1.952606297063015639e-01
4.128997084409889440e-01,1.946397855329461690e-01
4.129234124256287441e-01,1.943294508990799363e-01
4.129471164102685443e-01,1.940191747966885094e-01
4.129708203949084000e-01,1.937089573979535184e-01
4.129945243795482002e-01,1.933987988750449916e-01
4.130182283641880003e-01,1.930886994001168033e-01
4.130419323488278560e-01,1.927786591453065912e-01
4.130656363334676562e-01,1.924686782827412235e-01
4.131130443027472565e-01,1.918488954227696996e-01
4.131367482873871122e-01,1.915390937695387596e-01
4.131604522720269124e-01,1.912293521969050114e-01
4.131841562566667125e-01,1.909196708769180240e-01
4.132078602413065682e-01,1.906100499816126281e-01
4.132315642259463684e-01,1.903004896830102211e-01
4.132552682105861686e-01,1.899909901531148249e-01
4.132789721952260242e-01,1.896815515639150018e-01
4.133263801645056246e-01,1.890628578954842431e-01
4.133500841491454803e-01,1.887536031601520781e-01
4.133737881337852804e-01,1.884444100533167465e-01
4.133974921184250806e-01,1.881352787468884569e-01
4.134211961030649363e-01,1.878262094127594040e-01
4.134449000877047364e-01,1.875172022228095980e-01
4.134686040723445366e-01,1.872082573489000368e-01
4.134923080569843923e-01,1.868993749628751200e-01
4.135397160262639926e-01,1.862817983417815459e-01
4.135634200109038483e-01,1.859731044503189212e-01
4.135871239955436485e-01,1.856644737339575857e-01
4.136108279801834486e-01,1.853559063644583116e-01
4.136345319648233043e-01,1.850474025135652456e-01
4.136582359494631045e-01,1.847389623530072966e-01
4.136819399341029047e-01,1.844305860544943054e-01
4.137056439187427048e-01,1.841222737897192929e-01
4.137293479033825605e-01,1.838140257303571556e-01
4.137767558726621608e-01,1.831977229144910457e-01
4.138004598573020165e-01,1.828896685012483536e-01
4.138241638419418167e-01,1.825816789799464546e-01
4.138478678265816169e-01,1.822737545221718991e-01
4.138715718112214725e-01,1.819658952994928358e-01
4.138952757958612727e-01,1.816581014834618701e-01
4.139189797805010729e-01,1.813503732456108741e-01
4.139426837651409286e-01,1.810427107574535954e-01
4.139900917344205289e-01,1.804275837161888607e-01
4.140137957190603846e-01,1.801201195060162796e-01
4.140374997037001847e-01,1.798127217314110515e-01
4.140612036883399849e-01,1.795053905637937486e-01
4.140849076729798406e-01,1.791981261745658749e-01
4.141086116576196408e-01,1.788909287351123922e-01
4.141323156422594409e-01,1.785837984167970571e-01
4.141560196268992966e-01,1.782767353909628927e-01
4.142034275961788969e-01,1.776628119020265129e-01
4.142271315808187526e-01,1.773559517815155029e-01
4.142508355654585528e-01,1.770491596386728761e-01
4.142745395500983530e-01,1.767424356447452882e-01
4.142982435347381531e-01,1.764357799709599384e-01
4.143219475193780088e-01,1.761291927885236530e-01
4.143456515040178090e-01,1.758226742686250510e-01
4.143693554886576091e-01,1.755162245824306855e-01
4.144167634579372650e-01,1.749035323957215393e-01
4.144404674425770652e-01,1.745972902374403335e-01
4.144641714272169208e-01,1.742911175973278493e-01
4.144878754118567210e-01,1.739850146464512470e-01
4.145115793964965212e-01,1.736789815558527350e-01
4.145352833811363769e-01,1.733730184965554255e-01
4.145589873657761770e-01,1.730671256395633628e-01
4.145826913504159772e-01,1.727613031558569157e-01
4.146300993196956330e-01,1.721498699921197861e-01
4.146538033043354332e-01,1.718442596539461742e-01
4.146775072889752889e-01,1.715387203727702092e-01
4.147012112736150891e-01,1.712332523194677047e-01
4.147249152582548892e-01,1.709278556648908265e-01
4.147486192428947449e-01,1.706225305798698688e-01
4.147723232275345451e-01,1.703172772352153919e-01
4.147960272121743452e-01,1.700120958017140582e-01
4.148197311968142009e-01,1.697069864501301595e-01
4.148671391660938013e-01,1.690969846756684436e-01
4.148908431507336014e-01,1.687920925942082151e-01
4.149145471353734571e-01,1.684872732775032633e-01
4.149382511200132573e-01,1.681825268962081898e-01
4.149619551046530574e-01,1.678778536209527550e-01
4.149856590892929131e-01,1.675732536223443203e-01
4.150093630739327133e-01,1.672687270709688478e-01
4.150330670585725135e-01,1.669642741373878747e-01
4.150804750278521693e-01,1.663555898057402782e-01
4.151041790124919695e-01,1.660513587486822928e-01
4.151278829971318252e-01,1.657472019914338068e-01
4.151515869817716253e-01,1.654431197044417268e-01
4.151752909664114255e-01,1.651391120581270078e-01
4.151989949510512812e-01,1.648351792228873736e-01
4.152226989356910813e-01,1.645313213690983989e-01
4.152464029203308815e-01,1.642275386671107340e-01
4.152938108896105374e-01,1.636201993998170068e-01
4.153175148742503375e-01,1.633166431750929515e-01
4.153412188588901932e-01,1.630131627833298347e-01
4.153649228435299934e-01,1.627097583947584858e-01
4.153886268281697935e-01,1.624064301795831444e-01
4.154123308128096492e-01,1.621031783079836530e-01
4.154360347974494494e-01,1.618000029501170944e-01
4.154597387820892496e-01,1.614969042761136286e-01
4.155071467513689054e-01,1.608909376600940744e-01
4.155308507360087056e-01,1.605880700582155984e-01
4.155545547206485058e-01,1.602852798204736640e-01
4.155782587052883614e-01,1.599825671168728647e-01
4.156019626899281616e-01,1.596799321173952568e-01
4.156256666745679618e-01,1.593773749919932814e-01
4.156493706592078174e-01,1.590748959105955651e-01
4.156730746438476176e-01,1.587724950431066706e-01
4.156967786284874178e-01,1.584701725594031829e-01
4.157441865977670736e-01,1.578657634227308149e-01
4.157678905824068738e-01,1.575636771093873179e-01
4.157915945670467295e-01,1.572616698590772744e-01
4.158152985516865296e-01,1.569597418415488443e-01
4.158390025363263298e-01,1.566578932265214330e-01
4.158627065209661855e-01,1.563561241836882443e-01
4.158864105056059857e-01,1.560544348827176409e-01
4.159101144902457858e-01,1.557528254932492306e-01
4.159575224595254417e-01,1.551498471272458046e-01
4.159812264441652419e-01,1.548484784898581379e-01
4.160049304288050975e-01,1.545471904422636433e-01
4.160286344134448977e-01,1.542459831539693127e-01
4.160523383980846979e-01,1.539448567944524671e-01
4.160760423827245535e-01,1.536438115331627829e-01
4.160997463673643537e-01,1.533428475395246515e-01
4.161234503520041539e-01,1.530419649829325435e-01
4.161708583212838097e-01,1.524404448583279448e-01
4.161945623059236099e-01,1.521398076289675605e-01
4.162182662905634101e-01,1.518392525139559412e-01
4.162419702752032658e-01,1.515387796825478361e-01
4.162656742598430659e-01,1.512383893039720706e-01
4.162893782444828661e-01,1.509380815474268278e-01
4.163130822291227218e-01,1.506378565820819526e-01
4.163367862137625219e-01,1.503377145770814216e-01
4.163841941830421778e-01,1.497376801245322298e-01
4.164078981676819780e-01,1.494377880151252225e-01
4.164316021523217781e-01,1.491379795423417032e-01
4.164553061369616338e-01,1.488382548751786827e-01
4.164790101216014340e-01,1.485386141826062489e-01
4.165027141062412341e-01,1.482390576335629040e-01
4.165264180908810898e-01,1.479395853969580898e-01
4.165501220755208900e-01,1.476401976416736039e-01
4.165738260601606902e-01,1.473408945365597689e-01
4.166212340294403460e-01,1.467425429520988756e-01
4.166449380140801462e-01,1.464434948103057743e-01
4.166686419987200019e-01,1.461445319937888787e-01
4.166923459833598020e-01,1.458456546712513791e-01
4.167160499679996022e-01,1.455468630113647133e-01
4.167397539526394024e-01,1.452481571827688722e-01
4.167634579372792580e-01,1.449495373540745091e-01
4.167871619219190582e-01,1.446510036938637167e-01
4.168345698911987141e-01,1.440541955530582618e-01
4.168582738758385142e-01,1.437559214094721594e-01
4.168819778604783144e-01,1.434577341083838886e-01
4.169056818451181701e-01,1.431596338182193340e-01
4.169293858297579702e-01,1.428616207073755695e-01
4.169530898143977704e-01,1.425636949442160017e-01
4.169767937990376261e-01,1.422658566970733118e-01
4.170004977836774263e-01,1.419681061342504269e-01
4.170479057529570821e-01,1.413728687346109403e-01
4.170716097375968823e-01,1.410753822342415142e-01
4.170953137222366824e-01,1.407779840910816926e-01
4.171190177068765381e-01,1.404806744732749191e-01
4.171427216915163383e-01,1.401834535489340783e-01
4.171664256761561385e-01,1.398863214861376381e-01
4.171901296607959941e-01,1.395892784529320918e-01
4.172138336454357943e-01,1.392923246173336238e-01
4.172612416147154502e-01,1.386986852108528789e-01
4.172849455993552503e-01,1.384019999758387132e-01
4.173086495839950505e-01,1.381054046101657384e-01
4.173323535686348507e-01,1.378088992816857705e-01
4.173560575532747063e-01,1.375124841582172075e-01
4.173797615379145065e-01,1.372161594075476387e-01
4.174034655225543067e-01,1.369199251974294318e-01
4.174271695071941624e-01,1.366237816955815920e-01
4.174508734918339625e-01,1.363277290696928157e-01
4.174982814611136184e-01,1.357358971163654671e-01
4.175219854457534185e-01,1.354401181241341179e-01
4.175456894303932187e-01,1.351444306782717542e-01
4.175693934150330744e-01,1.348488349462964586e-01
4.175930973996728746e-01,1.345533310956942008e-01
4.176168013843126747e-01,1.342579192939152011e-01
4.176405053689525304e-01,1.339625997083752906e-01
4.176642093535923306e-01,1.336673725064584928e-01
4.177116173228719864e-01,1.330771959228494450e-01
4.177353213075117866e-01,1.327822468757509922e-01
4.177590252921515868e-01,1.324873908814609702e-01
4.177827292767914424e-01,1.321926281071885700e-01
4.178064332614312426e-01,1.318979587201112025e-01
4.178301372460710428e-01,1.316033828873670319e-01
4.178538412307108985e-01,1.313089007760615823e-01
4.178775452153506986e-01,1.310145125532663213e-01
4.179249531846303545e-01,1.304260184413087442e-01
4.179486571692701546e-01,1.301319128861113394e-01
4.179723611539099548e-01,1.298379018873515311e-01
4.179960651385497550e-01,1.295439856119227628e-01
4.180197691231896107e-01,1.292501642266817297e-01
4.180434731078294108e-01,1.289564378984517368e-01
4.180671770924692110e-01,1.286628067940180087e-01
4.180908810771090667e-01,1.283692710801297432e-01
4.181382890463886670e-01,1.277824864908120306e-01
4.181619930310285227e-01,1.274892379487001237e-01
4.181856970156683229e-01,1.271960854637733396e-01
4.182094010003081230e-01,1.269030292025982165e-01
4.182331049849479787e-01,1.266100693317063763e-01
4.182568089695877789e-01,1.263172060175943578e-01
4.182805129542275790e-01,1.260244394267198420e-01
4.183042169388674347e-01,1.257317697255035671e-01
4.183516249081470351e-01,1.251467216575496422e-01
4.183753288927868907e-01,1.248543436234680337e-01
4.183990328774266909e-01,1.245620631443607740e-01
4.184227368620664911e-01,1.242698803864625556e-01
4.184464408467063468e-01,1.239777955159705458e-01
4.184701448313461469e-01,1.236858086990466066e-01
4.184938488159859471e-01,1.233939201018126042e-01
4.185175528006258028e-01,1.231021298903526018e-01
4.185412567852656029e-01,1.228104382307155240e-01
4.185886647545452033e-01,1.222273512309028087e-01
4.186123687391850590e-01,1.219359562226304816e-01
4.186360727238248591e-01,1.216446604299871448e-01
4.186597767084646593e-01,1.213534640188281832e-01
4.186834806931045150e-01,1.210623671549701241e-01
4.187071846777443151e-01,1.207713700041933846e-01
4.187308886623841153e-01,1.204804727322372204e-01
4.187545926470239710e-01,1.201896755048022514e-01
4.188020006163035713e-01,1.196083818461102510e-01
4.188257046009434270e-01,1.193178857460594766e-01
4.188494085855832272e-01,1.190274903529466022e-01
4.188731125702230274e-01,1.187371958322767096e-01
4.188968165548628830e-01,1.184470023495154956e-01
4.189205205395026832e-01,1.181569100700920194e-01
4.189442245241424834e-01,1.178669191593914312e-01
4.189679285087823390e-01,1.175770297827614663e-01
4.190153364780619394e-01,1.169975562929077562e-01
4.190390404627017951e-01,1.167079725101785870e-01
4.190627444473415952e-01,1.164184909225126352e-01
4.190864484319813954e-01,1.161291116950569080e-01
4.191101524166212511e-01,1.158398349929180282e-01
4.191338564012610512e-01,1.155506609811643159e-01
4.191575603859008514e-01,1.152615898248215420e-01
4.191812643705406516e-01,1.149726216888753150e-01
4.192286723398203074e-01,1.143949951379117924e-01
4.192523763244601076e-01,1.141063370526627929e-01
4.192760803090999633e-01,1.138177826473450172e-01
4.192997842937397635e-01,1.135293320867417910e-01
4.193234882783795636e-01,1.132409855355911155e-01
4.193471922630194193e-01,1.129527431585919950e-01
4.193708962476592195e-01,1.126646051204030219e-01
4.193946002322990196e-01,1.123765715856395730e-01
4.194183042169388753e-01,1.120886427188751699e-01
4.194657121862184757e-01,1.115130996474357206e-01
4.194894161708583313e-01,1.112254857716991341e-01
4.195131201554981315e-01,1.109379772218423710e-01
4.195368241401379317e-01,1.106505741622295091e-01
4.195605281247777874e-01,1.103632767571825768e-01
4.195842321094175875e-01,1.100760851709833843e-01
4.196079360940573877e-01,1.097889995678691111e-01
4.196316400786972434e-01,1.095020201120345815e-01
4.196790480479768437e-01,1.089283802987776328e-01
4.197027520326166994e-01,1.086417202695308393e-01
4.197264560172564996e-01,1.083551670439201198e-01
4.197501600018962997e-01,1.080687207859263310e-01
4.197738639865360999e-01,1.077823816594879192e-01
4.197975679711759556e-01,1.074961498284994765e-01
4.198212719558157557e-01,1.072100254568142397e-01
4.198449759404555559e-01,1.069240087082400648e-01
4.198923839097352118e-01,1.063522987354412475e-01
4.199160878943750119e-01,1.060666058386165456e-01
4.199397918790148676e-01,1.057810212197007604e-01
4.199634958636546678e-01,1.054955450422851715e-01
4.199871998482944679e-01,1.052101774699155112e-01
4.200109038329343236e-01,1.049249186660930755e-01
4.200346078175741238e-01,1.046397687942776933e-01
4.200583118022139240e-01,1.043547280178810377e-01
4.201057197714935798e-01,1.037849744047777967e-01
4.201294237561333800e-01,1.035002618946767039e-01
4.201531277407732357e-01,1.032156591332039353e-01
4.201768317254130358e-01,1.029311662835516727e-01
4.202005357100528360e-01,1.026467835088649416e-01
4.202242396946926917e-01,1.023625109722440529e-01
4.202479436793324918e-01,1.020783488367460468e-01
4.202716476639722920e-01,1.017942972653808897e-01
4.202953516486121477e-01,1.015103564211132792e-01
4.203427596178917480e-01,1.009428075655082746e-01
4.203664636025316037e-01,1.006591998798730958e-01
4.203901675871714039e-01,1.003757035727438907e-01
4.204138715718112040e-01,1.000923188068565950e-01
4.204375755564510042e-01,9.980904574490317982e-02
4.204612795410908599e-01,9.952588454952870922e-02
4.204849835257306601e-01,9.924283538333417143e-02
4.205086875103704602e-01,9.895989840887225997e-02
4.205560954796501161e-01,9.839436168512799563e-02
4.205797994642899162e-01,9.811176226072149120e-02
4.206035034489297719e-01,9.782927567779703404e-02
4.206272074335695721e-01,9.754690209867716844e-02
4.206509114182093723e-01,9.726464168563558887e-02
4.206746154028492279e-01,9.698249460089913843e-02
4.206983193874890281e-01,9.670046100664958511e-02
4.207220233721288283e-01,9.641854106501995814e-02
4.207694313414084841e-01,9.585504278791823207e-02
4.207931353260482843e-01,9.557346477647715721e-02
4.208168393106881400e-01,9.529200106571672491e-02
4.208405432953279401e-01,9.501065181753509670e-02
4.208642472799677403e-01,9.472941719378064063e-02
4.208879512646075960e-01,9.444829735625415168e-02
4.209116552492473962e-01,9.416729246671051712e-02
4.209353592338871963e-01,9.388640268685455315e-02
4.209827672031668522e-01,9.332496910278703650e-02
4.210064711878066523e-01,9.304442562174686238e-02
4.210301751724464525e-01,9.276399789673528407e-02
4.210538791570863082e-01,9.248368608921614387e-02
4.210775831417261084e-01,9.220349036060665471e-02
4.211012871263659085e-01,9.192341087227318130e-02
4.211249911110057642e-01,9.164344778553440429e-02
4.211486950956455644e-01,9.136360126165998796e-02
4.211723990802853645e-01,9.108387146187074679e-02
4.212198070495650204e-01,9.052476267918452280e-02
4.212435110342048206e-01,9.024538401848425373e-02
4.212672150188446762e-01,8.996612272626014484e-02
4.212909190034844764e-01,8.968697896348820642e-02
4.213146229881242766e-01,8.940795289109293442e-02
4.213383269727641323e-01,8.912904466994903130e-02
4.213620309574039324e-01,8.885025446088373746e-02
4.213857349420437326e-01,8.857158242467239040e-02
4.214331429113233884e-01,8.801459351366486272e-02
4.214568468959631886e-01,8.773627696017155531e-02
4.214805508806030443e-01,8.745807922213522101e-02
4.215042548652428445e-01,8.718000046008334003e-02
4.215279588498826446e-01,8.690204083448921368e-02
4.215516628345225003e-01,8.662420050577701591e-02
4.215753668191623005e-01,8.634647963432240392e-02
4.215990708038021006e-01,8.606887838044768868e-02
4.216464787730817565e-01,8.551403536647667059e-02
4.216701827577215567e-01,8.523679392677308009e-02
4.216938867423613568e-01,8.495967274543364534e-02
4.217175907270012125e-01,8.468267198252593664e-02
4.217412947116410127e-01,8.440579179806834142e-02
4.217649986962808129e-01,8.412903235202590091e-02
4.217887026809206685e-01,8.385239380431197542e-02
4.218124066655604687e-01,8.357587631479052037e-02
4.218598146348401245e-01,8.302320514951522235e-02
4.218835186194799247e-01,8.274705179322761062e-02
4.219072226041197249e-01,8.247102013406454324e-02
4.219309265887595806e-01,8.219511033162851810e-02
4.219546305733993807e-01,8.191932254547185099e-02
4.219783345580391809e-01,8.164365693509284538e-02
4.220020385426790366e-01,8.136811365993723566e-02
4.220257425273188367e-01,8.109269287940018556e-02
4.220731504965984926e-01,8.054221943949269047e-02
4.220968544812382928e-01,8.026716709864767374e-02
4.221205584658780929e-01,7.999223788947007474e-02
4.221442624505179486e-01,7.971743197108943635e-02
4.221679664351577488e-01,7.944274950258450874e-02
4.221916704197975490e-01,7.916819064297836439e-02
4.222153744044373491e-01,7.889375555124200634e-02
4.222390783890772048e-01,7.861944438629281384e-02
4.222627823737170050e-01,7.834525730699498647e-02
4.223101903429966608e-01,7.779725604054082977e-02
4.223338943276364610e-01,7.752344217084528033e-02
4.223575983122762612e-01,7.724975302172087943e-02
4.223813022969161168e-01,7.697618875176237552e-02
4.224050062815559170e-01,7.670274951951244757e-02
4.224287102661957172e-01,7.642943548345781934e-02
4.224524142508355729e-01,7.615624680203086916e-02
4.224761182354753730e-01,7.588318363361157282e-02
4.225235262047550289e-01,7.533743446903651275e-02
4.225472301893948290e-01,7.506474878936653106e-02
4.225709341740346292e-01,7.479218925567343579e-02
4.225946381586744849e-01,7.451975602606314419e-02
4.226183421433142851e-01,7.424744925858656197e-02
4.226420461279540852e-01,7.397526911123958326e-02
4.226657501125939409e-01,7.370321574196203596e-02
4.226894540972337411e-01,7.343128930864117887e-02
4.227368620665133969e-01,7.288781788113213311e-02
4.227605660511531971e-01,7.261627320243896344e-02
4.227842700357929973e-01,7.234485609069030154e-02
4.228079740204328529e-01,7.207356670349351901e-02
4.228316780050726531e-01,7.180240519840253022e-02
4.228553819897124533e-01,7.153137173291318485e-02
4.228790859743522534e-01,7.126046646446593247e-02
4.229027899589921091e-01,7.098968955044504536e-02
4.229501979282717095e-01,7.044852141494201136e-02
4.229739019129115651e-01,7.017813050794724505e-02
4.229976058975513653e-01,6.990786858435510398e-02
4.230213098821911655e-01,6.963773580126814133e-02
4.230450138668310212e-01,6.936773231573206688e-02
4.230687178514708213e-01,6.909785828473746783e-02
4.230924218361106215e-01,6.882811386521653363e-02
4.231161258207504772e-01,6.855849921404388869e-02
4.231398298053902773e-01,6.828901448803981200e-02
4.231872377746699332e-01,6.775043543852327099e-02
4.232109417593097334e-01,6.748134142836276217e-02
4.232346457439495335e-01,6.721237797007234560e-02
4.232583497285893892e-01,6.694354522018358677e-02
4.232820537132291894e-01,6.667484333517220696e-02
4.233057576978689895e-01,6.640627247145414191e-02
4.233294616825088452e-01,6.613783278538792887e-02
4.233531656671486454e-01,6.586952443327642737e-02
4.234005736364283012e-01,6.533330235582601730e-02
4.234242776210681014e-01,6.506538894280022856e-02
4.234479816057079016e-01,6.479760748835128314e-02
4.234716855903477017e-01,6.452995814848927481e-02
4.234953895749875574e-01,6.426244107916517789e-02
4.235190935596273576e-01,6.399505643627345641e-02
4.235427975442671578e-01,6.372780437564784517e-02
4.235665015289070134e-01,6.346068505306340368e-02
4.236139094981866138e-01,6.292684524482944353e-02
4.236376134828264695e-01,6.266012507043516866e-02
4.236613174674662696e-01,6.239353825659643693e-02
4.236850214521060698e-01,6.212708495879304404e-02
4.237087254367459255e-01,6.186076533244588838e-02
4.237324294213857256e-01,6.159457953291685994e-02
4.237561334060255258e-01,6.132852771550784121e-02
4.237798373906653815e-01,6.106261003546070709e-02
4.238272453599449818e-01,6.053117770812660448e-02
4.238509493445848375e-01,6.026566337102429172e-02
4.238746533292246377e-01,6.000028379165678327e-02
4.238983573138644378e-01,5.973503912496652690e-02
4.239220612985042935e-01,5.946992952583529668e-02
4.239457652831440937e-01,5.920495514908691304e-02
4.239694692677838939e-01,5.894011614948269084e-02
4.239931732524237495e-01,5.867541268172360436e-02
4.240168772370635497e-01,5.841084490045167499e-02
4.240642852063431500e-01,5.788211701562778755e-02
4.240879891909830057e-01,5.761795722105389483e-02
4.241116931756228059e-01,5.735393373092240177e-02
4.241353971602626061e-01,5.709004669957001843e-02
4.241591011449024617e-01,5.682629628127139343e-02
4.241828051295422619e-01,5.656268263024183396e-02
4.242065091141820621e-01,5.629920590063369756e-02
4.242302130988219178e-01,5.603586624653755788e-02
4.242776210681015181e-01,5.550959878094191557e-02
4.243013250527413738e-01,5.524667127731558436e-02
4.243250290373811739e-01,5.498388146495158946e-02
4.243487330220209741e-01,5.472122949763180699e-02
4.243724370066608298e-01,5.445871552907610713e-02
4.243961409913006300e-01,5.419633971294451902e-02
4.244198449759404301e-01,5.393410220283262335e-02
4.244435489605802858e-01,5.367200315227427243e-02
4.244909569298598861e-01,5.314822104364264055e-02
4.245146609144997418e-01,5.288653829232425885e-02
4.245383648991395420e-01,5.262499461407127432e-02
4.245620688837793422e-01,5.236359016210401229e-02
4.245857728684191978e-01,5.210232508958001496e-02
4.246094768530589980e-01,5.184119954959587329e-02
4.246331808376987982e-01,5.158021369518284160e-02
4.246568848223385984e-01,5.131936767931005727e-02
4.247042927916182542e-01,5.079809577474375670e-02
4.247279967762580544e-01,5.053767019167221264e-02
4.247517007608979100e-01,5.027738505838258432e-02
4.247754047455377102e-01,5.001724052752776206e-02
4.247991087301775104e-01,4.975723675169513305e-02
4.248228127148173661e-01,4.949737388340880173e-02
4.248465166994571662e-01,4.923765207512909026e-02
4.248702206840969664e-01,4.897807147925231641e-02
4.248939246687368221e-01,4.871863224810973891e-02
4.249413326380164224e-01,4.820017848903801472e-02
4.249650366226562781e-01,4.794116426545030896e-02
4.249887406072960783e-01,4.768229201528351169e-02
4.250124445919358784e-01,4.742356189054736104e-02
4.250361485765757341e-01,4.716497404318631403e-02
4.250598525612155343e-01,4.690652862508248866e-02
4.250835565458553345e-01,4.664822578805105646e-02
4.251072605304951901e-01,4.639006568384218543e-02
4.251546684997747905e-01,4.587417428057327662e-02
4.251783724844146461e-01,4.561644328468855702e-02
4.252020764690544463e-01,4.535885562797892234e-02
4.252257804536942465e-01,4.510141146186891214e-02
4.252494844383341022e-01,4.484411093771695223e-02
4.252731884229739023e-01,4.458695420681768606e-02
4.252968924076137025e-01,4.432994142039831109e-02
4.253205963922535027e-01,4.407307272962063260e-02
4.253680043615331585e-01,4.355976823930812758e-02
4.253917083461729587e-01,4.330333274176761948e-02
4.254154123308128144e-01,4.304704194385594596e-02
4.254391163154526145e-01,4.279089599640567565e-02
4.254628203000924147e-01,4.253489505018120953e-02
4.254865242847322704e-01,4.227903925588055722e-02
4.255102282693720706e-01,4.202332876413694684e-02
4.255339322540118707e-01,4.176776372551516125e-02
4.255813402232915266e-01,4.125707060956440575e-02
4.256050442079313267e-01,4.100194283303204568e-02
4.256287481925711824e-01,4.074696111121378639e-02
4.256524521772109826e-01,4.049212559434139935e-02
4.256761561618507828e-01,4.023743643257782221e-02
4.256998601464906384e-01,3.998289377601843553e-02
4.257235641311304386e-01,3.972849777469317223e-02
4.257472681157702388e-01,3.947424857856252078e-02
4.257709721004100945e-01,3.922014633751952362e-02
4.258183800696896948e-01,3.871238331993542836e-02
4.258420840543295505e-01,3.845872284284135301e-02
4.258657880389693506e-01,3.820520991973247460e-02
4.258894920236091508e-01,3.795184470016260692e-02
4.259131960082489510e-01,3.769862733361750706e-02
4.259368999928888067e-01,3.744555796951498650e-02
4.259606039775286068e-01,3.719263675720463347e-02
4.259843079621684070e-01,3.693986384596725792e-02
4.260317159314480628e-01,3.643476352349206415e-02
4.260554199160878630e-01,3.618243641047386161e-02
4.260791239007277187e-01,3.593025819496542539e-02
4.261028278853675189e-01,3.567822902590572776e-02
4.261265318700073190e-01,3.542634905216229813e-02
4.261502358546471747e-01,3.517461842253388760e-02
4.261739398392869749e-01,3.492303728575163468e-02
4.261976438239267750e-01,3.467160579047595670e-02
4.262450517932064309e-01,3.416919231873932761e-02
4.262687557778462311e-01,3.391821063925348767e-02
4.262924597624860867e-01,3.366737919522261313e-02
4.263161637471258869e-01,3.341669813495967700e-02
4.263398677317656871e-01,3.316616760670770825e-02
4.263635717164055428e-01,3.291578775863962525e-02
4.263872757010453429e-01,3.266555873885962358e-02
4.264109796856851431e-01,3.241548069540012289e-02
4.264583876549647989e-01,3.191577812922352653e-02
4.264820916396045991e-01,3.166615390222171644e-02
4.265057956242443993e-01,3.141668124296964626e-02
4.265294996088842550e-01,3.116736029914790596e-02
4.265532035935240551e-01,3.091819121836814066e-02
4.265769075781638553e-01,3.066917414816938692e-02
4.266006115628037110e-01,3.042030923601984904e-02
4.266243155474435111e-01,3.017159662931839792e-02
4.266717235167231670e-01,2.967462892149447251e-02
4.266954275013629672e-01,2.942637411481197063e-02
4.267191314860027673e-01,2.917827220245694519e-02
4.267428354706426230e-01,2.893032333147066426e-02
4.267665394552824232e-01,2.868252764882445183e-02
4.267902434399222233e-01,2.843488530141619064e-02
4.268139474245620790e-01,2.818739643607215406e-02
4.268376514092018792e-01,2.794006119954867140e-02
4.268613553938416794e-01,2.769287973852835316e-02
4.269087633631213352e-01,2.719897872936971606e-02
4.269324673477611354e-01,2.695225947423807167e-02
4.269561713324009911e-01,2.670569458062127532e-02
4.269798753170407912e-01,2.645928419484289140e-02
4.270035793016805914e-01,2.621302846315254342e-02
4.270272832863204471e-01,2.596692753172741286e-02
4.270509872709602472e-01,2.572098154667262770e-02
4.270746912556000474e-01,2.547519065402026328e-02
4.271220992248797033e-01,2.498407472968688925e-02
4.271458032095195034e-01,2.473874998970643224e-02
4.271695071941593036e-01,2.449358092552833543e-02
4.271932111787991593e-01,2.424856768281896668e-02
4.272169151634389594e-01,2.400371040717375060e-02
4.272406191480787596e-01,2.375900924411267212e-02
4.272643231327186153e-01,2.351446433908238598e-02
4.272880271173584155e-01,2.327007583745777097e-02
4.273354350866380713e-01,2.278176862554964766e-02
4.273591390712778715e-01,2.253785020564547104e-02
4.273828430559176716e-01,2.229408876990396360e-02
4.274065470405575273e-01,2.205048446332963374e-02
4.274302510251973275e-01,2.180703743085321555e-02
4.274539550098371277e-01,2.156374781733105817e-02
4.274776589944769833e-01,2.132061576754468168e-02
4.275013629791167835e-01,2.107764142620288661e-02
4.275487709483964394e-01,2.059216644730976764e-02
4.275724749330362395e-01,2.034966609880201061e-02
4.275961789176760397e-01,2.010732403682397029e-02
4.276198829023158954e-01,1.986514040570969142e-02
4.276435868869556955e-01,1.962311534972022153e-02
4.276672908715954957e-01,1.938124901303944769e-02
4.276909948562352959e-01,1.913954153977714956e-02
4.277146988408751516e-01,1.889799307396722305e-02
4.277384028255149517e-01,1.865660375956990080e-02
4.277858107947946076e-01,1.817430316047125016e-02
4.278095147794344077e-01,1.793339216331124586e-02
4.278332187640742079e-01,1.769264089264555029e-02
4.278569227487140636e-01,1.745204949205503286e-02
4.278806267333538638e-01,1.721161810504651113e-02
4.279043307179936639e-01,1.697134687504925354e-02
4.279280347026335196e-01,1.673123594541631176e-02
4.279517386872733198e-01,1.649128545942668556e-02
4.279991466565529756e-01,1.601186639110446785e-02
4.280228506411927758e-01,1.577239809494651590e-02
4.280465546258325760e-01,1.553309081477921572e-02
4.280702586104724316e-01,1.529394469349798502e-02
4.280939625951122318e-01,1.505495987392319046e-02
4.281176665797520320e-01,1.481613649879659489e-02
4.281413705643918877e-01,1.457747471078407742e-02
4.281650745490316878e-01,1.433897465247457870e-02
4.282124825183113437e-01,1.386246029493393150e-02
4.282361865029511439e-01,1.362444628049569451e-02
4.282598904875909440e-01,1.338659456534480041e-02
4.282835944722307997e-01,1.314890529168377675e-02
4.283072984568705999e-01,1.291137860163910078e-02
4.283310024415104000e-01,1.267401463725831290e-02
4.283547064261502002e-01,1.243681354051173749e-02
4.283784104107900559e-01,1.219977545329148372e-02
4.284258183800696562e-01,1.172618887461424064e-02
4.284495223647095119e-01,1.148964066655200345e-02
4.284732263493493121e-01,1.125325603480881176e-02
4.284969303339891122e-01,1.101703512088747505e-02
4.285206343186289679e-01,1.078097806621086674e-02
4.285443383032687681e-01,1.054508501212675364e-02
4.285680422879085683e-01,1.030935609990230040e-02
4.285917462725484239e-01,1.007379147072601233e-02
4.286154502571882241e-01,9.838391265709678368e-03
4.286628582264678800e-01,9.368084692203293429e-03
4.286865622111076801e-01,9.133178605541081296e-03
4.287102661957474803e-01,8.898437506692558063e-03
4.287339701803873360e-01,8.663861536373551608e-03
4.287576741650271361e-01,8.429450835221952154e-03
4.287813781496669363e-01,8.195205543795103242e-03
4.288050821343067920e-01,7.961125802570967469e-03
4.288287861189465922e-01,7.727211751949514262e-03
4.288761940882262480e-01,7.259881283711855371e-03
4.288998980728660482e-01,7.026465146495852743e-03
4.289236020575058483e-01,6.793215260682217149e-03
4.289473060421456485e-01,6.560131766271681819e-03
4.289710100267855042e-01,6.327214803184155745e-03
4.289947140114253044e-01,6.094464511261554751e-03
4.290184179960651045e-01,5.861881030263693670e-03
4.290421219807049602e-01,5.629464499870340255e-03
4.290895299499845605e-01,5.165132849219156164e-03
4.291132339346244162e-01,4.933218007918849235e-03
4.291369379192642164e-01,4.701470675141206090e-03
4.291606419039040166e-01,4.469890990163538635e-03
4.291843458885438722e-01,4.238479092182223518e-03
4.292080498731836724e-01,4.007235120314700527e-03
4.292317538578234726e-01,3.776159213595697839e-03
4.292554578424633283e-01,3.545251510979452458e-03
4.293028658117429286e-01,3.083941273466728195e-03
4.293265697963827843e-01,2.853539016072381695e-03
4.293502737810225844e-01,2.623305517786556074e-03
4.293739777656623846e-01,2.393240917156536085e-03
4.293976817503022403e-01,2.163345352648005093e-03
4.294213857349420405e-01,1.933618962646599382e-03
4.294450897195818406e-01,1.704061885454910552e-03
4.294687937042216963e-01,1.474674259293540235e-03
4.294924976888614965e-01,1.245456222302487870e-03
4.295399056581410968e-01,7.875294679772215645e-04
4.295636096427809525e-01,5.588210265103921159e-04
4.295873136274207527e-01,3.302827259500928925e-04
4.296110176120605528e-01,1.019147040245416136e-04
4.296347215967004085e-01,-1.262829016216993061e-04
4.296584255813402087e-01,-3.543099534238369763e-04
4.296821295659800088e-01,-5.821663139014554567e-04
4.297058335506198645e-01,-8.098518456572390001e-04
4.297532415198994649e-01,-1.264709873821601160e-03
4.297769455045393205e-01,-1.491882095849494938e-03
4.298006494891791207e-01,-1.718882940390686898e-03
4.298243534738189209e-01,-1.945712270462474081e-03
4.298480574584587766e-01,-2.172369949165420255e-03
4.298717614430985767e-01,-2.398855839681468538e-03
4.298954654277383769e-01,-2.625169805277882684e-03
4.299191694123782326e-01,-2.851311709305470732e-03
4.299665773816578329e-01,-3.303078786469682004e-03
4.299902813662976886e-01,-3.528703686725587207e-03
4.300139853509374888e-01,-3.754155979649120844e-03
4.300376893355772889e-01,-3.979435529009311967e-03
4.300613933202171446e-01,-4.204542198659566576e-03
4.300850973048569448e-01,-4.429475852535946778e-03
4.301088012894967449e-01,-4.654236354660001851e-03
4.301325052741365451e-01,-4.878823569137269445e-03
4.301799132434162010e-01,-5.327477591996032658e-03
4.302036172280560011e-01,-5.551544129009877704e-03
4.302273212126958568e-01,-5.775436835643910083e-03
4.302510251973356570e-01,-5.999155576425274639e-03
4.302747291819754571e-01,-6.222700215967214010e-03
4.302984331666153128e-01,-6.446070618968291477e-03
4.303221371512551130e-01,-6.669266650210170511e-03
4.303458411358949132e-01,-6.892288174560945446e-03
4.303932491051745690e-01,-7.337807162488441115e-03
4.304169530898143692e-01,-7.560304356226177358e-03
4.304406570744542249e-01,-7.782626503397505058e-03
4.304643610590940250e-01,-8.004773469295567434e-03
4.304880650437338252e-01,-8.226745119301270837e-03
4.305117690283736809e-01,-8.448541318880453677e-03
4.305354730130134810e-01,-8.670161933583830915e-03
4.305591769976532812e-01,-8.891606829049103489e-03
4.305828809822931369e-01,-9.112875870999903594e-03
4.306302889515727372e-01,-9.554885857678829808e-03
4.306539929362125929e-01,-9.775626534284820313e-03
4.306776969208523931e-01,-9.996190821129180559e-03
4.307014009054921932e-01,-1.021657858436658683e-02
4.307251048901320489e-01,-1.043678969023775771e-02
4.307488088747718491e-01,-1.065682400506939853e-02
4.307725128594116493e-01,-1.087668139527553368e-02
4.307962168440514494e-01,-1.109636172735656290e-02
4.308436248133311053e-01,-1.153519068357938826e-02
4.308673287979709055e-01,-1.175433904115574801e-02
4.308910327826107611e-01,-1.197330980747784990e-02
4.309147367672505613e-01,-1.219210284947991330e-02
4.309384407518903615e-01,-1.241071803418486441e-02
4.309621447365302171e-01,-1.262915522870294849e-02
4.309858487211700173e-01,-1.284741430023017550e-02
4.310095527058098175e-01,-1.306549511605187286e-02
4.310569606750894733e-01,-1.350112145015480714e-02
4.310806646597292735e-01,-1.371866670344251693e-02
4.311043686443691292e-01,-1.393603317104041839e-02
4.311280726290089294e-01,-1.415322072067021208e-02
4.311517766136487295e-01,-1.437022922014352666e-02
4.311754805982885852e-01,-1.458705853736030900e-02
4.311991845829283854e-01,-1.480370854030699235e-02
4.312228885675681855e-01,-1.502017909705977150e-02
4.312702965368478414e-01,-1.545258134472876632e-02
4.312940005214876416e-01,-1.566851277223779704e-02
4.313177045061274972e-01,-1.588426422674044103e-02
4.313414084907672974e-01,-1.609983557675387367e-02
4.313651124754070976e-01,-1.631522669088553146e-02
4.313888164600468977e-01,-1.653043743783122466e-02
4.314125204446867534e-01,-1.674546768637619198e-02
4.314362244293265536e-01,-1.696031730539315774e-02
4.314599284139663538e-01,-1.717498616384494081e-02
4.315073363832460096e-01,-1.760378107535320868e-02
4.315310403678858098e-01,-1.781790686678058622e-02
4.315547443525256655e-01,-1.803185137438761965e-02
4.315784483371654656e-01,-1.824561446758310446e-02
4.316021523218052658e-01,-1.845919601586659686e-02
4.316258563064451215e-01,-1.867259588882730359e-02
4.316495602910849216e-01,-1.888581395614308267e-02
4.316732642757247218e-01,-1.909885008758288594e-02
4.317206722450043777e-01,-1.952437602235856939e-02
4.317443762296441778e-01,-1.973686556568099437e-02
4.317680802142840335e-01,-1.994917265310208743e-02
4.317917841989238337e-01,-2.016129715483999663e-02
4.318154881835636338e-01,-2.037323894120407486e-02
4.318391921682034895e-01,-2.058499788259554597e-02
4.318628961528432897e-01,-2.079657384950328591e-02
4.318866001374830899e-01,-2.100796671250887426e-02
4.319340081067627457e-01,-2.143020260959166423e-02
4.319577120914025459e-01,-2.164104538528416333e-02
4.319814160760423460e-01,-2.185170454030632703e-02
4.320051200606822017e-01,-2.206217994569392715e-02
4.320288240453220019e-01,-2.227247147257244153e-02
4.320525280299618021e-01,-2.248257899215999611e-02
4.320762320146016577e-01,-2.269250237576603269e-02
4.320999359992414579e-01,-2.290224149478997662e-02
4.321473439685211138e-01,-2.332116642515164040e-02
4.321710479531609139e-01,-2.353035197974723269e-02
4.321947519378007141e-01,-2.373935275627725439e-02
4.322184559224405698e-01,-2.394816862660159584e-02
4.322421599070803699e-01,-2.415679946266896527e-02
4.322658638917201701e-01,-2.436524513652210677e-02
4.322895678763600258e-01,-2.457350552029602397e-02
4.323132718609998260e-01,-2.478158048621575960e-02
4.323369758456396261e-01,-2.498946990660078082e-02
4.323843838149192820e-01,-2.540469160050229380e-02
4.324080877995590821e-01,-2.561202361911751879e-02
4.324317917841989378e-01,-2.581916958239627302e-02
4.324554957688387380e-01,-2.602612936311871072e-02
4.324791997534785382e-01,-2.623290283415885549e-02
4.325029037381183938e-01,-2.643948986848343452e-02
4.325266077227581940e-01,-2.664589033915087946e-02
4.325503117073979942e-01,-2.685210411931321373e-02
4.325977196766776500e-01,-2.726397110119971323e-02
4.326214236613174502e-01,-2.746962404969272020e-02
4.326451276459572504e-01,-2.767508980122107554e-02
4.326688316305971060e-01,-2.788036822940348491e-02
4.326925356152369062e-01,-2.808545920795046946e-02
4.327162395998767064e-01,-2.829036261066786295e-02
4.327399435845165621e-01,-2.849507831145475789e-02
4.327636475691563622e-01,-2.869960618430278387e-02
4.328110555384360181e-01,-2.910809794262292360e-02
4.328347595230758182e-01,-2.931206157654864253e-02
4.328584635077156184e-01,-2.951583687944436818e-02
4.328821674923554741e-01,-2.971942372577290881e-02
4.329058714769952743e-01,-2.992282199008960974e-02
4.329295754616350744e-01,-3.012603154704507347e-02
4.329532794462749301e-01,-3.032905227138571469e-02
4.329769834309147303e-01,-3.053188403794948602e-02
4.330243914001943861e-01,-3.093698019757912254e-02
4.330480953848341863e-01,-3.113924434079617942e-02
4.330717993694739865e-01,-3.134131902654063717e-02
4.330955033541138421e-01,-3.154320413012595692e-02
4.331192073387536423e-01,-3.174489952695858097e-02
4.331429113233934425e-01,-3.194640509254209615e-02
4.331666153080332982e-01,-3.214772070247468028e-02
4.331903192926730983e-01,-3.234884623244854707e-02
4.332140232773128985e-01,-3.254978155825227759e-02
4.332614312465925543e-01,-3.295108110098016185e-02
4.332851352312323545e-01,-3.315144506995720830e-02
4.333088392158721547e-01,-3.335161833887129168e-02
4.333325432005120104e-01,-3.355160078398922163e-02
4.333562471851518105e-01,-3.375139228167128858e-02
4.333799511697916107e-01,-3.395099270837514949e-02
4.334036551544314664e-01,-3.415040194065455115e-02
4.334273591390712665e-01,-3.434961985515799787e-02
4.334747671083509224e-01,-3.474748123791554510e-02
4.334984710929907226e-01,-3.494612445994843553e-02
4.335221750776305227e-01,-3.514457587176395004e-02
4.335458790622703784e-01,-3.534283535049304037e-02
4.335695830469101786e-01,-3.554090277336158232e-02
4.335932870315499787e-01,-3.573877801769337337e-02
4.336169910161898344e-01,-3.593646096090902242e-02
4.336406950008296346e-01,-3.613395148052417349e-02
4.336881029701092904e-01,-3.652835475950566568e-02
4.337118069547490906e-01,-3.672526727438968353e-02
4.337355109393888908e-01,-3.692198687670938950e-02
4.337592149240287465e-01,-3.711851344446670531e-02
4.337829189086685466e-01,-3.731484685575947591e-02
4.338066228933083468e-01,-3.751098698878396753e-02
4.338303268779481470e-01,-3.770693372183381298e-02
4.338540308625880026e-01,-3.790268693330001160e-02
4.339014388318676030e-01,-3.829361230552996709e-02
4.339251428165074587e-01,-3.848878422356416529e-02
4.339488468011472588e-01,-3.868376213455293477e-02
4.339725507857870590e-01,-3.887854591737571752e-02
4.339962547704269147e-01,-3.907313545101009922e-02
4.340199587550667149e-01,-3.926753061453031046e-02
4.340436627397065150e-01,-3.946173128710961375e-02
4.340673667243463707e-01,-3.965573734802024797e-02
4.341147746936259710e-01,-4.004316515240935459e-02
4.341384786782658267e-01,-4.023658665492257924e-02
4.341621826629056269e-01,-4.042981306383436335e-02
4.341858866475454271e-01,-4.062284425890855255e-02
4.342095906321852827e-01,-4.081568012000735823e-02
4.342332946168250829e-01,-4.100832052709046938e-02
4.342569986014648831e-01,-4.120076536021788360e-02
4.342807025861047387e-01,-4.139301449954824186e-02
4.343044065707445389e-01,-4.158506782533782919e-02
4.343518145400241948e-01,-4.196858655782115255e-02
4.343755185246639949e-01,-4.216005172552417246e-02
4.343992225093037951e-01,-4.235132060170665458e-02
4.344229264939435953e-01,-4.254239306712254143e-02
4.344466304785834510e-01,-4.273326900262441885e-02
4.344703344632232511e-01,-4.292394828916373806e-02
4.344940384478630513e-01,-4.311443080779236992e-02
4.345177424325029070e-01,-4.330471643966221640e-02
4.345651504017825073e-01,-4.368469656822782099e-02
4.345888543864223630e-01,-4.387439082772620624e-02
4.346125583710621632e-01,-4.406388772606850690e-02
4.346362623557019633e-01,-4.425318714490616978e-02
4.346599663403418190e-01,-4.444228896599061729e-02
4.346836703249816192e-01,-4.463119307117224821e-02
4.347073743096214193e-01,-4.481989934240282469e-02
4.347310782942612750e-01,-4.500840766173486163e-02
4.347784862635408754e-01,-4.538482997341036773e-02
4.348021902481807310e-01,-4.557274373036129811e-02
4.348258942328205312e-01,-4.576045906462550272e-02
4.348495982174603314e-01,-4.594797585875842749e-02
4.348733022021001871e-01,-4.613529399541610454e-02
4.348970061867399872e-01,-4.632241335735443055e-02
4.349207101713797874e-01,-4.650933382743133171e-02
4.349444141560196431e-01,-4.669605528860620858e-02
4.349918221252992434e-01,-4.706890071658820229e-02
4.350155261099390436e-01,-4.725502444981927175e-02
4.350392300945788993e-01,-4.744094870699550048e-02
4.350629340792186994e-01,-4.762667337158105196e-02
4.350866380638584996e-01,-4.781219832714356244e-02
4.351103420484983553e-01,-4.799752345735169845e-02
4.351340460331381554e-01,-4.818264864597432418e-02
4.351577500177779556e-01,-4.836757377688455373e-02
4.351814540024178113e-01,-4.855229873405619845e-02
4.352288619716974116e-01,-4.892114766358635070e-02
4.352525659563372673e-01,-4.910527140440323901e-02
4.352762699409770675e-01,-4.928919450839569505e-02
4.352999739256168676e-01,-4.947291686004845479e-02
4.353236779102567233e-01,-4.965643834394822820e-02
4.353473818948965235e-01,-4.983975884478331064e-02
4.353710858795363237e-01,-5.002287824734530375e-02
4.353947898641761793e-01,-5.020579643652850477e-02
4.354421978334557797e-01,-5.057102871484525641e-02
4.354659018180956354e-01,-5.075334257428087970e-02
4.354896058027354355e-01,-5.093545476093952473e-02
4.355133097873752357e-01,-5.111736516022896692e-02
4.355370137720150914e-01,-5.129907365766100957e-02
4.355607177566548915e-01,-5.148058013884848627e-02
4.355844217412946917e-01,-5.166188448950886913e-02
4.356081257259345474e-01,-5.184298659546260346e-02
4.356555336952141477e-01,-5.220458361704616301e-02
4.356792376798539479e-01,-5.238507830483363215e-02
4.357029416644938036e-01,-5.256537029222968505e-02
4.357266456491336037e-01,-5.274545946557079867e-02
4.357503496337734039e-01,-5.292534571129875465e-02
4.357740536184132596e-01,-5.310502891595897390e-02
4.357977576030530598e-01,-5.328450896619951749e-02
4.358214615876928599e-01,-5.346378574877369561e-02
4.358688695569725158e-01,-5.382172905845411526e-02
4.358925735416123159e-01,-5.400039535958628401e-02
4.359162775262521716e-01,-5.417885794110438580e-02
4.359399815108919718e-01,-5.435711669028120419e-02
4.359636854955317720e-01,-5.453517149449516044e-02
4.359873894801716276e-01,-5.471302224122898128e-02
4.360110934648114278e-01,-5.489066881806864417e-02
4.360347974494512280e-01,-5.506811111270631942e-02
4.360585014340910837e-01,-5.524534901293859379e-02
4.361059094033706840e-01,-5.559921118189325995e-02
4.361296133880105397e-01,-5.577583522673285055e-02
4.361533173726503398e-01,-5.595225442939949501e-02
4.361770213572901400e-01,-5.612846867821391639e-02
4.362007253419299957e-01,-5.630447786160275303e-02
4.362244293265697959e-01,-5.648028186809594953e-02
4.362481333112095960e-01,-5.665588058633019841e-02
4.362718372958493962e-01,-5.683127390504760790e-02
4.363192452651290520e-01,-5.718144389942592110e-02
4.363429492497688522e-01,-5.735622035309728695e-02
4.363666532344087079e-01,-5.753079096327384789e-02
4.363903572190485081e-01,-5.770515561922456849e-02
4.364140612036883082e-01,-5.787931421032499468e-02
4.364377651883281639e-01,-5.805326662605719834e-02
4.364614691729679641e-01,-5.822701275600744575e-02
4.364851731576077642e-01,-5.840055248986941727e-02
4.365325811268874201e-01,-5.874701232863260847e-02
4.365562851115272203e-01,-5.891993221345087628e-02
4.365799890961670759e-01,-5.909264526201624124e-02
4.366036930808068761e-01,-5.926515136455201560e-02
4.366273970654466763e-01,-5.943745041139036900e-02
4.366511010500865320e-01,-5.960954229296888673e-02
4.366748050347263321e-01,-5.978142689983112490e-02
4.366985090193661323e-01,-5.995310412262805366e-02
4.367459169886457881e-01,-6.029583597916471360e-02
4.367696209732855883e-01,-6.046689039473979177e-02
4.367933249579254440e-01,-6.063773698992214189e-02
4.368170289425652442e-01,-6.080837565589658489e-02
4.368407329272050443e-01,-6.097880628395602187e-02
4.368644369118448445e-01,-6.114902876550026845e-02
4.368881408964847002e-01,-6.131904299203699837e-02
4.369118448811245004e-01,-6.148884885517974519e-02
4.369355488657643005e-01,-6.165844624665089979e-02
4.369829568350439564e-01,-6.199701518200378958e-02
4.370066608196837565e-01,-6.216598650986726593e-02
4.370303648043236122e-01,-6.233474893402302097e-02
4.370540687889634124e-01,-6.250330234673046048e-02
4.370777727736032126e-01,-6.267164664035823618e-02
4.371014767582430682e-01,-6.283978170738252489e-02
4.371251807428828684e-01,-6.300770744038686200e-02
4.371488847275226686e-01,-6.317542373206347373e-02
4.371962926968023244e-01,-6.351022756274393721e-02
4.372199966814421246e-01,-6.367731488767275350e-02
4.372437006660819803e-01,-6.384419234312538327e-02
4.372674046507217804e-01,-6.401085982233450933e-02
4.372911086353615806e-01,-6.417731721864311512e-02
4.373148126200014363e-01,-6.434356442550215327e-02
4.373385166046412365e-01,-6.450960133647049011e-02
4.373622205892810366e-01,-6.467542784521651544e-02
4.374096285585606925e-01,-6.500644923126025487e-02
4.374333325432004926e-01,-6.517164389643825828e-02
4.374570365278402928e-01,-6.533662773515619415e-02
4.374807405124801485e-01,-6.550140064162746079e-02
4.375044444971199487e-01,-6.566596251017348118e-02
4.375281484817597488e-01,-6.583031323522636757e-02
4.375518524663996045e-01,-6.599445271132714508e-02
4.375755564510394047e-01,-6.615838083312536311e-02
4.376229644203190605e-01,-6.648560259296404373e-02
4.376466684049588607e-01,-6.664889602085222187e-02
4.376703723895986609e-01,-6.681197767413460387e-02
4.376940763742385165e-01,-6.697484744800996648e-02
4.377177803588783167e-01,-6.713750523778522217e-02
4.377414843435181169e-01,-6.729995093887952695e-02
4.377651883281579726e-01,-6.746218444682083870e-02
4.377888923127977727e-01,-6.762420565724658328e-02
4.378125962974375729e-01,-6.778601446590526436e-02
4.378600042667172287e-01,-6.810899446146551073e-02
4.378837082513570289e-01,-6.827016544041425439e-02
4.379074122359968846e-01,-6.843112360169145703e-02
4.379311162206366848e-01,-6.859186884159634845e-02
4.379548202052764849e-01,-6.875240105653956935e-02
4.379785241899163406e-01,-6.891272014304250515e-02
4.380022281745561408e-01,-6.907282599773600928e-02
4.380259321591959409e-01,-6.923271851736279014e-02
4.380733401284755968e-01,-6.955186313894079486e-02
4.380970441131153970e-01,-6.971111503493049311e-02
4.381207480977551971e-01,-6.987015318393247076e-02
4.381444520823950528e-01,-7.002897748324393712e-02
4.381681560670348530e-01,-7.018758783027267967e-02
4.381918600516746531e-01,-7.034598412253867394e-02
4.382155640363145088e-01,-7.050416625767319534e-02
4.382392680209543090e-01,-7.066213413341820848e-02
4.382866759902339648e-01,-7.097742669826695439e-02
4.383103799748737650e-01,-7.113475118341305858e-02
4.383340839595135652e-01,-7.129186100125450842e-02
4.383577879441534209e-01,-7.144875605009209929e-02
4.383814919287932210e-01,-7.160543622833753785e-02
4.384051959134330212e-01,-7.176190143451494086e-02
4.384288998980728769e-01,-7.191815156726094616e-02
4.384526038827126770e-01,-7.207418652532227021e-02
4.385000118519923329e-01,-7.238561051294750692e-02
4.385237158366321331e-01,-7.254099934056729149e-02
4.385474198212719332e-01,-7.269617258961708073e-02
4.385711238059117889e-01,-7.285113015940647418e-02
4.385948277905515891e-01,-7.300587194935626023e-02
4.386185317751913892e-01,-7.316039785900091408e-02
4.386422357598312449e-01,-7.331470778798765409e-02
4.386659397444710451e-01,-7.346880163607505398e-02
4.387133477137506454e-01,-7.377634068915422949e-02
4.387370516983905011e-01,-7.392978569422892221e-02
4.387607556830303013e-01,-7.408301421856972047e-02
4.387844596676701014e-01,-7.423602616250035702e-02
4.388081636523099571e-01,-7.438882142645814044e-02
4.388318676369497573e-01,-7.454139991099190121e-02
4.388555716215895575e-01,-7.469376151676548892e-02
4.388792756062294131e-01,-7.484590614455538526e-02
4.389029795908692133e-01,-7.499783369525042653e-02
4.389503875601488692e-01,-7.530103716948310932e-02
4.389740915447886693e-01,-7.545231289536702413e-02
4.389977955294284695e-01,-7.560337114884979615e-02
4.390214995140683252e-01,-7.575421183138913994e-02
4.390452034987081253e-01,-7.590483484455545771e-02
4.390689074833479255e-01,-7.605524009003389319e-02
4.390926114679877812e-01,-7.620542746962377656e-02
4.391163154526275814e-01,-7.635539688523718116e-02
4.391637234219072372e-01,-7.665468143275666613e-02
4.391874274065470374e-01,-7.680399636905826943e-02
4.392111313911868375e-01,-7.695309295017571660e-02
4.392348353758266932e-01,-7.710197107859295684e-02
4.392585393604664934e-01,-7.725063065690684905e-02
4.392822433451062936e-01,-7.739907158783027041e-02
4.393059473297460937e-01,-7.754729377419017355e-02
4.393296513143859494e-01,-7.769529711892797508e-02
4.393770592836655497e-01,-7.799064689587503763e-02
4.394007632683054054e-01,-7.813799313454122819e-02
4.394244672529452056e-01,-7.828512014449723333e-02
4.394481712375850058e-01,-7.843202782925878802e-02
4.394718752222248614e-01,-7.857871609245653532e-02
4.394955792068646616e-01,-7.872518483783480514e-02
4.395192831915044618e-01,-7.887143396925438976e-02
4.395429871761443175e-01,-7.901746339069126712e-02
4.395903951454239178e-01,-7.930886272009268767e-02
4.396140991300637735e-01,-7.945423243658578105e-02
4.396378031147035736e-01,-7.959938206015026996e-02
4.396615070993433738e-01,-7.974431149533917074e-02
4.396852110839832295e-01,-7.988902064682057436e-02
4.397089150686230297e-01,-8.003350941937753538e-02
4.397326190532628298e-01,-8.017777771790940422e-02
4.397563230379026855e-01,-8.032182544743182717e-02
4.397800270225424857e-01,-8.046565251307491451e-02
4.398274349918221415e-01,-8.075264427382783383e-02
4.398511389764619417e-01,-8.089580877977869955e-02
4.398748429611017419e-01,-8.103875224353401796e-02
4.398985469457415420e-01,-8.118147457080471252e-02
4.399222509303813977e-01,-8.132397566741805806e-02
4.399459549150211979e-01,-8.146625543931784730e-02
4.399696588996609981e-01,-8.160831379256389129e-02
4.399933628843008537e-01,-8.175015063333307408e-02
4.400407708535804541e-01,-8.203315940272720708e-02
4.400644748382203097e-01,-8.217433114428857044e-02
4.400881788228601099e-01,-8.231528099924362296e-02
4.401118828074999101e-01,-8.245600887435250437e-02
4.401355867921397658e-01,-8.259651467649176126e-02
4.401592907767795659e-01,-8.273679831265412510e-02
4.401829947614193661e-01,-8.287685968995012198e-02
4.402066987460592218e-01,-8.301669871560751757e-02
4.402541067153388221e-01,-8.329570934149932437e-02
4.402778106999786778e-01,-8.343488075677463200e-02
4.403015146846184780e-01,-8.357382945049124379e-02
4.403252186692582781e-01,-8.371255533046312314e-02
4.403489226538981338e-01,-8.385105830462119547e-02
4.403726266385379340e-01,-8.398933828101329269e-02
4.403963306231777342e-01,-8.412739516780554094e-02
4.404200346078175898e-01,-8.426522887328158351e-02
4.404674425770971902e-01,-8.454022637400598894e-02
4.404911465617370459e-01,-8.467738998641061166e-02
4.405148505463768460e-01,-8.481433005180960549e-02
4.405385545310166462e-01,-8.495104647907592010e-02
4.405622585156564464e-01,-8.508753917720002224e-02
4.405859625002963020e-01,-8.522380805529078396e-02
4.406096664849361022e-01,-8.535985302257415031e-02
4.406333704695759024e-01,-8.549567398839547083e-02
4.406570744542157581e-01,-8.563127086221777873e-02
4.407044824234953584e-01,-8.590179197230946029e-02
4.407281864081352141e-01,-8.603671602809737085e-02
4.407518903927750142e-01,-8.617141563092223233e-02
4.407755943774148144e-01,-8.630589069083988152e-02
4.407992983620546701e-01,-8.644014111802456046e-02
4.408230023466944703e-01,-8.657416682276836140e-02
4.408467063313342704e-01,-8.670796771548311410e-02
4.408704103159741261e-01,-8.684154370669944223e-02
4.409178182852537264e-01,-8.710802062735112372e-02
4.409415222698935821e-01,-8.724092137844241535e-02
4.409652262545333823e-01,-8.737359687134554909e-02
4.409889302391731825e-01,-8.750604701718617262e-02
4.410126342238130381e-01,-8.763827172720944914e-02
4.410363382084528383e-01,-8.777027091277822546e-02
4.410600421930926385e-01,-8.790204448537664028e-02
4.410837461777324942e-01,-8.803359235660745963e-02
4.411311541470120945e-01,-8.829601064197256655e-02
4.411548581316518947e-01,-8.842688087991024126e-02
4.411785621162917503e-01,-8.855752506408615110e-02
4.412022661009315505e-01,-8.868794310670041758e-02
4.412259700855713507e-01,-8.881813492007356592e-02
4.412496740702112064e-01,-8.894810041664630296e-02
4.412733780548510065e-01,-8.907783950897824043e-02
4.412970820394908067e-01,-8.920735210974956031e-02
4.413444900087704625e-01,-8.946569748793192778e-02
4.413681939934102627e-01,-8.959453009130313728e-02
4.413918979780501184e-01,-8.972313585503560729e-02
4.414156019626899186e-01,-8.985151469240926225e-02
4.414393059473297187e-01,-8.997966651682620665e-02
4.414630099319695744e-01,-9.010759124180817148e-02
4.414867139166093746e-01,-9.023528878099651429e-02
4.415104179012491747e-01,-9.036275904815432858e-02
4.415341218858890304e-01,-9.049000195716494499e-02
4.415815298551686308e-01,-9.074380535687964766e-02
4.416052338398084864e-01,-9.087036567595413450e-02
4.416289378244482866e-01,-9.099669829362105888e-02
4.416526418090880868e-01,-9.112280312436765728e-02
4.416763457937279425e-01,-9.124868008280218046e-02
4.417000497783677426e-01,-9.137432908365322737e-02
4.417237537630075428e-01,-9.149975004177135496e-02
4.417474577476473430e-01,-9.162494287212769040e-02
4.417948657169269988e-01,-9.187464381004650793e-02
4.418185697015667990e-01,-9.199915174815781471e-02
4.418422736862066547e-01,-9.212343121960542280e-02
4.418659776708464548e-01,-9.224748213996691870e-02
4.418896816554862550e-01,-9.237130442494184690e-02
4.419133856401261107e-01,-9.249489799035154336e-02
4.419370896247659108e-01,-9.261826275213813631e-02
4.419607936094057110e-01,-9.274139862636621157e-02
4.420082015786853669e-01,-9.298698337701344352e-02
4.420319055633251670e-01,-9.310943208616984101e-02
4.420556095479650227e-01,-9.323165157324364571e-02
4.420793135326048229e-01,-9.335364175490790117e-02
4.421030175172446230e-01,-9.347540254795860815e-02
4.421267215018844787e-01,-9.359693386931394743e-02
4.421504254865242789e-01,-9.371823563601322515e-02
4.421741294711640791e-01,-9.383930776521942629e-02
4.422215374404437349e-01,-9.408076278041327400e-02
4.422452414250835351e-01,-9.420114550133679154e-02
4.422689454097233908e-01,-9.432129825464002915e-02
4.422926493943631909e-01,-9.444122095809692752e-02
4.423163533790029911e-01,-9.456091352960471763e-02
4.423400573636427913e-01,-9.468037588718303255e-02
4.423637613482826469e-01,-9.479960794897446252e-02
4.423874653329224471e-01,-9.491860963324361133e-02
4.424348733022021030e-01,-9.515592154289070903e-02
4.424585772868419031e-01,-9.527423160541315106e-02
4.424822812714817033e-01,-9.539231096470301985e-02
4.425059852561215590e-01,-9.551015953964026028e-02
4.425296892407613591e-01,-9.562777724922771894e-02
4.425533932254011593e-01,-9.574516401259181020e-02
4.425770972100410150e-01,-9.586231974898212771e-02
4.426008011946808152e-01,-9.597924437777094475e-02
4.426245051793206153e-01,-9.609593781845476856e-02
4.426719131486002712e-01,-9.632863081410902861e-02
4.426956171332400714e-01,-9.644463020868898617e-02
4.427193211178799270e-01,-9.656039809438349275e-02
4.427430251025197272e-01,-9.667593439130595101e-02
4.427667290871595274e-01,-9.679123901969416410e-02
4.427904330717993830e-01,-9.690631189990983607e-02
4.428141370564391832e-01,-9.702115295243746163e-02
4.428378410410789834e-01,-9.713576209788649107e-02
4.428852490103586392e-01,-9.736428435060501263e-02
4.429089529949984394e-01,-9.747819729971257674e-02
4.429326569796382396e-01,-9.759187802541802181e-02
4.429563609642780952e-01,-9.770532644895096874e-02
4.429800649489178954e-01,-9.781854249166455073e-02
4.430037689335576956e-01,-9.793152607503718965e-02
4.430274729181975513e-01,-9.804427712067126377e-02
4.430511769028373514e-01,-9.815679555029310777e-02
4.430985848721170073e-01,-9.838113424903055515e-02
4.431222888567568075e-01,-9.849295436222188505e-02
4.431459928413966076e-01,-9.860454154755365908e-02
4.431696968260364633e-01,-9.871589572737571316e-02
4.431934008106762635e-01,-9.882701682416183964e-02
4.432171047953160636e-01,-9.893790476051195215e-02
4.432408087799559193e-01,-9.904855945914992077e-02
4.432645127645957195e-01,-9.915898084292490422e-02
4.433119207338753753e-01,-9.937912335790732854e-02
4.433356247185151755e-01,-9.948884433543786487e-02
4.433593287031549757e-01,-9.959833169075227310e-02
4.433830326877948314e-01,-9.970758534732537814e-02
4.434067366724346315e-01,-9.981660522875651642e-02
4.434304406570744317e-01,-9.992539125877114570e-02
4.434541446417142874e-01,-1.000339433612201234e-01
4.434778486263540875e-01,-1.001422614600789296e-01
4.435015526109938877e-01,-1.002503454794494986e-01
4.435489605802735436e-01,-1.004658109767598839e-01
4.435726645649133437e-01,-1.005731923035306230e-01
4.435963685495531439e-01,-1.006803392484753590e-01
4.436200725341929996e-01,-1.007872517363239684e-01
4.436437765188327997e-01,-1.008939296919321715e-01
4.436674805034725999e-01,-1.010003730402816435e-01
4.436911844881124556e-01,-1.011065817064801253e-01
4.437148884727522558e-01,-1.012125556157607575e-01
4.437622964420319116e-01,-1.014237988651339184e-01
4.437860004266717118e-01,-1.015290680563240011e-01
4.438097044113115119e-01,-1.016341021927919530e-01
4.438334083959513676e-01,-1.017389012004025206e-01
4.438571123805911678e-01,-1.018434650051457946e-01
4.438808163652309680e-01,-1.019477935331393192e-01
4.439045203498708236e-01,-1.020518867106269822e-01
4.439282243345106238e-01,-1.021557444639784595e-01
4.439756323037902797e-01,-1.023627534043867748e-01
4.439993362884300798e-01,-1.024659044448168466e-01
4.440230402730698800e-01,-1.025688197678576441e-01
4.440467442577097357e-01,-1.026714993005128362e-01
4.440704482423495358e-01,-1.027739429699122131e-01
4.440941522269893360e-01,-1.028761507033132405e-01
4.441178562116291917e-01,-1.029781224281003937e-01
4.441415601962689919e-01,-1.030798580717843249e-01
4.441889681655485922e-01,-1.032826208265228973e-01
4.442126721501884479e-01,-1.033836477932356113e-01
4.442363761348282480e-01,-1.034844383901608045e-01
4.442600801194680482e-01,-1.035849925454456755e-01
4.442837841041079039e-01,-1.036853101873645433e-01
4.443074880887477041e-01,-1.037853912443189031e-01
4.443311920733875042e-01,-1.038852356448378145e-01
4.443548960580273599e-01,-1.039848433175781794e-01
4.443786000426671601e-01,-1.040842141913237984e-01
4.444260080119468159e-01,-1.042822452576060432e-01
4.444497119965866161e-01,-1.043809053083488703e-01
4.444734159812264163e-01,-1.044793282765102416e-01
4.444971199658662719e-01,-1.045775140915126689e-01
4.445208239505060721e-01,-1.046754626829065615e-01
4.445445279351458723e-01,-1.047731739803705042e-01
4.445682319197857280e-01,-1.048706479137109793e-01
4.445919359044255281e-01,-1.049678844128621447e-01
4.446393438737051840e-01,-1.051616448289750538e-01
4.446630478583449841e-01,-1.052581686064462119e-01
4.446867518429847843e-01,-1.053544546707469998e-01
4.447104558276246400e-01,-1.054505029524531734e-01
4.447341598122644402e-01,-1.055463133822680533e-01
4.447578637969042403e-01,-1.056418858910237457e-01
4.447815677815440405e-01,-1.057372204096809765e-01
4.448052717661838962e-01,-1.058323168693288130e-01
4.448526797354634965e-01,-1.060217953365941712e-01
4.448763837201033522e-01,-1.061161772070332576e-01
4.449000877047431524e-01,-1.062103207441046915e-01
4.449237916893829525e-01,-1.063042258795411366e-01
4.449474956740228082e-01,-1.063978925452037094e-01
4.449711996586626084e-01,-1.064913206730820905e-01
4.449949036433024085e-01,-1.065845101952954677e-01
4.450186076279422642e-01,-1.066774610440920368e-01
4.450660155972218646e-01,-1.068626464510697427e-01
4.450897195818617202e-01,-1.069548808743923662e-01
4.451134235665015204e-01,-1.070468763545801005e-01
4.451371275511413206e-01,-1.071386328245265140e-01
4.451608315357811763e-01,-1.072301502172546273e-01
4.451845355204209764e-01,-1.073214284659161910e-01
4.452082395050607766e-01,-1.074124675037927967e-01
4.452319434897006323e-01,-1.075032672642957654e-01
4.452556474743404324e-01,-1.075938276809652039e-01
4.453030554436200883e-01,-1.077742302176133982e-01
4.453267594282598885e-01,-1.078640722053209045e-01
4.453504634128996886e-01,-1.079536745846527146e-01
4.453741673975394888e-01,-1.080430372897974167e-01
4.453978713821793445e-01,-1.081321602550737171e-01
4.454215753668191446e-01,-1.082210434149296074e-01
4.454452793514589448e-01,-1.083096867039433642e-01
4.454689833360988005e-01,-1.083980900568233818e-01
4.455163913053784008e-01,-1.085741766936640373e-01
4.455400952900182565e-01,-1.086618598476914443e-01
4.455637992746580567e-01,-1.087493028057179290e-01
4.455875032592978569e-01,-1.088365055031021433e-01
4.456112072439377125e-01,-1.089234678753332464e-01
4.456349112285775127e-01,-1.090101898580300710e-01
4.456586152132173129e-01,-1.090966713869423454e-01
4.456823191978571685e-01,-1.091829123979503047e-01
4.457297271671367689e-01,-1.093546726104238642e-01
4.457534311517766246e-01,-1.094401916843024125e-01
4.457771351364164247e-01,-1.095254699851009317e-01
4.458008391210562249e-01,-1.096105074493523568e-01
4.458245431056960806e-01,-1.096953040137201296e-01
4.458482470903358807e-01,-1.097798596149984207e-01
4.458719510749756809e-01,-1.098641741901119628e-01
4.458956550596155366e-01,-1.099482476761170502e-01
4.459430630288951369e-01,-1.101156711296779611e-01
4.459667670135349926e-01,-1.101990209720006275e-01
4.459904709981747928e-01,-1.102821294747469150e-01
4.460141749828145930e-01,-1.103649965756279827e-01
4.460378789674543931e-01,-1.104476222124856077e-01
4.460615829520942488e-01,-1.105300063232930174e-01
4.460852869367340490e-01,-1.106121488461544455e-01
4.461089909213738491e-01,-1.106940497193054651e-01
4.461563988906535050e-01,-1.108571262700763227e-01
4.461801028752933052e-01,-1.109383018248241703e-01
4.462038068599331608e-01,-1.110192354841181839e-01
4.462275108445729610e-01,-1.110999271868512439e-01
4.462512148292127612e-01,-1.111803768720476260e-01
4.462749188138526169e-01,-1.112605844788638332e-01
4.462986227984924170e-01,-1.113405499465869308e-01
4.463223267831322172e-01,-1.114202732146368224e-01
4.463460307677720729e-01,-1.114997542225648064e-01
4.463934387370516732e-01,-1.116579892169178856e-01
4.464171427216915289e-01,-1.117367430831053277e-01
4.464408467063313291e-01,-1.118152544486940569e-01
4.464645506909711292e-01,-1.118935232538950664e-01
4.464882546756109849e-01,-1.119715494390514099e-01
4.465119586602507851e-01,-1.120493329446378139e-01
4.465356626448905852e-01,-1.121268737112615099e-01
4.465593666295304409e-01,-1.122041716796619570e-01
4.466067745988100413e-01,-1.123580389854115791e-01
4.466304785834498414e-01,-1.124346082049007545e-01
4.466541825680896971e-01,-1.125109343904472925e-01
4.466778865527294973e-01,-1.125870174834517901e-01
4.467015905373692974e-01,-1.126628574254479598e-01
4.467252945220091531e-01,-1.127384541581019639e-01
4.467489985066489533e-01,-1.128138076232125253e-01
4.467727024912887535e-01,-1.128889177627107610e-01
4.468201104605684093e-01,-1.130384078332595799e-01
4.468438144452082095e-01,-1.131127876488361439e-01
4.468675184298480652e-01,-1.131869239078530653e-01
4.468912224144878653e-01,-1.132608165529053190e-01
4.469149263991276655e-01,-1.133344655267210510e-01
4.469386303837675212e-01,-1.134078707721614121e-01
4.469623343684073213e-01,-1.134810322322200027e-01
4.469860383530471215e-01,-1.135539498500242606e-01
4.470334463223267774e-01,-1.136990533320433872e-01
4.470571503069665775e-01,-1.137712390831778220e-01
4.470808542916064332e-01,-1.138431807658975559e-01
4.471045582762462334e-01,-1.139148783239953278e-01
4.471282622608860335e-01,-1.139863317013974919e-01
4.471519662455258892e-01,-1.140575408421640735e-01
4.471756702301656894e-01,-1.141285056904876027e-01
4.471993742148054896e-01,-1.141992261906948913e-01
4.472230781994452897e-01,-1.142697022872459778e-01
4.472704861687249456e-01,-1.144099210478874973e-01
4.472941901533647457e-01,-1.144796636015657509e-01
4.473178941380046014e-01,-1.145491615307641098e-01
4.473415981226444016e-01,-1.146184147806104670e-01
4.473653021072842018e-01,-1.146874232963669415e-01
4.473890060919240574e-01,-1.147561870234295456e-01
4.474127100765638576e-01,-1.148247059073276288e-01
4.474364140612036578e-01,-1.148929798937249891e-01
4.474838220304833136e-01,-1.150287929573418633e-01
4.475075260151231138e-01,-1.150963319265583817e-01
4.475312299997629695e-01,-1.151636257822687970e-01
4.475549339844027696e-01,-1.152306744708063158e-01
4.475786379690425698e-01,-1.152974779386394810e-01
4.476023419536824255e-01,-1.153640361323704511e-01
4.476260459383222257e-01,-1.154303489987354436e-01
4.476497499229620258e-01,-1.154964164846053465e-01
4.476971578922416817e-01,-1.156278151030151191e-01
4.477208618768814818e-01,-1.156931461299683384e-01
4.477445658615213375e-01,-1.157582315652538330e-01
4.477682698461611377e-01,-1.158230713564141756e-01
4.477919738308009379e-01,-1.158876654511270532e-01
4.478156778154407380e-01,-1.159520137972048226e-01
4.478393818000805937e-01,-1.160161163425942887e-01
4.478630857847203939e-01,-1.160799730353768711e-01
4.479104937540000497e-01,-1.162069486561213560e-01
4.479341977386398499e-01,-1.162700674809201695e-01
4.479579017232796501e-01,-1.163329402467861429e-01
4.479816057079195057e-01,-1.163955669024751560e-01
4.480053096925593059e-01,-1.164579473968776480e-01
4.480290136771991061e-01,-1.165200816790192273e-01
4.480527176618389618e-01,-1.165819696980607834e-01
4.480764216464787619e-01,-1.166436114032979310e-01
4.481001256311185621e-01,-1.167050067441617323e-01
4.481475336003982179e-01,-1.168270581311690037e-01
4.481712375850380181e-01,-1.168877140768501133e-01
4.481949415696778738e-01,-1.169481234572338768e-01
4.482186455543176740e-01,-1.170082862224272602e-01
4.482423495389574741e-01,-1.170682023226730095e-01
4.482660535235973298e-01,-1.171278717083492626e-01
4.482897575082371300e-01,-1.171872943299693270e-01
4.483134614928769301e-01,-1.172464701381822350e-01
4.483608694621565860e-01,-1.173640811176609455e-01
4.483845734467963862e-01,-1.174225161909026038e-01
4.484082774314362418e-01,-1.174807042546893165e-01
4.484319814160760420e-01,-1.175386452603481291e-01
4.484556854007158422e-01,-1.175963391593422003e-01
4.484793893853556424e-01,-1.176537859032702471e-01
4.485030933699954980e-01,-1.177109854438670999e-01
4.485267973546352982e-01,-1.177679377330028698e-01
4.485742053239149540e-01,-1.178811003650539480e-01
4.485979093085547542e-01,-1.179373106123900450e-01
4.486216132931945544e-01,-1.179932734171068587e-01
4.486453172778344101e-01,-1.180489887317554554e-01
4.486690212624742102e-01,-1.181044565090221821e-01
4.486927252471140104e-01,-1.181596767017300542e-01
4.487164292317538661e-01,-1.182146492628382561e-01
4.487401332163936662e-01,-1.182693741454419745e-01
4.487875411856733221e-01,-1.183780806881993830e-01
4.488112451703131223e-01,-1.184320622552253455e-01
4.488349491549529224e-01,-1.184857959574917574e-01
4.488586531395927781e-01,-1.185392817487759265e-01
4.488823571242325783e-01,-1.185925195829915513e-01
4.489060611088723785e-01,-1.186455094141888322e-01
4.489297650935122341e-01,-1.186982511965548603e-01
4.489534690781520343e-01,-1.187507448844130065e-01
4.489771730627918345e-01,-1.188029904322233099e-01
4.490245810320714903e-01,-1.189067369262252760e-01
4.490482850167112905e-01,-1.189582377820204706e-01
4.490719890013510907e-01,-1.190094903169760521e-01
4.490956929859909463e-01,-1.190604944862361791e-01
4.491193969706307465e-01,-1.191112502450811794e-01
4.491431009552705467e-01,-1.191617575489294922e-01
4.491668049399104024e-01,-1.192120163533359478e-01
4.491905089245502025e-01,-1.192620266139921004e-01
4.492379168938298584e-01,-1.193613013275069412e-01
4.492616208784696585e-01,-1.194105656924348002e-01
4.492853248631094587e-01,-1.194595813377508087e-01
4.493090288477493144e-01,-1.195083482198328606e-01
4.493327328323891146e-01,-1.195568662951952410e-01
4.493564368170289147e-01,-1.196051355204904021e-01
4.493801408016687704e-01,-1.196531558525077976e-01
4.494038447863085706e-01,-1.197009272481737163e-01
4.494512527555882264e-01,-1.197957230588465594e-01
4.494749567402280266e-01,-1.198427473883938998e-01
4.494986607248678268e-01,-1.198895226106715395e-01
4.495223647095076824e-01,-1.199360486832937167e-01
4.495460686941474826e-01,-1.199823255640121156e-01
4.495697726787872828e-01,-1.200283532107160323e-01
4.495934766634271385e-01,-1.200741315814327081e-01
4.496171806480669386e-01,-1.201196606343268303e-01
4.496645886173465390e-01,-1.202099706199950546e-01
4.496882926019863946e-01,-1.202547514697877573e-01
4.497119965866261948e-01,-1.202992828357948296e-01
4.497357005712659950e-01,-1.203435646768700185e-01
4.497594045559058507e-01,-1.203875969520053490e-01
4.497831085405456508e-01,-1.204313796203305698e-01
4.498068125251854510e-01,-1.204749126411132631e-01
4.498305165098253067e-01,-1.205181959737596231e-01
4.498542204944651068e-01,-1.205612295778132892e-01
4.499016284637447627e-01,-1.206465474390090442e-01
4.499253324483845629e-01,-1.206888316159296926e-01
4.499490364330243630e-01,-1.207308659038150989e-01
4.499727404176642187e-01,-1.207726502629001275e-01
4.499964444023040189e-01,-1.208141846535577546e-01
4.500201483869438190e-01,-1.208554690362997341e-01
4.500438523715836747e-01,-1.208965033717759319e-01
4.500675563562234749e-01,-1.209372876207746028e-01
4.501149643255031307e-01,-1.210181057031852192e-01
4.501386683101429309e-01,-1.210581394588661763e-01
4.501623722947827311e-01,-1.210979229726077411e-01
4.501860762794225868e-01,-1.211374562058910587e-01
4.502097802640623869e-01,-1.211767391203355526e-01
4.502334842487021871e-01,-1.212157716776995353e-01
4.502571882333419873e-01,-1.212545538398798195e-01
4.502808922179818429e-01,-1.212930855689123844e-01
4.503283001872614433e-01,-1.213693975763701083e-01
4.503520041719012990e-01,-1.214071777795607820e-01
4.503757081565410991e-01,-1.214447073991343218e-01
4.503994121411808993e-01,-1.214819863978206516e-01
4.504231161258207550e-01,-1.215190147384887509e-01
4.504468201104605551e-01,-1.215557923841463217e-01
4.504705240951003553e-01,-1.215923192979401213e-01
4.504942280797402110e-01,-1.216285954431562399e-01
4.505416360490198113e-01,-1.217003952816943513e-01
4.505653400336596670e-01,-1.217359189022840238e-01
4.505890440182994672e-01,-1.217711916088306534e-01
4.506127480029392673e-01,-1.218062133653163848e-01
4.506364519875791230e-01,-1.218409841358619738e-01
4.506601559722189232e-01,-1.218755038847276762e-01
4.506838599568587234e-01,-1.219097725763131912e-01
4.507075639414985790e-01,-1.219437901751576070e-01
4.507549719107781794e-01,-1.220110719534756583e-01
4.507786758954180351e-01,-1.220443360627246343e-01
4.508023798800578352e-01,-1.220773489387826372e-01
4.508260838646976354e-01,-1.221101105468860859e-01
4.508497878493374911e-01,-1.221426208524109547e-01
4.508734918339772912e-01,-1.221748798208726061e-01
4.508971958186170914e-01,-1.222068874179264020e-01
4.509208998032568916e-01,-1.222386436093669815e-01
4.509446037878967473e-01,-1.222701483611291495e-01
4.509920117571763476e-01,-1.223324034100543578e-01
4.510157157418162033e-01,-1.223631536397855601e-01
4.510394197264560034e-01,-1.223936522949740091e-01
4.510631237110958036e-01,-1.224238993422533950e-01
4.510868276957356593e-01,-1.224538947483971296e-01
4.511105316803754595e-01,-1.224836384803186240e-01
4.511342356650152596e-01,-1.225131305050713992e-01
4.511579396496551153e-01,-1.225423707898487535e-01
4.512053476189347156e-01,-1.226000960089510539e-01
4.512290516035745713e-01,-1.226285808783632580e-01
4.512527555882143715e-01,-1.226568138779742800e-01
4.512764595728541717e-01,-1.226847949756781353e-01
4.513001635574940273e-01,-1.227125241395090605e-01
4.513238675421338275e-01,-1.227400013376411803e-01
4.513475715267736277e-01,-1.227672265383892292e-01
4.513712755114134834e-01,-1.227941997102083849e-01
4.514186834806930837e-01,-1.228473898415802790e-01
4.514423874653329394e-01,-1.228736067387449227e-01
4.514660914499727395e-01,-1.228995714822037066e-01
4.514897954346125397e-01,-1.229252840411135250e-01
4.515134994192523399e-01,-1.229507443847717152e-01
4.515372034038921956e-01,-1.229759524826163353e-01
4.515609073885319957e-01,-1.230009083042256646e-01
4.515846113731717959e-01,-1.230256118193188697e-01
4.516320193424514517e-01,-1.230742618095360674e-01
4.516557233270912519e-01,-1.230982082248011644e-01
4.516794273117311076e-01,-1.231219022138329011e-01
4.517031312963709078e-01,-1.231453437470534373e-01
4.517268352810107079e-01,-1.231685327950259867e-01
4.517505392656505636e-01,-1.231914693284546503e-01
4.517742432502903638e-01,-1.232141533181841941e-01
4.517979472349301640e-01,-1.232365847352002719e-01
4.518216512195700196e-01,-1.232587635506295354e-01
4.518690591888496200e-01,-1.233023632619385523e-01
4.518927631734894756e-01,-1.233237841007763236e-01
4.519164671581292758e-01,-1.233449522239430940e-01
4.519401711427690760e-01,-1.233658676032705070e-01
4.519638751274089317e-01,-1.233865302107311490e-01
4.519875791120487318e-01,-1.234069400184385490e-01
4.520112830966885320e-01,-1.234270969986476230e-01
4.520349870813283877e-01,-1.234470011237546183e-01
4.520823950506079880e-01,-1.234860506989515216e-01
4.521060990352477882e-01,-1.235051960945398597e-01
4.521298030198876439e-01,-1.235240885260220911e-01
4.521535070045274440e-01,-1.235427279665005096e-01
4.521772109891672442e-01,-1.235611143892188513e-01
4.522009149738070999e-01,-1.235792477675621837e-01
4.522246189584469001e-01,-1.235971280750567947e-01
4.522483229430867002e-01,-1.236147552853705811e-01
4.522957309123663561e-01,-1.236492503098342577e-01
4.523194348970061562e-01,-1.236661180720271536e-01
4.523431388816460119e-01,-1.236827326331256249e-01
4.523668428662858121e-01,-1.236990939675049472e-01
4.523905468509256123e-01,-1.237152020496820604e-01
4.524142508355654679e-01,-1.237310568543157907e-01
4.524379548202052681e-01,-1.237466583562063516e-01
4.524616588048450683e-01,-1.237620065302958983e-01
4.525090667741247241e-01,-1.237919427955487262e-01
4.525327707587645243e-01,-1.238065308373045847e-01
4.525564747434043800e-01,-1.238208654524451391e-01
4.525801787280441801e-01,-1.238349466166211443e-01
4.526038827126839803e-01,-1.238487743056254087e-01
4.526275866973238360e-01,-1.238623484953927378e-01
4.526512906819636362e-01,-1.238756691619994910e-01
4.526749946666034363e-01,-1.238887362816643023e-01
4.526986986512432365e-01,-1.239015498307478036e-01
4.527461066205228923e-01,-1.239264161233225026e-01
4.527698106051626925e-01,-1.239384688202448959e-01
4.527935145898025482e-01,-1.239502678534482039e-01
4.528172185744423484e-01,-1.239618132000031570e-01
4.528409225590821485e-01,-1.239731048371228717e-01
4.528646265437220042e-01,-1.239841427421622400e-01
4.528883305283618044e-01,-1.239949268926185955e-01
4.529120345130016045e-01,-1.240054572661314913e-01
4.529594424822812604e-01,-1.240257565935960482e-01
4.529831464669210606e-01,-1.240355255035379689e-01
4.530068504515609162e-01,-1.240450405485172825e-01
4.530305544362007164e-01,-1.240543017068848064e-01
4.530542584208405166e-01,-1.240633089571340775e-01
4.530779624054803723e-01,-1.240720622779006299e-01
4.531016663901201724e-01,-1.240805616479628282e-01
4.531253703747599726e-01,-1.240888070462414783e-01
4.531727783440396284e-01,-1.241045358438429003e-01
4.531964823286794286e-01,-1.241120192017196033e-01
4.532201863133192843e-01,-1.241192485049205096e-01
4.532438902979590845e-01,-1.241262237330789109e-01
4.532675942825988846e-01,-1.241329448659707624e-01
4.532912982672387403e-01,-1.241394118835149052e-01
4.533150022518785405e-01,-1.241456247657723999e-01
4.533387062365183406e-01,-1.241515834929473594e-01
4.533861142057979965e-01,-1.241627384035789983e-01
4.534098181904377967e-01,-1.241679345481573327e-01
4.534335221750775968e-01,-1.241728764598964974e-01
4.534572261597174525e-01,-1.241775641197142566e-01
4.534809301443572527e-01,-1.241819975086713157e-01
4.535046341289970528e-01,-1.241861766079711549e-01
4.535283381136369085e-01,-1.241901013989602509e-01
4.535520420982767087e-01,-1.241937718631279108e-01
4.535757460829165089e-01,-1.241971879821064384e-01
4.536231540521961647e-01,-1.242032571117401285e-01
4.536468580368359649e-01,-1.242059100863748822e-01
4.536705620214758206e-01,-1.242083086437794637e-01
4.536942660061156207e-01,-1.242104527663016045e-01
4.537179699907554209e-01,-1.242123424364313111e-01
4.537416739753952766e-01,-1.242139776368025306e-01
4.537653779600350767e-01,-1.242153583501918734e-01
4.537890819446748769e-01,-1.242164845595191691e-01
4.538364899139545328e-01,-1.242179733983834189e-01
4.538601938985943329e-01,-1.242183359944760701e-01
4.538838978832341886e-01,-1.242184440196182904e-01
6.184132552682105599e-01,-1.245057186233830548e-01
6.184369592528503601e-01,-1.249192657504812343e-01
6.184606632374901602e-01,-1.253326544119563457e-01
6.184843672221300714e-01,-1.257458843725366426e-01
6.185080712067698716e-01,-1.261589553970215993e-01
6.185554791760494719e-01,-1.269846196972774788e-01
6.185791831606892721e-01,-1.273972125030100044e-01
6.186028871453290723e-01,-1.278096454325710063e-01
6.186265911299689835e-01,-1.282219182511267763e-01
6.186502951146087836e-01,-1.286340307239031699e-01
6.186739990992485838e-01,-1.290459826162115853e-01
6.186977030838883840e-01,-1.294577736934264256e-01
6.187214070685281841e-01,-1.298694037210023633e-01
6.187688150378078955e-01,-1.306921796894006671e-01
6.187925190224476957e-01,-1.311033251614878714e-01
6.188162230070874958e-01,-1.315143086464699018e-01
6.188399269917272960e-01,-1.319251299101599217e-01
6.188636309763670962e-01,-1.323357887184517523e-01
6.188873349610068963e-01,-1.327462848373054949e-01
6.189110389456466965e-01,-1.331566180327605209e-01
6.189347429302866077e-01,-1.335667880709324740e-01
6.189821508995662080e-01,-1.343866377402268553e-01
6.190058548842060082e-01,-1.347963169039455011e-01
6.190295588688458084e-01,-1.352058319755677918e-01
6.190532628534856086e-01,-1.356151827215735794e-01
6.190769668381255197e-01,-1.360243689085267604e-01
6.191006708227653199e-01,-1.364333903030529038e-01
6.191243748074051201e-01,-1.368422466718657304e-01
6.191480787920449202e-01,-1.372509377817453524e-01
6.191717827766847204e-01,-1.376594633995537054e-01
6.192191907459644318e-01,-1.384760172267649470e-01
6.192428947306042319e-01,-1.388840449702611890e-01
6.192665987152440321e-01,-1.392919062898757554e-01
6.192903026998838323e-01,-1.396996009528478910e-01
6.193140066845236325e-01,-1.401071287264876730e-01
6.193377106691634326e-01,-1.405144893781886672e-01
6.193614146538033438e-01,-1.409216826754157159e-01
6.193851186384431440e-01,-1.413287083857112658e-01
6.194325266077227443e-01,-1.421422561160624598e-01
6.194562305923625445e-01,-1.425487776715880228e-01
6.194799345770023447e-01,-1.429551307111244784e-01
6.195036385616421448e-01,-1.433613150025960237e-01
6.195273425462820560e-01,-1.437673303140133974e-01
6.195510465309218562e-01,-1.441731764134519533e-01
6.195747505155616563e-01,-1.445788530690778062e-01
6.195984545002014565e-01,-1.449843600491255158e-01
6.196458624694810569e-01,-1.457948640558365816e-01
6.196695664541209680e-01,-1.461998606193667394e-01
6.196932704387607682e-01,-1.466046865810544109e-01
6.197169744234005684e-01,-1.470093417095270638e-01
6.197406784080403686e-01,-1.474138257734963209e-01
6.197643823926801687e-01,-1.478181385417453586e-01
6.197880863773199689e-01,-1.482222797831433403e-01
6.198117903619598801e-01,-1.486262492666332036e-01
6.198591983312394804e-01,-1.494336720360609494e-01
6.198829023158792806e-01,-1.498371248602864969e-01
6.199066063005190808e-01,-1.502404050031738714e-01
6.199303102851588809e-01,-1.506435122340684107e-01
6.199540142697987921e-01,-1.510464463223902820e-01
6.199777182544385923e-01,-1.514492070376391997e-01
6.200014222390783925e-01,-1.518517941494005319e-01
6.200251262237181926e-01,-1.522542074273330881e-01
6.200488302083579928e-01,-1.526564466411829968e-01
6.200962381776375931e-01,-1.534604019559999144e-01
6.201199421622775043e-01,-1.538621175968573618e-01
6.201436461469173045e-01,-1.542636582534068768e-01
6.201673501315571047e-01,-1.546650236957936020e-01
6.201910541161969048e-01,-1.550662136942486669e-01
6.202147581008367050e-01,-1.554672280190777522e-01
6.202384620854765052e-01,-1.558680664406750793e-01
6.202621660701164163e-01,-1.562687287295111971e-01
6.203095740393960167e-01,-1.570695239911953922e-01
6.203332780240358169e-01,-1.574696565053993469e-01
6.203569820086756170e-01,-1.578696119695480737e-01
6.203806859933154172e-01,-1.582693901545260129e-01
6.204043899779553284e-01,-1.586689908313015929e-01
6.204280939625951286e-01,-1.590684137709150181e-01
6.204517979472349287e-01,-1.594676587445018057e-01
6.204755019318747289e-01,-1.598667255232713580e-01
6.205229099011543292e-01,-1.606643235816331838e-01
6.205466138857942404e-01,-1.610628544040688670e-01
6.205703178704340406e-01,-1.614612061173686386e-01
6.205940218550738408e-01,-1.618593784931672830e-01
6.206177258397136409e-01,-1.622573713031741360e-01
6.206414298243534411e-01,-1.626551843191895164e-01
6.206651338089932413e-01,-1.630528173130906255e-01
6.206888377936330414e-01,-1.634502700568455924e-01
6.207362457629127528e-01,-1.642446338821906826e-01
6.207599497475525530e-01,-1.646415445081332307e-01
6.207836537321923531e-01,-1.650382739726285464e-01
6.208073577168321533e-01,-1.654348220480671983e-01
6.208310617014719535e-01,-1.658311885069176372e-01
6.208547656861118647e-01,-1.662273731217422390e-01
6.208784696707516648e-01,-1.666233756651759323e-01
6.209021736553914650e-01,-1.670191959099514567e-01
6.209258776400312652e-01,-1.674148336288781014e-01
6.209732856093108655e-01,-1.682055605808711607e-01
6.209969895939507767e-01,-1.686006493599935818e-01
6.210206935785905769e-01,-1.689955547053733631e-01
6.210443975632303770e-01,-1.693902763902581099e-01
6.210681015478701772e-01,-1.697848141879724215e-01
6.210918055325099774e-01,-1.701791678719324907e-01
6.211155095171497775e-01,-1.705733372156412186e-01
6.211392135017896887e-01,-1.709673219926846621e-01
6.211866214710692891e-01,-1.717547369415575176e-01
6.212103254557090892e-01,-1.721481666609986361e-01
6.212340294403488894e-01,-1.725414109089922210e-01
6.212577334249886896e-01,-1.729344694595646992e-01
6.212814374096284897e-01,-1.733273420868227110e-01
6.213051413942684009e-01,-1.737200285649693199e-01
6.213288453789082011e-01,-1.741125286682831397e-01
6.213525493635480013e-01,-1.745048421711428155e-01
6.213999573328276016e-01,-1.752889084734261527e-01
6.214236613174674018e-01,-1.756806608220371491e-01
6.214473653021073130e-01,-1.760722256685705034e-01
6.214710692867471131e-01,-1.764636027878335178e-01
6.214947732713869133e-01,-1.768547919547332481e-01
6.215184772560267135e-01,-1.772457929442632363e-01
6.215421812406665136e-01,-1.776366055315012349e-01
6.215658852253063138e-01,-1.780272294916203646e-01
6.216132931945860252e-01,-1.788079106316236011e-01
6.216369971792258253e-01,-1.791979673622920433e-01
6.216607011638656255e-01,-1.795878345674150056e-01
6.216844051485054257e-01,-1.799775120226060343e-01
6.217081091331452258e-01,-1.803669995035758200e-01
6.217318131177851370e-01,-1.807562967861196523e-01
6.217555171024249372e-01,-1.811454036461245809e-01
6.217792210870647374e-01,-1.815343198595663066e-01
6.218029250717045375e-01,-1.819230452025162315e-01
6.218503330409841379e-01,-1.826999223816557216e-01
6.218740370256239380e-01,-1.830880737704374539e-01
6.218977410102638492e-01,-1.834760333939035037e-01
6.219214449949036494e-01,-1.838638010285751911e-01
6.219451489795434496e-01,-1.842513764510638752e-01
6.219688529641832497e-01,-1.846387594380771713e-01
6.219925569488230499e-01,-1.850259497664073494e-01
6.220162609334628501e-01,-1.854129472129452116e-01
6.220636689027425614e-01,-1.861863625686460688e-01
6.220873728873823616e-01,-1.865727800320409191e-01
6.221110768720221618e-01,-1.869590037221107726e-01
6.221347808566619619e-01,-1.873450334161993469e-01
6.221584848413017621e-01,-1.877308688917496693e-01
6.221821888259416733e-01,-1.881165099262921969e-01
6.222058928105814735e-01,-1.885019562974495355e-01
6.222295967952212736e-01,-1.888872077829427676e-01
6.222770047645008740e-01,-1.896571252082643877e-01
6.223007087491406741e-01,-1.900417907039929633e-01
6.223244127337805853e-01,-1.904262604258593061e-01
6.223481167184203855e-01,-1.908105341520400788e-01
6.223718207030601857e-01,-1.911946116608171375e-01
6.223955246876999858e-01,-1.915784927305578811e-01
6.224192286723397860e-01,-1.919621771397299614e-01
6.224429326569795862e-01,-1.923456646668886272e-01
6.224903406262592975e-01,-1.931120481898782049e-01
6.225140446108990977e-01,-1.934949437432951225e-01
6.225377485955388979e-01,-1.938776415298746891e-01
6.225614525801786980e-01,-1.942601413286503820e-01
6.225851565648184982e-01,-1.946424429187438299e-01
6.226088605494582984e-01,-1.950245460793765817e-01
6.226325645340982096e-01,-1.954064505898672199e-01
6.226562685187380097e-01,-1.957881562296187594e-01
6.227036764880176101e-01,-1.965509700150336325e-01
6.227273804726574102e-01,-1.969320777199941586e-01
6.227510844572972104e-01,-1.973129856728120246e-01
6.227747884419371216e-01,-1.976936936533802425e-01
6.227984924265769218e-01,-1.980742014416755903e-01
6.228221964112167219e-01,-1.984545088177832040e-01
6.228459003958565221e-01,-1.988346155618758160e-01
6.228696043804963223e-01,-1.992145214542291320e-01
6.228933083651361224e-01,-1.995942262752088969e-01
6.229407163344158338e-01,-2.003530318250147935e-01
6.229644203190556340e-01,-2.007321321150587479e-01
6.229881243036954341e-01,-2.011110304561755657e-01
6.230118282883352343e-01,-2.014897266292150491e-01
6.230355322729750345e-01,-2.018682204151310833e-01
6.230592362576149457e-01,-2.022465115949700354e-01
6.230829402422547458e-01,-2.026245999498770267e-01
6.231066442268945460e-01,-2.030024852610938235e-01
6.231540521961741463e-01,-2.037576458779243316e-01
6.231777561808139465e-01,-2.041349207465138482e-01
6.232014601654537467e-01,-2.045119916973646146e-01
6.232251641500936579e-01,-2.048888585122150552e-01
6.232488681347334580e-01,-2.052655209728900254e-01
6.232725721193732582e-01,-2.056419788613252364e-01
6.232962761040130584e-01,-2.060182319595460498e-01
6.233199800886528585e-01,-2.063942800496822993e-01
6.233673880579325699e-01,-2.071457603347106047e-01
6.233910920425723701e-01,-2.075211920943521027e-01
6.234147960272121702e-01,-2.078964179754097530e-01
6.234385000118519704e-01,-2.082714377605109357e-01
6.234622039964917706e-01,-2.086462512323759566e-01
6.234859079811315707e-01,-2.090208581738313143e-01
6.235096119657714819e-01,-2.093952583677990420e-01
6.235333159504112821e-01,-2.097694515973019258e-01
6.235807239196908824e-01,-2.105172162955059045e-01
6.236044279043306826e-01,-2.108907873307548364e-01
6.236281318889704828e-01,-2.112641505346363746e-01
6.236518358736103940e-01,-2.116373056906742933e-01
6.236755398582501941e-01,-2.120102525824926754e-01
6.236992438428899943e-01,-2.123829909938219629e-01
6.237229478275297945e-01,-2.127555207084868560e-01
6.237466518121695946e-01,-2.131278415104198021e-01
6.237703557968093948e-01,-2.134999531836478392e-01
6.238177637660891062e-01,-2.142435482806273606e-01
6.238414677507289063e-01,-2.146150312729454557e-01
6.238651717353687065e-01,-2.149863042736961938e-01
6.238888757200085067e-01,-2.153573670674220342e-01
6.239125797046483068e-01,-2.157282194387605823e-01
6.239362836892881070e-01,-2.160988611724583008e-01
6.239599876739280182e-01,-2.164692920533592968e-01
6.239836916585678184e-01,-2.168395118664112609e-01
6.240310996278474187e-01,-2.175793174292725007e-01
6.240548036124872189e-01,-2.179489027494914688e-01
6.240785075971270190e-01,-2.183182761426811225e-01
6.241022115817669302e-01,-2.186874373943070715e-01
6.241259155664067304e-01,-2.190563862899281844e-01
6.241496195510465306e-01,-2.194251226152186263e-01
6.241733235356863307e-01,-2.197936461559474863e-01
6.241970275203261309e-01,-2.201619566979939324e-01
6.242444354896058423e-01,-2.208979379300586854e-01
6.242681394742456424e-01,-2.212656081923468632e-01
6.242918434588854426e-01,-2.216330646004958660e-01
6.243155474435252428e-01,-2.220003069408988949e-01
6.243392514281650429e-01,-2.223673350000597293e-01
6.243629554128048431e-01,-2.227341485645802921e-01
6.243866593974446433e-01,-2.231007474211734176e-01
6.244103633820845545e-01,-2.234671313566524153e-01
6.244577713513641548e-01,-2.241992536120482882e-01
6.244814753360039550e-01,-2.245649915061198043e-01
6.245051793206437551e-01,-2.249305136273871408e-01
6.245288833052835553e-01,-2.252958197631877990e-01
6.245525872899234665e-01,-2.256609097009725784e-01
6.245762912745632667e-01,-2.260257832282867030e-01
6.245999952592030668e-01,-2.263904401327923033e-01
6.246236992438428670e-01,-2.267548802022499310e-01
6.246474032284826672e-01,-2.271191032245321040e-01
6.246948111977623785e-01,-2.278468972795747449e-01
6.247185151824021787e-01,-2.282104678886040516e-01
6.247422191670419789e-01,-2.285738206029992448e-01
6.247659231516817790e-01,-2.289369552111591988e-01
6.247896271363215792e-01,-2.292998715015935884e-01
6.248133311209613794e-01,-2.296625692629202242e-01
6.248370351056012906e-01,-2.300250482838596677e-01
6.248607390902410907e-01,-2.303873083532421706e-01
6.249081470595206911e-01,-2.311111707931904902e-01
6.249318510441604912e-01,-2.314727727419535475e-01
6.249555550288002914e-01,-2.318341548955554221e-01
6.249792590134400916e-01,-2.321953170433608826e-01
6.250029629980800028e-01,-2.325562589748505493e-01
6.250266669827198029e-01,-2.329169804796021870e-01
6.250503709673596031e-01,-2.332774813473123543e-01
6.250740749519994033e-01,-2.336377613677789733e-01
6.251214829212790036e-01,-2.343576580267323628e-01
6.251451869059189148e-01,-2.347172742453634831e-01
6.251688908905587150e-01,-2.350766687770406982e-01
6.251925948751985151e-01,-2.354358414121072163e-01
6.252162988598383153e-01,-2.357947919410193771e-01
6.252400028444781155e-01,-2.361535201543369378e-01
6.252637068291179157e-01,-2.365120258427348410e-01
6.252874108137578268e-01,-2.368703087969935561e-01
6.253348187830374272e-01,-2.375862056667650823e-01
6.253585227676772273e-01,-2.379438191643913902e-01
6.253822267523170275e-01,-2.383012090921005077e-01
6.254059307369568277e-01,-2.386583752412265724e-01
6.254296347215967389e-01,-2.390153174032093597e-01
6.254533387062365390e-01,-2.393720353696002223e-01
6.254770426908763392e-01,-2.397285289320599810e-01
6.255007466755161394e-01,-2.400847978823643647e-01
6.255244506601559396e-01,-2.404408420123939072e-01
6.255718586294355399e-01,-2.411522549797235349e-01
6.255955626140754511e-01,-2.415076234013457390e-01
6.256192665987152512e-01,-2.418627661713390053e-01
6.256429705833550514e-01,-2.422176830821410332e-01
6.256666745679948516e-01,-2.425723739263057621e-01
6.256903785526346518e-01,-2.429268384964926586e-01
6.257140825372744519e-01,-2.432810765854787061e-01
6.257377865219143631e-01,-2.436350879861489682e-01
6.257851944911939635e-01,-2.443424298946438866e-01
6.258088984758337636e-01,-2.446957599888029966e-01
6.258326024604735638e-01,-2.450488625673103993e-01
6.258563064451133640e-01,-2.454017374236166504e-01
6.258800104297532751e-01,-2.457543843512803861e-01
6.259037144143930753e-01,-2.461068031439726522e-01
6.259274183990328755e-01,-2.464589935954825117e-01
6.259511223836726757e-01,-2.468109554997056643e-01
6.259985303529522760e-01,-2.475141928424591797e-01
6.260222343375921872e-01,-2.478654678693549829e-01
6.260459383222319873e-01,-2.482165135256904631e-01
6.260696423068717875e-01,-2.485673296059359716e-01
6.260933462915115877e-01,-2.489179159046681633e-01
6.261170502761513879e-01,-2.492682722165835418e-01
6.261407542607911880e-01,-2.496183983364865244e-01
6.261644582454309882e-01,-2.499682940593017100e-01
6.262118662147106996e-01,-2.506673934939223636e-01
6.262355701993504997e-01,-2.510165967961414668e-01
6.262592741839902999e-01,-2.513655688821016532e-01
6.262829781686301001e-01,-2.517143095472988423e-01
6.263066821532699002e-01,-2.520628185873390326e-01
6.263303861379098114e-01,-2.524110957979510128e-01
6.263540901225496116e-01,-2.527591409749678220e-01
6.263777941071894118e-01,-2.531069539143486202e-01
6.264014980918292119e-01,-2.534545344121602595e-01
6.264489060611088123e-01,-2.541489972679396026e-01
6.264726100457487235e-01,-2.544958792186267083e-01
6.264963140303885236e-01,-2.548425279131791843e-01
6.265200180150283238e-01,-2.551889431482501913e-01
6.265437219996681240e-01,-2.555351247206016363e-01
6.265674259843079241e-01,-2.558810724271176062e-01
6.265911299689477243e-01,-2.562267860647925999e-01
6.266148339535876355e-01,-2.565722654307438511e-01
6.266622419228672358e-01,-2.572625205365066670e-01
6.266859459075070360e-01,-2.576072958711315697e-01
6.267096498921468362e-01,-2.579518361236529111e-01
6.267333538767866363e-01,-2.582961410917716805e-01
6.267570578614264365e-01,-2.586402105733006107e-01
6.267807618460663477e-01,-2.589840443661773350e-01
6.268044658307061479e-01,-2.593276422684457350e-01
6.268281698153459480e-01,-2.596710040782786444e-01
6.268755777846255484e-01,-2.603570186138924880e-01
6.268992817692653485e-01,-2.606996709365987375e-01
6.269229857539052597e-01,-2.610420863607214592e-01
6.269466897385450599e-01,-2.613842646850125240e-01
6.269703937231848601e-01,-2.617262057083525884e-01
6.269940977078246602e-01,-2.620679092297334423e-01
6.270178016924644604e-01,-2.624093750482697773e-01
6.270415056771042606e-01,-2.627506029631952456e-01
6.270889136463839719e-01,-2.634323442797309456e-01
6.271126176310237721e-01,-2.637728572803983429e-01
6.271363216156635723e-01,-2.641131315755722575e-01
6.271600256003033724e-01,-2.644531669650770911e-01
6.271837295849431726e-01,-2.647929632488624785e-01
6.272074335695830838e-01,-2.651325202269937398e-01
6.272311375542228840e-01,-2.654718376996565432e-01
6.272548415388626841e-01,-2.658109154671554064e-01
6.273022495081422845e-01,-2.664883510884902829e-01
6.273259534927820846e-01,-2.668267085435384045e-01
6.273496574774219958e-01,-2.671648254958481905e-01
6.273733614620617960e-01,-2.675027017463246781e-01
6.273970654467015962e-01,-2.678403370959981378e-01
6.274207694313413963e-01,-2.681777313460137480e-01
6.274444734159811965e-01,-2.685148842976430861e-01
6.274681774006209967e-01,-2.688517957522727486e-01
6.274918813852607968e-01,-2.691884655114166192e-01
6.275392893545405082e-01,-2.698610791498902706e-01
6.275629933391803084e-01,-2.701970226328461733e-01
6.275866973238201085e-01,-2.705327236275713032e-01
6.276104013084599087e-01,-2.708681819361803966e-01
6.276341052930997089e-01,-2.712033973609155879e-01
6.276578092777396201e-01,-2.715383697041369171e-01
6.276815132623794202e-01,-2.718730987683272704e-01
6.277052172470192204e-01,-2.722075843560906039e-01
6.277526252162988207e-01,-2.728758243133745376e-01
6.277763292009386209e-01,-2.732095782887158930e-01
6.278000331855785321e-01,-2.735430879992795106e-01
6.278237371702183323e-01,-2.738763532482770269e-01
6.278474411548581324e-01,-2.742093738390534163e-01
6.278711451394979326e-01,-2.745421495750692276e-01
6.278948491241377328e-01,-2.748746802599137395e-01
6.279185531087775329e-01,-2.752069656972941369e-01
6.279659610780572443e-01,-2.758708000451248754e-01
6.279896650626970445e-01,-2.762023485636102005e-01
6.280133690473368446e-01,-2.765336510507045431e-01
6.280370730319766448e-01,-2.768647073107382561e-01
6.280607770166164450e-01,-2.771955171481599312e-01
6.280844810012562451e-01,-2.775260803675479448e-01
6.281081849858961563e-01,-2.778563967736005225e-01
6.281318889705359565e-01,-2.781864661711397901e-01
6.281792969398155568e-01,-2.788458631606026694e-01
6.282030009244553570e-01,-2.791751903627963105e-01
6.282267049090951572e-01,-2.795042697770175888e-01
6.282504088937350684e-01,-2.798331012087179048e-01
6.282741128783748685e-01,-2.801616844634633452e-01
6.282978168630146687e-01,-2.804900193469556102e-01
6.283215208476544689e-01,-2.808181056650139173e-01
6.283452248322942690e-01,-2.811459432235891565e-01
6.283689288169340692e-01,-2.814735318287513999e-01
6.284163367862137806e-01,-2.821279614037653372e-01
6.284400407708535807e-01,-2.824548019863902248e-01
6.284637447554933809e-01,-2.827813928411521127e-01
6.284874487401331811e-01,-2.831077337747546219e-01
6.285111527247729812e-01,-2.834338245940275502e-01
6.285348567094128924e-01,-2.837596651059245412e-01
6.285585606940526926e-01,-2.840852551175265250e-01
6.285822646786924928e-01,-2.844105944360398874e-01
6.286296726479720931e-01,-2.850605202232705526e-01
6.286533766326118933e-01,-2.853851063070370619e-01
6.286770806172516934e-01,-2.857094409278136404e-01
6.287007846018916046e-01,-2.860335238934466062e-01
6.287244885865314048e-01,-2.863573550118996836e-01
6.287481925711712050e-01,-2.866809340912737647e-01
6.287718965558110051e-01,-2.870042609397904787e-01
6.287956005404508053e-01,-2.873273353658044593e-01
6.288430085097305167e-01,-2.879727261843643693e-01
6.288667124943703168e-01,-2.882950421942543917e-01
6.288904164790101170e-01,-2.886171050163245932e-01
6.289141204636499172e-01,-2.889389144595691516e-01
6.289378244482897173e-01,-2.892604703331052574e-01
6.289615284329295175e-01,-2.895817724461841047e-01
6.289852324175694287e-01,-2.899028206081811221e-01
6.290089364022092289e-01,-2.902236146286016338e-01
6.290563443714888292e-01,-2.908644394833778124e-01
6.290800483561286294e-01,-2.911844699373888901e-01
6.291037523407684295e-01,-2.915042454891359491e-01
6.291274563254083407e-01,-2.918237659487679103e-01
6.291511603100481409e-01,-2.921430311265646451e-01
6.291748642946879411e-01,-2.924620408329342003e-01
6.291985682793277412e-01,-2.927807948784168501e-01
6.292222722639675414e-01,-2.930992930736825430e-01
6.292459762486073416e-01,-2.934175352295272932e-01
6.292933842178870529e-01,-2.940532506668036561e-01
6.293170882025268531e-01,-2.943707235704809966e-01
6.293407921871666533e-01,-2.946879396792316808e-01
6.293644961718064534e-01,-2.950048988045075316e-01
6.293882001564462536e-01,-2.953216007578858271e-01
6.294119041410860538e-01,-2.956380453510798478e-01
6.294356081257259650e-01,-2.959542323959293286e-01
6.294593121103657651e-01,-2.962701617044062319e-01
6.295067200796453655e-01,-2.969012463607850760e-01
6.295304240642851656e-01,-2.972164013332863064e-01
6.295541280489249658e-01,-2.975312978186158697e-01
6.295778320335648770e-01,-2.978459356294008709e-01
6.296015360182046772e-01,-2.981603145783990882e-01
6.296252400028444773e-01,-2.984744344785049686e-01
6.296489439874842775e-01,-2.987882951427389688e-01
6.296726479721240777e-01,-2.991018963842588807e-01
6.297200559414037890e-01,-2.997283198524334225e-01
6.297437599260435892e-01,-3.000411417060573349e-01
6.297674639106833894e-01,-3.003537033909091658e-01
6.297911678953231895e-01,-3.006660047208025155e-01
6.298148718799629897e-01,-3.009780455096890961e-01
6.298385758646027899e-01,-3.012898255716477403e-01
6.298622798492425900e-01,-3.016013447208958365e-01
6.298859838338825012e-01,-3.019126027717797811e-01
6.299333918031621016e-01,-3.025343348365080454e-01
6.299570957878019017e-01,-3.028448084797132900e-01
6.299807997724417019e-01,-3.031550202832771213e-01
6.300045037570815021e-01,-3.034649700622109592e-01
6.300282077417214133e-01,-3.037746576316661118e-01
6.300519117263612134e-01,-3.040840828069185653e-01
6.300756157110010136e-01,-3.043932454033875246e-01
6.300993196956408138e-01,-3.047021452366195371e-01
6.301230236802806139e-01,-3.050107821223003723e-01
6.301704316495603253e-01,-3.056272663144091739e-01
6.301941356342001255e-01,-3.059351132528734807e-01
6.302178396188399256e-01,-3.062426965078626218e-01
6.302415436034797258e-01,-3.065500158957296106e-01
6.302652475881195260e-01,-3.068570712329670158e-01
6.302889515727593261e-01,-3.071638623361974130e-01
6.303126555573992373e-01,-3.074703890221833769e-01
6.303363595420390375e-01,-3.077766511078187106e-01
6.303837675113186378e-01,-3.083883807462930449e-01
6.304074714959584380e-01,-3.086938479335989971e-01
6.304311754805982382e-01,-3.089990497894895549e-01
6.304548794652380383e-01,-3.093039861315346473e-01
6.304785834498779495e-01,-3.096086567774466447e-01
6.305022874345177497e-01,-3.099130615450639281e-01
6.305259914191575499e-01,-3.102172002523706507e-01
6.305496954037973500e-01,-3.105210727174807506e-01
6.305971033730769504e-01,-3.111280181942619461e-01
6.306208073577168616e-01,-3.114310908428487013e-01
6.306445113423566617e-01,-3.117338965230660452e-01
6.306682153269964619e-01,-3.120364350537150333e-01
6.306919193116362621e-01,-3.123387062537323899e-01
6.307156232962760622e-01,-3.126407099421879554e-01
6.307393272809158624e-01,-3.129424459382936785e-01
6.307630312655557736e-01,-3.132439140613948458e-01
6.308104392348353739e-01,-3.138460459666538860e-01
6.308341432194751741e-01,-3.141467093881931127e-01
6.308578472041149743e-01,-3.144471042154860507e-01
6.308815511887547745e-01,-3.147472302685693224e-01
6.309052551733946856e-01,-3.150470873676132211e-01
6.309289591580344858e-01,-3.153466753329273731e-01
6.309526631426742860e-01,-3.156459939849582952e-01
6.309763671273140861e-01,-3.159450431442943907e-01
6.310237750965936865e-01,-3.165423322679115081e-01
6.310474790812334867e-01,-3.168405718740560095e-01
6.310711830658733978e-01,-3.171385412712329765e-01
6.310948870505131980e-01,-3.174362402807189287e-01
6.311185910351529982e-01,-3.177336687239299406e-01
6.311422950197927983e-01,-3.180308264224246395e-01
6.311659990044325985e-01,-3.183277131978954344e-01
6.311897029890723987e-01,-3.186243288721789524e-01
6.312134069737123099e-01,-3.189206732672477118e-01
6.312608149429919102e-01,-3.195125475083299138e-01
6.312845189276317104e-01,-3.198080769989888328e-01
6.313082229122715106e-01,-3.201033344997203933e-01
6.313319268969113107e-01,-3.203983198331983306e-01
6.313556308815512219e-01,-3.206930328222331594e-01
6.313793348661910221e-01,-3.209874732897757266e-01
6.314030388508308222e-01,-3.212816410589168781e-01
6.314267428354706224e-01,-3.215755359528892354e-01
6.314741508047502228e-01,-3.221625064089589374e-01
6.314978547893901339e-01,-3.224555816182234080e-01
6.315215587740299341e-01,-3.227483832466487845e-01
6.315452627586697343e-01,-3.230409111181734572e-01
6.315689667433095345e-01,-3.233331650568711524e-01
6.315926707279493346e-01,-3.236251448869603697e-01
6.316163747125891348e-01,-3.239168504327971654e-01
6.316400786972289350e-01,-3.242082815188824796e-01
6.316874866665086463e-01,-3.247903196104995338e-01
6.317111906511484465e-01,-3.250809262657351484e-01
6.317348946357882467e-01,-3.253712577606305834e-01
6.317585986204280468e-01,-3.256613139203904383e-01
6.317823026050678470e-01,-3.259510945703647522e-01
6.318060065897077582e-01,-3.262405995360467825e-01
6.318297105743475583e-01,-3.265298286430647901e-01
6.318534145589873585e-01,-3.268187817171974707e-01
6.319008225282669589e-01,-3.273958590706153027e-01
6.319245265129067590e-01,-3.276839830021629485e-01
6.319482304975466702e-01,-3.279718302053522549e-01
6.319719344821864704e-01,-3.282594005066660214e-01
6.319956384668262706e-01,-3.285466937327389259e-01
6.320193424514660707e-01,-3.288337097103425366e-01
6.320430464361058709e-01,-3.291204482663960817e-01
6.320667504207456711e-01,-3.294069092279575672e-01
6.320904544053855822e-01,-3.296930924222342130e-01
6.321378623746651826e-01,-3.302646248184525346e-01
6.321615663593049828e-01,-3.305499736755203033e-01
6.321852703439447829e-01,-3.308350440755499777e-01
6.322089743285845831e-01,-3.311198358464645386e-01
6.322326783132244943e-01,-3.314043488163288531e-01
6.322563822978642945e-01,-3.316885828133520064e-01
6.322800862825040946e-01,-3.319725376658869687e-01
6.323037902671438948e-01,-3.322562132024347026e-01
6.323511982364234951e-01,-3.328227256422776614e-01
6.323749022210632953e-01,-3.331055622032917940e-01
6.323986062057032065e-01,-3.333881187637577348e-01
6.324223101903430067e-01,-3.336703951528917633e-01
6.324460141749828068e-01,-3.339523912000635919e-01
6.324697181596226070e-01,-3.342341067347822658e-01
6.324934221442624072e-01,-3.345155415867064885e-01
6.325171261289022073e-01,-3.347966955856354065e-01
6.325645340981819187e-01,-3.353581603444473203e-01
6.325882380828217189e-01,-3.356384707646581367e-01
6.326119420674615190e-01,-3.359184996525372835e-01
6.326356460521013192e-01,-3.361982468386118805e-01
6.326593500367411194e-01,-3.364777121535598159e-01
6.326830540213810306e-01,-3.367568954282013083e-01
6.327067580060208307e-01,-3.370357964935035699e-01
6.327304619906606309e-01,-3.373144151805792523e-01
6.327778699599402312e-01,-3.378708047452421148e-01
6.328015739445800314e-01,-3.381485752857887883e-01
6.328252779292199426e-01,-3.384260627740292016e-01
6.328489819138597428e-01,-3.387032670418094193e-01
6.328726858984995429e-01,-3.389801879211217228e-01
6.328963898831393431e-01,-3.392568252441072740e-01
6.329200938677791433e-01,-3.395331788430544506e-01
6.329437978524189434e-01,-3.398092485503954041e-01
6.329675018370587436e-01,-3.400850341987140535e-01
6.330149098063384550e-01,-3.406357526493440924e-01
6.330386137909782551e-01,-3.409106851175550679e-01
6.330623177756180553e-01,-3.411853328585449097e-01
6.330860217602578555e-01,-3.414596957056308391e-01
6.331097257448976556e-01,-3.417337734922828441e-01
6.331334297295375668e-01,-3.420075660521152416e-01
6.331571337141773670e-01,-3.422810732188911187e-01
6.331808376988171672e-01,-3.425542948265215548e-01
6.332282456680967675e-01,-3.430998807007390461e-01
6.332519496527365677e-01,-3.433722446358916658e-01
6.332756536373764789e-01,-3.436443223490313059e-01
6.332993576220162790e-01,-3.439161136748110081e-01
6.333230616066560792e-01,-3.441876184480363587e-01
6.333467655912958794e-01,-3.444588365036573840e-01
6.333704695759356795e-01,-3.447297676767776542e-01
6.333941735605754797e-01,-3.450004118026450683e-01
6.334415815298551911e-01,-3.455408382543758705e-01
6.334652855144949912e-01,-3.458106202514853456e-01
6.334889894991347914e-01,-3.460801145438372473e-01
6.335126934837745916e-01,-3.463493209674316509e-01
6.335363974684143917e-01,-3.466182393584139598e-01
6.335601014530541919e-01,-3.468868695530835655e-01
6.335838054376941031e-01,-3.471552113878869639e-01
6.336075094223339033e-01,-3.474232646994214191e-01
6.336549173916135036e-01,-3.479585050998221796e-01
6.336786213762533038e-01,-3.482256918626370767e-01
6.337023253608931039e-01,-3.484925894500746635e-01
6.337260293455330151e-01,-3.487591976994879328e-01
6.337497333301728153e-01,-3.490255164483723194e-01
6.337734373148126155e-01,-3.492915455343822417e-01
6.337971412994524156e-01,-3.495572847953172246e-01
6.338208452840922158e-01,-3.498227340691324461e-01
6.338445492687320160e-01,-3.500878931939298555e-01
6.338919572380117273e-01,-3.506173403496483099e-01
6.339156612226515275e-01,-3.508816280575327573e-01
6.339393652072913277e-01,-3.511456249703284183e-01
6.339630691919311278e-01,-3.514093309268987442e-01
6.339867731765709280e-01,-3.516727457662540690e-01
6.340104771612108392e-01,-3.519358693275616012e-01
6.340341811458506394e-01,-3.521987014501365421e-01
6.340578851304904395e-01,-3.524612419734466373e-01
6.341052930997700399e-01,-3.529854475809117709e-01
6.341289970844098400e-01,-3.532471123447652461e-01
6.341527010690496402e-01,-3.535084848687508607e-01
6.341764050536895514e-01,-3.537695649931023034e-01
6.342001090383293516e-01,-3.540303525581978139e-01
6.342238130229691517e-01,-3.542908474045767253e-01
6.342475170076089519e-01,-3.545510493729254753e-01
6.342712209922487521e-01,-3.548109583040877091e-01
6.343186289615284634e-01,-3.553298964189808284e-01
6.343423329461682636e-01,-3.555889252851593962e-01
6.343660369308080638e-01,-3.558476604790480335e-01
6.343897409154478639e-01,-3.561061018422554403e-01
6.344134449000876641e-01,-3.563642492165411957e-01
6.344371488847274643e-01,-3.566221024438221976e-01
6.344608528693673755e-01,-3.568796613661664452e-01
6.344845568540071756e-01,-3.571369258257961476e-01
6.345319648232867760e-01,-3.576505707265719147e-01
6.345556688079265761e-01,-3.579069508529333365e-01
6.345793727925663763e-01,-3.581630358870127040e-01
6.346030767772062875e-01,-3.584188256718021659e-01
6.346267807618460877e-01,-3.586743200504496354e-01
6.346504847464858878e-01,-3.589295188662564584e-01
6.346741887311256880e-01,-3.591844219626818546e-01
6.346978927157654882e-01,-3.594390291833357010e-01
6.347453006850450885e-01,-3.599473553725541786e-01
6.347690046696849997e-01,-3.602010740291174962e-01
6.347927086543247999e-01,-3.604544961859069696e-01
6.348164126389646000e-01,-3.607076216873089658e-01
6.348401166236044002e-01,-3.609604503778677254e-01
6.348638206082442004e-01,-3.612129821022794784e-01
6.348875245928840005e-01,-3.614652167053995502e-01
6.349112285775239117e-01,-3.617171540322363654e-01
6.349349325621637119e-01,-3.619687939279542244e-01
6.349823405314433122e-01,-3.624711808074722041e-01
6.350060445160831124e-01,-3.627219274823815232e-01
6.350297485007229126e-01,-3.629723761083921696e-01
6.350534524853628238e-01,-3.632225265314485974e-01
6.350771564700026239e-01,-3.634723785976518018e-01
6.351008604546424241e-01,-3.637219321532588756e-01
6.351245644392822243e-01,-3.639711870446852293e-01
6.351482684239220244e-01,-3.642201431185029259e-01
6.351956763932017358e-01,-3.647171582003776447e-01
6.352193803778415360e-01,-3.649652169023597237e-01
6.352430843624813361e-01,-3.652129761745858127e-01
6.352667883471211363e-01,-3.654604358644094608e-01
6.352904923317609365e-01,-3.657075958193459764e-01
6.353141963164007366e-01,-3.659544558870633235e-01
6.353379003010405368e-01,-3.662010159153912259e-01
6.353616042856804480e-01,-3.664472757523142832e-01
6.354090122549600483e-01,-3.669388942446724089e-01
6.354327162395998485e-01,-3.671842525968677107e-01
6.354564202242396487e-01,-3.674293101511746373e-01
6.354801242088794488e-01,-3.676740667563687115e-01
6.355038281935193600e-01,-3.679185222613842177e-01
6.355275321781591602e-01,-3.681626765153075409e-01
6.355512361627989604e-01,-3.684065293673906005e-01
6.355749401474387605e-01,-3.686500806670386376e-01
6.356223481167183609e-01,-3.691362780074552985e-01
6.356460521013582721e-01,-3.693789237478320997e-01
6.356697560859980722e-01,-3.696212673349876798e-01
6.356934600706378724e-01,-3.698633086191256414e-01
6.357171640552776726e-01,-3.701050474506034638e-01
6.357408680399174727e-01,-3.703464836799419402e-01
6.357645720245572729e-01,-3.705876171578169620e-01
6.357882760091971841e-01,-3.708284477350685115e-01
6.358119799938369843e-01,-3.710689752626888938e-01
6.358593879631165846e-01,-3.715491205738267189e-01
6.358830919477563848e-01,-3.717887380601335723e-01
6.359067959323961849e-01,-3.720280519023936305e-01
6.359304999170359851e-01,-3.722670619523993363e-01
6.359542039016758963e-01,-3.725057680621084444e-01
6.359779078863156965e-01,-3.727441700836313654e-01
6.360016118709554966e-01,-3.729822678692458204e-01
6.360253158555952968e-01,-3.732200612713846288e-01
6.360727238248748971e-01,-3.736947343357812645e-01
6.360964278095148083e-01,-3.739316137037115295e-01
6.361201317941546085e-01,-3.741681880995090248e-01
6.361438357787944087e-01,-3.744044573764138129e-01
6.361675397634342088e-01,-3.746404213878223866e-01
6.361912437480740090e-01,-3.748760799872954408e-01
6.362149477327138092e-01,-3.751114330285513221e-01
6.362386517173537204e-01,-3.753464803654731341e-01
6.362860596866333207e-01,-3.758156573426398861e-01
6.363097636712731209e-01,-3.760497866914542797e-01
6.363334676559129210e-01,-3.762836097530692925e-01
6.363571716405527212e-01,-3.765171263821746050e-01
6.363808756251926324e-01,-3.767503364336189930e-01
6.364045796098324326e-01,-3.769832397624131026e-01
6.364282835944722327e-01,-3.772158362237292284e-01
6.364519875791120329e-01,-3.774481256729039780e-01
6.364993955483916332e-01,-3.779117829569759168e-01
6.365230995330314334e-01,-3.781431505033530094e-01
6.365468035176713446e-01,-3.783742104605505308e-01
6.365705075023111448e-01,-3.786049626847101113e-01
6.365942114869509449e-01,-3.788354070321420242e-01
6.366179154715907451e-01,-3.790655433593181911e-01
6.366416194562305453e-01,-3.792953715228702949e-01
6.366653234408703455e-01,-3.795248913795962187e-01
6.366890274255102566e-01,-3.797541027864543839e-01
6.367364353947898570e-01,-3.802115996792172492e-01
6.367601393794296571e-01,-3.804398848798561383e-01
6.367838433640694573e-01,-3.806678610600928714e-01
6.368075473487092575e-01,-3.808955280777041041e-01
6.368312513333491687e-01,-3.811228857906268086e-01
6.368549553179889688e-01,-3.813499340569627138e-01
6.368786593026287690e-01,-3.815766727349758636e-01
6.369023632872685692e-01,-3.818031016830970570e-01
6.369497712565481695e-01,-3.822550298241931266e-01
6.369734752411880807e-01,-3.824805287348476135e-01
6.369971792258278809e-01,-3.827057173509611498e-01
6.370208832104676810e-01,-3.829305955317849897e-01
6.370445871951074812e-01,-3.831551631367302591e-01
6.370682911797472814e-01,-3.833794200253757278e-01
6.370919951643870816e-01,-3.836033660574611481e-01
6.371156991490268817e-01,-3.838270010928942488e-01
6.371631071183065931e-01,-3.842733376142479784e-01
6.371868111029463932e-01,-3.844960388208029656e-01
6.372105150875861934e-01,-3.847184284719762370e-01
6.372342190722259936e-01,-3.849405064284959765e-01
6.372579230568657938e-01,-3.851622725512587886e-01
6.372816270415057049e-01,-3.853837267013240364e-01
6.373053310261455051e-01,-3.856048687399156183e-01
6.373290350107853053e-01,-3.858256985284260754e-01
6.373764429800649056e-01,-3.862664208015889056e-01
6.374001469647047058e-01,-3.864863130098499244e-01
6.374238509493446170e-01,-3.867058924152476651e-01
6.374475549339844171e-01,-3.869251588799971220e-01
6.374712589186242173e-01,-3.871441122664849299e-01
6.374949629032640175e-01,-3.873627524372600384e-01
6.375186668879038177e-01,-3.875810792550400397e-01
6.375423708725436178e-01,-3.877990925827057289e-01
6.375660748571835290e-01,-3.880167922833084315e-01
6.376134828264631293e-01,-3.884512502563426395e-01
6.376371868111029295e-01,-3.886680082557040228e-01
6.376608907957427297e-01,-3.888844520818597328e-01
6.376845947803825299e-01,-3.891005815986888772e-01
6.377082987650224410e-01,-3.893163966702413159e-01
6.377320027496622412e-01,-3.895318971607304448e-01
6.377557067343020414e-01,-3.897470829345367482e-01
6.377794107189418416e-01,-3.899619538562105747e-01
6.378268186882214419e-01,-3.903907506021874196e-01
6.378505226728612421e-01,-3.906046761564232472e-01
6.378742266575011532e-01,-3.908182863183934375e-01
6.378979306421409534e-01,-3.910315809534792297e-01
6.379216346267807536e-01,-3.912445599272359464e-01
6.379453386114205538e-01,-3.914572231053818907e-01
6.379690425960603539e-01,-3.916695703538064510e-01
6.379927465807001541e-01,-3.918816015385634399e-01
6.380401545499798655e-01,-3.923047151821416056e-01
6.380638585346196656e-01,-3.925157973739119566e-01
6.380875625192594658e-01,-3.927265629679187464e-01
6.381112665038992660e-01,-3.929370118310562265e-01
6.381349704885390661e-01,-3.931471438303902888e-01
6.381586744731789773e-01,-3.933569588331530253e-01
6.381823784578187775e-01,-3.935664567067453934e-01
6.382060824424585777e-01,-3.937756373187364378e-01
6.382534904117381780e-01,-3.941930462290405002e-01
6.382771943963779782e-01,-3.944012742633369317e-01
6.383008983810178893e-01,-3.946091845079999771e-01
6.383246023656576895e-01,-3.948167768314432280e-01
6.383483063502974897e-01,-3.950240511022494738e-01
6.383720103349372899e-01,-3.952310071891723675e-01
6.383957143195770900e-01,-3.954376449611323174e-01
6.384194183042168902e-01,-3.956439642872209284e-01
6.384431222888566904e-01,-3.958499650366997802e-01
6.384905302581364017e-01,-3.962610102837149650e-01
6.385142342427762019e-01,-3.964660545206196707e-01
6.385379382274160021e-01,-3.966707796596530278e-01
6.385616422120558022e-01,-3.968751855709220511e-01
6.385853461966956024e-01,-3.970792721247078383e-01
6.386090501813355136e-01,-3.972830391914586867e-01
6.386327541659753138e-01,-3.974864866417936460e-01
6.386564581506151139e-01,-3.976896143465016298e-01
6.387038661198947143e-01,-3.980949100030494181e-01
6.387275701045345144e-01,-3.982970776973201454e-01
6.387512740891744256e-01,-3.984989251308270752e-01
6.387749780738142258e-01,-3.987004521752108843e-01
6.387986820584540260e-01,-3.989016587022859994e-01
6.388223860430938261e-01,-3.991025445840343799e-01
6.388460900277336263e-01,-3.993031096926120682e-01
6.388697940123734265e-01,-3.995033539003430834e-01
6.389172019816531378e-01,-3.999028791034258123e-01
6.389409059662929380e-01,-4.001021598442833227e-01
6.389646099509327382e-01,-4.003011191753074183e-01
6.389883139355725383e-01,-4.004997569696813198e-01
6.390120179202123385e-01,-4.006980731007567798e-01
6.390357219048521387e-01,-4.008960674420601888e-01
6.390594258894920499e-01,-4.010937398672871357e-01
6.390831298741318500e-01,-4.012910902503055155e-01
6.391305378434114504e-01,-4.016848243860491330e-01
6.391542418280512505e-01,-4.018812078873700289e-01
6.391779458126910507e-01,-4.020772688436747844e-01
6.392016497973309619e-01,-4.022730071296932719e-01
6.392253537819707621e-01,-4.024684226203224524e-01
6.392490577666105622e-01,-4.026635151906376997e-01
6.392727617512503624e-01,-4.028582847158826974e-01
6.392964657358901626e-01,-4.030527310714767664e-01
6.393438737051698739e-01,-4.034406537762439404e-01
6.393675776898096741e-01,-4.036341298771148889e-01
6.393912816744494743e-01,-4.038272823117325938e-01
6.394149856590892744e-01,-4.040201109563771320e-01
6.394386896437290746e-01,-4.042126156875043286e-01
6.394623936283688748e-01,-4.044047963817404279e-01
6.394860976130087860e-01,-4.045966529158884217e-01
6.395098015976485861e-01,-4.047881851669191677e-01
6.395335055822883863e-01,-4.049793930119817142e-01
6.395809135515679866e-01,-4.053608349936588251e-01
6.396046175362077868e-01,-4.055510688854355728e-01
6.396283215208475870e-01,-4.057409778815675994e-01
6.396520255054874982e-01,-4.059305618600723697e-01
6.396757294901272983e-01,-4.061198206991356585e-01
6.396994334747670985e-01,-4.063087542771227634e-01
6.397231374594068987e-01,-4.064973624725690682e-01
6.397468414440466988e-01,-4.066856451641871484e-01
6.397942494133264102e-01,-4.070612335516508029e-01
6.398179533979662104e-01,-4.072485390057886123e-01
6.398416573826060105e-01,-4.074355184726841106e-01
6.398653613672458107e-01,-4.076221718319185117e-01
6.398890653518856109e-01,-4.078084989632494439e-01
6.399127693365254110e-01,-4.079944997466092849e-01
6.399364733211653222e-01,-4.081801740621039398e-01
6.399601773058051224e-01,-4.083655217900142853e-01
6.400075852750847227e-01,-4.087352370050805206e-01
6.400312892597245229e-01,-4.089196042536734632e-01
6.400549932443643231e-01,-4.091036444375572012e-01
6.400786972290042343e-01,-4.092873574378872448e-01
6.401024012136440344e-01,-4.094707431359948524e-01
6.401261051982838346e-01,-4.096538014133866978e-01
6.401498091829236348e-01,-4.098365321517462023e-01
6.401735131675634349e-01,-4.100189352329300929e-01
6.402209211368430353e-01,-4.103827579520828994e-01
6.402446251214829465e-01,-4.105641773546466755e-01
6.402683291061227466e-01,-4.107452686292221156e-01
6.402920330907625468e-01,-4.109260316585472417e-01
6.403157370754023470e-01,-4.111064663255351581e-01
6.403394410600421471e-01,-4.112865725132734962e-01
6.403631450446819473e-01,-4.114663501050281891e-01
6.403868490293218585e-01,-4.116457989842396969e-01
6.404105530139616587e-01,-4.118249190345250055e-01
6.404579609832412590e-01,-4.121821721836681496e-01
6.404816649678810592e-01,-4.123603050506426948e-01
6.405053689525208593e-01,-4.125381086249255702e-01
6.405290729371607705e-01,-4.127155827910164998e-01
6.405527769218005707e-01,-4.128927274335915110e-01
6.405764809064403709e-01,-4.130695424375039337e-01
6.406001848910801710e-01,-4.132460276877855110e-01
6.406238888757199712e-01,-4.134221830696422906e-01
6.406712968449996826e-01,-4.137735037698008211e-01
6.406950008296394827e-01,-4.139486688594018471e-01
6.407187048142792829e-01,-4.141235036231809552e-01
6.407424087989190831e-01,-4.142980079472305954e-01
6.407661127835588832e-01,-4.144721817178231849e-01
6.407898167681986834e-01,-4.146460248214061117e-01
6.408135207528384836e-01,-4.148195371446069535e-01
6.408372247374783948e-01,-4.149927185742292579e-01
6.408846327067579951e-01,-4.153380883008412905e-01
6.409083366913977953e-01,-4.155102763723290682e-01
6.409320406760375954e-01,-4.156821330992318542e-01
6.409557446606773956e-01,-4.158536583692447053e-01
6.409794486453173068e-01,-4.160248520702386488e-01
6.410031526299571070e-01,-4.161957140902627916e-01
6.410268566145969071e-01,-4.163662443175469852e-01
6.410505605992367073e-01,-4.165364426404964959e-01
6.410979685685163076e-01,-4.168758431279134813e-01
6.411216725531562188e-01,-4.170450450700876610e-01
6.411453765377960190e-01,-4.172139146633383477e-01
6.411690805224358192e-01,-4.173824517969677572e-01
6.411927845070756193e-01,-4.175506563604528543e-01
6.412164884917154195e-01,-4.177185282434525693e-01
6.412401924763552197e-01,-4.178860673358019140e-01
6.412638964609951309e-01,-4.180532735275186429e-01
6.412876004456349310e-01,-4.182201467087945934e-01
6.413350084149145314e-01,-4.185528936017036683e-01
6.413587123995543315e-01,-4.187187670946226348e-01
6.413824163841941317e-01,-4.188843071396730622e-01
6.414061203688339319e-01,-4.190495136279471788e-01
6.414298243534738431e-01,-4.192143864507175133e-01
6.414535283381136432e-01,-4.193789254994316762e-01
6.414772323227534434e-01,-4.195431306657224635e-01
6.415009363073932436e-01,-4.197070018413989745e-01
6.415483442766728439e-01,-4.200337417890515068e-01
6.415720482613127551e-01,-4.201966103455487822e-01
6.415957522459525553e-01,-4.203591444804714028e-01
6.416194562305923554e-01,-4.205213440865320784e-01
6.416431602152321556e-01,-4.206832090566200444e-01
6.416668641998719558e-01,-4.208447392838075007e-01
6.416905681845117559e-01,-4.210059346613448383e-01
6.417142721691516671e-01,-4.211667950826657458e-01
6.417616801384312675e-01,-4.214875106312817588e-01
6.417853841230710676e-01,-4.216473655463456316e-01
6.418090881077108678e-01,-4.218068850807248360e-01
6.418327920923506680e-01,-4.219660691287557830e-01
6.418564960769905792e-01,-4.221249175849544066e-01
6.418802000616303793e-01,-4.222834303440176074e-01
6.419039040462701795e-01,-4.224416073008231409e-01
6.419276080309099797e-01,-4.225994483504316168e-01
6.419750160001895800e-01,-4.229141223091986701e-01
6.419987199848293802e-01,-4.230709550093824101e-01
6.420224239694692914e-01,-4.232274513844200836e-01
6.420461279541090915e-01,-4.233836113302752446e-01
6.420698319387488917e-01,-4.235394347430974094e-01
6.420935359233886919e-01,-4.236949215192148399e-01
6.421172399080284920e-01,-4.238500715551389852e-01
6.421409438926682922e-01,-4.240048847475632599e-01
6.421646478773082034e-01,-4.241593609933619335e-01
6.422120558465878037e-01,-4.244673022334889412e-01
6.422357598312276039e-01,-4.246207670224771968e-01
6.422594638158674041e-01,-4.247738944541575856e-01
6.422831678005072042e-01,-4.249266844263158704e-01
6.423068717851471154e-01,-4.250791368369191137e-01
6.423305757697869156e-01,-4.252312515841164542e-01
6.423542797544267158e-01,-4.253830285662394406e-01
6.423779837390665159e-01,-4.255344676818036964e-01
6.424253917083461163e-01,-4.258363319082237863e-01
6.424490956929860275e-01,-4.259867568170225827e-01
6.424727996776258276e-01,-4.261368434551452422e-01
6.424965036622656278e-01,-4.262865917220209910e-01
6.425202076469054280e-01,-4.264360015172595775e-01
6.425439116315452281e-01,-4.265850727406558240e-01
6.425676156161850283e-01,-4.267338052921855196e-01
6.425913196008249395e-01,-4.268821990720103043e-01
6.426387275701045398e-01,-4.271779699180957568e-01
6.426624315547443400e-01,-4.273253467855930854e-01
6.426861355393841402e-01,-4.274723844838572706e-01
6.427098395240239403e-01,-4.276190829139637772e-01
6.427335435086637405e-01,-4.277654419771736993e-01
6.427572474933036517e-01,-4.279114615749304296e-01
6.427809514779434519e-01,-4.280571416088609915e-01
6.428046554625832520e-01,-4.282024819807761506e-01
6.428520634318628524e-01,-4.284921433467258067e-01
6.428757674165026526e-01,-4.286364641453013213e-01
6.428994714011425637e-01,-4.287804448909462440e-01
6.429231753857823639e-01,-4.289240854863889396e-01
6.429468793704221641e-01,-4.290673858345463998e-01
6.429705833550619642e-01,-4.292103458385163606e-01
6.429942873397017644e-01,-4.293529654015834085e-01
6.430179913243415646e-01,-4.294952444272146508e-01
6.430653992936212759e-01,-4.297787804809648504e-01
6.430891032782610761e-01,-4.299200373169412837e-01
6.431128072629008763e-01,-4.300609532311978622e-01
6.431365112475406765e-01,-4.302015281281260650e-01
6.431602152321804766e-01,-4.303417619123002247e-01
6.431839192168203878e-01,-4.304816544884821905e-01
6.432076232014601880e-01,-4.306212057616147781e-01
6.432313271860999881e-01,-4.307604156368289861e-01
6.432550311707397883e-01,-4.308992840194404428e-01
6.433024391400193887e-01,-4.311759959290389910e-01
6.433261431246591888e-01,-4.313138392675818222e-01
6.433498471092991000e-01,-4.314513407366342701e-01
6.433735510939389002e-01,-4.315885002424351136e-01
6.433972550785787003e-01,-4.317253176914126467e-01
6.434209590632185005e-01,-4.318617929901780172e-01
6.434446630478583007e-01,-4.319979260455298897e-01
6.434683670324981009e-01,-4.321337167644504484e-01
6.435157750017778122e-01,-4.324042708218615028e-01
6.435394789864176124e-01,-4.325390339752466229e-01
6.435631829710574126e-01,-4.326734544219910106e-01
6.435868869556972127e-01,-4.328075320700073281e-01
6.436105909403370129e-01,-4.329412668273946441e-01
6.436342949249769241e-01,-4.330746586024368794e-01
6.436579989096167242e-01,-4.332077073036044723e-01
6.436817028942565244e-01,-4.333404128395537125e-01
6.437291108635361248e-01,-4.336047940513579890e-01
6.437528148481759249e-01,-4.337364695454580810e-01
6.437765188328158361e-01,-4.338678015108312636e-01
6.438002228174556363e-01,-4.339987898570659697e-01
6.438239268020954365e-01,-4.341294344939371497e-01
6.438476307867352366e-01,-4.342597353314080477e-01
6.438713347713750368e-01,-4.343896922796263160e-01
6.438950387560148370e-01,-4.345193052489285668e-01
6.439424467252945483e-01,-4.347774988930603879e-01
6.439661507099343485e-01,-4.349060793894958810e-01
6.439898546945741487e-01,-4.350343155502260917e-01
6.440135586792139488e-01,-4.351622072865224400e-01
6.440372626638537490e-01,-4.352897545098417531e-01
6.440609666484935492e-01,-4.354169571318298182e-01
6.440846706331334603e-01,-4.355438150643186068e-01
6.441083746177732605e-01,-4.356703282193272742e-01
6.441320786024130607e-01,-4.357964965090628251e-01
6.441794865716926610e-01,-4.360477981424816241e-01
6.442031905563324612e-01,-4.361729313115164652e-01
6.442268945409723724e-01,-4.362977192659823755e-01
6.442505985256121726e-01,-4.364221619190240542e-01
6.442743025102519727e-01,-4.365462591839743833e-01
6.442980064948917729e-01,-4.366700109743545388e-01
6.443217104795315731e-01,-4.367934172038726581e-01
6.443454144641713732e-01,-4.369164777864259497e-01
6.443928224334510846e-01,-4.371615616671659099e-01
6.444165264180908848e-01,-4.372835847940856890e-01
6.444402304027306849e-01,-4.374052619315081936e-01
6.444639343873704851e-01,-4.375265929942717680e-01
6.444876383720102853e-01,-4.376475778974013853e-01
6.445113423566500854e-01,-4.377682165561124217e-01
6.445350463412899966e-01,-4.378885088858073260e-01
6.445587503259297968e-01,-4.380084548020773960e-01
6.446061582952093971e-01,-4.382473070576513585e-01
6.446298622798491973e-01,-4.383662132290813140e-01
6.446535662644889975e-01,-4.384847726513392274e-01
6.446772702491289087e-01,-4.386029852409598639e-01
6.447009742337687088e-01,-4.387208509146665047e-01
6.447246782184085090e-01,-4.388383695893728342e-01
6.447483822030483092e-01,-4.389555411821803865e-01
6.447720861876881093e-01,-4.390723656103807659e-01
6.448194941569678207e-01,-4.393049726430692248e-01
6.448431981416076209e-01,-4.394207550830848685e-01
6.448669021262474210e-01,-4.395361900295498003e-01
6.448906061108872212e-01,-4.396512774007007573e-01
6.449143100955270214e-01,-4.397660171149652131e-01
6.449380140801668215e-01,-4.398804090909589348e-01
6.449617180648067327e-01,-4.399944532474890924e-01
6.449854220494465329e-01,-4.401081495035495950e-01
6.450091260340863331e-01,-4.402214977783269756e-01
6.450565340033659334e-01,-4.404471500617201940e-01
6.450802379880057336e-01,-4.405594539096565621e-01
6.451039419726455337e-01,-4.406714094549483152e-01
6.451276459572854449e-01,-4.407830166177313380e-01
6.451513499419252451e-01,-4.408942753183284768e-01
6.451750539265650453e-01,-4.410051854772559787e-01
6.451987579112048454e-01,-4.411157470152178295e-01
6.452224618958446456e-01,-4.412259598531099725e-01
6.452698698651243570e-01,-4.414453391132167059e-01
6.452935738497641571e-01,-4.415545053781725349e-01
6.453172778344039573e-01,-4.416633226285427982e-01
6.453409818190437575e-01,-4.417717907861739013e-01
6.453646858036835576e-01,-4.418799097731040959e-01
6.453883897883233578e-01,-4.419876795115613710e-01
6.454120937729632690e-01,-4.420950999239653401e-01
6.454357977576030692e-01,-4.422021709329251316e-01
6.454832057268826695e-01,-4.424152644319054861e-01
6.455069097115224697e-01,-4.425212867680998752e-01
6.455306136961622698e-01,-4.426269593931981827e-01
6.455543176808021810e-01,-4.427322822307646621e-01
6.455780216654419812e-01,-4.428372552045543031e-01
6.456017256500817814e-01,-4.429418782385137199e-01
6.456254296347215815e-01,-4.430461512567810400e-01
6.456491336193613817e-01,-4.431500741836845725e-01
6.456965415886409820e-01,-4.433568694616750738e-01
6.457202455732808932e-01,-4.434597416623770050e-01
6.457439495579206934e-01,-4.435622634709446288e-01
6.457676535425604936e-01,-4.436644348126650428e-01
6.457913575272002937e-01,-4.437662556130153035e-01
6.458150615118400939e-01,-4.438677257976650914e-01
6.458387654964798941e-01,-4.439688452924760442e-01
6.458624694811198053e-01,-4.440696140235003142e-01
6.458861734657596054e-01,-4.441700319169826772e-01
6.459335814350392058e-01,-4.443698148972591300e-01
6.459572854196790059e-01,-4.444691798375021152e-01
6.459809894043188061e-01,-4.445681936471013174e-01
6.460046933889587173e-01,-4.446668562532610780e-01
6.460283973735985175e-01,-4.447651675833775853e-01
6.460521013582383176e-01,-4.448631275650397621e-01
6.460758053428781178e-01,-4.449607361260291549e-01
6.460995093275179180e-01,-4.450579931943188239e-01
6.461469172967976293e-01,-4.452514525656556810e-01
6.461706212814374295e-01,-4.453476547256112195e-01
6.461943252660772297e-01,-4.454435051066852891e-01
6.462180292507170298e-01,-4.455390036378130691e-01
6.462417332353568300e-01,-4.456341502481236949e-01
6.462654372199966302e-01,-4.457289448669378151e-01
6.462891412046364303e-01,-4.458233874237695904e-01
6.463128451892763415e-01,-4.459174778483256940e-01
6.463602531585559419e-01,-4.461046020204003648e-01
6.463839571431957420e-01,-4.461976356282969514e-01
6.464076611278355422e-01,-4.462903168246731278e-01
6.464313651124753424e-01,-4.463826455402004623e-01
6.464550690971152536e-01,-4.464746217057435906e-01
6.464787730817550537e-01,-4.465662452523597725e-01
6.465024770663948539e-01,-4.466575161112998904e-01
6.465261810510346541e-01,-4.467484342140084497e-01
6.465735890203142544e-01,-4.469292118774739198e-01
6.465972930049541656e-01,-4.470190713020865125e-01
6.466209969895939658e-01,-4.471085776981772453e-01
6.466447009742337659e-01,-4.471977309981582938e-01
6.466684049588735661e-01,-4.472865311346340134e-01
6.466921089435133663e-01,-4.473749780404036036e-01
6.467158129281531664e-01,-4.474630716484586657e-01
6.467395169127930776e-01,-4.475508118919859779e-01
6.467632208974328778e-01,-4.476381987043641653e-01
6.468106288667124781e-01,-4.478119117701635510e-01
6.468343328513522783e-01,-4.478982378913134443e-01
6.468580368359920785e-01,-4.479842103167727130e-01
6.468817408206318786e-01,-4.480698289808909829e-01
6.469054448052717898e-01,-4.481550938182119470e-01
6.469291487899115900e-01,-4.482400047634728102e-01
6.469528527745513902e-01,-4.483245617516059545e-01
6.469765567591911903e-01,-4.484087647177371627e-01
6.470239647284707907e-01,-4.485761083254712345e-01
6.470476687131107019e-01,-4.486592488382984412e-01
6.470713726977505020e-01,-4.487420350715715101e-01
6.470950766823903022e-01,-4.488244669613896676e-01
6.471187806670301024e-01,-4.489065444440449859e-01
6.471424846516699025e-01,-4.489882674560254916e-01
6.471661886363097027e-01,-4.490696359340126120e-01
6.471898926209496139e-01,-4.491506498148837290e-01
6.472373005902292142e-01,-4.493116135337563710e-01
6.472610045748690144e-01,-4.493915632464855481e-01
6.472847085595088146e-01,-4.494711581115531374e-01
6.473084125441486147e-01,-4.495503980668101862e-01
6.473321165287885259e-01,-4.496292830503024751e-01
6.473558205134283261e-01,-4.497078130002709617e-01
6.473795244980681263e-01,-4.497859878551515589e-01
6.474032284827079264e-01,-4.498638075535756897e-01
6.474506364519875268e-01,-4.500183812365555758e-01
6.474743404366274380e-01,-4.500951350993500633e-01
6.474980444212672381e-01,-4.501715335621652159e-01
6.475217484059070383e-01,-4.502475765646088979e-01
6.475454523905468385e-01,-4.503232640464841507e-01
6.475691563751866386e-01,-4.503985959477894152e-01
6.475928603598264388e-01,-4.504735722087193084e-01
6.476165643444662390e-01,-4.505481927696629585e-01
6.476639723137459503e-01,-4.506963665541297015e-01
6.476876762983857505e-01,-4.507699196594100455e-01
6.477113802830255507e-01,-4.508431168282200918e-01
6.477350842676653508e-01,-4.509159580019276303e-01
6.477587882523051510e-01,-4.509884431220970713e-01
6.477824922369450622e-01,-4.510605721304888904e-01
6.478061962215848624e-01,-4.511323449690586296e-01
6.478299002062246625e-01,-4.512037615799578960e-01
6.478536041908644627e-01,-4.512748219055355836e-01
6.479010121601440630e-01,-4.514158734710974619e-01
6.479247161447839742e-01,-4.514858645967589901e-01
6.479484201294237744e-01,-4.515554992084519492e-01
6.479721241140635746e-01,-4.516247772495054491e-01
6.479958280987033747e-01,-4.516936986634449980e-01
6.480195320833431749e-01,-4.517622633939922805e-01
6.480432360679829751e-01,-4.518304713850652687e-01
6.480669400526228863e-01,-4.518983225807791104e-01
6.481143480219024866e-01,-4.520329543635679403e-01
6.481380520065422868e-01,-4.520997348398549942e-01
6.481617559911820869e-01,-4.521661582992064776e-01
6.481854599758218871e-01,-4.522322246867195306e-01
6.482091639604616873e-01,-4.522979339476888017e-01
6.482328679451015985e-01,-4.523632860276054490e-01
6.482565719297413986e-01,-4.524282808721568072e-01
6.482802759143811988e-01,-4.524929184272277194e-01
6.483276838836607991e-01,-4.526211214534530125e-01
6.483513878683005993e-01,-4.526846868173614036e-01
6.483750918529405105e-01,-4.527478946772987012e-01
6.483987958375803107e-01,-4.528107449801336282e-01
6.484224998222201108e-01,-4.528732376729338593e-01
6.484462038068599110e-01,-4.529353727029632459e-01
6.484699077914997112e-01,-4.529971500176833699e-01
6.484936117761395113e-01,-4.530585695647523226e-01
6.485410197454192227e-01,-4.531803351475591768e-01
6.485647237300590229e-01,-4.532406810796004715e-01
6.485884277146988230e-01,-4.533006690365988245e-01
6.486121316993386232e-01,-4.533602989671996486e-01
6.486358356839784234e-01,-4.534195708202459763e-01
6.486595396686183346e-01,-4.534784845447790147e-01
6.486832436532581347e-01,-4.535370400900362586e-01
6.487069476378979349e-01,-4.535952374054541547e-01
6.487306516225377351e-01,-4.536530764406659921e-01
6.487780595918173354e-01,-4.537676794699954108e-01
6.488017635764571356e-01,-4.538244433643687792e-01
6.488254675610970468e-01,-4.538808487790491064e-01
6.488491715457368469e-01,-4.539368956646582243e-01
6.488728755303766471e-01,-4.539925839720171385e-01
6.488965795150164473e-01,-4.540479136521446968e-01
6.489202834996562475e-01,-4.541028846562573662e-01
6.489439874842960476e-01,-4.541574969357700109e-01
6.489913954535757590e-01,-4.542656451276456675e-01
6.490150994382155591e-01,-4.543191809438287265e-01
6.490388034228553593e-01,-4.543723578430525212e-01
6.490625074074951595e-01,-4.544251757777230116e-01
6.490862113921349597e-01,-4.544776347004439998e-01
6.491099153767748708e-01,-4.545297345640185727e-01
6.491336193614146710e-01,-4.545814753214469928e-01
6.491573233460544712e-01,-4.546328569259288077e-01
6.492047313153340715e-01,-4.547345424898424637e-01
6.492284352999738717e-01,-4.547848463566654953e-01
6.492521392846137829e-01,-4.548347908853247468e-01
6.492758432692535830e-01,-4.548843760300119721e-01
6.492995472538933832e-01,-4.549336017451183212e-01
6.493232512385331834e-01,-4.549824679852331188e-01
6.493469552231729836e-01,-4.550309747051448639e-01
6.493706592078127837e-01,-4.550791218598405630e-01
6.494180671770924951e-01,-4.551743372945277200e-01
6.494417711617322952e-01,-4.552214054854871739e-01
6.494654751463720954e-01,-4.552681139331684612e-01
6.494891791310118956e-01,-4.553144625935529044e-01
6.495128831156516958e-01,-4.553604514228214439e-01
6.495365871002914959e-01,-4.554060803773540833e-01
6.495602910849314071e-01,-4.554513494137300000e-01
6.495839950695712073e-01,-4.554962584887267685e-01
6.496076990542110075e-01,-4.555408075593221362e-01
6.496551070234906078e-01,-4.556288255162144196e-01
6.496788110081304080e-01,-4.556722943174623675e-01
6.497025149927703191e-01,-4.557154029442113119e-01
6.497262189774101193e-01,-4.557581513544346485e-01
6.497499229620499195e-01,-4.558005395063061682e-01
6.497736269466897197e-01,-4.558425673581986137e-01
6.497973309313295198e-01,-4.558842348686842350e-01
6.498210349159693200e-01,-4.559255419965348999e-01
6.498684428852490313e-01,-4.560070749404170343e-01
6.498921468698888315e-01,-4.560473006749899971e-01
6.499158508545286317e-01,-4.560871658640116566e-01
6.499395548391684319e-01,-4.561266704672520822e-01
6.499632588238082320e-01,-4.561658144446810725e-01
6.499869628084480322e-01,-4.562045977564683774e-01
6.500106667930879434e-01,-4.562430203629835868e-01
6.500343707777277436e-01,-4.562810822247960196e-01
6.500817787470073439e-01,-4.563561235575891439e-01
6.501054827316471441e-01,-4.563931029507086734e-01
6.501291867162869442e-01,-4.564297214434022143e-01
6.501528907009268554e-01,-4.564659789972393966e-01
6.501765946855666556e-01,-4.565018755739891354e-01
6.502002986702064558e-01,-4.565374111356212961e-01
6.502240026548462559e-01,-4.565725856443053621e-01
6.502477066394860561e-01,-4.566073990624112122e-01
6.502951146087657674e-01,-4.566759424773692011e-01
6.503188185934055676e-01,-4.567096723999621855e-01
6.503425225780453678e-01,-4.567430410834590893e-01
6.503662265626851680e-01,-4.567760484912311014e-01
6.503899305473249681e-01,-4.568086945868503612e-01
6.504136345319647683e-01,-4.568409793340887370e-01
6.504373385166046795e-01,-4.568729026969192697e-01
6.504610425012444797e-01,-4.569044646395146181e-01
6.504847464858842798e-01,-4.569356651262490576e-01
6.505321544551638802e-01,-4.569969815906322896e-01
6.505558584398036803e-01,-4.570270974980317202e-01
6.505795624244434805e-01,-4.570568518090711851e-01
6.506032664090833917e-01,-4.570862444891277132e-01
6.506269703937231919e-01,-4.571152755037789506e-01
6.506506743783629920e-01,-4.571439448188031607e-01
6.506743783630027922e-01,-4.571722524001803345e-01
6.506980823476425924e-01,-4.572001982140899701e-01
6.507454903169223037e-01,-4.572550044052331453e-01
6.507691943015621039e-01,-4.572818647158313210e-01
6.507928982862019041e-01,-4.573083631256922299e-01
6.508166022708417042e-01,-4.573344996020006770e-01
6.508403062554815044e-01,-4.573602741121428616e-01
6.508640102401213046e-01,-4.573856866237056007e-01
6.508877142247612158e-01,-4.574107371044773274e-01
6.509114182094010159e-01,-4.574354255224473143e-01
6.509588261786806163e-01,-4.574837160429447991e-01
6.509825301633204164e-01,-4.575073180824572594e-01
6.510062341479602166e-01,-4.575305579331373496e-01
6.510299381326001278e-01,-4.575534355639805373e-01
6.510536421172399280e-01,-4.575759509441837958e-01
6.510773461018797281e-01,-4.575981040431453817e-01
6.511010500865195283e-01,-4.576198948304649461e-01
6.511247540711593285e-01,-4.576413232759435346e-01
6.511721620404389288e-01,-4.576830930215897153e-01
6.511958660250788400e-01,-4.577034342623668151e-01
6.512195700097186402e-01,-4.577234130425223979e-01
6.512432739943584403e-01,-4.577430293328650368e-01
6.512669779789982405e-01,-4.577622831044051432e-01
6.512906819636380407e-01,-4.577811743283545232e-01
6.513143859482778408e-01,-4.577997029761274872e-01
6.513380899329177520e-01,-4.578178690193388523e-01
6.513854979021973524e-01,-4.578531131795471332e-01
6.514092018868371525e-01,-4.578701912407837638e-01
6.514329058714769527e-01,-4.578869065859382248e-01
6.514566098561167529e-01,-4.579032591876349700e-01
6.514803138407566641e-01,-4.579192490187002917e-01
6.515040178253964642e-01,-4.579348760521623207e-01
6.515277218100362644e-01,-4.579501402612510264e-01
6.515514257946760646e-01,-4.579650416193988827e-01
6.515751297793158647e-01,-4.579795801002398692e-01
6.516225377485955761e-01,-4.580075683255483421e-01
6.516462417332353763e-01,-4.580210180182942015e-01
6.516699457178751764e-01,-4.580341047302907143e-01
6.516936497025149766e-01,-4.580468284361822739e-01
6.517173536871547768e-01,-4.580591891108157787e-01
6.517410576717945769e-01,-4.580711867292401873e-01
6.517647616564343771e-01,-4.580828212667068522e-01
6.517884656410742883e-01,-4.580940926986692974e-01
6.518358736103538886e-01,-4.581155461489071490e-01
6.518595775949936888e-01,-4.581257281191011277e-01
6.518832815796334890e-01,-4.581355468876285864e-01
6.519069855642732891e-01,-4.581450024309542401e-01
6.519306895489132003e-01,-4.581540947257463081e-01
6.519543935335530005e-01,-4.581628237488746258e-01
6.519780975181928007e-01,-4.581711894774121996e-01
6.520018015028326008e-01,-4.581791918886338744e-01
6.520492094721122012e-01,-4.581941066692439835e-01
6.520729134567521124e-01,-4.582010189941957412e-01
6.520966174413919125e-01,-4.582075679129583579e-01
6.521203214260317127e-01,-4.582137534038197568e-01
6.521440254106715129e-01,-4.582195754452713654e-01
6.521677293953113130e-01,-4.582250340160064495e-01
6.521914333799511132e-01,-4.582301290949214456e-01
6.522151373645910244e-01,-4.582348606611151842e-01
6.522625453338706247e-01,-4.582432331727501751e-01
6.522862493185104249e-01,-4.582468740774033877e-01
6.523099533031502251e-01,-4.582501513877599297e-01
6.523336572877900252e-01,-4.582530650839331532e-01
6.523573612724299364e-01,-4.582556151462391369e-01
6.523810652570697366e-01,-4.582578015551971307e-01
6.524047692417095368e-01,-4.582596242915288887e-01
6.524284732263493369e-01,-4.582610833361600022e-01
6.524521772109891371e-01,-4.582621786702181232e-01
6.524995851802687374e-01,-4.582632781321432924e-01
6.525232891649086486e-01,-4.582632822232817205e-01
8.233342024794367831e-01,-4.583124722180922372e-01
8.233579064640765832e-01,-4.587968835346826202e-01
8.233816104487163834e-01,-4.592810150974003802e-01
8.234053144333561836e-01,-4.597648666274115614e-01
8.234290184179960947e-01,-4.602484378460159897e-01
8.234527224026358949e-01,-4.607317284746537123e-01
8.235001303719154953e-01,-4.616974668485147593e-01
8.235238343565552954e-01,-4.621799140373293868e-01
8.235475383411950956e-01,-4.626620795233598038e-01
8.235712423258350068e-01,-4.631439630287625953e-01
8.235949463104748069e-01,-4.636255642758194684e-01
8.236186502951146071e-01,-4.641068829869706702e-01
8.236423542797544073e-01,-4.645879188847865660e-01
8.236660582643942075e-01,-4.650686716919892882e-01
8.237134662336738078e-01,-4.660293269261295279e-01
8.237371702183137190e-01,-4.665092287992170794e-01
8.237608742029535192e-01,-4.669888464739856415e-01
8.237845781875933193e-01,-4.674681796738646700e-01
8.238082821722331195e-01,-4.679472281224331676e-01
8.238319861568729197e-01,-4.684259915434050292e-01
8.238556901415127198e-01,-4.689044696606443630e-01
8.238793941261526310e-01,-4.693826621981610492e-01
8.239268020954322314e-01,-4.703381894307487876e-01
8.239505060800720315e-01,-4.708155235745535849e-01
8.239742100647118317e-01,-4.712925710360968967e-01
8.239979140493516319e-01,-4.717693315401011445e-01
8.240216180339915431e-01,-4.722458048114446250e-01
8.240453220186313432e-01,-4.727219905751348650e-01
8.240690260032711434e-01,-4.731978885563402626e-01
8.240927299879109436e-01,-4.736734984803631088e-01
8.241164339725507437e-01,-4.741488200726600155e-01
8.241638419418304551e-01,-4.750985971646067840e-01
8.241875459264702553e-01,-4.755730521158874069e-01
8.242112499111100554e-01,-4.760472176387058330e-01
8.242349538957498556e-01,-4.765210934592462033e-01
8.242586578803896558e-01,-4.769946793038321031e-01
8.242823618650294559e-01,-4.774679748989424377e-01
8.243060658496692561e-01,-4.779409799711940021e-01
8.243297698343091673e-01,-4.784136942473615761e-01
8.243771778035887676e-01,-4.793582493192320992e-01
8.244008817882285678e-01,-4.798300895692093615e-01
8.244245857728683680e-01,-4.803016379316442652e-01
8.244482897575081681e-01,-4.807728941340375650e-01
8.244719937421480793e-01,-4.812438579040482223e-01
8.244956977267878795e-01,-4.817145289694680921e-01
8.245194017114276797e-01,-4.821849070582523433e-01
8.245431056960674798e-01,-4.826549918984937015e-01
8.245905136653470802e-01,-4.835942807464871374e-01
8.246142176499869914e-01,-4.840634842111763980e-01
8.246379216346267915e-01,-4.845323933411991302e-01
8.246616256192665917e-01,-4.850010078653942402e-01
8.246853296039063919e-01,-4.854693275127563989e-01
8.247090335885461920e-01,-4.859373520124210533e-01
8.247327375731859922e-01,-4.864050810936815239e-01
8.247564415578259034e-01,-4.868725144859749054e-01
8.248038495271055037e-01,-4.878064931221631761e-01
8.248275535117453039e-01,-4.882730378256886494e-01
8.248512574963851041e-01,-4.887392857595015405e-01
8.248749614810249042e-01,-4.892052366537961161e-01
8.248986654656647044e-01,-4.896708902389090845e-01
8.249223694503046156e-01,-4.901362462453365820e-01
8.249460734349444158e-01,-4.906013044037188520e-01
8.249697774195842159e-01,-4.910660644448481271e-01
8.249934814042240161e-01,-4.915305260996735148e-01
8.250408893735036164e-01,-4.924585531749445799e-01
8.250645933581435276e-01,-4.929221180580408701e-01
8.250882973427833278e-01,-4.933853834801292804e-01
8.251120013274231280e-01,-4.938483491729123154e-01
8.251357053120629281e-01,-4.943110148682509086e-01
8.251594092967027283e-01,-4.947733802981499895e-01
8.251831132813425285e-01,-4.952354451947754699e-01
8.252068172659824397e-01,-4.956972092904404770e-01
8.252542252352620400e-01,-4.966198340089087448e-01
8.252779292199018402e-01,-4.970806940971087551e-01
8.253016332045416403e-01,-4.975412523151355737e-01
8.253253371891814405e-01,-4.980015083960718236e-01
8.253490411738213517e-01,-4.984614620731565582e-01
8.253727451584611519e-01,-4.989211130797698290e-01
8.253964491431009520e-01,-4.993804611494606638e-01
8.254201531277407522e-01,-4.998395060159214198e-01
8.254675610970203525e-01,-5.007566850747209308e-01
8.254912650816602637e-01,-5.012148187352277739e-01
8.255149690663000639e-01,-5.016726481288352746e-01
8.255386730509398641e-01,-5.021301729900196076e-01
8.255623770355796642e-01,-5.025873930534021650e-01
8.255860810202194644e-01,-5.030443080537679856e-01
8.256097850048592646e-01,-5.035009177260486579e-01
8.256334889894990647e-01,-5.039572218053404162e-01
8.256808969587787761e-01,-5.048689121260951929e-01
8.257046009434185763e-01,-5.053242978385235062e-01
8.257283049280583764e-01,-5.057793768998851691e-01
8.257520089126981766e-01,-5.062341490460567917e-01
8.257757128973379768e-01,-5.066886140130633098e-01
8.257994168819778880e-01,-5.071427715370963041e-01
8.258231208666176881e-01,-5.075966213544900185e-01
8.258468248512574883e-01,-5.080501632017502267e-01
8.258942328205370886e-01,-5.089563219326463939e-01
8.259179368051768888e-01,-5.094089382900679475e-01
8.259416407898168000e-01,-5.098612456249298486e-01
8.259653447744566002e-01,-5.103132436745109191e-01
8.259890487590964003e-01,-5.107649321762622874e-01
8.260127527437362005e-01,-5.112163108677834078e-01
8.260364567283760007e-01,-5.116673794868373815e-01
8.260601607130158008e-01,-5.121181377713465155e-01
8.260838646976557120e-01,-5.125685854593875490e-01
8.261312726669353124e-01,-5.134685479991707435e-01
8.261549766515751125e-01,-5.139180623278665205e-01
8.261786806362149127e-01,-5.143672650139954339e-01
8.262023846208547129e-01,-5.148161557964354706e-01
8.262260886054945130e-01,-5.152647344142161634e-01
8.262497925901344242e-01,-5.157130006065369088e-01
8.262734965747742244e-01,-5.161609541127420986e-01
8.262972005594140246e-01,-5.166085946723513178e-01
8.263446085286936249e-01,-5.175029359106265714e-01
8.263683125133334251e-01,-5.179496360691201451e-01
8.263920164979733363e-01,-5.183960222406730489e-01
8.264157204826131364e-01,-5.188420941655985663e-01
8.264394244672529366e-01,-5.192878515843708520e-01
8.264631284518927368e-01,-5.197332942376317044e-01
8.264868324365325369e-01,-5.201784218661756887e-01
8.265105364211723371e-01,-5.206232342109667899e-01
8.265579443904520485e-01,-5.215119120139329878e-01
8.265816483750918486e-01,-5.219557769548345272e-01
8.266053523597316488e-01,-5.223993255774407318e-01
8.266290563443714490e-01,-5.228425576235168348e-01
8.266527603290112491e-01,-5.232854728349985995e-01
8.266764643136511603e-01,-5.237280709539785528e-01
8.267001682982909605e-01,-5.241703517227130904e-01
8.267238722829307607e-01,-5.246123148836199235e-01
8.267712802522103610e-01,-5.254952873524524337e-01
8.267949842368501612e-01,-5.259362961460304353e-01
8.268186882214899613e-01,-5.263769863030942631e-01
8.268423922061298725e-01,-5.268173575668779751e-01
8.268660961907696727e-01,-5.272574096807808308e-01
8.268898001754094729e-01,-5.276971423883645151e-01
8.269135041600492730e-01,-5.281365554333602441e-01
8.269372081446890732e-01,-5.285756485596557752e-01
8.269609121293288734e-01,-5.290144215113109505e-01
8.270083200986085847e-01,-5.298910058677409607e-01
8.270320240832483849e-01,-5.303288167614484960e-01
8.270557280678881851e-01,-5.307663064583857393e-01
8.270794320525279852e-01,-5.312034747034285465e-01
8.271031360371677854e-01,-5.316403212416259683e-01
8.271268400218076966e-01,-5.320768458181867056e-01
8.271505440064474968e-01,-5.325130481784843273e-01
8.271742479910872969e-01,-5.329489280680647090e-01
8.272216559603668973e-01,-5.338197194180620553e-01
8.272453599450066974e-01,-5.342546303703922250e-01
8.272690639296466086e-01,-5.346892178358340075e-01
8.272927679142864088e-01,-5.351234815607515127e-01
8.273164718989262090e-01,-5.355574212916901500e-01
8.273401758835660091e-01,-5.359910367753514260e-01
8.273638798682058093e-01,-5.364243277586123737e-01
8.273875838528456095e-01,-5.368572939885084550e-01
8.274349918221253208e-01,-5.377222511772118407e-01
8.274586958067651210e-01,-5.381542416309331722e-01
8.274823997914049212e-01,-5.385859063211224651e-01
8.275061037760447213e-01,-5.390172449956591727e-01
8.275298077606845215e-01,-5.394482574025900590e-01
8.275535117453243217e-01,-5.398789432901252017e-01
8.275772157299642329e-01,-5.403093024066518701e-01
8.276009197146040330e-01,-5.407393345007123209e-01
8.276483276838836334e-01,-5.415984166164916624e-01
8.276720316685234335e-01,-5.420274661361541568e-01
8.276957356531632337e-01,-5.424561876292400830e-01
8.277194396378031449e-01,-5.428845808451496779e-01
8.277431436224429451e-01,-5.433126455334387206e-01
8.277668476070827452e-01,-5.437403814438463989e-01
8.277905515917225454e-01,-5.441677883262718840e-01
8.278142555763623456e-01,-5.445948659307914275e-01
8.278379595610021457e-01,-5.450216140076435956e-01
8.278853675302818571e-01,-5.458741205801769247e-01
8.279090715149216573e-01,-5.462998785771899790e-01
8.279327754995614574e-01,-5.467253060492121008e-01
8.279564794842012576e-01,-5.471504027473337306e-01
8.279801834688410578e-01,-5.475751684228237215e-01
8.280038874534808579e-01,-5.479996028271147956e-01
8.280275914381207691e-01,-5.484237057118197534e-01
8.280512954227605693e-01,-5.488474768287093797e-01
8.280987033920401696e-01,-5.496940227670278345e-01
8.281224073766799698e-01,-5.501167970928712014e-01
8.281461113613197700e-01,-5.505392386597310894e-01
8.281698153459596812e-01,-5.509613472202503637e-01
8.281935193305994813e-01,-5.513831225272303183e-01
8.282172233152392815e-01,-5.518045643336584316e-01
8.282409272998790817e-01,-5.522256723926849409e-01
8.282646312845188818e-01,-5.526464464576383850e-01
8.283120392537985932e-01,-5.534869916194995465e-01
8.283357432384383934e-01,-5.539067622239230992e-01
8.283594472230781935e-01,-5.543261978493067010e-01
8.283831512077179937e-01,-5.547452982498465301e-01
8.284068551923577939e-01,-5.551640631799035219e-01
8.284305591769975941e-01,-5.555824923940206883e-01
8.284542631616375052e-01,-5.560005856469089069e-01
8.284779671462773054e-01,-5.564183426934548038e-01
8.285253751155569057e-01,-5.572528471879345524e-01
8.285490791001967059e-01,-5.576695941465127371e-01
8.285727830848365061e-01,-5.580860039200392642e-01
8.285964870694763063e-01,-5.585020762642689540e-01
8.286201910541162174e-01,-5.589178109351390367e-01
8.286438950387560176e-01,-5.593332076887554960e-01
8.286675990233958178e-01,-5.597482662814001753e-01
8.286913030080356179e-01,-5.601629864695351069e-01
8.287150069926754181e-01,-5.605773680097910772e-01
8.287624149619551295e-01,-5.614051141740887818e-01
8.287861189465949296e-01,-5.618184783122749382e-01
8.288098229312347298e-01,-5.622315028308750851e-01
8.288335269158745300e-01,-5.626441874874059668e-01
8.288572309005143302e-01,-5.630565320395535256e-01
8.288809348851541303e-01,-5.634685362451872237e-01
8.289046388697940415e-01,-5.638801998623481637e-01
8.289283428544338417e-01,-5.642915226492548619e-01
8.289757508237134420e-01,-5.651131447660643348e-01
8.289994548083532422e-01,-5.655234436132939857e-01
8.290231587929930424e-01,-5.659334006649148208e-01
8.290468627776329535e-01,-5.663430156800373094e-01
8.290705667622727537e-01,-5.667522884179364562e-01
8.290942707469125539e-01,-5.671612186380781129e-01
8.291179747315523541e-01,-5.675698061000968853e-01
8.291416787161921542e-01,-5.679780505638124533e-01
8.291890866854717546e-01,-5.687935095364826665e-01
8.292127906701116657e-01,-5.692007235659628517e-01
8.292364946547514659e-01,-5.696075936381858051e-01
8.292601986393912661e-01,-5.700141195138580530e-01
8.292839026240310663e-01,-5.704203009538706404e-01
8.293076066086708664e-01,-5.708261377192863639e-01
8.293313105933106666e-01,-5.712316295713542047e-01
8.293550145779505778e-01,-5.716367762714976708e-01
8.294024225472301781e-01,-5.724460332626049031e-01
8.294261265318699783e-01,-5.728501430773164094e-01
8.294498305165097785e-01,-5.732539067876005756e-01
8.294735345011495786e-01,-5.736573241557773040e-01
8.294972384857894898e-01,-5.740603949443557896e-01
8.295209424704292900e-01,-5.744631189160128715e-01
8.295446464550690902e-01,-5.748654958336182341e-01
8.295683504397088903e-01,-5.752675254602140908e-01
8.295920544243486905e-01,-5.756692075590295055e-01
8.296394623936284018e-01,-5.764715282271226648e-01
8.296631663782682020e-01,-5.768721663237553754e-01
8.296868703629080022e-01,-5.772724559473220163e-01
8.297105743475478024e-01,-5.776723968619508209e-01
8.297342783321876025e-01,-5.780719888319568733e-01
8.297579823168274027e-01,-5.784712316218373340e-01
8.297816863014672029e-01,-5.788701249962658890e-01
8.298053902861071141e-01,-5.792686687201069606e-01
8.298527982553867144e-01,-5.800647062763576445e-01
8.298765022400265146e-01,-5.804621996393991568e-01
8.299002062246663147e-01,-5.808593424131109906e-01
8.299239102093061149e-01,-5.812561343632614008e-01
8.299476141939460261e-01,-5.816525752558100448e-01
8.299713181785858263e-01,-5.820486648568867771e-01
8.299950221632256264e-01,-5.824444029328178507e-01
8.300187261478654266e-01,-5.828397892501037125e-01
8.300661341171450269e-01,-5.836295056756789501e-01
8.300898381017849381e-01,-5.840238353178941466e-01
8.301135420864247383e-01,-5.844178122693172162e-01
8.301372460710645385e-01,-5.848114362973687586e-01
8.301609500557043386e-01,-5.852047071696593328e-01
8.301846540403441388e-01,-5.855976246539763563e-01
8.302083580249839390e-01,-5.859901885182985382e-01
8.302320620096238502e-01,-5.863823985307846653e-01
8.302794699789034505e-01,-5.871657560738099413e-01
8.303031739635432507e-01,-5.875569031415951438e-01
8.303268779481830508e-01,-5.879476954320310700e-01
8.303505819328228510e-01,-5.883381327142062078e-01
8.303742859174627622e-01,-5.887282147573896784e-01
8.303979899021025624e-01,-5.891179413310370094e-01
8.304216938867423625e-01,-5.895073122047883585e-01
8.304453978713821627e-01,-5.898963271484748416e-01
8.304928058406617630e-01,-5.906732883258850597e-01
8.305165098253015632e-01,-5.910612341001978409e-01
8.305402138099414744e-01,-5.914488230256157442e-01
8.305639177945812746e-01,-5.918360548728972548e-01
8.305876217792210747e-01,-5.922229294129865984e-01
8.306113257638608749e-01,-5.926094464170194032e-01
8.306350297485006751e-01,-5.929956056563117084e-01
8.306587337331404752e-01,-5.933814069023732873e-01
8.306824377177803864e-01,-5.937668499268962119e-01
8.307298456870599868e-01,-5.945366603990356325e-01
8.307535496716997869e-01,-5.949210273909786295e-01
8.307772536563395871e-01,-5.953050352500309783e-01
8.308009576409793873e-01,-5.956886837488279962e-01
8.308246616256192985e-01,-5.960719726601879653e-01
8.308483656102590986e-01,-5.964549017571172396e-01
8.308720695948988988e-01,-5.968374708128159067e-01
8.308957735795386990e-01,-5.972196796006654651e-01
8.309431815488182993e-01,-5.979830154673071441e-01
8.309668855334582105e-01,-5.983641420938147215e-01
8.309905895180980107e-01,-5.987449075478988858e-01
8.310142935027378108e-01,-5.991253116038943727e-01
8.310379974873776110e-01,-5.995053540363162181e-01
8.310617014720174112e-01,-5.998850346198764116e-01
8.310854054566572113e-01,-6.002643531294690193e-01
8.311091094412970115e-01,-6.006433093401849499e-01
8.311565174105767229e-01,-6.014001339662811141e-01
8.311802213952165230e-01,-6.017780019327844121e-01
8.312039253798563232e-01,-6.021555067026591601e-01
8.312276293644961234e-01,-6.025326480519448413e-01
8.312513333491359235e-01,-6.029094257568670123e-01
8.312750373337758347e-01,-6.032858395938499596e-01
8.312987413184156349e-01,-6.036618893394970486e-01
8.313224453030554351e-01,-6.040375747706141496e-01
8.313698532723350354e-01,-6.047878517974119017e-01
8.313935572569748356e-01,-6.051624429476504252e-01
8.314172612416147468e-01,-6.055366688924771479e-01
8.314409652262545469e-01,-6.059105294096427397e-01
8.314646692108943471e-01,-6.062840242771020405e-01
8.314883731955341473e-01,-6.066571532729930771e-01
8.315120771801739474e-01,-6.070299161756524953e-01
8.315357811648137476e-01,-6.074023127636026809e-01
8.315594851494536588e-01,-6.077743428155650829e-01
8.316068931187332591e-01,-6.085173024273524689e-01
8.316305971033730593e-01,-6.088882315455776961e-01
8.316543010880128595e-01,-6.092587932446088539e-01
8.316780050726526596e-01,-6.096289873041303986e-01
8.317017090572924598e-01,-6.099988135040137482e-01
8.317254130419323710e-01,-6.103682716243316042e-01
8.317491170265721712e-01,-6.107373614453381894e-01
8.317728210112119713e-01,-6.111060827474930068e-01
8.318202289804915717e-01,-6.118424189180282635e-01
8.318439329651313718e-01,-6.122100333482863865e-01
8.318676369497712830e-01,-6.125772783834508850e-01
8.318913409344110832e-01,-6.129441538049390514e-01
8.319150449190508834e-01,-6.133106593943742357e-01
8.319387489036906835e-01,-6.136767949335660832e-01
8.319624528883304837e-01,-6.140425602045237463e-01
8.319861568729702839e-01,-6.144079549894509995e-01
8.320335648422499952e-01,-6.151376322309924927e-01
8.320572688268897954e-01,-6.155019142529839504e-01
8.320809728115295956e-01,-6.158658249197035417e-01
8.321046767961693957e-01,-6.162293640143254869e-01
8.321283807808091959e-01,-6.165925313202264002e-01
8.321520847654491071e-01,-6.169553266209734099e-01
8.321757887500889073e-01,-6.173177497003310421e-01
8.321994927347287074e-01,-6.176798003422582228e-01
8.322469007040083078e-01,-6.184027834506501398e-01
8.322706046886481079e-01,-6.187637154860166078e-01
8.322943086732879081e-01,-6.191242742217564210e-01
8.323180126579278193e-01,-6.194844594428148277e-01
8.323417166425676195e-01,-6.198442709343287005e-01
8.323654206272074196e-01,-6.202037084816323098e-01
8.323891246118472198e-01,-6.205627718702608764e-01
8.324128285964870200e-01,-6.209214608859410234e-01
8.324365325811268201e-01,-6.212797753146026558e-01
8.324839405504065315e-01,-6.219952795555599989e-01
8.325076445350463317e-01,-6.223524689406948474e-01
8.325313485196861318e-01,-6.227092828844928984e-01
8.325550525043259320e-01,-6.230657211738662715e-01
8.325787564889657322e-01,-6.234217835959307008e-01
8.326024604736056434e-01,-6.237774699379957655e-01
8.326261644582454435e-01,-6.241327799875704407e-01
8.326498684428852437e-01,-6.244877135323609885e-01
8.326972764121648440e-01,-6.251964502594190565e-01
8.327209803968046442e-01,-6.255502530180935272e-01
8.327446843814445554e-01,-6.259036784248058760e-01
8.327683883660843556e-01,-6.262567262682507963e-01
8.327920923507241557e-01,-6.266093963373341458e-01
8.328157963353639559e-01,-6.269616884211527408e-01
8.328395003200037561e-01,-6.273136023090093438e-01
8.328632043046435562e-01,-6.276651377903996742e-01
8.329106122739232676e-01,-6.283670726927842454e-01
8.329343162585630678e-01,-6.287174716937738994e-01
8.329580202432028679e-01,-6.290674914482919933e-01
8.329817242278426681e-01,-6.294171317468397753e-01
8.330054282124824683e-01,-6.297663923801138930e-01
8.330291321971222684e-01,-6.301152731390167183e-01
8.330528361817621796e-01,-6.304637738146471326e-01
8.330765401664019798e-01,-6.308118941983040795e-01
8.331239481356815801e-01,-6.315069932559127519e-01
8.331476521203213803e-01,-6.318539715134708912e-01
8.331713561049611805e-01,-6.322005686462693896e-01
8.331950600896010917e-01,-6.325467844466190481e-01
8.332187640742408918e-01,-6.328926187070218479e-01
8.332424680588806920e-01,-6.332380712201918227e-01
8.332661720435204922e-01,-6.335831417790372955e-01
8.332898760281602923e-01,-6.339278301766743118e-01
8.333135800128000925e-01,-6.342721362064153157e-01
8.333609879820798039e-01,-6.349596003364879060e-01
8.333846919667196040e-01,-6.353027580244592354e-01
8.334083959513594042e-01,-6.356455325198178130e-01
8.334320999359992044e-01,-6.359879236168920480e-01
8.334558039206390045e-01,-6.363299311102130762e-01
8.334795079052788047e-01,-6.366715547945110965e-01
8.335032118899187159e-01,-6.370127944647261398e-01
8.335269158745585161e-01,-6.373536499159910829e-01
8.335743238438381164e-01,-6.380342073432528904e-01
8.335980278284779166e-01,-6.383739089105444631e-01
8.336217318131177167e-01,-6.387132254414771282e-01
8.336454357977576279e-01,-6.390521567322117180e-01
8.336691397823974281e-01,-6.393907025791024656e-01
8.336928437670372283e-01,-6.397288627787184323e-01
8.337165477516770284e-01,-6.400666371278250777e-01
8.337402517363168286e-01,-6.404040254233984708e-01
8.337876597055965400e-01,-6.410776430428526407e-01
8.338113636902363401e-01,-6.414138719617029638e-01
8.338350676748761403e-01,-6.417497140169536873e-01
8.338587716595159405e-01,-6.420851690066035067e-01
8.338824756441557406e-01,-6.424202367288508464e-01
8.339061796287955408e-01,-6.427549169821048514e-01
8.339298836134354520e-01,-6.430892095649757279e-01
8.339535875980752522e-01,-6.434231142762800726e-01
8.340009955673548525e-01,-6.440897592804838423e-01
8.340246995519946527e-01,-6.444224991720451934e-01
8.340484035366344528e-01,-6.447548503893658634e-01
8.340721075212742530e-01,-6.450868127322888501e-01
8.340958115059141642e-01,-6.454183860008703144e-01
8.341195154905539644e-01,-6.457495699953625934e-01
8.341432194751937645e-01,-6.460803645162334075e-01
8.341669234598335647e-01,-6.464107693641550911e-01
8.342143314291131651e-01,-6.470704092448632538e-01
8.342380354137530762e-01,-6.473996438800271314e-01
8.342617393983928764e-01,-6.477284880469923456e-01
8.342854433830326766e-01,-6.480569415474631834e-01
8.343091473676724767e-01,-6.483850041833552069e-01
8.343328513523122769e-01,-6.487126757567859281e-01
8.343565553369520771e-01,-6.490399560700855774e-01
8.343802593215919883e-01,-6.493668449257881115e-01
8.344039633062317884e-01,-6.496933421266364306e-01
8.344513712755113888e-01,-6.503451607757806396e-01
8.344750752601511889e-01,-6.506704818306023874e-01
8.344987792447909891e-01,-6.509954104436233013e-01
8.345224832294309003e-01,-6.513199464186254506e-01
8.345461872140707005e-01,-6.516440895595995153e-01
8.345698911987105006e-01,-6.519678396707488943e-01
8.345935951833503008e-01,-6.522911965564801573e-01
8.346172991679901010e-01,-6.526141600214141469e-01
8.346647071372697013e-01,-6.532589059084025207e-01
8.346884111219096125e-01,-6.535806879407400904e-01
8.347121151065494127e-01,-6.539020757728424282e-01
8.347358190911892128e-01,-6.542230692103725431e-01
8.347595230758290130e-01,-6.545436680592067180e-01
8.347832270604688132e-01,-6.548638721254257389e-01
8.348069310451086134e-01,-6.551836812153256639e-01
8.348306350297485245e-01,-6.555030951354084978e-01
8.348780429990281249e-01,-6.561407366931829577e-01
8.349017469836679251e-01,-6.564589639449320835e-01
8.349254509683077252e-01,-6.567767952549793398e-01
8.349491549529475254e-01,-6.570942304308768911e-01
8.349728589375874366e-01,-6.574112692803939506e-01
8.349965629222272367e-01,-6.577279116115010149e-01
8.350202669068670369e-01,-6.580441572323888488e-01
8.350439708915068371e-01,-6.583600059514529423e-01
8.350913788607864374e-01,-6.589905119187621230e-01
8.351150828454263486e-01,-6.593051687848605624e-01
8.351387868300661488e-01,-6.596194279848378583e-01
8.351624908147059489e-01,-6.599332893281524282e-01
8.351861947993457491e-01,-6.602467526244683027e-01
8.352098987839855493e-01,-6.605598176836662283e-01
8.352336027686253495e-01,-6.608724843158338969e-01
8.352573067532652606e-01,-6.611847523312763819e-01
8.352810107379050608e-01,-6.614966215405064798e-01
8.353284187071846612e-01,-6.621191627834478455e-01
8.353521226918244613e-01,-6.624298344392500759e-01
8.353758266764642615e-01,-6.627401065330236207e-01
8.353995306611040617e-01,-6.630499788763428715e-01
8.354232346457439728e-01,-6.633594512810022659e-01
8.354469386303837730e-01,-6.636685235589988574e-01
8.354706426150235732e-01,-6.639771955225534095e-01
8.354943465996633734e-01,-6.642854669840925208e-01
8.355417545689429737e-01,-6.649008076519148380e-01
8.355654585535828849e-01,-6.652078764841259373e-01
8.355891625382226851e-01,-6.655145440661728307e-01
8.356128665228624852e-01,-6.658208102115561466e-01
8.356365705075022854e-01,-6.661266747339883443e-01
8.356602744921420856e-01,-6.664321374473926030e-01
8.356839784767818857e-01,-6.667371981659109270e-01
8.357076824614217969e-01,-6.670418567038963742e-01
8.357550904307013973e-01,-6.676499664967545655e-01
8.357787944153411974e-01,-6.679534173814093423e-01
8.358024983999809976e-01,-6.682564653450909775e-01
8.358262023846207978e-01,-6.685591102032293342e-01
8.358499063692607089e-01,-6.688613517714656620e-01
8.358736103539005091e-01,-6.691631898656567046e-01
8.358973143385403093e-01,-6.694646243018741449e-01
8.359210183231801095e-01,-6.697656548964083800e-01
8.359684262924597098e-01,-6.703665038266508613e-01
8.359921302770995100e-01,-6.706663217960129320e-01
8.360158342617394212e-01,-6.709657351909991130e-01
8.360395382463792213e-01,-6.712647438289744972e-01
8.360632422310190215e-01,-6.715633475275200048e-01
8.360869462156588217e-01,-6.718615461044368242e-01
8.361106502002986218e-01,-6.721593393777373082e-01
8.361343541849384220e-01,-6.724567271656548550e-01
8.361580581695783332e-01,-6.727537092866362478e-01
8.362054661388579335e-01,-6.733464558026618363e-01
8.362291701234977337e-01,-6.736422198356860624e-01
8.362528741081375339e-01,-6.739375774777303096e-01
8.362765780927773340e-01,-6.742325285483287134e-01
8.363002820774172452e-01,-6.745270728672292382e-01
8.363239860620570454e-01,-6.748212102543977853e-01
8.363476900466968456e-01,-6.751149405300168604e-01
8.363713940313366457e-01,-6.754082635144885716e-01
8.364188020006162461e-01,-6.759936868926847975e-01
8.364425059852561573e-01,-6.762857869283013246e-01
8.364662099698959574e-01,-6.765774789565496272e-01
8.364899139545357576e-01,-6.768687627989241617e-01
8.365136179391755578e-01,-6.771596382771311040e-01
8.365373219238153579e-01,-6.774501052130994516e-01
8.365610259084551581e-01,-6.777401634289720311e-01
8.365847298930949583e-01,-6.780298127471151570e-01
8.366321378623746696e-01,-6.786078839807575536e-01
8.366558418470144698e-01,-6.788963055420764725e-01
8.366795458316542700e-01,-6.791843174973083430e-01
8.367032498162940701e-01,-6.794719196699086083e-01
8.367269538009338703e-01,-6.797591118835557555e-01
8.367506577855737815e-01,-6.800458939621487620e-01
8.367743617702135817e-01,-6.803322657297983245e-01
8.367980657548533818e-01,-6.806182270108438459e-01
8.368454737241329822e-01,-6.811889174115577372e-01
8.368691777087727823e-01,-6.814736461809955959e-01
8.368928816934126935e-01,-6.817579637633696121e-01
8.369165856780524937e-01,-6.820418699841097609e-01
8.369402896626922939e-01,-6.823253646688742791e-01
8.369639936473320940e-01,-6.826084476435362314e-01
8.369876976319718942e-01,-6.828911187341933919e-01
8.370114016166116944e-01,-6.831733777671596952e-01
8.370351056012516056e-01,-6.834552245689751171e-01
8.370825135705312059e-01,-6.840176807863925790e-01
8.371062175551710061e-01,-6.842982898561754679e-01
8.371299215398108062e-01,-6.845784860031594032e-01
8.371536255244506064e-01,-6.848582690549881447e-01
8.371773295090904066e-01,-6.851376388395217232e-01
8.372010334937303178e-01,-6.854165951848484317e-01
8.372247374783701179e-01,-6.856951379192687268e-01
8.372484414630099181e-01,-6.859732668713135473e-01
8.372958494322895184e-01,-6.865282827434894264e-01
8.373195534169293186e-01,-6.868051693217840370e-01
8.373432574015692298e-01,-6.870816414340313871e-01
8.373669613862090300e-01,-6.873576989098636458e-01
8.373906653708488301e-01,-6.876333415791434645e-01
8.374143693554886303e-01,-6.879085692719500988e-01
8.374380733401284305e-01,-6.881833818185898455e-01
8.374617773247682306e-01,-6.884577790495868266e-01
8.375091852940479420e-01,-6.890053268878781889e-01
8.375328892786877422e-01,-6.892784771573371438e-01
8.375565932633275423e-01,-6.895512114354898081e-01
8.375802972479673425e-01,-6.898235295539747458e-01
8.376040012326071427e-01,-6.900954313446587829e-01
8.376277052172470539e-01,-6.903669166396282364e-01
8.376514092018868540e-01,-6.906379852711942435e-01
8.376751131865266542e-01,-6.909086370718898751e-01
8.377225211558062545e-01,-6.914486895119318355e-01
8.377462251404460547e-01,-6.917180898174658532e-01
8.377699291250858549e-01,-6.919870726245056503e-01
8.377936331097257661e-01,-6.922556377667083982e-01
8.378173370943655662e-01,-6.925237850779472071e-01
8.378410410790053664e-01,-6.927915143923272234e-01
8.378647450636451666e-01,-6.930588255441757495e-01
8.378884490482849667e-01,-6.933257183680420210e-01
8.379358570175646781e-01,-6.938582483711612792e-01
8.379595610022044783e-01,-6.941238852206388366e-01
8.379832649868442784e-01,-6.943891030825857236e-01
8.380069689714840786e-01,-6.946539017926797177e-01
8.380306729561238788e-01,-6.949182811868186427e-01
8.380543769407636789e-01,-6.951822411011305825e-01
8.380780809254035901e-01,-6.954457813719653325e-01
8.381017849100433903e-01,-6.957089018358990629e-01
8.381254888946831905e-01,-6.959716023297324305e-01
8.381728968639627908e-01,-6.964957427554391289e-01
8.381966008486025910e-01,-6.967571823620435367e-01
8.382203048332425022e-01,-6.970182013480165084e-01
8.382440088178823023e-01,-6.972787995512840231e-01
8.382677128025221025e-01,-6.975389768100072052e-01
8.382914167871619027e-01,-6.977987329625673363e-01
8.383151207718017028e-01,-6.980580678475764023e-01
8.383388247564415030e-01,-6.983169813038687668e-01
8.383862327257212144e-01,-6.988335432867877062e-01
8.384099367103610145e-01,-6.990911914922192105e-01
8.384336406950008147e-01,-6.993484176265464258e-01
8.384573446796406149e-01,-6.996052215297418053e-01
8.384810486642804150e-01,-6.998616030420009571e-01
8.385047526489202152e-01,-7.001175620037500824e-01
8.385284566335601264e-01,-7.003730982556405360e-01
8.385521606181999266e-01,-7.006282116385513792e-01
8.385995685874795269e-01,-7.011371691620867930e-01
8.386232725721193271e-01,-7.013910129856099074e-01
8.386469765567591272e-01,-7.016444333059457250e-01
8.386706805413990384e-01,-7.018974299651151716e-01
8.386943845260388386e-01,-7.021500028053594411e-01
8.387180885106786388e-01,-7.024021516691557609e-01
8.387417924953184389e-01,-7.026538763992042913e-01
8.387654964799582391e-01,-7.029051768384375620e-01
8.388129044492379505e-01,-7.034065042173187621e-01
8.388366084338777506e-01,-7.036565308439689526e-01
8.388603124185175508e-01,-7.039061325538102931e-01
8.388840164031573510e-01,-7.041553091909147355e-01
8.389077203877971511e-01,-7.044040605995863791e-01
8.389314243724369513e-01,-7.046523866243545875e-01
8.389551283570767515e-01,-7.049002871099810941e-01
8.389788323417166627e-01,-7.051477619014574483e-01
8.390025363263564628e-01,-7.053948108439985765e-01
8.390499442956360632e-01,-7.058876305643055904e-01
8.390736482802758633e-01,-7.061334010336570710e-01
8.390973522649156635e-01,-7.063787450372455146e-01
8.391210562495555747e-01,-7.066236624214412565e-01
8.391447602341953749e-01,-7.068681530328368989e-01
8.391684642188351750e-01,-7.071122167182626317e-01
8.391921682034749752e-01,-7.073558533247734648e-01
8.392158721881147754e-01,-7.075990626996586652e-01
8.392632801573944867e-01,-7.080841991448501016e-01
8.392869841420342869e-01,-7.083261259108816210e-01
8.393106881266740871e-01,-7.085676248367397401e-01
8.393343921113138872e-01,-7.088086957708651381e-01
8.393580960959536874e-01,-7.090493385619262012e-01
8.393818000805934876e-01,-7.092895530588264608e-01
8.394055040652333988e-01,-7.095293391106975989e-01
8.394292080498731989e-01,-7.097686965669027792e-01
8.394766160191527993e-01,-7.102461250909244406e-01
8.395003200037925994e-01,-7.104841958586244344e-01
8.395240239884323996e-01,-7.107218374304263842e-01
8.395477279730721998e-01,-7.109590496568486406e-01
8.395714319577121110e-01,-7.111958323886462541e-01
8.395951359423519111e-01,-7.114321854767989839e-01
8.396188399269917113e-01,-7.116681087725256205e-01
8.396425439116315115e-01,-7.119036021272715509e-01
8.396899518809111118e-01,-7.123732984207767904e-01
8.397136558655510230e-01,-7.126075010635919416e-01
8.397373598501908232e-01,-7.128412731735394026e-01
8.397610638348306233e-01,-7.130746146032270749e-01
8.397847678194704235e-01,-7.133075252054982274e-01
8.398084718041102237e-01,-7.135400048334250567e-01
8.398321757887500238e-01,-7.137720533403160150e-01
8.398558797733899350e-01,-7.140036705797098149e-01
8.398795837580297352e-01,-7.142348564053788706e-01
8.399269917273093355e-01,-7.146959332317961433e-01
8.399506957119491357e-01,-7.149258239412549232e-01
8.399743996965889359e-01,-7.151552826544104180e-01
8.399981036812288471e-01,-7.153843092262003323e-01
8.400218076658686472e-01,-7.156129035117964055e-01
8.400455116505084474e-01,-7.158410653666031909e-01
8.400692156351482476e-01,-7.160687946462607201e-01
8.400929196197880477e-01,-7.162960912066428376e-01
8.401403275890676481e-01,-7.167493855942380643e-01
8.401640315737075593e-01,-7.169753831343675943e-01
8.401877355583473594e-01,-7.172009473810516678e-01
8.402114395429871596e-01,-7.174260781913325280e-01
8.402351435276269598e-01,-7.176507754224895619e-01
8.402588475122667599e-01,-7.178750389320325276e-01
8.402825514969065601e-01,-7.180988685777097702e-01
8.403062554815464713e-01,-7.183222642175015604e-01
8.403536634508260716e-01,-7.187677529125237053e-01
8.403773674354658718e-01,-7.189898456848909936e-01
8.404010714201056720e-01,-7.192115038856431442e-01
8.404247754047454722e-01,-7.194327273739363759e-01
8.404484793893853833e-01,-7.196535160091634964e-01
8.404721833740251835e-01,-7.198738696509456858e-01
8.404958873586649837e-01,-7.200937881591473744e-01
8.405195913433047838e-01,-7.203132713938630305e-01
8.405669993125843842e-01,-7.207509314844036119e-01
8.405907032972242954e-01,-7.209691080616004166e-01
8.406144072818640955e-01,-7.211868488080523942e-01
8.406381112665038957e-01,-7.214041535850370668e-01
8.406618152511436959e-01,-7.216210222540639929e-01
8.406855192357834961e-01,-7.218374546768817623e-01
8.407092232204232962e-01,-7.220534507154718895e-01
8.407329272050632074e-01,-7.222690102320565853e-01
8.407566311897030076e-01,-7.224841330890878766e-01
8.408040391589826079e-01,-7.229130682755023907e-01
8.408277431436224081e-01,-7.231268803309786053e-01
8.408514471282622083e-01,-7.233402551790927282e-01
8.408751511129020084e-01,-7.235531926834816163e-01
8.408988550975419196e-01,-7.237656927080238223e-01
8.409225590821817198e-01,-7.239777551168283809e-01
8.409462630668215199e-01,-7.241893797742474659e-01
8.409699670514613201e-01,-7.244005665448667308e-01
8.410173750207409205e-01,-7.248216258852419047e-01
8.410410790053808316e-01,-7.250314981853593910e-01
8.410647829900206318e-01,-7.252409320593967701e-01
8.410884869746604320e-01,-7.254499273731302988e-01
8.411121909593002322e-01,-7.256584839925703800e-01
8.411358949439400323e-01,-7.258666017839677798e-01
8.411595989285798325e-01,-7.260742806138082983e-01
8.411833029132197437e-01,-7.262815203488187654e-01
8.412307108824993440e-01,-7.266946820024371423e-01
8.412544148671391442e-01,-7.269006036556868722e-01
8.412781188517789444e-01,-7.271060856833868602e-01
8.413018228364187445e-01,-7.273111279534549833e-01
8.413255268210586557e-01,-7.275157303340453741e-01
8.413492308056984559e-01,-7.277198926935509737e-01
8.413729347903382561e-01,-7.279236149006029777e-01
8.413966387749780562e-01,-7.281268968240737216e-01
8.414440467442576566e-01,-7.285321392969449361e-01
8.414677507288974567e-01,-7.287340995852810144e-01
8.414914547135373679e-01,-7.289356190679083802e-01
8.415151586981771681e-01,-7.291366976148891954e-01
8.415388626828169683e-01,-7.293373350965299817e-01
8.415625666674567684e-01,-7.295375313833756259e-01
8.415862706520965686e-01,-7.297372863462083803e-01
8.416099746367363688e-01,-7.299365998560526370e-01
8.416336786213762799e-01,-7.301354717841705977e-01
8.416810865906558803e-01,-7.305318903814753684e-01
8.417047905752956805e-01,-7.307294367943872881e-01
8.417284945599354806e-01,-7.309265411130204670e-01
8.417521985445752808e-01,-7.311232032098383682e-01
8.417759025292151920e-01,-7.313194229575423755e-01
8.417996065138549922e-01,-7.315152002290743471e-01
8.418233104984947923e-01,-7.317105348976165047e-01
8.418470144831345925e-01,-7.319054268365928761e-01
8.418944224524141928e-01,-7.322938820207385291e-01
8.419181264370541040e-01,-7.324874450139586823e-01
8.419418304216939042e-01,-7.326805647737074656e-01
8.419655344063337044e-01,-7.328732411746130548e-01
8.419892383909735045e-01,-7.330654740915409917e-01
8.420129423756133047e-01,-7.332572633996004008e-01
8.420366463602531049e-01,-7.334486089741383275e-01
8.420603503448929050e-01,-7.336395106907465102e-01
8.421077583141726164e-01,-7.340199820537361974e-01
8.421314622988124166e-01,-7.342095514525027733e-01
8.421551662834522167e-01,-7.343986764981116355e-01
8.421788702680920169e-01,-7.345873570673582265e-01
8.422025742527318171e-01,-7.347755930372814603e-01
8.422262782373717283e-01,-7.349633842851615029e-01
8.422499822220115284e-01,-7.351507306885187720e-01
8.422736862066513286e-01,-7.353376321251181569e-01
8.423210941759309289e-01,-7.357100996103054236e-01
8.423447981605707291e-01,-7.358956654156304511e-01
8.423685021452106403e-01,-7.360807857676731070e-01
8.423922061298504405e-01,-7.362654605454045376e-01
8.424159101144902406e-01,-7.364496896280430249e-01
8.424396140991300408e-01,-7.366334728950465482e-01
8.424633180837698410e-01,-7.368168102261174468e-01
8.424870220684096411e-01,-7.369997015011985342e-01
8.425344300376893525e-01,-7.373641454043834420e-01
8.425581340223291527e-01,-7.375456977935881397e-01
8.425818380069689528e-01,-7.377268036490061132e-01
8.426055419916087530e-01,-7.379074628517969803e-01
8.426292459762485532e-01,-7.380876752833601673e-01
8.426529499608883533e-01,-7.382674408253411258e-01
8.426766539455282645e-01,-7.384467593596284463e-01
8.427003579301680647e-01,-7.386256307683503053e-01
8.427240619148078649e-01,-7.388040549338827923e-01
8.427714698840874652e-01,-7.391595610660921523e-01
8.427951738687272654e-01,-7.393366427987347889e-01
8.428188778533671766e-01,-7.395132768201214679e-01
8.428425818380069767e-01,-7.396894630138416415e-01
8.428662858226467769e-01,-7.398652012637334519e-01
8.428899898072865771e-01,-7.400404914538758483e-01
8.429136937919263772e-01,-7.402153334685943609e-01
8.429373977765661774e-01,-7.403897271924559931e-01
8.429848057458458888e-01,-7.407371693071059804e-01
8.430085097304856889e-01,-7.409102174682504760e-01
8.430322137151254891e-01,-7.410828168792551462e-01
8.430559176997652893e-01,-7.412549674259085730e-01
8.430796216844050894e-01,-7.414266689942463628e-01
8.431033256690450006e-01,-7.415979214705473721e-01
8.431270296536848008e-01,-7.417687247413351503e-01
8.431507336383246010e-01,-7.419390786933778292e-01
8.431981416076042013e-01,-7.422784381895297656e-01
8.432218455922440015e-01,-7.424474435084009727e-01
8.432455495768838016e-01,-7.426159990580513126e-01
8.432692535615237128e-01,-7.427841047264767127e-01
8.432929575461635130e-01,-7.429517604019132415e-01
8.433166615308033132e-01,-7.431189659728477670e-01
8.433403655154431133e-01,-7.432857213280085196e-01
8.433640695000829135e-01,-7.434520263563713094e-01
8.434114774693626249e-01,-7.437832849898344811e-01
8.434351814540024250e-01,-7.439482383741125027e-01
8.434588854386422252e-01,-7.441127409899498391e-01
8.434825894232820254e-01,-7.442767927275515394e-01
8.435062934079218255e-01,-7.444403934773661247e-01
8.435299973925616257e-01,-7.446035431300906948e-01
8.435537013772015369e-01,-7.447662415766664878e-01
8.435774053618413371e-01,-7.449284887082817663e-01
8.436011093464811372e-01,-7.450902844163700411e-01
8.436485173157607376e-01,-7.454125211289371888e-01
8.436722213004005377e-01,-7.455729619175166523e-01
8.436959252850404489e-01,-7.457329508507710703e-01
8.437196292696802491e-01,-7.458924878213661902e-01
8.437433332543200493e-01,-7.460515727222167826e-01
8.437670372389598494e-01,-7.462102054464816447e-01
8.437907412235996496e-01,-7.463683858875687083e-01
8.438144452082394498e-01,-7.465261139391310419e-01
8.438618531775191611e-01,-7.468402124495336913e-01
8.438855571621589613e-01,-7.469965826969161560e-01
8.439092611467987615e-01,-7.471525001318595205e-01
8.439329651314385616e-01,-7.473079646492540862e-01
8.439566691160783618e-01,-7.474629761442357356e-01
8.439803731007181620e-01,-7.476175345121894855e-01
8.440040770853580732e-01,-7.477716396487469330e-01
8.440277810699978733e-01,-7.479252914497868110e-01
8.440751890392774737e-01,-7.482312346300687977e-01
8.440988930239172738e-01,-7.483835258023079362e-01
8.441225970085570740e-01,-7.485353632250236755e-01
8.441463009931969852e-01,-7.486867467953352007e-01
8.441700049778367854e-01,-7.488376764106063899e-01
8.441937089624765855e-01,-7.489881519684530309e-01
8.442174129471163857e-01,-7.491381733667362708e-01
8.442411169317561859e-01,-7.492877405035676119e-01
8.442885249010358972e-01,-7.495855115865570628e-01
8.443122288856756974e-01,-7.497337153301770751e-01
8.443359328703154976e-01,-7.498814644072706592e-01
8.443596368549552977e-01,-7.500287587171892145e-01
8.443833408395950979e-01,-7.501755981595351619e-01
8.444070448242348981e-01,-7.503219826341575027e-01
8.444307488088746982e-01,-7.504679120411555937e-01
8.444544527935146094e-01,-7.506133862808765933e-01
8.444781567781544096e-01,-7.507584052539162389e-01
8.445255647474340099e-01,-7.510470770035839738e-01
8.445492687320738101e-01,-7.511907295826503184e-01
8.445729727167136103e-01,-7.513339264999112643e-01
8.445966767013535215e-01,-7.514766676572105508e-01
8.446203806859933216e-01,-7.516189529566371652e-01
8.446440846706331218e-01,-7.517607823005334478e-01
8.446677886552729220e-01,-7.519021555914883193e-01
8.446914926399127221e-01,-7.520430727323427211e-01
8.447389006091924335e-01,-7.523235381763550000e-01
8.447626045938322337e-01,-7.524630862864395420e-01
8.447863085784720338e-01,-7.526021778602788315e-01
8.448100125631118340e-01,-7.527408128019600353e-01
8.448337165477516342e-01,-7.528789910158217857e-01
8.448574205323914343e-01,-7.530167124064528483e-01
8.448811245170313455e-01,-7.531539768786914557e-01
8.449048285016711457e-01,-7.532907843376253076e-01
8.449522364709507460e-01,-7.535630278371839852e-01
8.449759404555905462e-01,-7.536984636892372080e-01
8.449996444402303464e-01,-7.538334421508426919e-01
8.450233484248701465e-01,-7.539679631283400241e-01
8.450470524095100577e-01,-7.541020265283210344e-01
8.450707563941498579e-01,-7.542356322576249106e-01
8.450944603787896581e-01,-7.543687802233453032e-01
8.451181643634294582e-01,-7.545014703328236649e-01
8.451655723327090586e-01,-7.547654766136814297e-01
8.451892763173489698e-01,-7.548967926010003993e-01
8.452129803019887699e-01,-7.550276503639569148e-01
8.452366842866285701e-01,-7.551580498111482020e-01
8.452603882712683703e-01,-7.552879908514235074e-01
8.452840922559081704e-01,-7.554174733938813224e-01
8.453077962405479706e-01,-7.555464973478737134e-01
8.453315002251878818e-01,-7.556750626230024359e-01
8.453552042098276820e-01,-7.558031691291208221e-01
8.454026121791072823e-01,-7.560580054749980183e-01
8.454263161637470825e-01,-7.561847351357215974e-01
8.454500201483868826e-01,-7.563110056693647110e-01
8.454737241330267938e-01,-7.564368169870387959e-01
8.454974281176665940e-01,-7.565621690001067545e-01
8.455211321023063942e-01,-7.566870616201830657e-01
8.455448360869461943e-01,-7.568114947591357833e-01
8.455685400715859945e-01,-7.569354683290829833e-01
8.456159480408657059e-01,-7.571820364116990110e-01
8.456396520255055060e-01,-7.573046307498650931e-01
8.456633560101453062e-01,-7.574267651700229420e-01
8.456870599947851064e-01,-7.575484395855514030e-01
8.457107639794249065e-01,-7.576696539100834515e-01
8.457344679640647067e-01,-7.577904080575027512e-01
8.457581719487045069e-01,-7.579107019419467628e-01
8.457818759333444181e-01,-7.580305354778046345e-01
8.458292839026240184e-01,-7.582688211625817631e-01
8.458529878872638186e-01,-7.583872731415433055e-01
8.458766918719036187e-01,-7.585052644320023907e-01
8.459003958565434189e-01,-7.586227949496124889e-01
8.459240998411833301e-01,-7.587398646102794242e-01
8.459478038258231303e-01,-7.588564733301611520e-01
8.459715078104629304e-01,-7.589726210256704242e-01
8.459952117951027306e-01,-7.590883076134713470e-01
8.460426197643823309e-01,-7.593182971338748866e-01
8.460663237490222421e-01,-7.594325999010735906e-01
8.460900277336620423e-01,-7.595464412297548984e-01
8.461137317183018425e-01,-7.596598210378512350e-01
8.461374357029416426e-01,-7.597727392435463800e-01
8.461611396875814428e-01,-7.598851957652793532e-01
8.461848436722212430e-01,-7.599971905217408619e-01
8.462085476568611542e-01,-7.601087234318775199e-01
8.462559556261407545e-01,-7.603304033902216208e-01
8.462796596107805547e-01,-7.604405502775887227e-01
8.463033635954203548e-01,-7.605502349969485154e-01
8.463270675800601550e-01,-7.606594574685155985e-01
8.463507715646999552e-01,-7.607682176127573692e-01
8.463744755493398664e-01,-7.608765153503974643e-01
8.463981795339796665e-01,-7.609843506024103199e-01
8.464218835186194667e-01,-7.610917232900277218e-01
8.464455875032592669e-01,-7.611986333347338096e-01
8.464929954725388672e-01,-7.614110651826226928e-01
8.465166994571787784e-01,-7.615165868300469709e-01
8.465404034418185786e-01,-7.616216455230413462e-01
8.465641074264583787e-01,-7.617262411843632730e-01
8.465878114110981789e-01,-7.618303737370236695e-01
8.466115153957379791e-01,-7.619340431042882500e-01
8.466352193803777793e-01,-7.620372492096774142e-01
8.466589233650176904e-01,-7.621399919769670239e-01
8.467063313342972908e-01,-7.623440871936183472e-01
8.467300353189370909e-01,-7.624454394918056543e-01
8.467537393035768911e-01,-7.625463281495410417e-01
8.467774432882166913e-01,-7.626467530918750182e-01
8.468011472728566025e-01,-7.627467142441118897e-01
8.468248512574964026e-01,-7.628462115318114245e-01
8.468485552421362028e-01,-7.629452448807879650e-01
8.468722592267760030e-01,-7.630438142171124261e-01
8.469196671960556033e-01,-7.632395605573614183e-01
8.469433711806954035e-01,-7.633367374147027595e-01
8.469670751653353147e-01,-7.634334499662264184e-01
8.469907791499751148e-01,-7.635296981392782900e-01
8.470144831346149150e-01,-7.636254818614620632e-01
8.470381871192547152e-01,-7.637208010606351127e-01
8.470618911038945154e-01,-7.638156556649121631e-01
8.470855950885343155e-01,-7.639100456026628461e-01
8.471330030578140269e-01,-7.640974311933426133e-01
8.471567070424538271e-01,-7.641904267042897159e-01
8.471804110270936272e-01,-7.642829572647477088e-01
8.472041150117334274e-01,-7.643750228043650896e-01
8.472278189963732276e-01,-7.644666232530474836e-01
8.472515229810131387e-01,-7.645577585409562005e-01
8.472752269656529389e-01,-7.646484285985083451e-01
8.472989309502927391e-01,-7.647386333563773730e-01
8.473226349349325393e-01,-7.648283727454935343e-01
8.473700429042121396e-01,-7.650064551424680115e-01
8.473937468888520508e-01,-7.650947980134681359e-01
8.474174508734918509e-01,-7.651826752419981226e-01
8.474411548581316511e-01,-7.652700867602705292e-01
8.474648588427714513e-01,-7.653570325007532649e-01
8.474885628274112515e-01,-7.654435123961720322e-01
8.475122668120510516e-01,-7.655295263795083294e-01
8.475359707966908518e-01,-7.656150743840011152e-01
8.475833787659705632e-01,-7.657847721906938521e-01
8.476070827506103633e-01,-7.658689218606545834e-01
8.476307867352501635e-01,-7.659526052872944746e-01
8.476544907198899637e-01,-7.660358224051359022e-01
8.476781947045297638e-01,-7.661185731489594808e-01
8.477018986891696750e-01,-7.662008574538022865e-01
8.477256026738094752e-01,-7.662826752549579679e-01
8.477493066584492754e-01,-7.663640264879779673e-01
8.477967146277288757e-01,-7.665253289931044378e-01
8.478204186123686759e-01,-7.666052801375997650e-01
8.478441225970085871e-01,-7.666847644587390098e-01
8.478678265816483872e-01,-7.667637818933590310e-01
8.478915305662881874e-01,-7.668423323785562573e-01
8.479152345509279876e-01,-7.669204158516833569e-01
8.479389385355677877e-01,-7.669980322503515691e-01
8.479626425202075879e-01,-7.670751815124289275e-01
8.480100504894872993e-01,-7.672280783795737413e-01
8.480337544741270994e-01,-7.673038258616664553e-01
8.480574584587668996e-01,-7.673791059612189436e-01
8.480811624434066998e-01,-7.674539186173889860e-01
8.481048664280464999e-01,-7.675282637695916010e-01
8.481285704126863001e-01,-7.676021413575000452e-01
8.481522743973262113e-01,-7.676755513210457016e-01
8.481759783819660115e-01,-7.677484936004170812e-01
8.481996823666058116e-01,-7.678209681360624872e-01
8.482470903358854120e-01,-7.679645137392544507e-01
8.482707943205252121e-01,-7.680355846889868054e-01
8.482944983051651233e-01,-7.681061876593651139e-01
8.483182022898049235e-01,-7.681763225921270921e-01
8.483419062744447237e-01,-7.682459894292705815e-01
8.483656102590845238e-01,-7.683151881130504401e-01
8.483893142437243240e-01,-7.683839185859813181e-01
8.484130182283641242e-01,-7.684521807908355484e-01
8.484604261976438355e-01,-7.685873001686981398e-01
8.484841301822836357e-01,-7.686541572285445767e-01
8.485078341669234359e-01,-7.687205457939909614e-01
8.485315381515632360e-01,-7.687864658091034809e-01
8.485552421362030362e-01,-7.688519172182072259e-01
8.485789461208429474e-01,-7.689168999658856363e-01
8.486026501054827476e-01,-7.689814139969812778e-01
8.486263540901225477e-01,-7.690454592565953984e-01
8.486737620594021481e-01,-7.691721432430818073e-01
8.486974660440419482e-01,-7.692347818614521104e-01
8.487211700286817484e-01,-7.692969514913376994e-01
8.487448740133216596e-01,-7.693586520791361183e-01
8.487685779979614598e-01,-7.694198835715027052e-01
8.487922819826012599e-01,-7.694806459153534783e-01
8.488159859672410601e-01,-7.695409390578630271e-01
8.488396899518808603e-01,-7.696007629464657329e-01
8.488870979211605716e-01,-7.697190027529837719e-01
8.489108019058003718e-01,-7.697774185670644975e-01
8.489345058904401720e-01,-7.698353649195691650e-01
8.489582098750799721e-01,-7.698928417592293405e-01
8.489819138597197723e-01,-7.699498490350361601e-01
8.490056178443595725e-01,-7.700063866962407744e-01
8.490293218289994837e-01,-7.700624546923534597e-01
8.490530258136392838e-01,-7.701180529731443958e-01
8.490767297982790840e-01,-7.701731814886436656e-01
8.491241377675586843e-01,-7.702820290251867208e-01
8.491478417521984845e-01,-7.703357479475901881e-01
8.491715457368383957e-01,-7.703889969074209088e-01
8.491952497214781959e-01,-7.704417758560085927e-01
8.492189537061179960e-01,-7.704940847449427421e-01
8.492426576907577962e-01,-7.705459235260732065e-01
8.492663616753975964e-01,-7.705972921515098495e-01
8.492900656600373965e-01,-7.706481905736225491e-01
8.493374736293171079e-01,-7.707485766186580323e-01
8.493611776139569081e-01,-7.707980641476216421e-01
8.493848815985967082e-01,-7.708470812853437382e-01
8.494085855832365084e-01,-7.708956279854959348e-01
8.494322895678763086e-01,-7.709437042020098607e-01
8.494559935525161087e-01,-7.709913098890780470e-01
8.494796975371560199e-01,-7.710384450011533719e-01
8.495034015217958201e-01,-7.710851094929485061e-01
8.495508094910754204e-01,-7.711770264358551730e-01
8.495745134757152206e-01,-7.712222787976960037e-01
8.495982174603550208e-01,-7.712670603607163500e-01
8.496219214449949320e-01,-7.713113710809325063e-01
8.496456254296347321e-01,-7.713552109146214475e-01
8.496693294142745323e-01,-7.713985798183216058e-01
8.496930333989143325e-01,-7.714414777488314279e-01
8.497167373835541326e-01,-7.714839046632111508e-01
8.497641453528338440e-01,-7.715673452731230952e-01
8.497878493374736442e-01,-7.716083588840795260e-01
8.498115533221134443e-01,-7.716489013097541649e-01
8.498352573067532445e-01,-7.716889725085117613e-01
8.498589612913930447e-01,-7.717285724389781887e-01
8.498826652760328448e-01,-7.717677010600401122e-01
8.499063692606726450e-01,-7.718063583308460984e-01
8.499300732453125562e-01,-7.718445442108052834e-01
8.499774812145921565e-01,-7.719195016371266371e-01
8.500011851992319567e-01,-7.719562731036140324e-01
8.500248891838717569e-01,-7.719925730195048574e-01
8.500485931685115570e-01,-7.720284013455152028e-01
8.500722971531514682e-01,-7.720637580426226165e-01
8.500960011377912684e-01,-7.720986430720655491e-01
8.501197051224310686e-01,-7.721330563953447967e-01
8.501434091070708687e-01,-7.721669979742221690e-01
8.501671130917106689e-01,-7.722004677707210440e-01
8.502145210609903803e-01,-7.722659918659863232e-01
8.502382250456301804e-01,-7.722980460901077704e-01
8.502619290302699806e-01,-7.723296283825614728e-01
8.502856330149097808e-01,-7.723607387066793173e-01
8.503093369995495809e-01,-7.723913770260553147e-01
8.503330409841893811e-01,-7.724215433045449331e-01
8.503567449688292923e-01,-7.724512375062656533e-01
8.503804489534690925e-01,-7.724804595955966358e-01
8.504278569227486928e-01,-7.725374872959166472e-01
8.504515609073884930e-01,-7.725652928369742822e-01
8.504752648920282931e-01,-7.725926261257790584e-01
8.504989688766682043e-01,-7.726194871280208654e-01
8.505226728613080045e-01,-7.726458758096507173e-01
8.505463768459478047e-01,-7.726717921368823072e-01
8.505700808305876048e-01,-7.726972360761912295e-01
8.505937848152274050e-01,-7.727222075943155355e-01
8.506411927845070053e-01,-7.727707332352732328e-01
8.506648967691469165e-01,-7.727942872928939000e-01
8.506886007537867167e-01,-7.728173687989042806e-01
8.507123047384265169e-01,-7.728399777213537103e-01
8.507360087230663170e-01,-7.728621140285543145e-01
8.507597127077061172e-01,-7.728837776890801203e-01
8.507834166923459174e-01,-7.729049686717679446e-01
8.508071206769858286e-01,-7.729256869457169499e-01
8.508545286462654289e-01,-7.729657052451077703e-01
8.508782326309052291e-01,-7.729850052100608604e-01
8.509019366155450292e-01,-7.730038323452975701e-01
8.509256406001848294e-01,-7.730221866212297899e-01
8.509493445848247406e-01,-7.730400680085327547e-01
8.509730485694645408e-01,-7.730574764781433794e-01
8.509967525541043409e-01,-7.730744120012625897e-01
8.510204565387441411e-01,-7.730908745493529910e-01
8.510441605233839413e-01,-7.731068640941405334e-01
8.510915684926636526e-01,-7.731374240620247917e-01
8.511152724773034528e-01,-7.731519944298874680e-01
8.511389764619432530e-01,-7.731660916839790954e-01
8.511626804465830531e-01,-7.731797157973403500e-01
8.511863844312228533e-01,-7.731928667432742541e-01
8.512100884158626535e-01,-7.732055444953472856e-01
8.512337924005024536e-01,-7.732177490273887122e-01
8.512574963851423648e-01,-7.732294803134910355e-01
8.513049043544219652e-01,-7.732515230455628830e-01
8.513286083390617653e-01,-7.732618344410330247e-01
8.513523123237015655e-01,-7.732716724895649651e-01
8.513760163083413657e-01,-7.732810371665667093e-01
8.513997202929812769e-01,-7.732899284477098290e-01
8.514234242776210770e-01,-7.732983463089289078e-01
8.514471282622608772e-01,-7.733062907264222074e-01
8.514708322469006774e-01,-7.733137616766506683e-01
8.515182402161802777e-01,-7.733272830824756694e-01
8.515419442008201889e-01,-7.733333334923117031e-01
8.515656481854599891e-01,-7.733389103433622180e-01
8.515893521700997892e-01,-7.733440136134054343e-01
8.516130561547395894e-01,-7.733486432804834720e-01
8.516367601393793896e-01,-7.733527993229012409e-01
8.516604641240191897e-01,-7.733564817192279950e-01
8.516841681086591009e-01,-7.733596904482959999e-01
8.517315760779387013e-01,-7.733646868213039927e-01
8.517552800625785014e-01,-7.733664744242271238e-01
8.517789840472183016e-01,-7.733677882778573487e-01
8.518026880318581018e-01,-7.733686283623459889e-01
8.518263920164979019e-01,-7.733689946581070451e-01
