f1,f2,f3
0.000000000000000000e+00,0.000000000000000000e+00,6.000000000000000000e+00
0.000000000000000000e+00,5.130853797733003242e-03,5.994621129382965208e+00
0.000000000000000000e+00,1.026170759546600648e-02,5.988747384833667198e+00
0.000000000000000000e+00,1.539256139319901059e-02,5.982382241404111234e+00
0.000000000000000000e+00,2.052341519093201297e-02,5.975531477303586136e+00
0.000000000000000000e+00,2.565426898866501534e-02,5.968203153626922663e+00
0.000000000000000000e+00,3.078512278639802119e-02,5.960407586062598462e+00
0.000000000000000000e+00,3.591597658413102356e-02,5.952157308668902580e+00
0.000000000000000000e+00,4.104683038186402594e-02,5.943467029831175807e+00
0.000000000000000000e+00,4.617768417959702831e-02,5.934353580537537809e+00
0.000000000000000000e+00,5.130853797733003069e-02,5.924835855134565676e+00
0.000000000000000000e+00,5.643939177506303306e-02,5.914934744747958106e+00
0.000000000000000000e+00,6.157024557279604238e-02,5.904673063576206360e+00
0.000000000000000000e+00,6.670109937052903781e-02,5.894075468287749864e+00
0.000000000000000000e+00,7.183195316826204713e-02,5.883168370773781852e+00
0.000000000000000000e+00,7.696280696599504256e-02,5.871979844529904291e+00
0.000000000000000000e+00,8.209366076372805188e-02,5.860539524960016067e+00
0.000000000000000000e+00,8.722451456146106119e-02,5.848878503915143412e+00
0.000000000000000000e+00,9.235536835919405663e-02,5.837029218798365449e+00
0.000000000000000000e+00,9.748622215692706594e-02,5.825025336584405800e+00
0.000000000000000000e+00,1.026170759546600614e-01,5.812901633118919165e+00
0.000000000000000000e+00,1.077479297523930707e-01,5.800693868077815729e+00
0.000000000000000000e+00,1.128787835501260661e-01,5.788438655981228642e+00
0.000000000000000000e+00,1.180096373478590754e-01,5.776173333669786025e+00
0.000000000000000000e+00,1.231404911455920848e-01,5.763935824662717700e+00
0.000000000000000000e+00,1.282713449433250941e-01,5.751764500827963644e+00
0.000000000000000000e+00,1.334021987410580756e-01,5.739698041803810824e+00
0.000000000000000000e+00,1.385330525387910849e-01,5.727775292619655012e+00
0.000000000000000000e+00,1.436639063365240943e-01,5.716035119970202416e+00
0.000000000000000000e+00,1.487947601342571036e-01,5.704516267602845581e+00
0.000000000000000000e+00,1.539256139319900851e-01,5.693257211281960828e+00
0.000000000000000000e+00,1.590564677297230944e-01,5.682296013796513279e+00
0.000000000000000000e+00,1.641873215274561038e-01,5.671670180478654899e+00
0.000000000000000000e+00,1.693181753251891131e-01,5.661416515700825158e+00
0.000000000000000000e+00,1.744490291229221224e-01,5.651570980817366419e+00
0.000000000000000000e+00,1.795798829206551039e-01,5.642168554013728965e+00
0.000000000000000000e+00,1.847107367183881133e-01,5.633243092522032924e+00
0.000000000000000000e+00,1.898415905161211226e-01,5.624827197656069977e+00
0.000000000000000000e+00,1.949724443138541319e-01,5.616952083111747207e+00
0.000000000000000000e+00,2.001032981115871134e-01,5.609647446970616791e+00
0.000000000000000000e+00,2.052341519093201228e-01,5.602941347834343055e+00
0.000000000000000000e+00,2.103650057070531321e-01,5.596860085506993876e+00
0.000000000000000000e+00,2.154958595047861414e-01,5.591428086629679051e+00
0.000000000000000000e+00,2.206267133025191507e-01,5.586667795658561531e+00
0.000000000000000000e+00,2.257575671002521323e-01,5.582599571562493423e+00
0.000000000000000000e+00,2.308884208979851416e-01,5.579241590600627632e+00
0.000000000000000000e+00,2.360192746957181509e-01,5.576609755523326051e+00
0.000000000000000000e+00,2.411501284934511602e-01,5.574717611521591287e+00
0.000000000000000000e+00,2.462809822911841695e-01,5.573576269231087288e+00
0.000000000000000000e+00,2.514118360889171511e-01,5.573194335076763650e+00
5.130853797733003242e-03,0.000000000000000000e+00,5.994621129382965208e+00
5.130853797733003242e-03,5.130853797733003242e-03,5.989242258765930416e+00
5.130853797733003242e-03,1.026170759546600648e-02,5.983368514216632406e+00
5.130853797733003242e-03,1.539256139319901059e-02,5.977003370787076442e+00
5.130853797733003242e-03,2.052341519093201297e-02,5.970152606686551344e+00
5.130853797733003242e-03,2.565426898866501534e-02,5.962824283009887871e+00
5.130853797733003242e-03,3.078512278639802119e-02,5.955028715445563670e+00
5.130853797733003242e-03,3.591597658413102356e-02,5.946778438051867788e+00
5.130853797733003242e-03,4.104683038186402594e-02,5.938088159214141015e+00
5.130853797733003242e-03,4.617768417959702831e-02,5.928974709920503017e+00
5.130853797733003242e-03,5.130853797733003069e-02,5.919456984517530884e+00
5.130853797733003242e-03,5.643939177506303306e-02,5.909555874130923314e+00
5.130853797733003242e-03,6.157024557279604238e-02,5.899294192959171568e+00
5.130853797733003242e-03,6.670109937052903781e-02,5.888696597670715072e+00
5.130853797733003242e-03,7.183195316826204713e-02,5.877789500156747060e+00
5.130853797733003242e-03,7.696280696599504256e-02,5.866600973912869499e+00
5.130853797733003242e-03,8.209366076372805188e-02,5.855160654342981275e+00
5.130853797733003242e-03,8.722451456146106119e-02,5.843499633298108620e+00
5.130853797733003242e-03,9.235536835919405663e-02,5.831650348181330656e+00
5.130853797733003242e-03,9.748622215692706594e-02,5.819646465967371007e+00
5.130853797733003242e-03,1.026170759546600614e-01,5.807522762501884372e+00
5.130853797733003242e-03,1.077479297523930707e-01,5.795314997460780937e+00
5.130853797733003242e-03,1.128787835501260661e-01,5.783059785364193850e+00
5.130853797733003242e-03,1.180096373478590754e-01,5.770794463052751233e+00
5.130853797733003242e-03,1.231404911455920848e-01,5.758556954045682907e+00
5.130853797733003242e-03,1.282713449433250941e-01,5.746385630210928852e+00
5.130853797733003242e-03,1.334021987410580756e-01,5.734319171186776032e+00
5.130853797733003242e-03,1.385330525387910849e-01,5.722396422002620220e+00
5.130853797733003242e-03,1.436639063365240943e-01,5.710656249353167624e+00
5.130853797733003242e-03,1.487947601342571036e-01,5.699137396985810788e+00
5.130853797733003242e-03,1.539256139319900851e-01,5.687878340664926036e+00
5.130853797733003242e-03,1.590564677297230944e-01,5.676917143179478487e+00
5.130853797733003242e-03,1.641873215274561038e-01,5.666291309861620107e+00
5.130853797733003242e-03,1.693181753251891131e-01,5.656037645083790366e+00
5.130853797733003242e-03,1.744490291229221224e-01,5.646192110200331626e+00
5.130853797733003242e-03,1.795798829206551039e-01,5.636789683396694173e+00
5.130853797733003242e-03,1.847107367183881133e-01,5.627864221904998132e+00
5.130853797733003242e-03,1.898415905161211226e-01,5.619448327039035185e+00
5.130853797733003242e-03,1.949724443138541319e-01,5.611573212494712415e+00
5.130853797733003242e-03,2.001032981115871134e-01,5.604268576353581999e+00
5.130853797733003242e-03,2.052341519093201228e-01,5.597562477217308263e+00
5.130853797733003242e-03,2.103650057070531321e-01,5.591481214889959084e+00
5.130853797733003242e-03,2.154958595047861414e-01,5.586049216012644258e+00
5.130853797733003242e-03,2.206267133025191507e-01,5.581288925041526738e+00
5.130853797733003242e-03,2.257575671002521323e-01,5.577220700945458631e+00
5.130853797733003242e-03,2.308884208979851416e-01,5.573862719983592839e+00
5.130853797733003242e-03,2.360192746957181509e-01,5.571230884906291259e+00
5.130853797733003242e-03,2.411501284934511602e-01,5.569338740904556495e+00
5.130853797733003242e-03,2.462809822911841695e-01,5.568197398614052496e+00
5.130853797733003242e-03,2.514118360889171511e-01,5.567815464459728858e+00
1.026170759546600648e-02,0.000000000000000000e+00,5.988747384833667198e+00
1.026170759546600648e-02,5.130853797733003242e-03,5.983368514216632406e+00
1.026170759546600648e-02,1.026170759546600648e-02,5.977494769667334396e+00
1.026170759546600648e-02,1.539256139319901059e-02,5.971129626237778432e+00
1.026170759546600648e-02,2.052341519093201297e-02,5.964278862137253334e+00
1.026170759546600648e-02,2.565426898866501534e-02,5.956950538460589861e+00
1.026170759546600648e-02,3.078512278639802119e-02,5.949154970896265660e+00
1.026170759546600648e-02,3.591597658413102356e-02,5.940904693502569778e+00
1.026170759546600648e-02,4.104683038186402594e-02,5.932214414664843005e+00
1.026170759546600648e-02,4.617768417959702831e-02,5.923100965371205007e+00
1.026170759546600648e-02,5.130853797733003069e-02,5.913583239968232874e+00
1.026170759546600648e-02,5.643939177506303306e-02,5.903682129581625304e+00
1.026170759546600648e-02,6.157024557279604238e-02,5.893420448409873558e+00
1.026170759546600648e-02,6.670109937052903781e-02,5.882822853121417062e+00
1.026170759546600648e-02,7.183195316826204713e-02,5.871915755607449050e+00
1.026170759546600648e-02,7.696280696599504256e-02,5.860727229363571489e+00
1.026170759546600648e-02,8.209366076372805188e-02,5.849286909793683265e+00
1.026170759546600648e-02,8.722451456146106119e-02,5.837625888748810610e+00
1.026170759546600648e-02,9.235536835919405663e-02,5.825776603632032646e+00
1.026170759546600648e-02,9.748622215692706594e-02,5.813772721418072997e+00
1.026170759546600648e-02,1.026170759546600614e-01,5.801649017952586362e+00
1.026170759546600648e-02,1.077479297523930707e-01,5.789441252911482927e+00
1.026170759546600648e-02,1.128787835501260661e-01,5.777186040814895840e+00
1.026170759546600648e-02,1.180096373478590754e-01,5.764920718503453223e+00
1.026170759546600648e-02,1.231404911455920848e-01,5.752683209496384897e+00
1.026170759546600648e-02,1.282713449433250941e-01,5.740511885661630842e+00
1.026170759546600648e-02,1.334021987410580756e-01,5.728445426637478022e+00
1.026170759546600648e-02,1.385330525387910849e-01,5.716522677453322210e+00
1.026170759546600648e-02,1.436639063365240943e-01,5.704782504803869614e+00
1.026170759546600648e-02,1.487947601342571036e-01,5.693263652436512778e+00
1.026170759546600648e-02,1.539256139319900851e-01,5.682004596115628026e+00
1.026170759546600648e-02,1.590564677297230944e-01,5.671043398630180477e+00
1.026170759546600648e-02,1.641873215274561038e-01,5.660417565312322097e+00
1.026170759546600648e-02,1.693181753251891131e-01,5.650163900534492356e+00
1.026170759546600648e-02,1.744490291229221224e-01,5.640318365651033616e+00
1.026170759546600648e-02,1.795798829206551039e-01,5.630915938847396163e+00
1.026170759546600648e-02,1.847107367183881133e-01,5.621990477355700122e+00
1.026170759546600648e-02,1.898415905161211226e-01,5.613574582489737175e+00
1.026170759546600648e-02,1.949724443138541319e-01,5.605699467945414405e+00
1.026170759546600648e-02,2.001032981115871134e-01,5.598394831804283989e+00
1.026170759546600648e-02,2.052341519093201228e-01,5.591688732668010253e+00
1.026170759546600648e-02,2.103650057070531321e-01,5.585607470340661074e+00
1.026170759546600648e-02,2.154958595047861414e-01,5.580175471463346248e+00
1.026170759546600648e-02,2.206267133025191507e-01,5.575415180492228728e+00
1.026170759546600648e-02,2.257575671002521323e-01,5.571346956396160621e+00
1.026170759546600648e-02,2.308884208979851416e-01,5.567988975434294829e+00
1.026170759546600648e-02,2.360192746957181509e-01,5.565357140356993249e+00
1.026170759546600648e-02,2.411501284934511602e-01,5.563464996355258485e+00
1.026170759546600648e-02,2.462809822911841695e-01,5.562323654064754486e+00
1.026170759546600648e-02,2.514118360889171511e-01,5.561941719910430848e+00
1.539256139319901059e-02,0.000000000000000000e+00,5.982382241404111234e+00
1.539256139319901059e-02,5.130853797733003242e-03,5.977003370787076442e+00
1.539256139319901059e-02,1.026170759546600648e-02,5.971129626237778432e+00
1.539256139319901059e-02,1.539256139319901059e-02,5.964764482808222468e+00
1.539256139319901059e-02,2.052341519093201297e-02,5.957913718707697370e+00
1.539256139319901059e-02,2.565426898866501534e-02,5.950585395031033897e+00
1.539256139319901059e-02,3.078512278639802119e-02,5.942789827466709696e+00
1.539256139319901059e-02,3.591597658413102356e-02,5.934539550073013814e+00
1.539256139319901059e-02,4.104683038186402594e-02,5.925849271235287041e+00
1.539256139319901059e-02,4.617768417959702831e-02,5.916735821941649043e+00
1.539256139319901059e-02,5.130853797733003069e-02,5.907218096538677798e+00
1.539256139319901059e-02,5.643939177506303306e-02,5.897316986152069340e+00
1.539256139319901059e-02,6.157024557279604238e-02,5.887055304980317594e+00
1.539256139319901059e-02,6.670109937052903781e-02,5.876457709691861098e+00
1.539256139319901059e-02,7.183195316826204713e-02,5.865550612177893086e+00
1.539256139319901059e-02,7.696280696599504256e-02,5.854362085934015525e+00
1.539256139319901059e-02,8.209366076372805188e-02,5.842921766364127301e+00
1.539256139319901059e-02,8.722451456146106119e-02,5.831260745319254646e+00
1.539256139319901059e-02,9.235536835919405663e-02,5.819411460202476682e+00
1.539256139319901059e-02,9.748622215692706594e-02,5.807407577988517033e+00
1.539256139319901059e-02,1.026170759546600614e-01,5.795283874523030399e+00
1.539256139319901059e-02,1.077479297523930707e-01,5.783076109481926963e+00
1.539256139319901059e-02,1.128787835501260661e-01,5.770820897385339876e+00
1.539256139319901059e-02,1.180096373478590754e-01,5.758555575073897259e+00
1.539256139319901059e-02,1.231404911455920848e-01,5.746318066066828933e+00
1.539256139319901059e-02,1.282713449433250941e-01,5.734146742232074878e+00
1.539256139319901059e-02,1.334021987410580756e-01,5.722080283207922058e+00
1.539256139319901059e-02,1.385330525387910849e-01,5.710157534023766246e+00
1.539256139319901059e-02,1.436639063365240943e-01,5.698417361374313650e+00
1.539256139319901059e-02,1.487947601342571036e-01,5.686898509006956814e+00
1.539256139319901059e-02,1.539256139319900851e-01,5.675639452686072062e+00
1.539256139319901059e-02,1.590564677297230944e-01,5.664678255200624513e+00
1.539256139319901059e-02,1.641873215274561038e-01,5.654052421882766133e+00
1.539256139319901059e-02,1.693181753251891131e-01,5.643798757104936392e+00
1.539256139319901059e-02,1.744490291229221224e-01,5.633953222221477652e+00
1.539256139319901059e-02,1.795798829206551039e-01,5.624550795417840199e+00
1.539256139319901059e-02,1.847107367183881133e-01,5.615625333926145046e+00
1.539256139319901059e-02,1.898415905161211226e-01,5.607209439060181211e+00
1.539256139319901059e-02,1.949724443138541319e-01,5.599334324515858441e+00
1.539256139319901059e-02,2.001032981115871134e-01,5.592029688374728025e+00
1.539256139319901059e-02,2.052341519093201228e-01,5.585323589238454289e+00
1.539256139319901059e-02,2.103650057070531321e-01,5.579242326911105110e+00
1.539256139319901059e-02,2.154958595047861414e-01,5.573810328033790285e+00
1.539256139319901059e-02,2.206267133025191507e-01,5.569050037062672764e+00
1.539256139319901059e-02,2.257575671002521323e-01,5.564981812966604657e+00
1.539256139319901059e-02,2.308884208979851416e-01,5.561623832004738865e+00
1.539256139319901059e-02,2.360192746957181509e-01,5.558991996927437285e+00
1.539256139319901059e-02,2.411501284934511602e-01,5.557099852925702521e+00
1.539256139319901059e-02,2.462809822911841695e-01,5.555958510635198522e+00
1.539256139319901059e-02,2.514118360889171511e-01,5.555576576480874884e+00
2.052341519093201297e-02,0.000000000000000000e+00,5.975531477303586136e+00
2.052341519093201297e-02,5.130853797733003242e-03,5.970152606686551344e+00
2.052341519093201297e-02,1.026170759546600648e-02,5.964278862137253334e+00
2.052341519093201297e-02,1.539256139319901059e-02,5.957913718707697370e+00
2.052341519093201297e-02,2.052341519093201297e-02,5.951062954607172273e+00
2.052341519093201297e-02,2.565426898866501534e-02,5.943734630930508800e+00
2.052341519093201297e-02,3.078512278639802119e-02,5.935939063366184598e+00
2.052341519093201297e-02,3.591597658413102356e-02,5.927688785972488716e+00
2.052341519093201297e-02,4.104683038186402594e-02,5.918998507134761944e+00
2.052341519093201297e-02,4.617768417959702831e-02,5.909885057841123945e+00
2.052341519093201297e-02,5.130853797733003069e-02,5.900367332438152701e+00
2.052341519093201297e-02,5.643939177506303306e-02,5.890466222051544243e+00
2.052341519093201297e-02,6.157024557279604238e-02,5.880204540879792496e+00
2.052341519093201297e-02,6.670109937052903781e-02,5.869606945591336000e+00
2.052341519093201297e-02,7.183195316826204713e-02,5.858699848077367989e+00
2.052341519093201297e-02,7.696280696599504256e-02,5.847511321833490427e+00
2.052341519093201297e-02,8.209366076372805188e-02,5.836071002263602203e+00
2.052341519093201297e-02,8.722451456146106119e-02,5.824409981218729548e+00
2.052341519093201297e-02,9.235536835919405663e-02,5.812560696101951585e+00
2.052341519093201297e-02,9.748622215692706594e-02,5.800556813887991936e+00
2.052341519093201297e-02,1.026170759546600614e-01,5.788433110422505301e+00
2.052341519093201297e-02,1.077479297523930707e-01,5.776225345381401866e+00
2.052341519093201297e-02,1.128787835501260661e-01,5.763970133284814779e+00
2.052341519093201297e-02,1.180096373478590754e-01,5.751704810973372162e+00
2.052341519093201297e-02,1.231404911455920848e-01,5.739467301966303836e+00
2.052341519093201297e-02,1.282713449433250941e-01,5.727295978131549781e+00
2.052341519093201297e-02,1.334021987410580756e-01,5.715229519107396960e+00
2.052341519093201297e-02,1.385330525387910849e-01,5.703306769923241148e+00
2.052341519093201297e-02,1.436639063365240943e-01,5.691566597273788553e+00
2.052341519093201297e-02,1.487947601342571036e-01,5.680047744906431717e+00
2.052341519093201297e-02,1.539256139319900851e-01,5.668788688585546964e+00
2.052341519093201297e-02,1.590564677297230944e-01,5.657827491100099415e+00
2.052341519093201297e-02,1.641873215274561038e-01,5.647201657782241035e+00
2.052341519093201297e-02,1.693181753251891131e-01,5.636947993004411295e+00
2.052341519093201297e-02,1.744490291229221224e-01,5.627102458120952555e+00
2.052341519093201297e-02,1.795798829206551039e-01,5.617700031317315101e+00
2.052341519093201297e-02,1.847107367183881133e-01,5.608774569825619949e+00
2.052341519093201297e-02,1.898415905161211226e-01,5.600358674959656113e+00
2.052341519093201297e-02,1.949724443138541319e-01,5.592483560415333343e+00
2.052341519093201297e-02,2.001032981115871134e-01,5.585178924274202927e+00
2.052341519093201297e-02,2.052341519093201228e-01,5.578472825137929192e+00
2.052341519093201297e-02,2.103650057070531321e-01,5.572391562810580012e+00
2.052341519093201297e-02,2.154958595047861414e-01,5.566959563933265187e+00
2.052341519093201297e-02,2.206267133025191507e-01,5.562199272962147667e+00
2.052341519093201297e-02,2.257575671002521323e-01,5.558131048866079560e+00
2.052341519093201297e-02,2.308884208979851416e-01,5.554773067904213768e+00
2.052341519093201297e-02,2.360192746957181509e-01,5.552141232826912187e+00
2.052341519093201297e-02,2.411501284934511602e-01,5.550249088825177424e+00
2.052341519093201297e-02,2.462809822911841695e-01,5.549107746534673424e+00
2.052341519093201297e-02,2.514118360889171511e-01,5.548725812380349787e+00
2.565426898866501534e-02,0.000000000000000000e+00,5.968203153626922663e+00
2.565426898866501534e-02,5.130853797733003242e-03,5.962824283009887871e+00
2.565426898866501534e-02,1.026170759546600648e-02,5.956950538460589861e+00
2.565426898866501534e-02,1.539256139319901059e-02,5.950585395031033897e+00
2.565426898866501534e-02,2.052341519093201297e-02,5.943734630930508800e+00
2.565426898866501534e-02,2.565426898866501534e-02,5.936406307253845327e+00
2.565426898866501534e-02,3.078512278639802119e-02,5.928610739689521125e+00
2.565426898866501534e-02,3.591597658413102356e-02,5.920360462295825243e+00
2.565426898866501534e-02,4.104683038186402594e-02,5.911670183458098471e+00
2.565426898866501534e-02,4.617768417959702831e-02,5.902556734164460472e+00
2.565426898866501534e-02,5.130853797733003069e-02,5.893039008761489228e+00
2.565426898866501534e-02,5.643939177506303306e-02,5.883137898374880770e+00
2.565426898866501534e-02,6.157024557279604238e-02,5.872876217203129023e+00
2.565426898866501534e-02,6.670109937052903781e-02,5.862278621914672527e+00
2.565426898866501534e-02,7.183195316826204713e-02,5.851371524400704516e+00
2.565426898866501534e-02,7.696280696599504256e-02,5.840182998156826955e+00
2.565426898866501534e-02,8.209366076372805188e-02,5.828742678586938730e+00
2.565426898866501534e-02,8.722451456146106119e-02,5.817081657542066075e+00
2.565426898866501534e-02,9.235536835919405663e-02,5.805232372425288112e+00
2.565426898866501534e-02,9.748622215692706594e-02,5.793228490211328463e+00
2.565426898866501534e-02,1.026170759546600614e-01,5.781104786745841828e+00
2.565426898866501534e-02,1.077479297523930707e-01,5.768897021704738393e+00
2.565426898866501534e-02,1.128787835501260661e-01,5.756641809608151306e+00
2.565426898866501534e-02,1.180096373478590754e-01,5.744376487296708689e+00
2.565426898866501534e-02,1.231404911455920848e-01,5.732138978289640363e+00
2.565426898866501534e-02,1.282713449433250941e-01,5.719967654454886308e+00
2.565426898866501534e-02,1.334021987410580756e-01,5.707901195430733488e+00
2.565426898866501534e-02,1.385330525387910849e-01,5.695978446246577676e+00
2.565426898866501534e-02,1.436639063365240943e-01,5.684238273597125080e+00
2.565426898866501534e-02,1.487947601342571036e-01,5.672719421229768244e+00
2.565426898866501534e-02,1.539256139319900851e-01,5.661460364908883491e+00
2.565426898866501534e-02,1.590564677297230944e-01,5.650499167423435942e+00
2.565426898866501534e-02,1.641873215274561038e-01,5.639873334105577563e+00
2.565426898866501534e-02,1.693181753251891131e-01,5.629619669327747822e+00
2.565426898866501534e-02,1.744490291229221224e-01,5.619774134444289082e+00
2.565426898866501534e-02,1.795798829206551039e-01,5.610371707640651628e+00
2.565426898866501534e-02,1.847107367183881133e-01,5.601446246148956476e+00
2.565426898866501534e-02,1.898415905161211226e-01,5.593030351282992640e+00
2.565426898866501534e-02,1.949724443138541319e-01,5.585155236738669871e+00
2.565426898866501534e-02,2.001032981115871134e-01,5.577850600597539454e+00
2.565426898866501534e-02,2.052341519093201228e-01,5.571144501461265719e+00
2.565426898866501534e-02,2.103650057070531321e-01,5.565063239133916539e+00
2.565426898866501534e-02,2.154958595047861414e-01,5.559631240256601714e+00
2.565426898866501534e-02,2.206267133025191507e-01,5.554870949285484194e+00
2.565426898866501534e-02,2.257575671002521323e-01,5.550802725189416087e+00
2.565426898866501534e-02,2.308884208979851416e-01,5.547444744227550295e+00
2.565426898866501534e-02,2.360192746957181509e-01,5.544812909150248714e+00
2.565426898866501534e-02,2.411501284934511602e-01,5.542920765148513951e+00
2.565426898866501534e-02,2.462809822911841695e-01,5.541779422858009951e+00
2.565426898866501534e-02,2.514118360889171511e-01,5.541397488703686314e+00
3.078512278639802119e-02,0.000000000000000000e+00,5.960407586062598462e+00
3.078512278639802119e-02,5.130853797733003242e-03,5.955028715445563670e+00
3.078512278639802119e-02,1.026170759546600648e-02,5.949154970896265660e+00
3.078512278639802119e-02,1.539256139319901059e-02,5.942789827466709696e+00
3.078512278639802119e-02,2.052341519093201297e-02,5.935939063366184598e+00
3.078512278639802119e-02,2.565426898866501534e-02,5.928610739689521125e+00
3.078512278639802119e-02,3.078512278639802119e-02,5.920815172125196924e+00
3.078512278639802119e-02,3.591597658413102356e-02,5.912564894731501042e+00
3.078512278639802119e-02,4.104683038186402594e-02,5.903874615893774269e+00
3.078512278639802119e-02,4.617768417959702831e-02,5.894761166600136271e+00
3.078512278639802119e-02,5.130853797733003069e-02,5.885243441197165026e+00
3.078512278639802119e-02,5.643939177506303306e-02,5.875342330810556568e+00
3.078512278639802119e-02,6.157024557279604238e-02,5.865080649638804822e+00
3.078512278639802119e-02,6.670109937052903781e-02,5.854483054350348326e+00
3.078512278639802119e-02,7.183195316826204713e-02,5.843575956836380314e+00
3.078512278639802119e-02,7.696280696599504256e-02,5.832387430592502753e+00
3.078512278639802119e-02,8.209366076372805188e-02,5.820947111022614529e+00
3.078512278639802119e-02,8.722451456146106119e-02,5.809286089977741874e+00
3.078512278639802119e-02,9.235536835919405663e-02,5.797436804860963910e+00
3.078512278639802119e-02,9.748622215692706594e-02,5.785432922647004261e+00
3.078512278639802119e-02,1.026170759546600614e-01,5.773309219181517626e+00
3.078512278639802119e-02,1.077479297523930707e-01,5.761101454140414191e+00
3.078512278639802119e-02,1.128787835501260661e-01,5.748846242043827104e+00
3.078512278639802119e-02,1.180096373478590754e-01,5.736580919732384487e+00
3.078512278639802119e-02,1.231404911455920848e-01,5.724343410725316161e+00
3.078512278639802119e-02,1.282713449433250941e-01,5.712172086890562106e+00
3.078512278639802119e-02,1.334021987410580756e-01,5.700105627866409286e+00
3.078512278639802119e-02,1.385330525387910849e-01,5.688182878682253474e+00
3.078512278639802119e-02,1.436639063365240943e-01,5.676442706032800878e+00
3.078512278639802119e-02,1.487947601342571036e-01,5.664923853665444042e+00
3.078512278639802119e-02,1.539256139319900851e-01,5.653664797344559290e+00
3.078512278639802119e-02,1.590564677297230944e-01,5.642703599859111740e+00
3.078512278639802119e-02,1.641873215274561038e-01,5.632077766541253361e+00
3.078512278639802119e-02,1.693181753251891131e-01,5.621824101763423620e+00
3.078512278639802119e-02,1.744490291229221224e-01,5.611978566879964880e+00
3.078512278639802119e-02,1.795798829206551039e-01,5.602576140076327427e+00
3.078512278639802119e-02,1.847107367183881133e-01,5.593650678584632274e+00
3.078512278639802119e-02,1.898415905161211226e-01,5.585234783718668439e+00
3.078512278639802119e-02,1.949724443138541319e-01,5.577359669174345669e+00
3.078512278639802119e-02,2.001032981115871134e-01,5.570055033033215253e+00
3.078512278639802119e-02,2.052341519093201228e-01,5.563348933896941517e+00
3.078512278639802119e-02,2.103650057070531321e-01,5.557267671569592338e+00
3.078512278639802119e-02,2.154958595047861414e-01,5.551835672692277512e+00
3.078512278639802119e-02,2.206267133025191507e-01,5.547075381721159992e+00
3.078512278639802119e-02,2.257575671002521323e-01,5.543007157625091885e+00
3.078512278639802119e-02,2.308884208979851416e-01,5.539649176663226093e+00
3.078512278639802119e-02,2.360192746957181509e-01,5.537017341585924513e+00
3.078512278639802119e-02,2.411501284934511602e-01,5.535125197584189749e+00
3.078512278639802119e-02,2.462809822911841695e-01,5.533983855293685750e+00
3.078512278639802119e-02,2.514118360889171511e-01,5.533601921139362112e+00
3.591597658413102356e-02,0.000000000000000000e+00,5.952157308668902580e+00
3.591597658413102356e-02,5.130853797733003242e-03,5.946778438051867788e+00
3.591597658413102356e-02,1.026170759546600648e-02,5.940904693502569778e+00
3.591597658413102356e-02,1.539256139319901059e-02,5.934539550073013814e+00
3.591597658413102356e-02,2.052341519093201297e-02,5.927688785972488716e+00
3.591597658413102356e-02,2.565426898866501534e-02,5.920360462295825243e+00
3.591597658413102356e-02,3.078512278639802119e-02,5.912564894731501042e+00
3.591597658413102356e-02,3.591597658413102356e-02,5.904314617337805160e+00
3.591597658413102356e-02,4.104683038186402594e-02,5.895624338500078387e+00
3.591597658413102356e-02,4.617768417959702831e-02,5.886510889206440389e+00
3.591597658413102356e-02,5.130853797733003069e-02,5.876993163803469145e+00
3.591597658413102356e-02,5.643939177506303306e-02,5.867092053416860686e+00
3.591597658413102356e-02,6.157024557279604238e-02,5.856830372245108940e+00
3.591597658413102356e-02,6.670109937052903781e-02,5.846232776956652444e+00
3.591597658413102356e-02,7.183195316826204713e-02,5.835325679442684432e+00
3.591597658413102356e-02,7.696280696599504256e-02,5.824137153198806871e+00
3.591597658413102356e-02,8.209366076372805188e-02,5.812696833628918647e+00
3.591597658413102356e-02,8.722451456146106119e-02,5.801035812584045992e+00
3.591597658413102356e-02,9.235536835919405663e-02,5.789186527467268029e+00
3.591597658413102356e-02,9.748622215692706594e-02,5.777182645253308380e+00
3.591597658413102356e-02,1.026170759546600614e-01,5.765058941787821745e+00
3.591597658413102356e-02,1.077479297523930707e-01,5.752851176746718309e+00
3.591597658413102356e-02,1.128787835501260661e-01,5.740595964650131222e+00
3.591597658413102356e-02,1.180096373478590754e-01,5.728330642338688605e+00
3.591597658413102356e-02,1.231404911455920848e-01,5.716093133331620280e+00
3.591597658413102356e-02,1.282713449433250941e-01,5.703921809496866224e+00
3.591597658413102356e-02,1.334021987410580756e-01,5.691855350472713404e+00
3.591597658413102356e-02,1.385330525387910849e-01,5.679932601288557592e+00
3.591597658413102356e-02,1.436639063365240943e-01,5.668192428639104996e+00
3.591597658413102356e-02,1.487947601342571036e-01,5.656673576271748161e+00
3.591597658413102356e-02,1.539256139319900851e-01,5.645414519950863408e+00
3.591597658413102356e-02,1.590564677297230944e-01,5.634453322465415859e+00
3.591597658413102356e-02,1.641873215274561038e-01,5.623827489147557479e+00
3.591597658413102356e-02,1.693181753251891131e-01,5.613573824369727738e+00
3.591597658413102356e-02,1.744490291229221224e-01,5.603728289486268999e+00
3.591597658413102356e-02,1.795798829206551039e-01,5.594325862682631545e+00
3.591597658413102356e-02,1.847107367183881133e-01,5.585400401190936392e+00
3.591597658413102356e-02,1.898415905161211226e-01,5.576984506324972557e+00
3.591597658413102356e-02,1.949724443138541319e-01,5.569109391780649787e+00
3.591597658413102356e-02,2.001032981115871134e-01,5.561804755639519371e+00
3.591597658413102356e-02,2.052341519093201228e-01,5.555098656503245635e+00
3.591597658413102356e-02,2.103650057070531321e-01,5.549017394175896456e+00
3.591597658413102356e-02,2.154958595047861414e-01,5.543585395298581631e+00
3.591597658413102356e-02,2.206267133025191507e-01,5.538825104327464111e+00
3.591597658413102356e-02,2.257575671002521323e-01,5.534756880231396003e+00
3.591597658413102356e-02,2.308884208979851416e-01,5.531398899269530212e+00
3.591597658413102356e-02,2.360192746957181509e-01,5.528767064192228631e+00
3.591597658413102356e-02,2.411501284934511602e-01,5.526874920190493867e+00
3.591597658413102356e-02,2.462809822911841695e-01,5.525733577899989868e+00
3.591597658413102356e-02,2.514118360889171511e-01,5.525351643745666230e+00
4.104683038186402594e-02,0.000000000000000000e+00,5.943467029831175807e+00
4.104683038186402594e-02,5.130853797733003242e-03,5.938088159214141015e+00
4.104683038186402594e-02,1.026170759546600648e-02,5.932214414664843005e+00
4.104683038186402594e-02,1.539256139319901059e-02,5.925849271235287041e+00
4.104683038186402594e-02,2.052341519093201297e-02,5.918998507134761944e+00
4.104683038186402594e-02,2.565426898866501534e-02,5.911670183458098471e+00
4.104683038186402594e-02,3.078512278639802119e-02,5.903874615893774269e+00
4.104683038186402594e-02,3.591597658413102356e-02,5.895624338500078387e+00
4.104683038186402594e-02,4.104683038186402594e-02,5.886934059662351615e+00
4.104683038186402594e-02,4.617768417959702831e-02,5.877820610368713616e+00
4.104683038186402594e-02,5.130853797733003069e-02,5.868302884965741484e+00
4.104683038186402594e-02,5.643939177506303306e-02,5.858401774579133914e+00
4.104683038186402594e-02,6.157024557279604238e-02,5.848140093407382167e+00
4.104683038186402594e-02,6.670109937052903781e-02,5.837542498118925671e+00
4.104683038186402594e-02,7.183195316826204713e-02,5.826635400604957660e+00
4.104683038186402594e-02,7.696280696599504256e-02,5.815446874361080098e+00
4.104683038186402594e-02,8.209366076372805188e-02,5.804006554791191874e+00
4.104683038186402594e-02,8.722451456146106119e-02,5.792345533746319219e+00
4.104683038186402594e-02,9.235536835919405663e-02,5.780496248629541256e+00
4.104683038186402594e-02,9.748622215692706594e-02,5.768492366415581607e+00
4.104683038186402594e-02,1.026170759546600614e-01,5.756368662950094972e+00
4.104683038186402594e-02,1.077479297523930707e-01,5.744160897908991537e+00
4.104683038186402594e-02,1.128787835501260661e-01,5.731905685812404450e+00
4.104683038186402594e-02,1.180096373478590754e-01,5.719640363500961833e+00
4.104683038186402594e-02,1.231404911455920848e-01,5.707402854493893507e+00
4.104683038186402594e-02,1.282713449433250941e-01,5.695231530659139452e+00
4.104683038186402594e-02,1.334021987410580756e-01,5.683165071634986631e+00
4.104683038186402594e-02,1.385330525387910849e-01,5.671242322450830819e+00
4.104683038186402594e-02,1.436639063365240943e-01,5.659502149801378224e+00
4.104683038186402594e-02,1.487947601342571036e-01,5.647983297434021388e+00
4.104683038186402594e-02,1.539256139319900851e-01,5.636724241113136635e+00
4.104683038186402594e-02,1.590564677297230944e-01,5.625763043627689086e+00
4.104683038186402594e-02,1.641873215274561038e-01,5.615137210309830706e+00
4.104683038186402594e-02,1.693181753251891131e-01,5.604883545532000966e+00
4.104683038186402594e-02,1.744490291229221224e-01,5.595038010648542226e+00
4.104683038186402594e-02,1.795798829206551039e-01,5.585635583844904772e+00
4.104683038186402594e-02,1.847107367183881133e-01,5.576710122353208732e+00
4.104683038186402594e-02,1.898415905161211226e-01,5.568294227487245784e+00
4.104683038186402594e-02,1.949724443138541319e-01,5.560419112942923014e+00
4.104683038186402594e-02,2.001032981115871134e-01,5.553114476801792598e+00
4.104683038186402594e-02,2.052341519093201228e-01,5.546408377665518863e+00
4.104683038186402594e-02,2.103650057070531321e-01,5.540327115338169683e+00
4.104683038186402594e-02,2.154958595047861414e-01,5.534895116460854858e+00
4.104683038186402594e-02,2.206267133025191507e-01,5.530134825489737338e+00
4.104683038186402594e-02,2.257575671002521323e-01,5.526066601393669231e+00
4.104683038186402594e-02,2.308884208979851416e-01,5.522708620431803439e+00
4.104683038186402594e-02,2.360192746957181509e-01,5.520076785354501858e+00
4.104683038186402594e-02,2.411501284934511602e-01,5.518184641352767095e+00
4.104683038186402594e-02,2.462809822911841695e-01,5.517043299062263095e+00
4.104683038186402594e-02,2.514118360889171511e-01,5.516661364907939458e+00
4.617768417959702831e-02,0.000000000000000000e+00,5.934353580537537809e+00
4.617768417959702831e-02,5.130853797733003242e-03,5.928974709920503017e+00
4.617768417959702831e-02,1.026170759546600648e-02,5.923100965371205007e+00
4.617768417959702831e-02,1.539256139319901059e-02,5.916735821941649043e+00
4.617768417959702831e-02,2.052341519093201297e-02,5.909885057841123945e+00
4.617768417959702831e-02,2.565426898866501534e-02,5.902556734164460472e+00
4.617768417959702831e-02,3.078512278639802119e-02,5.894761166600136271e+00
4.617768417959702831e-02,3.591597658413102356e-02,5.886510889206440389e+00
4.617768417959702831e-02,4.104683038186402594e-02,5.877820610368713616e+00
4.617768417959702831e-02,4.617768417959702831e-02,5.868707161075075618e+00
4.617768417959702831e-02,5.130853797733003069e-02,5.859189435672103485e+00
4.617768417959702831e-02,5.643939177506303306e-02,5.849288325285495915e+00
4.617768417959702831e-02,6.157024557279604238e-02,5.839026644113744169e+00
4.617768417959702831e-02,6.670109937052903781e-02,5.828429048825287673e+00
4.617768417959702831e-02,7.183195316826204713e-02,5.817521951311319661e+00
4.617768417959702831e-02,7.696280696599504256e-02,5.806333425067442100e+00
4.617768417959702831e-02,8.209366076372805188e-02,5.794893105497553876e+00
4.617768417959702831e-02,8.722451456146106119e-02,5.783232084452681221e+00
4.617768417959702831e-02,9.235536835919405663e-02,5.771382799335903258e+00
4.617768417959702831e-02,9.748622215692706594e-02,5.759378917121943608e+00
4.617768417959702831e-02,1.026170759546600614e-01,5.747255213656456974e+00
4.617768417959702831e-02,1.077479297523930707e-01,5.735047448615353538e+00
4.617768417959702831e-02,1.128787835501260661e-01,5.722792236518766451e+00
4.617768417959702831e-02,1.180096373478590754e-01,5.710526914207323834e+00
4.617768417959702831e-02,1.231404911455920848e-01,5.698289405200255509e+00
4.617768417959702831e-02,1.282713449433250941e-01,5.686118081365501453e+00
4.617768417959702831e-02,1.334021987410580756e-01,5.674051622341348633e+00
4.617768417959702831e-02,1.385330525387910849e-01,5.662128873157192821e+00
4.617768417959702831e-02,1.436639063365240943e-01,5.650388700507740225e+00
4.617768417959702831e-02,1.487947601342571036e-01,5.638869848140383390e+00
4.617768417959702831e-02,1.539256139319900851e-01,5.627610791819498637e+00
4.617768417959702831e-02,1.590564677297230944e-01,5.616649594334051088e+00
4.617768417959702831e-02,1.641873215274561038e-01,5.606023761016192708e+00
4.617768417959702831e-02,1.693181753251891131e-01,5.595770096238362967e+00
4.617768417959702831e-02,1.744490291229221224e-01,5.585924561354904228e+00
4.617768417959702831e-02,1.795798829206551039e-01,5.576522134551266774e+00
4.617768417959702831e-02,1.847107367183881133e-01,5.567596673059570733e+00
4.617768417959702831e-02,1.898415905161211226e-01,5.559180778193607786e+00
4.617768417959702831e-02,1.949724443138541319e-01,5.551305663649285016e+00
4.617768417959702831e-02,2.001032981115871134e-01,5.544001027508154600e+00
4.617768417959702831e-02,2.052341519093201228e-01,5.537294928371880864e+00
4.617768417959702831e-02,2.103650057070531321e-01,5.531213666044531685e+00
4.617768417959702831e-02,2.154958595047861414e-01,5.525781667167216860e+00
4.617768417959702831e-02,2.206267133025191507e-01,5.521021376196099339e+00
4.617768417959702831e-02,2.257575671002521323e-01,5.516953152100031232e+00
4.617768417959702831e-02,2.308884208979851416e-01,5.513595171138165441e+00
4.617768417959702831e-02,2.360192746957181509e-01,5.510963336060863860e+00
4.617768417959702831e-02,2.411501284934511602e-01,5.509071192059129096e+00
4.617768417959702831e-02,2.462809822911841695e-01,5.507929849768625097e+00
4.617768417959702831e-02,2.514118360889171511e-01,5.507547915614301459e+00
5.130853797733003069e-02,0.000000000000000000e+00,5.924835855134565676e+00
5.130853797733003069e-02,5.130853797733003242e-03,5.919456984517530884e+00
5.130853797733003069e-02,1.026170759546600648e-02,5.913583239968232874e+00
5.130853797733003069e-02,1.539256139319901059e-02,5.907218096538676910e+00
5.130853797733003069e-02,2.052341519093201297e-02,5.900367332438151813e+00
5.130853797733003069e-02,2.565426898866501534e-02,5.893039008761488340e+00
5.130853797733003069e-02,3.078512278639802119e-02,5.885243441197164138e+00
5.130853797733003069e-02,3.591597658413102356e-02,5.876993163803468256e+00
5.130853797733003069e-02,4.104683038186402594e-02,5.868302884965741484e+00
5.130853797733003069e-02,4.617768417959702831e-02,5.859189435672103485e+00
5.130853797733003069e-02,5.130853797733003069e-02,5.849671710269131353e+00
5.130853797733003069e-02,5.643939177506303306e-02,5.839770599882523783e+00
5.130853797733003069e-02,6.157024557279604238e-02,5.829508918710772036e+00
5.130853797733003069e-02,6.670109937052903781e-02,5.818911323422315540e+00
5.130853797733003069e-02,7.183195316826204713e-02,5.808004225908347529e+00
5.130853797733003069e-02,7.696280696599504256e-02,5.796815699664469967e+00
5.130853797733003069e-02,8.209366076372805188e-02,5.785375380094581743e+00
5.130853797733003069e-02,8.722451456146106119e-02,5.773714359049709088e+00
5.130853797733003069e-02,9.235536835919405663e-02,5.761865073932931125e+00
5.130853797733003069e-02,9.748622215692706594e-02,5.749861191718971476e+00
5.130853797733003069e-02,1.026170759546600614e-01,5.737737488253484841e+00
5.130853797733003069e-02,1.077479297523930707e-01,5.725529723212381406e+00
5.130853797733003069e-02,1.128787835501260661e-01,5.713274511115794319e+00
5.130853797733003069e-02,1.180096373478590754e-01,5.701009188804351702e+00
5.130853797733003069e-02,1.231404911455920848e-01,5.688771679797283376e+00
5.130853797733003069e-02,1.282713449433250941e-01,5.676600355962529321e+00
5.130853797733003069e-02,1.334021987410580756e-01,5.664533896938376500e+00
5.130853797733003069e-02,1.385330525387910849e-01,5.652611147754220688e+00
5.130853797733003069e-02,1.436639063365240943e-01,5.640870975104768092e+00
5.130853797733003069e-02,1.487947601342571036e-01,5.629352122737411257e+00
5.130853797733003069e-02,1.539256139319900851e-01,5.618093066416526504e+00
5.130853797733003069e-02,1.590564677297230944e-01,5.607131868931078955e+00
5.130853797733003069e-02,1.641873215274561038e-01,5.596506035613220575e+00
5.130853797733003069e-02,1.693181753251891131e-01,5.586252370835390835e+00
5.130853797733003069e-02,1.744490291229221224e-01,5.576406835951932095e+00
5.130853797733003069e-02,1.795798829206551039e-01,5.567004409148294641e+00
5.130853797733003069e-02,1.847107367183881133e-01,5.558078947656598601e+00
5.130853797733003069e-02,1.898415905161211226e-01,5.549663052790635653e+00
5.130853797733003069e-02,1.949724443138541319e-01,5.541787938246312883e+00
5.130853797733003069e-02,2.001032981115871134e-01,5.534483302105182467e+00
5.130853797733003069e-02,2.052341519093201228e-01,5.527777202968908732e+00
5.130853797733003069e-02,2.103650057070531321e-01,5.521695940641559552e+00
5.130853797733003069e-02,2.154958595047861414e-01,5.516263941764244727e+00
5.130853797733003069e-02,2.206267133025191507e-01,5.511503650793127207e+00
5.130853797733003069e-02,2.257575671002521323e-01,5.507435426697059100e+00
5.130853797733003069e-02,2.308884208979851416e-01,5.504077445735193308e+00
5.130853797733003069e-02,2.360192746957181509e-01,5.501445610657891727e+00
5.130853797733003069e-02,2.411501284934511602e-01,5.499553466656156964e+00
5.130853797733003069e-02,2.462809822911841695e-01,5.498412124365652964e+00
5.130853797733003069e-02,2.514118360889171511e-01,5.498030190211329327e+00
5.643939177506303306e-02,0.000000000000000000e+00,5.914934744747958106e+00
5.643939177506303306e-02,5.130853797733003242e-03,5.909555874130923314e+00
5.643939177506303306e-02,1.026170759546600648e-02,5.903682129581625304e+00
5.643939177506303306e-02,1.539256139319901059e-02,5.897316986152069340e+00
5.643939177506303306e-02,2.052341519093201297e-02,5.890466222051544243e+00
5.643939177506303306e-02,2.565426898866501534e-02,5.883137898374880770e+00
5.643939177506303306e-02,3.078512278639802119e-02,5.875342330810556568e+00
5.643939177506303306e-02,3.591597658413102356e-02,5.867092053416860686e+00
5.643939177506303306e-02,4.104683038186402594e-02,5.858401774579133914e+00
5.643939177506303306e-02,4.617768417959702831e-02,5.849288325285495915e+00
5.643939177506303306e-02,5.130853797733003069e-02,5.839770599882523783e+00
5.643939177506303306e-02,5.643939177506303306e-02,5.829869489495916213e+00
5.643939177506303306e-02,6.157024557279604238e-02,5.819607808324164466e+00
5.643939177506303306e-02,6.670109937052903781e-02,5.809010213035707970e+00
5.643939177506303306e-02,7.183195316826204713e-02,5.798103115521739959e+00
5.643939177506303306e-02,7.696280696599504256e-02,5.786914589277862397e+00
5.643939177506303306e-02,8.209366076372805188e-02,5.775474269707974173e+00
5.643939177506303306e-02,8.722451456146106119e-02,5.763813248663101518e+00
5.643939177506303306e-02,9.235536835919405663e-02,5.751963963546323555e+00
5.643939177506303306e-02,9.748622215692706594e-02,5.739960081332363906e+00
5.643939177506303306e-02,1.026170759546600614e-01,5.727836377866877271e+00
5.643939177506303306e-02,1.077479297523930707e-01,5.715628612825773835e+00
5.643939177506303306e-02,1.128787835501260661e-01,5.703373400729186748e+00
5.643939177506303306e-02,1.180096373478590754e-01,5.691108078417744132e+00
5.643939177506303306e-02,1.231404911455920848e-01,5.678870569410675806e+00
5.643939177506303306e-02,1.282713449433250941e-01,5.666699245575921751e+00
5.643939177506303306e-02,1.334021987410580756e-01,5.654632786551768930e+00
5.643939177506303306e-02,1.385330525387910849e-01,5.642710037367613118e+00
5.643939177506303306e-02,1.436639063365240943e-01,5.630969864718160522e+00
5.643939177506303306e-02,1.487947601342571036e-01,5.619451012350803687e+00
5.643939177506303306e-02,1.539256139319900851e-01,5.608191956029918934e+00
5.643939177506303306e-02,1.590564677297230944e-01,5.597230758544471385e+00
5.643939177506303306e-02,1.641873215274561038e-01,5.586604925226613005e+00
5.643939177506303306e-02,1.693181753251891131e-01,5.576351260448783265e+00
5.643939177506303306e-02,1.744490291229221224e-01,5.566505725565324525e+00
5.643939177506303306e-02,1.795798829206551039e-01,5.557103298761687071e+00
5.643939177506303306e-02,1.847107367183881133e-01,5.548177837269991031e+00
5.643939177506303306e-02,1.898415905161211226e-01,5.539761942404028083e+00
5.643939177506303306e-02,1.949724443138541319e-01,5.531886827859705313e+00
5.643939177506303306e-02,2.001032981115871134e-01,5.524582191718574897e+00
5.643939177506303306e-02,2.052341519093201228e-01,5.517876092582301162e+00
5.643939177506303306e-02,2.103650057070531321e-01,5.511794830254951982e+00
5.643939177506303306e-02,2.154958595047861414e-01,5.506362831377637157e+00
5.643939177506303306e-02,2.206267133025191507e-01,5.501602540406519637e+00
5.643939177506303306e-02,2.257575671002521323e-01,5.497534316310451530e+00
5.643939177506303306e-02,2.308884208979851416e-01,5.494176335348585738e+00
5.643939177506303306e-02,2.360192746957181509e-01,5.491544500271284157e+00
5.643939177506303306e-02,2.411501284934511602e-01,5.489652356269549394e+00
5.643939177506303306e-02,2.462809822911841695e-01,5.488511013979045394e+00
5.643939177506303306e-02,2.514118360889171511e-01,5.488129079824721757e+00
6.157024557279604238e-02,0.000000000000000000e+00,5.904673063576206360e+00
6.157024557279604238e-02,5.130853797733003242e-03,5.899294192959171568e+00
6.157024557279604238e-02,1.026170759546600648e-02,5.893420448409873558e+00
6.157024557279604238e-02,1.539256139319901059e-02,5.887055304980317594e+00
6.157024557279604238e-02,2.052341519093201297e-02,5.880204540879792496e+00
6.157024557279604238e-02,2.565426898866501534e-02,5.872876217203129023e+00
6.157024557279604238e-02,3.078512278639802119e-02,5.865080649638804822e+00
6.157024557279604238e-02,3.591597658413102356e-02,5.856830372245108940e+00
6.157024557279604238e-02,4.104683038186402594e-02,5.848140093407382167e+00
6.157024557279604238e-02,4.617768417959702831e-02,5.839026644113744169e+00
6.157024557279604238e-02,5.130853797733003069e-02,5.829508918710772036e+00
6.157024557279604238e-02,5.643939177506303306e-02,5.819607808324164466e+00
6.157024557279604238e-02,6.157024557279604238e-02,5.809346127152412720e+00
6.157024557279604238e-02,6.670109937052903781e-02,5.798748531863956224e+00
6.157024557279604238e-02,7.183195316826204713e-02,5.787841434349988212e+00
6.157024557279604238e-02,7.696280696599504256e-02,5.776652908106110651e+00
6.157024557279604238e-02,8.209366076372805188e-02,5.765212588536222427e+00
6.157024557279604238e-02,8.722451456146106119e-02,5.753551567491349772e+00
6.157024557279604238e-02,9.235536835919405663e-02,5.741702282374571809e+00
6.157024557279604238e-02,9.748622215692706594e-02,5.729698400160612159e+00
6.157024557279604238e-02,1.026170759546600614e-01,5.717574696695125525e+00
6.157024557279604238e-02,1.077479297523930707e-01,5.705366931654022089e+00
6.157024557279604238e-02,1.128787835501260661e-01,5.693111719557435002e+00
6.157024557279604238e-02,1.180096373478590754e-01,5.680846397245992385e+00
6.157024557279604238e-02,1.231404911455920848e-01,5.668608888238924060e+00
6.157024557279604238e-02,1.282713449433250941e-01,5.656437564404170004e+00
6.157024557279604238e-02,1.334021987410580756e-01,5.644371105380017184e+00
6.157024557279604238e-02,1.385330525387910849e-01,5.632448356195861372e+00
6.157024557279604238e-02,1.436639063365240943e-01,5.620708183546408776e+00
6.157024557279604238e-02,1.487947601342571036e-01,5.609189331179051941e+00
6.157024557279604238e-02,1.539256139319900851e-01,5.597930274858167188e+00
6.157024557279604238e-02,1.590564677297230944e-01,5.586969077372719639e+00
6.157024557279604238e-02,1.641873215274561038e-01,5.576343244054861259e+00
6.157024557279604238e-02,1.693181753251891131e-01,5.566089579277031518e+00
6.157024557279604238e-02,1.744490291229221224e-01,5.556244044393572779e+00
6.157024557279604238e-02,1.795798829206551039e-01,5.546841617589935325e+00
6.157024557279604238e-02,1.847107367183881133e-01,5.537916156098239284e+00
6.157024557279604238e-02,1.898415905161211226e-01,5.529500261232276337e+00
6.157024557279604238e-02,1.949724443138541319e-01,5.521625146687953567e+00
6.157024557279604238e-02,2.001032981115871134e-01,5.514320510546823151e+00
6.157024557279604238e-02,2.052341519093201228e-01,5.507614411410549415e+00
6.157024557279604238e-02,2.103650057070531321e-01,5.501533149083200236e+00
6.157024557279604238e-02,2.154958595047861414e-01,5.496101150205885411e+00
6.157024557279604238e-02,2.206267133025191507e-01,5.491340859234767890e+00
6.157024557279604238e-02,2.257575671002521323e-01,5.487272635138699783e+00
6.157024557279604238e-02,2.308884208979851416e-01,5.483914654176833992e+00
6.157024557279604238e-02,2.360192746957181509e-01,5.481282819099532411e+00
6.157024557279604238e-02,2.411501284934511602e-01,5.479390675097797647e+00
6.157024557279604238e-02,2.462809822911841695e-01,5.478249332807293648e+00
6.157024557279604238e-02,2.514118360889171511e-01,5.477867398652970010e+00
6.670109937052903781e-02,0.000000000000000000e+00,5.894075468287749864e+00
6.670109937052903781e-02,5.130853797733003242e-03,5.888696597670715072e+00
6.670109937052903781e-02,1.026170759546600648e-02,5.882822853121417062e+00
6.670109937052903781e-02,1.539256139319901059e-02,5.876457709691861098e+00
6.670109937052903781e-02,2.052341519093201297e-02,5.869606945591336000e+00
6.670109937052903781e-02,2.565426898866501534e-02,5.862278621914672527e+00
6.670109937052903781e-02,3.078512278639802119e-02,5.854483054350348326e+00
6.670109937052903781e-02,3.591597658413102356e-02,5.846232776956652444e+00
6.670109937052903781e-02,4.104683038186402594e-02,5.837542498118925671e+00
6.670109937052903781e-02,4.617768417959702831e-02,5.828429048825287673e+00
6.670109937052903781e-02,5.130853797733003069e-02,5.818911323422316428e+00
6.670109937052903781e-02,5.643939177506303306e-02,5.809010213035707970e+00
6.670109937052903781e-02,6.157024557279604238e-02,5.798748531863956224e+00
6.670109937052903781e-02,6.670109937052903781e-02,5.788150936575499728e+00
6.670109937052903781e-02,7.183195316826204713e-02,5.777243839061531716e+00
6.670109937052903781e-02,7.696280696599504256e-02,5.766055312817654155e+00
6.670109937052903781e-02,8.209366076372805188e-02,5.754614993247765931e+00
6.670109937052903781e-02,8.722451456146106119e-02,5.742953972202893276e+00
6.670109937052903781e-02,9.235536835919405663e-02,5.731104687086115312e+00
6.670109937052903781e-02,9.748622215692706594e-02,5.719100804872155663e+00
6.670109937052903781e-02,1.026170759546600614e-01,5.706977101406669028e+00
6.670109937052903781e-02,1.077479297523930707e-01,5.694769336365565593e+00
6.670109937052903781e-02,1.128787835501260661e-01,5.682514124268978506e+00
6.670109937052903781e-02,1.180096373478590754e-01,5.670248801957535889e+00
6.670109937052903781e-02,1.231404911455920848e-01,5.658011292950467563e+00
6.670109937052903781e-02,1.282713449433250941e-01,5.645839969115713508e+00
6.670109937052903781e-02,1.334021987410580756e-01,5.633773510091560688e+00
6.670109937052903781e-02,1.385330525387910849e-01,5.621850760907404876e+00
6.670109937052903781e-02,1.436639063365240943e-01,5.610110588257952280e+00
6.670109937052903781e-02,1.487947601342571036e-01,5.598591735890595444e+00
6.670109937052903781e-02,1.539256139319900851e-01,5.587332679569710692e+00
6.670109937052903781e-02,1.590564677297230944e-01,5.576371482084263143e+00
6.670109937052903781e-02,1.641873215274561038e-01,5.565745648766404763e+00
6.670109937052903781e-02,1.693181753251891131e-01,5.555491983988575022e+00
6.670109937052903781e-02,1.744490291229221224e-01,5.545646449105116282e+00
6.670109937052903781e-02,1.795798829206551039e-01,5.536244022301478829e+00
6.670109937052903781e-02,1.847107367183881133e-01,5.527318560809783676e+00
6.670109937052903781e-02,1.898415905161211226e-01,5.518902665943819841e+00
6.670109937052903781e-02,1.949724443138541319e-01,5.511027551399497071e+00
6.670109937052903781e-02,2.001032981115871134e-01,5.503722915258366655e+00
6.670109937052903781e-02,2.052341519093201228e-01,5.497016816122092919e+00
6.670109937052903781e-02,2.103650057070531321e-01,5.490935553794743740e+00
6.670109937052903781e-02,2.154958595047861414e-01,5.485503554917428914e+00
6.670109937052903781e-02,2.206267133025191507e-01,5.480743263946311394e+00
6.670109937052903781e-02,2.257575671002521323e-01,5.476675039850243287e+00
6.670109937052903781e-02,2.308884208979851416e-01,5.473317058888377495e+00
6.670109937052903781e-02,2.360192746957181509e-01,5.470685223811075915e+00
6.670109937052903781e-02,2.411501284934511602e-01,5.468793079809341151e+00
6.670109937052903781e-02,2.462809822911841695e-01,5.467651737518837152e+00
6.670109937052903781e-02,2.514118360889171511e-01,5.467269803364513514e+00
7.183195316826204713e-02,0.000000000000000000e+00,5.883168370773781852e+00
7.183195316826204713e-02,5.130853797733003242e-03,5.877789500156747060e+00
7.183195316826204713e-02,1.026170759546600648e-02,5.871915755607449050e+00
7.183195316826204713e-02,1.539256139319901059e-02,5.865550612177893086e+00
7.183195316826204713e-02,2.052341519093201297e-02,5.858699848077367989e+00
7.183195316826204713e-02,2.565426898866501534e-02,5.851371524400704516e+00
7.183195316826204713e-02,3.078512278639802119e-02,5.843575956836380314e+00
7.183195316826204713e-02,3.591597658413102356e-02,5.835325679442684432e+00
7.183195316826204713e-02,4.104683038186402594e-02,5.826635400604957660e+00
7.183195316826204713e-02,4.617768417959702831e-02,5.817521951311319661e+00
7.183195316826204713e-02,5.130853797733003069e-02,5.808004225908348417e+00
7.183195316826204713e-02,5.643939177506303306e-02,5.798103115521739959e+00
7.183195316826204713e-02,6.157024557279604238e-02,5.787841434349988212e+00
7.183195316826204713e-02,6.670109937052903781e-02,5.777243839061531716e+00
7.183195316826204713e-02,7.183195316826204713e-02,5.766336741547563705e+00
7.183195316826204713e-02,7.696280696599504256e-02,5.755148215303686143e+00
7.183195316826204713e-02,8.209366076372805188e-02,5.743707895733797919e+00
7.183195316826204713e-02,8.722451456146106119e-02,5.732046874688925264e+00
7.183195316826204713e-02,9.235536835919405663e-02,5.720197589572147301e+00
7.183195316826204713e-02,9.748622215692706594e-02,5.708193707358187652e+00
7.183195316826204713e-02,1.026170759546600614e-01,5.696070003892701017e+00
7.183195316826204713e-02,1.077479297523930707e-01,5.683862238851597581e+00
7.183195316826204713e-02,1.128787835501260661e-01,5.671607026755010494e+00
7.183195316826204713e-02,1.180096373478590754e-01,5.659341704443567878e+00
7.183195316826204713e-02,1.231404911455920848e-01,5.647104195436499552e+00
7.183195316826204713e-02,1.282713449433250941e-01,5.634932871601745497e+00
7.183195316826204713e-02,1.334021987410580756e-01,5.622866412577592676e+00
7.183195316826204713e-02,1.385330525387910849e-01,5.610943663393436864e+00
7.183195316826204713e-02,1.436639063365240943e-01,5.599203490743984268e+00
7.183195316826204713e-02,1.487947601342571036e-01,5.587684638376627433e+00
7.183195316826204713e-02,1.539256139319900851e-01,5.576425582055742680e+00
7.183195316826204713e-02,1.590564677297230944e-01,5.565464384570295131e+00
7.183195316826204713e-02,1.641873215274561038e-01,5.554838551252436751e+00
7.183195316826204713e-02,1.693181753251891131e-01,5.544584886474607011e+00
7.183195316826204713e-02,1.744490291229221224e-01,5.534739351591148271e+00
7.183195316826204713e-02,1.795798829206551039e-01,5.525336924787510817e+00
7.183195316826204713e-02,1.847107367183881133e-01,5.516411463295815665e+00
7.183195316826204713e-02,1.898415905161211226e-01,5.507995568429851829e+00
7.183195316826204713e-02,1.949724443138541319e-01,5.500120453885529059e+00
7.183195316826204713e-02,2.001032981115871134e-01,5.492815817744398643e+00
7.183195316826204713e-02,2.052341519093201228e-01,5.486109718608124908e+00
7.183195316826204713e-02,2.103650057070531321e-01,5.480028456280775728e+00
7.183195316826204713e-02,2.154958595047861414e-01,5.474596457403460903e+00
7.183195316826204713e-02,2.206267133025191507e-01,5.469836166432343383e+00
7.183195316826204713e-02,2.257575671002521323e-01,5.465767942336275276e+00
7.183195316826204713e-02,2.308884208979851416e-01,5.462409961374409484e+00
7.183195316826204713e-02,2.360192746957181509e-01,5.459778126297107903e+00
7.183195316826204713e-02,2.411501284934511602e-01,5.457885982295373140e+00
7.183195316826204713e-02,2.462809822911841695e-01,5.456744640004869140e+00
7.183195316826204713e-02,2.514118360889171511e-01,5.456362705850545503e+00
7.696280696599504256e-02,0.000000000000000000e+00,5.871979844529904291e+00
7.696280696599504256e-02,5.130853797733003242e-03,5.866600973912869499e+00
7.696280696599504256e-02,1.026170759546600648e-02,5.860727229363571489e+00
7.696280696599504256e-02,1.539256139319901059e-02,5.854362085934015525e+00
7.696280696599504256e-02,2.052341519093201297e-02,5.847511321833490427e+00
7.696280696599504256e-02,2.565426898866501534e-02,5.840182998156826955e+00
7.696280696599504256e-02,3.078512278639802119e-02,5.832387430592502753e+00
7.696280696599504256e-02,3.591597658413102356e-02,5.824137153198806871e+00
7.696280696599504256e-02,4.104683038186402594e-02,5.815446874361080098e+00
7.696280696599504256e-02,4.617768417959702831e-02,5.806333425067442100e+00
7.696280696599504256e-02,5.130853797733003069e-02,5.796815699664470856e+00
7.696280696599504256e-02,5.643939177506303306e-02,5.786914589277862397e+00
7.696280696599504256e-02,6.157024557279604238e-02,5.776652908106110651e+00
7.696280696599504256e-02,6.670109937052903781e-02,5.766055312817654155e+00
7.696280696599504256e-02,7.183195316826204713e-02,5.755148215303686143e+00
7.696280696599504256e-02,7.696280696599504256e-02,5.743959689059808582e+00
7.696280696599504256e-02,8.209366076372805188e-02,5.732519369489920358e+00
7.696280696599504256e-02,8.722451456146106119e-02,5.720858348445047703e+00
7.696280696599504256e-02,9.235536835919405663e-02,5.709009063328269740e+00
7.696280696599504256e-02,9.748622215692706594e-02,5.697005181114310091e+00
7.696280696599504256e-02,1.026170759546600614e-01,5.684881477648823456e+00
7.696280696599504256e-02,1.077479297523930707e-01,5.672673712607720020e+00
7.696280696599504256e-02,1.128787835501260661e-01,5.660418500511132933e+00
7.696280696599504256e-02,1.180096373478590754e-01,5.648153178199690316e+00
7.696280696599504256e-02,1.231404911455920848e-01,5.635915669192621991e+00
7.696280696599504256e-02,1.282713449433250941e-01,5.623744345357867935e+00
7.696280696599504256e-02,1.334021987410580756e-01,5.611677886333715115e+00
7.696280696599504256e-02,1.385330525387910849e-01,5.599755137149559303e+00
7.696280696599504256e-02,1.436639063365240943e-01,5.588014964500106707e+00
7.696280696599504256e-02,1.487947601342571036e-01,5.576496112132749872e+00
7.696280696599504256e-02,1.539256139319900851e-01,5.565237055811865119e+00
7.696280696599504256e-02,1.590564677297230944e-01,5.554275858326417570e+00
7.696280696599504256e-02,1.641873215274561038e-01,5.543650025008559190e+00
7.696280696599504256e-02,1.693181753251891131e-01,5.533396360230729449e+00
7.696280696599504256e-02,1.744490291229221224e-01,5.523550825347270710e+00
7.696280696599504256e-02,1.795798829206551039e-01,5.514148398543633256e+00
7.696280696599504256e-02,1.847107367183881133e-01,5.505222937051938104e+00
7.696280696599504256e-02,1.898415905161211226e-01,5.496807042185974268e+00
7.696280696599504256e-02,1.949724443138541319e-01,5.488931927641651498e+00
7.696280696599504256e-02,2.001032981115871134e-01,5.481627291500521082e+00
7.696280696599504256e-02,2.052341519093201228e-01,5.474921192364247347e+00
7.696280696599504256e-02,2.103650057070531321e-01,5.468839930036898167e+00
7.696280696599504256e-02,2.154958595047861414e-01,5.463407931159583342e+00
7.696280696599504256e-02,2.206267133025191507e-01,5.458647640188465822e+00
7.696280696599504256e-02,2.257575671002521323e-01,5.454579416092397715e+00
7.696280696599504256e-02,2.308884208979851416e-01,5.451221435130531923e+00
7.696280696599504256e-02,2.360192746957181509e-01,5.448589600053230342e+00
7.696280696599504256e-02,2.411501284934511602e-01,5.446697456051495578e+00
7.696280696599504256e-02,2.462809822911841695e-01,5.445556113760991579e+00
7.696280696599504256e-02,2.514118360889171511e-01,5.445174179606667941e+00
8.209366076372805188e-02,0.000000000000000000e+00,5.860539524960016067e+00
8.209366076372805188e-02,5.130853797733003242e-03,5.855160654342981275e+00
8.209366076372805188e-02,1.026170759546600648e-02,5.849286909793683265e+00
8.209366076372805188e-02,1.539256139319901059e-02,5.842921766364127301e+00
8.209366076372805188e-02,2.052341519093201297e-02,5.836071002263602203e+00
8.209366076372805188e-02,2.565426898866501534e-02,5.828742678586938730e+00
8.209366076372805188e-02,3.078512278639802119e-02,5.820947111022614529e+00
8.209366076372805188e-02,3.591597658413102356e-02,5.812696833628918647e+00
8.209366076372805188e-02,4.104683038186402594e-02,5.804006554791191874e+00
8.209366076372805188e-02,4.617768417959702831e-02,5.794893105497553876e+00
8.209366076372805188e-02,5.130853797733003069e-02,5.785375380094581743e+00
8.209366076372805188e-02,5.643939177506303306e-02,5.775474269707974173e+00
8.209366076372805188e-02,6.157024557279604238e-02,5.765212588536222427e+00
8.209366076372805188e-02,6.670109937052903781e-02,5.754614993247765931e+00
8.209366076372805188e-02,7.183195316826204713e-02,5.743707895733797919e+00
8.209366076372805188e-02,7.696280696599504256e-02,5.732519369489920358e+00
8.209366076372805188e-02,8.209366076372805188e-02,5.721079049920032134e+00
8.209366076372805188e-02,8.722451456146106119e-02,5.709418028875159479e+00
8.209366076372805188e-02,9.235536835919405663e-02,5.697568743758381515e+00
8.209366076372805188e-02,9.748622215692706594e-02,5.685564861544421866e+00
8.209366076372805188e-02,1.026170759546600614e-01,5.673441158078935231e+00
8.209366076372805188e-02,1.077479297523930707e-01,5.661233393037831796e+00
8.209366076372805188e-02,1.128787835501260661e-01,5.648978180941244709e+00
8.209366076372805188e-02,1.180096373478590754e-01,5.636712858629802092e+00
8.209366076372805188e-02,1.231404911455920848e-01,5.624475349622733766e+00
8.209366076372805188e-02,1.282713449433250941e-01,5.612304025787979711e+00
8.209366076372805188e-02,1.334021987410580756e-01,5.600237566763826891e+00
8.209366076372805188e-02,1.385330525387910849e-01,5.588314817579671079e+00
8.209366076372805188e-02,1.436639063365240943e-01,5.576574644930218483e+00
8.209366076372805188e-02,1.487947601342571036e-01,5.565055792562861647e+00
8.209366076372805188e-02,1.539256139319900851e-01,5.553796736241976895e+00
8.209366076372805188e-02,1.590564677297230944e-01,5.542835538756529346e+00
8.209366076372805188e-02,1.641873215274561038e-01,5.532209705438670966e+00
8.209366076372805188e-02,1.693181753251891131e-01,5.521956040660841225e+00
8.209366076372805188e-02,1.744490291229221224e-01,5.512110505777382485e+00
8.209366076372805188e-02,1.795798829206551039e-01,5.502708078973745032e+00
8.209366076372805188e-02,1.847107367183881133e-01,5.493782617482048991e+00
8.209366076372805188e-02,1.898415905161211226e-01,5.485366722616086044e+00
8.209366076372805188e-02,1.949724443138541319e-01,5.477491608071763274e+00
8.209366076372805188e-02,2.001032981115871134e-01,5.470186971930632858e+00
8.209366076372805188e-02,2.052341519093201228e-01,5.463480872794359122e+00
8.209366076372805188e-02,2.103650057070531321e-01,5.457399610467009943e+00
8.209366076372805188e-02,2.154958595047861414e-01,5.451967611589695117e+00
8.209366076372805188e-02,2.206267133025191507e-01,5.447207320618577597e+00
8.209366076372805188e-02,2.257575671002521323e-01,5.443139096522509490e+00
8.209366076372805188e-02,2.308884208979851416e-01,5.439781115560643698e+00
8.209366076372805188e-02,2.360192746957181509e-01,5.437149280483342118e+00
8.209366076372805188e-02,2.411501284934511602e-01,5.435257136481607354e+00
8.209366076372805188e-02,2.462809822911841695e-01,5.434115794191103355e+00
8.209366076372805188e-02,2.514118360889171511e-01,5.433733860036779717e+00
8.722451456146106119e-02,0.000000000000000000e+00,5.848878503915143412e+00
8.722451456146106119e-02,5.130853797733003242e-03,5.843499633298108620e+00
8.722451456146106119e-02,1.026170759546600648e-02,5.837625888748810610e+00
8.722451456146106119e-02,1.539256139319901059e-02,5.831260745319254646e+00
8.722451456146106119e-02,2.052341519093201297e-02,5.824409981218729548e+00
8.722451456146106119e-02,2.565426898866501534e-02,5.817081657542066075e+00
8.722451456146106119e-02,3.078512278639802119e-02,5.809286089977741874e+00
8.722451456146106119e-02,3.591597658413102356e-02,5.801035812584045992e+00
8.722451456146106119e-02,4.104683038186402594e-02,5.792345533746319219e+00
8.722451456146106119e-02,4.617768417959702831e-02,5.783232084452681221e+00
8.722451456146106119e-02,5.130853797733003069e-02,5.773714359049709088e+00
8.722451456146106119e-02,5.643939177506303306e-02,5.763813248663101518e+00
8.722451456146106119e-02,6.157024557279604238e-02,5.753551567491349772e+00
8.722451456146106119e-02,6.670109937052903781e-02,5.742953972202893276e+00
8.722451456146106119e-02,7.183195316826204713e-02,5.732046874688925264e+00
8.722451456146106119e-02,7.696280696599504256e-02,5.720858348445047703e+00
8.722451456146106119e-02,8.209366076372805188e-02,5.709418028875159479e+00
8.722451456146106119e-02,8.722451456146106119e-02,5.697757007830286824e+00
8.722451456146106119e-02,9.235536835919405663e-02,5.685907722713508861e+00
8.722451456146106119e-02,9.748622215692706594e-02,5.673903840499549212e+00
8.722451456146106119e-02,1.026170759546600614e-01,5.661780137034062577e+00
8.722451456146106119e-02,1.077479297523930707e-01,5.649572371992959141e+00
8.722451456146106119e-02,1.128787835501260661e-01,5.637317159896372054e+00
8.722451456146106119e-02,1.180096373478590754e-01,5.625051837584929437e+00
8.722451456146106119e-02,1.231404911455920848e-01,5.612814328577861112e+00
8.722451456146106119e-02,1.282713449433250941e-01,5.600643004743107056e+00
8.722451456146106119e-02,1.334021987410580756e-01,5.588576545718954236e+00
8.722451456146106119e-02,1.385330525387910849e-01,5.576653796534798424e+00
8.722451456146106119e-02,1.436639063365240943e-01,5.564913623885345828e+00
8.722451456146106119e-02,1.487947601342571036e-01,5.553394771517988993e+00
8.722451456146106119e-02,1.539256139319900851e-01,5.542135715197104240e+00
8.722451456146106119e-02,1.590564677297230944e-01,5.531174517711656691e+00
8.722451456146106119e-02,1.641873215274561038e-01,5.520548684393798311e+00
8.722451456146106119e-02,1.693181753251891131e-01,5.510295019615968570e+00
8.722451456146106119e-02,1.744490291229221224e-01,5.500449484732509831e+00
8.722451456146106119e-02,1.795798829206551039e-01,5.491047057928872377e+00
8.722451456146106119e-02,1.847107367183881133e-01,5.482121596437176336e+00
8.722451456146106119e-02,1.898415905161211226e-01,5.473705701571213389e+00
8.722451456146106119e-02,1.949724443138541319e-01,5.465830587026890619e+00
8.722451456146106119e-02,2.001032981115871134e-01,5.458525950885760203e+00
8.722451456146106119e-02,2.052341519093201228e-01,5.451819851749486467e+00
8.722451456146106119e-02,2.103650057070531321e-01,5.445738589422137288e+00
8.722451456146106119e-02,2.154958595047861414e-01,5.440306590544822463e+00
8.722451456146106119e-02,2.206267133025191507e-01,5.435546299573704943e+00
8.722451456146106119e-02,2.257575671002521323e-01,5.431478075477636835e+00
8.722451456146106119e-02,2.308884208979851416e-01,5.428120094515771044e+00
8.722451456146106119e-02,2.360192746957181509e-01,5.425488259438469463e+00
8.722451456146106119e-02,2.411501284934511602e-01,5.423596115436734699e+00
8.722451456146106119e-02,2.462809822911841695e-01,5.422454773146230700e+00
8.722451456146106119e-02,2.514118360889171511e-01,5.422072838991907062e+00
9.235536835919405663e-02,0.000000000000000000e+00,5.837029218798365449e+00
9.235536835919405663e-02,5.130853797733003242e-03,5.831650348181330656e+00
9.235536835919405663e-02,1.026170759546600648e-02,5.825776603632032646e+00
9.235536835919405663e-02,1.539256139319901059e-02,5.819411460202476682e+00
9.235536835919405663e-02,2.052341519093201297e-02,5.812560696101951585e+00
9.235536835919405663e-02,2.565426898866501534e-02,5.805232372425288112e+00
9.235536835919405663e-02,3.078512278639802119e-02,5.797436804860963910e+00
9.235536835919405663e-02,3.591597658413102356e-02,5.789186527467268029e+00
9.235536835919405663e-02,4.104683038186402594e-02,5.780496248629541256e+00
9.235536835919405663e-02,4.617768417959702831e-02,5.771382799335903258e+00
9.235536835919405663e-02,5.130853797733003069e-02,5.761865073932931125e+00
9.235536835919405663e-02,5.643939177506303306e-02,5.751963963546323555e+00
9.235536835919405663e-02,6.157024557279604238e-02,5.741702282374571809e+00
9.235536835919405663e-02,6.670109937052903781e-02,5.731104687086115312e+00
9.235536835919405663e-02,7.183195316826204713e-02,5.720197589572147301e+00
9.235536835919405663e-02,7.696280696599504256e-02,5.709009063328269740e+00
9.235536835919405663e-02,8.209366076372805188e-02,5.697568743758381515e+00
9.235536835919405663e-02,8.722451456146106119e-02,5.685907722713508861e+00
9.235536835919405663e-02,9.235536835919405663e-02,5.674058437596730897e+00
9.235536835919405663e-02,9.748622215692706594e-02,5.662054555382771248e+00
9.235536835919405663e-02,1.026170759546600614e-01,5.649930851917284613e+00
9.235536835919405663e-02,1.077479297523930707e-01,5.637723086876181178e+00
9.235536835919405663e-02,1.128787835501260661e-01,5.625467874779594091e+00
9.235536835919405663e-02,1.180096373478590754e-01,5.613202552468151474e+00
9.235536835919405663e-02,1.231404911455920848e-01,5.600965043461083148e+00
9.235536835919405663e-02,1.282713449433250941e-01,5.588793719626329093e+00
9.235536835919405663e-02,1.334021987410580756e-01,5.576727260602176273e+00
9.235536835919405663e-02,1.385330525387910849e-01,5.564804511418020461e+00
9.235536835919405663e-02,1.436639063365240943e-01,5.553064338768567865e+00
9.235536835919405663e-02,1.487947601342571036e-01,5.541545486401211029e+00
9.235536835919405663e-02,1.539256139319900851e-01,5.530286430080326276e+00
9.235536835919405663e-02,1.590564677297230944e-01,5.519325232594878727e+00
9.235536835919405663e-02,1.641873215274561038e-01,5.508699399277020348e+00
9.235536835919405663e-02,1.693181753251891131e-01,5.498445734499190607e+00
9.235536835919405663e-02,1.744490291229221224e-01,5.488600199615731867e+00
9.235536835919405663e-02,1.795798829206551039e-01,5.479197772812094414e+00
9.235536835919405663e-02,1.847107367183881133e-01,5.470272311320398373e+00
9.235536835919405663e-02,1.898415905161211226e-01,5.461856416454435426e+00
9.235536835919405663e-02,1.949724443138541319e-01,5.453981301910112656e+00
9.235536835919405663e-02,2.001032981115871134e-01,5.446676665768982240e+00
9.235536835919405663e-02,2.052341519093201228e-01,5.439970566632708504e+00
9.235536835919405663e-02,2.103650057070531321e-01,5.433889304305359325e+00
9.235536835919405663e-02,2.154958595047861414e-01,5.428457305428044499e+00
9.235536835919405663e-02,2.206267133025191507e-01,5.423697014456926979e+00
9.235536835919405663e-02,2.257575671002521323e-01,5.419628790360858872e+00
9.235536835919405663e-02,2.308884208979851416e-01,5.416270809398993080e+00
9.235536835919405663e-02,2.360192746957181509e-01,5.413638974321691499e+00
9.235536835919405663e-02,2.411501284934511602e-01,5.411746830319956736e+00
9.235536835919405663e-02,2.462809822911841695e-01,5.410605488029452736e+00
9.235536835919405663e-02,2.514118360889171511e-01,5.410223553875129099e+00
9.748622215692706594e-02,0.000000000000000000e+00,5.825025336584405800e+00
9.748622215692706594e-02,5.130853797733003242e-03,5.819646465967371007e+00
9.748622215692706594e-02,1.026170759546600648e-02,5.813772721418072997e+00
9.748622215692706594e-02,1.539256139319901059e-02,5.807407577988517033e+00
9.748622215692706594e-02,2.052341519093201297e-02,5.800556813887991936e+00
9.748622215692706594e-02,2.565426898866501534e-02,5.793228490211328463e+00
9.748622215692706594e-02,3.078512278639802119e-02,5.785432922647004261e+00
9.748622215692706594e-02,3.591597658413102356e-02,5.777182645253308380e+00
9.748622215692706594e-02,4.104683038186402594e-02,5.768492366415581607e+00
9.748622215692706594e-02,4.617768417959702831e-02,5.759378917121943608e+00
9.748622215692706594e-02,5.130853797733003069e-02,5.749861191718972364e+00
9.748622215692706594e-02,5.643939177506303306e-02,5.739960081332363906e+00
9.748622215692706594e-02,6.157024557279604238e-02,5.729698400160612159e+00
9.748622215692706594e-02,6.670109937052903781e-02,5.719100804872155663e+00
9.748622215692706594e-02,7.183195316826204713e-02,5.708193707358187652e+00
9.748622215692706594e-02,7.696280696599504256e-02,5.697005181114310091e+00
9.748622215692706594e-02,8.209366076372805188e-02,5.685564861544421866e+00
9.748622215692706594e-02,8.722451456146106119e-02,5.673903840499549212e+00
9.748622215692706594e-02,9.235536835919405663e-02,5.662054555382771248e+00
9.748622215692706594e-02,9.748622215692706594e-02,5.650050673168811599e+00
9.748622215692706594e-02,1.026170759546600614e-01,5.637926969703324964e+00
9.748622215692706594e-02,1.077479297523930707e-01,5.625719204662221529e+00
9.748622215692706594e-02,1.128787835501260661e-01,5.613463992565634442e+00
9.748622215692706594e-02,1.180096373478590754e-01,5.601198670254191825e+00
9.748622215692706594e-02,1.231404911455920848e-01,5.588961161247123499e+00
9.748622215692706594e-02,1.282713449433250941e-01,5.576789837412369444e+00
9.748622215692706594e-02,1.334021987410580756e-01,5.564723378388216624e+00
9.748622215692706594e-02,1.385330525387910849e-01,5.552800629204060812e+00
9.748622215692706594e-02,1.436639063365240943e-01,5.541060456554608216e+00
9.748622215692706594e-02,1.487947601342571036e-01,5.529541604187251380e+00
9.748622215692706594e-02,1.539256139319900851e-01,5.518282547866366627e+00
9.748622215692706594e-02,1.590564677297230944e-01,5.507321350380919078e+00
9.748622215692706594e-02,1.641873215274561038e-01,5.496695517063060699e+00
9.748622215692706594e-02,1.693181753251891131e-01,5.486441852285230958e+00
9.748622215692706594e-02,1.744490291229221224e-01,5.476596317401772218e+00
9.748622215692706594e-02,1.795798829206551039e-01,5.467193890598134765e+00
9.748622215692706594e-02,1.847107367183881133e-01,5.458268429106439612e+00
9.748622215692706594e-02,1.898415905161211226e-01,5.449852534240475777e+00
9.748622215692706594e-02,1.949724443138541319e-01,5.441977419696153007e+00
9.748622215692706594e-02,2.001032981115871134e-01,5.434672783555022590e+00
9.748622215692706594e-02,2.052341519093201228e-01,5.427966684418748855e+00
9.748622215692706594e-02,2.103650057070531321e-01,5.421885422091399676e+00
9.748622215692706594e-02,2.154958595047861414e-01,5.416453423214084850e+00
9.748622215692706594e-02,2.206267133025191507e-01,5.411693132242967330e+00
9.748622215692706594e-02,2.257575671002521323e-01,5.407624908146899223e+00
9.748622215692706594e-02,2.308884208979851416e-01,5.404266927185033431e+00
9.748622215692706594e-02,2.360192746957181509e-01,5.401635092107731850e+00
9.748622215692706594e-02,2.411501284934511602e-01,5.399742948105997087e+00
9.748622215692706594e-02,2.462809822911841695e-01,5.398601605815493087e+00
9.748622215692706594e-02,2.514118360889171511e-01,5.398219671661169450e+00
1.026170759546600614e-01,0.000000000000000000e+00,5.812901633118919165e+00
1.026170759546600614e-01,5.130853797733003242e-03,5.807522762501884372e+00
1.026170759546600614e-01,1.026170759546600648e-02,5.801649017952586362e+00
1.026170759546600614e-01,1.539256139319901059e-02,5.795283874523030399e+00
1.026170759546600614e-01,2.052341519093201297e-02,5.788433110422505301e+00
1.026170759546600614e-01,2.565426898866501534e-02,5.781104786745841828e+00
1.026170759546600614e-01,3.078512278639802119e-02,5.773309219181517626e+00
1.026170759546600614e-01,3.591597658413102356e-02,5.765058941787821745e+00
1.026170759546600614e-01,4.104683038186402594e-02,5.756368662950094972e+00
1.026170759546600614e-01,4.617768417959702831e-02,5.747255213656456974e+00
1.026170759546600614e-01,5.130853797733003069e-02,5.737737488253484841e+00
1.026170759546600614e-01,5.643939177506303306e-02,5.727836377866877271e+00
1.026170759546600614e-01,6.157024557279604238e-02,5.717574696695125525e+00
1.026170759546600614e-01,6.670109937052903781e-02,5.706977101406669028e+00
1.026170759546600614e-01,7.183195316826204713e-02,5.696070003892701017e+00
1.026170759546600614e-01,7.696280696599504256e-02,5.684881477648823456e+00
1.026170759546600614e-01,8.209366076372805188e-02,5.673441158078935231e+00
1.026170759546600614e-01,8.722451456146106119e-02,5.661780137034062577e+00
1.026170759546600614e-01,9.235536835919405663e-02,5.649930851917284613e+00
1.026170759546600614e-01,9.748622215692706594e-02,5.637926969703324964e+00
1.026170759546600614e-01,1.026170759546600614e-01,5.625803266237838329e+00
1.026170759546600614e-01,1.077479297523930707e-01,5.613595501196734894e+00
1.026170759546600614e-01,1.128787835501260661e-01,5.601340289100147807e+00
1.026170759546600614e-01,1.180096373478590754e-01,5.589074966788705190e+00
1.026170759546600614e-01,1.231404911455920848e-01,5.576837457781636864e+00
1.026170759546600614e-01,1.282713449433250941e-01,5.564666133946882809e+00
1.026170759546600614e-01,1.334021987410580756e-01,5.552599674922729989e+00
1.026170759546600614e-01,1.385330525387910849e-01,5.540676925738574177e+00
1.026170759546600614e-01,1.436639063365240943e-01,5.528936753089121581e+00
1.026170759546600614e-01,1.487947601342571036e-01,5.517417900721764745e+00
1.026170759546600614e-01,1.539256139319900851e-01,5.506158844400879993e+00
1.026170759546600614e-01,1.590564677297230944e-01,5.495197646915432443e+00
1.026170759546600614e-01,1.641873215274561038e-01,5.484571813597574064e+00
1.026170759546600614e-01,1.693181753251891131e-01,5.474318148819744323e+00
1.026170759546600614e-01,1.744490291229221224e-01,5.464472613936285583e+00
1.026170759546600614e-01,1.795798829206551039e-01,5.455070187132648130e+00
1.026170759546600614e-01,1.847107367183881133e-01,5.446144725640952089e+00
1.026170759546600614e-01,1.898415905161211226e-01,5.437728830774989142e+00
1.026170759546600614e-01,1.949724443138541319e-01,5.429853716230666372e+00
1.026170759546600614e-01,2.001032981115871134e-01,5.422549080089535956e+00
1.026170759546600614e-01,2.052341519093201228e-01,5.415842980953262220e+00
1.026170759546600614e-01,2.103650057070531321e-01,5.409761718625913041e+00
1.026170759546600614e-01,2.154958595047861414e-01,5.404329719748598215e+00
1.026170759546600614e-01,2.206267133025191507e-01,5.399569428777480695e+00
1.026170759546600614e-01,2.257575671002521323e-01,5.395501204681412588e+00
1.026170759546600614e-01,2.308884208979851416e-01,5.392143223719546796e+00
1.026170759546600614e-01,2.360192746957181509e-01,5.389511388642245215e+00
1.026170759546600614e-01,2.411501284934511602e-01,5.387619244640510452e+00
1.026170759546600614e-01,2.462809822911841695e-01,5.386477902350006453e+00
1.026170759546600614e-01,2.514118360889171511e-01,5.386095968195682815e+00
1.077479297523930707e-01,0.000000000000000000e+00,5.800693868077815729e+00
1.077479297523930707e-01,5.130853797733003242e-03,5.795314997460780937e+00
1.077479297523930707e-01,1.026170759546600648e-02,5.789441252911482927e+00
1.077479297523930707e-01,1.539256139319901059e-02,5.783076109481926963e+00
1.077479297523930707e-01,2.052341519093201297e-02,5.776225345381401866e+00
1.077479297523930707e-01,2.565426898866501534e-02,5.768897021704738393e+00
1.077479297523930707e-01,3.078512278639802119e-02,5.761101454140414191e+00
1.077479297523930707e-01,3.591597658413102356e-02,5.752851176746718309e+00
1.077479297523930707e-01,4.104683038186402594e-02,5.744160897908991537e+00
1.077479297523930707e-01,4.617768417959702831e-02,5.735047448615353538e+00
1.077479297523930707e-01,5.130853797733003069e-02,5.725529723212382294e+00
1.077479297523930707e-01,5.643939177506303306e-02,5.715628612825773835e+00
1.077479297523930707e-01,6.157024557279604238e-02,5.705366931654022089e+00
1.077479297523930707e-01,6.670109937052903781e-02,5.694769336365565593e+00
1.077479297523930707e-01,7.183195316826204713e-02,5.683862238851597581e+00
1.077479297523930707e-01,7.696280696599504256e-02,5.672673712607720020e+00
1.077479297523930707e-01,8.209366076372805188e-02,5.661233393037831796e+00
1.077479297523930707e-01,8.722451456146106119e-02,5.649572371992959141e+00
1.077479297523930707e-01,9.235536835919405663e-02,5.637723086876181178e+00
1.077479297523930707e-01,9.748622215692706594e-02,5.625719204662221529e+00
1.077479297523930707e-01,1.026170759546600614e-01,5.613595501196734894e+00
1.077479297523930707e-01,1.077479297523930707e-01,5.601387736155631458e+00
1.077479297523930707e-01,1.128787835501260661e-01,5.589132524059044371e+00
1.077479297523930707e-01,1.180096373478590754e-01,5.576867201747601754e+00
1.077479297523930707e-01,1.231404911455920848e-01,5.564629692740533429e+00
1.077479297523930707e-01,1.282713449433250941e-01,5.552458368905779373e+00
1.077479297523930707e-01,1.334021987410580756e-01,5.540391909881626553e+00
1.077479297523930707e-01,1.385330525387910849e-01,5.528469160697470741e+00
1.077479297523930707e-01,1.436639063365240943e-01,5.516728988048018145e+00
1.077479297523930707e-01,1.487947601342571036e-01,5.505210135680661310e+00
1.077479297523930707e-01,1.539256139319900851e-01,5.493951079359776557e+00
1.077479297523930707e-01,1.590564677297230944e-01,5.482989881874329008e+00
1.077479297523930707e-01,1.641873215274561038e-01,5.472364048556470628e+00
1.077479297523930707e-01,1.693181753251891131e-01,5.462110383778640887e+00
1.077479297523930707e-01,1.744490291229221224e-01,5.452264848895182148e+00
1.077479297523930707e-01,1.795798829206551039e-01,5.442862422091544694e+00
1.077479297523930707e-01,1.847107367183881133e-01,5.433936960599849542e+00
1.077479297523930707e-01,1.898415905161211226e-01,5.425521065733885706e+00
1.077479297523930707e-01,1.949724443138541319e-01,5.417645951189562936e+00
1.077479297523930707e-01,2.001032981115871134e-01,5.410341315048432520e+00
1.077479297523930707e-01,2.052341519093201228e-01,5.403635215912158785e+00
1.077479297523930707e-01,2.103650057070531321e-01,5.397553953584809605e+00
1.077479297523930707e-01,2.154958595047861414e-01,5.392121954707494780e+00
1.077479297523930707e-01,2.206267133025191507e-01,5.387361663736377260e+00
1.077479297523930707e-01,2.257575671002521323e-01,5.383293439640309153e+00
1.077479297523930707e-01,2.308884208979851416e-01,5.379935458678443361e+00
1.077479297523930707e-01,2.360192746957181509e-01,5.377303623601141780e+00
1.077479297523930707e-01,2.411501284934511602e-01,5.375411479599407016e+00
1.077479297523930707e-01,2.462809822911841695e-01,5.374270137308903017e+00
1.077479297523930707e-01,2.514118360889171511e-01,5.373888203154579379e+00
1.128787835501260661e-01,0.000000000000000000e+00,5.788438655981228642e+00
1.128787835501260661e-01,5.130853797733003242e-03,5.783059785364193850e+00
1.128787835501260661e-01,1.026170759546600648e-02,5.777186040814895840e+00
1.128787835501260661e-01,1.539256139319901059e-02,5.770820897385339876e+00
1.128787835501260661e-01,2.052341519093201297e-02,5.763970133284814779e+00
1.128787835501260661e-01,2.565426898866501534e-02,5.756641809608151306e+00
1.128787835501260661e-01,3.078512278639802119e-02,5.748846242043827104e+00
1.128787835501260661e-01,3.591597658413102356e-02,5.740595964650131222e+00
1.128787835501260661e-01,4.104683038186402594e-02,5.731905685812404450e+00
1.128787835501260661e-01,4.617768417959702831e-02,5.722792236518766451e+00
1.128787835501260661e-01,5.130853797733003069e-02,5.713274511115795207e+00
1.128787835501260661e-01,5.643939177506303306e-02,5.703373400729186748e+00
1.128787835501260661e-01,6.157024557279604238e-02,5.693111719557435002e+00
1.128787835501260661e-01,6.670109937052903781e-02,5.682514124268978506e+00
1.128787835501260661e-01,7.183195316826204713e-02,5.671607026755010494e+00
1.128787835501260661e-01,7.696280696599504256e-02,5.660418500511132933e+00
1.128787835501260661e-01,8.209366076372805188e-02,5.648978180941244709e+00
1.128787835501260661e-01,8.722451456146106119e-02,5.637317159896372054e+00
1.128787835501260661e-01,9.235536835919405663e-02,5.625467874779594091e+00
1.128787835501260661e-01,9.748622215692706594e-02,5.613463992565634442e+00
1.128787835501260661e-01,1.026170759546600614e-01,5.601340289100147807e+00
1.128787835501260661e-01,1.077479297523930707e-01,5.589132524059044371e+00
1.128787835501260661e-01,1.128787835501260661e-01,5.576877311962457284e+00
1.128787835501260661e-01,1.180096373478590754e-01,5.564611989651014667e+00
1.128787835501260661e-01,1.231404911455920848e-01,5.552374480643946342e+00
1.128787835501260661e-01,1.282713449433250941e-01,5.540203156809192286e+00
1.128787835501260661e-01,1.334021987410580756e-01,5.528136697785039466e+00
1.128787835501260661e-01,1.385330525387910849e-01,5.516213948600883654e+00
1.128787835501260661e-01,1.436639063365240943e-01,5.504473775951431058e+00
1.128787835501260661e-01,1.487947601342571036e-01,5.492954923584074223e+00
1.128787835501260661e-01,1.539256139319900851e-01,5.481695867263189470e+00
1.128787835501260661e-01,1.590564677297230944e-01,5.470734669777741921e+00
1.128787835501260661e-01,1.641873215274561038e-01,5.460108836459883541e+00
1.128787835501260661e-01,1.693181753251891131e-01,5.449855171682053800e+00
1.128787835501260661e-01,1.744490291229221224e-01,5.440009636798595061e+00
1.128787835501260661e-01,1.795798829206551039e-01,5.430607209994957607e+00
1.128787835501260661e-01,1.847107367183881133e-01,5.421681748503262455e+00
1.128787835501260661e-01,1.898415905161211226e-01,5.413265853637298619e+00
1.128787835501260661e-01,1.949724443138541319e-01,5.405390739092975849e+00
1.128787835501260661e-01,2.001032981115871134e-01,5.398086102951845433e+00
1.128787835501260661e-01,2.052341519093201228e-01,5.391380003815571698e+00
1.128787835501260661e-01,2.103650057070531321e-01,5.385298741488222518e+00
1.128787835501260661e-01,2.154958595047861414e-01,5.379866742610907693e+00
1.128787835501260661e-01,2.206267133025191507e-01,5.375106451639790173e+00
1.128787835501260661e-01,2.257575671002521323e-01,5.371038227543722066e+00
1.128787835501260661e-01,2.308884208979851416e-01,5.367680246581856274e+00
1.128787835501260661e-01,2.360192746957181509e-01,5.365048411504554693e+00
1.128787835501260661e-01,2.411501284934511602e-01,5.363156267502819929e+00
1.128787835501260661e-01,2.462809822911841695e-01,5.362014925212315930e+00
1.128787835501260661e-01,2.514118360889171511e-01,5.361632991057992292e+00
1.180096373478590754e-01,0.000000000000000000e+00,5.776173333669786025e+00
1.180096373478590754e-01,5.130853797733003242e-03,5.770794463052751233e+00
1.180096373478590754e-01,1.026170759546600648e-02,5.764920718503453223e+00
1.180096373478590754e-01,1.539256139319901059e-02,5.758555575073897259e+00
1.180096373478590754e-01,2.052341519093201297e-02,5.751704810973372162e+00
1.180096373478590754e-01,2.565426898866501534e-02,5.744376487296708689e+00
1.180096373478590754e-01,3.078512278639802119e-02,5.736580919732384487e+00
1.180096373478590754e-01,3.591597658413102356e-02,5.728330642338688605e+00
1.180096373478590754e-01,4.104683038186402594e-02,5.719640363500961833e+00
1.180096373478590754e-01,4.617768417959702831e-02,5.710526914207323834e+00
1.180096373478590754e-01,5.130853797733003069e-02,5.701009188804352590e+00
1.180096373478590754e-01,5.643939177506303306e-02,5.691108078417744132e+00
1.180096373478590754e-01,6.157024557279604238e-02,5.680846397245992385e+00
1.180096373478590754e-01,6.670109937052903781e-02,5.670248801957535889e+00
1.180096373478590754e-01,7.183195316826204713e-02,5.659341704443567878e+00
1.180096373478590754e-01,7.696280696599504256e-02,5.648153178199690316e+00
1.180096373478590754e-01,8.209366076372805188e-02,5.636712858629802092e+00
1.180096373478590754e-01,8.722451456146106119e-02,5.625051837584929437e+00
1.180096373478590754e-01,9.235536835919405663e-02,5.613202552468151474e+00
1.180096373478590754e-01,9.748622215692706594e-02,5.601198670254191825e+00
1.180096373478590754e-01,1.026170759546600614e-01,5.589074966788705190e+00
1.180096373478590754e-01,1.077479297523930707e-01,5.576867201747601754e+00
1.180096373478590754e-01,1.128787835501260661e-01,5.564611989651014667e+00
1.180096373478590754e-01,1.180096373478590754e-01,5.552346667339572051e+00
1.180096373478590754e-01,1.231404911455920848e-01,5.540109158332503725e+00
1.180096373478590754e-01,1.282713449433250941e-01,5.527937834497749670e+00
1.180096373478590754e-01,1.334021987410580756e-01,5.515871375473596849e+00
1.180096373478590754e-01,1.385330525387910849e-01,5.503948626289441037e+00
1.180096373478590754e-01,1.436639063365240943e-01,5.492208453639988441e+00
1.180096373478590754e-01,1.487947601342571036e-01,5.480689601272631606e+00
1.180096373478590754e-01,1.539256139319900851e-01,5.469430544951746853e+00
1.180096373478590754e-01,1.590564677297230944e-01,5.458469347466299304e+00
1.180096373478590754e-01,1.641873215274561038e-01,5.447843514148440924e+00
1.180096373478590754e-01,1.693181753251891131e-01,5.437589849370611184e+00
1.180096373478590754e-01,1.744490291229221224e-01,5.427744314487152444e+00
1.180096373478590754e-01,1.795798829206551039e-01,5.418341887683514990e+00
1.180096373478590754e-01,1.847107367183881133e-01,5.409416426191819838e+00
1.180096373478590754e-01,1.898415905161211226e-01,5.401000531325856002e+00
1.180096373478590754e-01,1.949724443138541319e-01,5.393125416781533232e+00
1.180096373478590754e-01,2.001032981115871134e-01,5.385820780640402816e+00
1.180096373478590754e-01,2.052341519093201228e-01,5.379114681504129081e+00
1.180096373478590754e-01,2.103650057070531321e-01,5.373033419176779901e+00
1.180096373478590754e-01,2.154958595047861414e-01,5.367601420299465076e+00
1.180096373478590754e-01,2.206267133025191507e-01,5.362841129328347556e+00
1.180096373478590754e-01,2.257575671002521323e-01,5.358772905232279449e+00
1.180096373478590754e-01,2.308884208979851416e-01,5.355414924270413657e+00
1.180096373478590754e-01,2.360192746957181509e-01,5.352783089193112076e+00
1.180096373478590754e-01,2.411501284934511602e-01,5.350890945191377313e+00
1.180096373478590754e-01,2.462809822911841695e-01,5.349749602900873313e+00
1.180096373478590754e-01,2.514118360889171511e-01,5.349367668746549676e+00
1.231404911455920848e-01,0.000000000000000000e+00,5.763935824662717700e+00
1.231404911455920848e-01,5.130853797733003242e-03,5.758556954045682907e+00
1.231404911455920848e-01,1.026170759546600648e-02,5.752683209496384897e+00
1.231404911455920848e-01,1.539256139319901059e-02,5.746318066066828933e+00
1.231404911455920848e-01,2.052341519093201297e-02,5.739467301966303836e+00
1.231404911455920848e-01,2.565426898866501534e-02,5.732138978289640363e+00
1.231404911455920848e-01,3.078512278639802119e-02,5.724343410725316161e+00
1.231404911455920848e-01,3.591597658413102356e-02,5.716093133331620280e+00
1.231404911455920848e-01,4.104683038186402594e-02,5.707402854493893507e+00
1.231404911455920848e-01,4.617768417959702831e-02,5.698289405200255509e+00
1.231404911455920848e-01,5.130853797733003069e-02,5.688771679797284264e+00
1.231404911455920848e-01,5.643939177506303306e-02,5.678870569410675806e+00
1.231404911455920848e-01,6.157024557279604238e-02,5.668608888238924060e+00
1.231404911455920848e-01,6.670109937052903781e-02,5.658011292950467563e+00
1.231404911455920848e-01,7.183195316826204713e-02,5.647104195436499552e+00
1.231404911455920848e-01,7.696280696599504256e-02,5.635915669192621991e+00
1.231404911455920848e-01,8.209366076372805188e-02,5.624475349622733766e+00
1.231404911455920848e-01,8.722451456146106119e-02,5.612814328577861112e+00
1.231404911455920848e-01,9.235536835919405663e-02,5.600965043461083148e+00
1.231404911455920848e-01,9.748622215692706594e-02,5.588961161247123499e+00
1.231404911455920848e-01,1.026170759546600614e-01,5.576837457781636864e+00
1.231404911455920848e-01,1.077479297523930707e-01,5.564629692740533429e+00
1.231404911455920848e-01,1.128787835501260661e-01,5.552374480643946342e+00
1.231404911455920848e-01,1.180096373478590754e-01,5.540109158332503725e+00
1.231404911455920848e-01,1.231404911455920848e-01,5.527871649325435399e+00
1.231404911455920848e-01,1.282713449433250941e-01,5.515700325490681344e+00
1.231404911455920848e-01,1.334021987410580756e-01,5.503633866466528524e+00
1.231404911455920848e-01,1.385330525387910849e-01,5.491711117282372712e+00
1.231404911455920848e-01,1.436639063365240943e-01,5.479970944632920116e+00
1.231404911455920848e-01,1.487947601342571036e-01,5.468452092265563280e+00
1.231404911455920848e-01,1.539256139319900851e-01,5.457193035944678527e+00
1.231404911455920848e-01,1.590564677297230944e-01,5.446231838459230978e+00
1.231404911455920848e-01,1.641873215274561038e-01,5.435606005141372599e+00
1.231404911455920848e-01,1.693181753251891131e-01,5.425352340363542858e+00
1.231404911455920848e-01,1.744490291229221224e-01,5.415506805480084118e+00
1.231404911455920848e-01,1.795798829206551039e-01,5.406104378676446665e+00
1.231404911455920848e-01,1.847107367183881133e-01,5.397178917184751512e+00
1.231404911455920848e-01,1.898415905161211226e-01,5.388763022318787677e+00
1.231404911455920848e-01,1.949724443138541319e-01,5.380887907774464907e+00
1.231404911455920848e-01,2.001032981115871134e-01,5.373583271633334491e+00
1.231404911455920848e-01,2.052341519093201228e-01,5.366877172497060755e+00
1.231404911455920848e-01,2.103650057070531321e-01,5.360795910169711576e+00
1.231404911455920848e-01,2.154958595047861414e-01,5.355363911292396750e+00
1.231404911455920848e-01,2.206267133025191507e-01,5.350603620321279230e+00
1.231404911455920848e-01,2.257575671002521323e-01,5.346535396225211123e+00
1.231404911455920848e-01,2.308884208979851416e-01,5.343177415263345331e+00
1.231404911455920848e-01,2.360192746957181509e-01,5.340545580186043750e+00
1.231404911455920848e-01,2.411501284934511602e-01,5.338653436184308987e+00
1.231404911455920848e-01,2.462809822911841695e-01,5.337512093893804987e+00
1.231404911455920848e-01,2.514118360889171511e-01,5.337130159739481350e+00
1.282713449433250941e-01,0.000000000000000000e+00,5.751764500827963644e+00
1.282713449433250941e-01,5.130853797733003242e-03,5.746385630210928852e+00
1.282713449433250941e-01,1.026170759546600648e-02,5.740511885661630842e+00
1.282713449433250941e-01,1.539256139319901059e-02,5.734146742232074878e+00
1.282713449433250941e-01,2.052341519093201297e-02,5.727295978131549781e+00
1.282713449433250941e-01,2.565426898866501534e-02,5.719967654454886308e+00
1.282713449433250941e-01,3.078512278639802119e-02,5.712172086890562106e+00
1.282713449433250941e-01,3.591597658413102356e-02,5.703921809496866224e+00
1.282713449433250941e-01,4.104683038186402594e-02,5.695231530659139452e+00
1.282713449433250941e-01,4.617768417959702831e-02,5.686118081365501453e+00
1.282713449433250941e-01,5.130853797733003069e-02,5.676600355962529321e+00
1.282713449433250941e-01,5.643939177506303306e-02,5.666699245575921751e+00
1.282713449433250941e-01,6.157024557279604238e-02,5.656437564404170004e+00
1.282713449433250941e-01,6.670109937052903781e-02,5.645839969115713508e+00
1.282713449433250941e-01,7.183195316826204713e-02,5.634932871601745497e+00
1.282713449433250941e-01,7.696280696599504256e-02,5.623744345357867935e+00
1.282713449433250941e-01,8.209366076372805188e-02,5.612304025787979711e+00
1.282713449433250941e-01,8.722451456146106119e-02,5.600643004743107056e+00
1.282713449433250941e-01,9.235536835919405663e-02,5.588793719626329093e+00
1.282713449433250941e-01,9.748622215692706594e-02,5.576789837412369444e+00
1.282713449433250941e-01,1.026170759546600614e-01,5.564666133946882809e+00
1.282713449433250941e-01,1.077479297523930707e-01,5.552458368905779373e+00
1.282713449433250941e-01,1.128787835501260661e-01,5.540203156809192286e+00
1.282713449433250941e-01,1.180096373478590754e-01,5.527937834497749670e+00
1.282713449433250941e-01,1.231404911455920848e-01,5.515700325490681344e+00
1.282713449433250941e-01,1.282713449433250941e-01,5.503529001655927289e+00
1.282713449433250941e-01,1.334021987410580756e-01,5.491462542631774468e+00
1.282713449433250941e-01,1.385330525387910849e-01,5.479539793447618656e+00
1.282713449433250941e-01,1.436639063365240943e-01,5.467799620798166060e+00
1.282713449433250941e-01,1.487947601342571036e-01,5.456280768430809225e+00
1.282713449433250941e-01,1.539256139319900851e-01,5.445021712109924472e+00
1.282713449433250941e-01,1.590564677297230944e-01,5.434060514624476923e+00
1.282713449433250941e-01,1.641873215274561038e-01,5.423434681306618543e+00
1.282713449433250941e-01,1.693181753251891131e-01,5.413181016528788803e+00
1.282713449433250941e-01,1.744490291229221224e-01,5.403335481645330063e+00
1.282713449433250941e-01,1.795798829206551039e-01,5.393933054841692609e+00
1.282713449433250941e-01,1.847107367183881133e-01,5.385007593349996569e+00
1.282713449433250941e-01,1.898415905161211226e-01,5.376591698484033621e+00
1.282713449433250941e-01,1.949724443138541319e-01,5.368716583939710851e+00
1.282713449433250941e-01,2.001032981115871134e-01,5.361411947798580435e+00
1.282713449433250941e-01,2.052341519093201228e-01,5.354705848662306700e+00
1.282713449433250941e-01,2.103650057070531321e-01,5.348624586334957520e+00
1.282713449433250941e-01,2.154958595047861414e-01,5.343192587457642695e+00
1.282713449433250941e-01,2.206267133025191507e-01,5.338432296486525175e+00
1.282713449433250941e-01,2.257575671002521323e-01,5.334364072390457068e+00
1.282713449433250941e-01,2.308884208979851416e-01,5.331006091428591276e+00
1.282713449433250941e-01,2.360192746957181509e-01,5.328374256351289695e+00
1.282713449433250941e-01,2.411501284934511602e-01,5.326482112349554932e+00
1.282713449433250941e-01,2.462809822911841695e-01,5.325340770059050932e+00
1.282713449433250941e-01,2.514118360889171511e-01,5.324958835904727295e+00
1.334021987410580756e-01,0.000000000000000000e+00,5.739698041803810824e+00
1.334021987410580756e-01,5.130853797733003242e-03,5.734319171186776032e+00
1.334021987410580756e-01,1.026170759546600648e-02,5.728445426637478022e+00
1.334021987410580756e-01,1.539256139319901059e-02,5.722080283207922058e+00
1.334021987410580756e-01,2.052341519093201297e-02,5.715229519107396960e+00
1.334021987410580756e-01,2.565426898866501534e-02,5.707901195430733488e+00
1.334021987410580756e-01,3.078512278639802119e-02,5.700105627866409286e+00
1.334021987410580756e-01,3.591597658413102356e-02,5.691855350472713404e+00
1.334021987410580756e-01,4.104683038186402594e-02,5.683165071634986631e+00
1.334021987410580756e-01,4.617768417959702831e-02,5.674051622341348633e+00
1.334021987410580756e-01,5.130853797733003069e-02,5.664533896938376500e+00
1.334021987410580756e-01,5.643939177506303306e-02,5.654632786551768930e+00
1.334021987410580756e-01,6.157024557279604238e-02,5.644371105380017184e+00
1.334021987410580756e-01,6.670109937052903781e-02,5.633773510091560688e+00
1.334021987410580756e-01,7.183195316826204713e-02,5.622866412577592676e+00
1.334021987410580756e-01,7.696280696599504256e-02,5.611677886333715115e+00
1.334021987410580756e-01,8.209366076372805188e-02,5.600237566763826891e+00
1.334021987410580756e-01,8.722451456146106119e-02,5.588576545718954236e+00
1.334021987410580756e-01,9.235536835919405663e-02,5.576727260602176273e+00
1.334021987410580756e-01,9.748622215692706594e-02,5.564723378388216624e+00
1.334021987410580756e-01,1.026170759546600614e-01,5.552599674922729989e+00
1.334021987410580756e-01,1.077479297523930707e-01,5.540391909881626553e+00
1.334021987410580756e-01,1.128787835501260661e-01,5.528136697785039466e+00
1.334021987410580756e-01,1.180096373478590754e-01,5.515871375473596849e+00
1.334021987410580756e-01,1.231404911455920848e-01,5.503633866466528524e+00
1.334021987410580756e-01,1.282713449433250941e-01,5.491462542631774468e+00
1.334021987410580756e-01,1.334021987410580756e-01,5.479396083607621648e+00
1.334021987410580756e-01,1.385330525387910849e-01,5.467473334423465836e+00
1.334021987410580756e-01,1.436639063365240943e-01,5.455733161774013240e+00
1.334021987410580756e-01,1.487947601342571036e-01,5.444214309406656405e+00
1.334021987410580756e-01,1.539256139319900851e-01,5.432955253085771652e+00
1.334021987410580756e-01,1.590564677297230944e-01,5.421994055600324103e+00
1.334021987410580756e-01,1.641873215274561038e-01,5.411368222282465723e+00
1.334021987410580756e-01,1.693181753251891131e-01,5.401114557504635982e+00
1.334021987410580756e-01,1.744490291229221224e-01,5.391269022621177243e+00
1.334021987410580756e-01,1.795798829206551039e-01,5.381866595817539789e+00
1.334021987410580756e-01,1.847107367183881133e-01,5.372941134325843748e+00
1.334021987410580756e-01,1.898415905161211226e-01,5.364525239459880801e+00
1.334021987410580756e-01,1.949724443138541319e-01,5.356650124915558031e+00
1.334021987410580756e-01,2.001032981115871134e-01,5.349345488774427615e+00
1.334021987410580756e-01,2.052341519093201228e-01,5.342639389638153880e+00
1.334021987410580756e-01,2.103650057070531321e-01,5.336558127310804700e+00
1.334021987410580756e-01,2.154958595047861414e-01,5.331126128433489875e+00
1.334021987410580756e-01,2.206267133025191507e-01,5.326365837462372355e+00
1.334021987410580756e-01,2.257575671002521323e-01,5.322297613366304248e+00
1.334021987410580756e-01,2.308884208979851416e-01,5.318939632404438456e+00
1.334021987410580756e-01,2.360192746957181509e-01,5.316307797327136875e+00
1.334021987410580756e-01,2.411501284934511602e-01,5.314415653325402111e+00
1.334021987410580756e-01,2.462809822911841695e-01,5.313274311034898112e+00
1.334021987410580756e-01,2.514118360889171511e-01,5.312892376880574474e+00
1.385330525387910849e-01,0.000000000000000000e+00,5.727775292619655012e+00
1.385330525387910849e-01,5.130853797733003242e-03,5.722396422002620220e+00
1.385330525387910849e-01,1.026170759546600648e-02,5.716522677453322210e+00
1.385330525387910849e-01,1.539256139319901059e-02,5.710157534023766246e+00
1.385330525387910849e-01,2.052341519093201297e-02,5.703306769923241148e+00
1.385330525387910849e-01,2.565426898866501534e-02,5.695978446246577676e+00
1.385330525387910849e-01,3.078512278639802119e-02,5.688182878682253474e+00
1.385330525387910849e-01,3.591597658413102356e-02,5.679932601288557592e+00
1.385330525387910849e-01,4.104683038186402594e-02,5.671242322450830819e+00
1.385330525387910849e-01,4.617768417959702831e-02,5.662128873157192821e+00
1.385330525387910849e-01,5.130853797733003069e-02,5.652611147754221577e+00
1.385330525387910849e-01,5.643939177506303306e-02,5.642710037367613118e+00
1.385330525387910849e-01,6.157024557279604238e-02,5.632448356195861372e+00
1.385330525387910849e-01,6.670109937052903781e-02,5.621850760907404876e+00
1.385330525387910849e-01,7.183195316826204713e-02,5.610943663393436864e+00
1.385330525387910849e-01,7.696280696599504256e-02,5.599755137149559303e+00
1.385330525387910849e-01,8.209366076372805188e-02,5.588314817579671079e+00
1.385330525387910849e-01,8.722451456146106119e-02,5.576653796534798424e+00
1.385330525387910849e-01,9.235536835919405663e-02,5.564804511418020461e+00
1.385330525387910849e-01,9.748622215692706594e-02,5.552800629204060812e+00
1.385330525387910849e-01,1.026170759546600614e-01,5.540676925738574177e+00
1.385330525387910849e-01,1.077479297523930707e-01,5.528469160697470741e+00
1.385330525387910849e-01,1.128787835501260661e-01,5.516213948600883654e+00
1.385330525387910849e-01,1.180096373478590754e-01,5.503948626289441037e+00
1.385330525387910849e-01,1.231404911455920848e-01,5.491711117282372712e+00
1.385330525387910849e-01,1.282713449433250941e-01,5.479539793447618656e+00
1.385330525387910849e-01,1.334021987410580756e-01,5.467473334423465836e+00
1.385330525387910849e-01,1.385330525387910849e-01,5.455550585239310024e+00
1.385330525387910849e-01,1.436639063365240943e-01,5.443810412589857428e+00
1.385330525387910849e-01,1.487947601342571036e-01,5.432291560222500593e+00
1.385330525387910849e-01,1.539256139319900851e-01,5.421032503901615840e+00
1.385330525387910849e-01,1.590564677297230944e-01,5.410071306416168291e+00
1.385330525387910849e-01,1.641873215274561038e-01,5.399445473098309911e+00
1.385330525387910849e-01,1.693181753251891131e-01,5.389191808320480170e+00
1.385330525387910849e-01,1.744490291229221224e-01,5.379346273437021431e+00
1.385330525387910849e-01,1.795798829206551039e-01,5.369943846633383977e+00
1.385330525387910849e-01,1.847107367183881133e-01,5.361018385141688825e+00
1.385330525387910849e-01,1.898415905161211226e-01,5.352602490275724989e+00
1.385330525387910849e-01,1.949724443138541319e-01,5.344727375731402219e+00
1.385330525387910849e-01,2.001032981115871134e-01,5.337422739590271803e+00
1.385330525387910849e-01,2.052341519093201228e-01,5.330716640453998068e+00
1.385330525387910849e-01,2.103650057070531321e-01,5.324635378126648888e+00
1.385330525387910849e-01,2.154958595047861414e-01,5.319203379249334063e+00
1.385330525387910849e-01,2.206267133025191507e-01,5.314443088278216543e+00
1.385330525387910849e-01,2.257575671002521323e-01,5.310374864182148436e+00
1.385330525387910849e-01,2.308884208979851416e-01,5.307016883220282644e+00
1.385330525387910849e-01,2.360192746957181509e-01,5.304385048142981063e+00
1.385330525387910849e-01,2.411501284934511602e-01,5.302492904141246299e+00
1.385330525387910849e-01,2.462809822911841695e-01,5.301351561850742300e+00
1.385330525387910849e-01,2.514118360889171511e-01,5.300969627696418662e+00
1.436639063365240943e-01,0.000000000000000000e+00,5.716035119970202416e+00
1.436639063365240943e-01,5.130853797733003242e-03,5.710656249353167624e+00
1.436639063365240943e-01,1.026170759546600648e-02,5.704782504803869614e+00
1.436639063365240943e-01,1.539256139319901059e-02,5.698417361374313650e+00
1.436639063365240943e-01,2.052341519093201297e-02,5.691566597273788553e+00
1.436639063365240943e-01,2.565426898866501534e-02,5.684238273597125080e+00
1.436639063365240943e-01,3.078512278639802119e-02,5.676442706032800878e+00
1.436639063365240943e-01,3.591597658413102356e-02,5.668192428639104996e+00
1.436639063365240943e-01,4.104683038186402594e-02,5.659502149801378224e+00
1.436639063365240943e-01,4.617768417959702831e-02,5.650388700507740225e+00
1.436639063365240943e-01,5.130853797733003069e-02,5.640870975104768092e+00
1.436639063365240943e-01,5.643939177506303306e-02,5.630969864718160522e+00
1.436639063365240943e-01,6.157024557279604238e-02,5.620708183546408776e+00
1.436639063365240943e-01,6.670109937052903781e-02,5.610110588257952280e+00
1.436639063365240943e-01,7.183195316826204713e-02,5.599203490743984268e+00
1.436639063365240943e-01,7.696280696599504256e-02,5.588014964500106707e+00
1.436639063365240943e-01,8.209366076372805188e-02,5.576574644930218483e+00
1.436639063365240943e-01,8.722451456146106119e-02,5.564913623885345828e+00
1.436639063365240943e-01,9.235536835919405663e-02,5.553064338768567865e+00
1.436639063365240943e-01,9.748622215692706594e-02,5.541060456554608216e+00
1.436639063365240943e-01,1.026170759546600614e-01,5.528936753089121581e+00
1.436639063365240943e-01,1.077479297523930707e-01,5.516728988048018145e+00
1.436639063365240943e-01,1.128787835501260661e-01,5.504473775951431058e+00
1.436639063365240943e-01,1.180096373478590754e-01,5.492208453639988441e+00
1.436639063365240943e-01,1.231404911455920848e-01,5.479970944632920116e+00
1.436639063365240943e-01,1.282713449433250941e-01,5.467799620798166060e+00
1.436639063365240943e-01,1.334021987410580756e-01,5.455733161774013240e+00
1.436639063365240943e-01,1.385330525387910849e-01,5.443810412589857428e+00
1.436639063365240943e-01,1.436639063365240943e-01,5.432070239940404832e+00
1.436639063365240943e-01,1.487947601342571036e-01,5.420551387573047997e+00
1.436639063365240943e-01,1.539256139319900851e-01,5.409292331252163244e+00
1.436639063365240943e-01,1.590564677297230944e-01,5.398331133766715695e+00
1.436639063365240943e-01,1.641873215274561038e-01,5.387705300448857315e+00
1.436639063365240943e-01,1.693181753251891131e-01,5.377451635671027574e+00
1.436639063365240943e-01,1.744490291229221224e-01,5.367606100787568835e+00
1.436639063365240943e-01,1.795798829206551039e-01,5.358203673983931381e+00
1.436639063365240943e-01,1.847107367183881133e-01,5.349278212492235340e+00
1.436639063365240943e-01,1.898415905161211226e-01,5.340862317626272393e+00
1.436639063365240943e-01,1.949724443138541319e-01,5.332987203081949623e+00
1.436639063365240943e-01,2.001032981115871134e-01,5.325682566940819207e+00
1.436639063365240943e-01,2.052341519093201228e-01,5.318976467804545472e+00
1.436639063365240943e-01,2.103650057070531321e-01,5.312895205477196292e+00
1.436639063365240943e-01,2.154958595047861414e-01,5.307463206599881467e+00
1.436639063365240943e-01,2.206267133025191507e-01,5.302702915628763947e+00
1.436639063365240943e-01,2.257575671002521323e-01,5.298634691532695840e+00
1.436639063365240943e-01,2.308884208979851416e-01,5.295276710570830048e+00
1.436639063365240943e-01,2.360192746957181509e-01,5.292644875493528467e+00
1.436639063365240943e-01,2.411501284934511602e-01,5.290752731491793703e+00
1.436639063365240943e-01,2.462809822911841695e-01,5.289611389201289704e+00
1.436639063365240943e-01,2.514118360889171511e-01,5.289229455046966066e+00
1.487947601342571036e-01,0.000000000000000000e+00,5.704516267602845581e+00
1.487947601342571036e-01,5.130853797733003242e-03,5.699137396985810788e+00
1.487947601342571036e-01,1.026170759546600648e-02,5.693263652436512778e+00
1.487947601342571036e-01,1.539256139319901059e-02,5.686898509006956814e+00
1.487947601342571036e-01,2.052341519093201297e-02,5.680047744906431717e+00
1.487947601342571036e-01,2.565426898866501534e-02,5.672719421229768244e+00
1.487947601342571036e-01,3.078512278639802119e-02,5.664923853665444042e+00
1.487947601342571036e-01,3.591597658413102356e-02,5.656673576271748161e+00
1.487947601342571036e-01,4.104683038186402594e-02,5.647983297434021388e+00
1.487947601342571036e-01,4.617768417959702831e-02,5.638869848140383390e+00
1.487947601342571036e-01,5.130853797733003069e-02,5.629352122737412145e+00
1.487947601342571036e-01,5.643939177506303306e-02,5.619451012350803687e+00
1.487947601342571036e-01,6.157024557279604238e-02,5.609189331179051941e+00
1.487947601342571036e-01,6.670109937052903781e-02,5.598591735890595444e+00
1.487947601342571036e-01,7.183195316826204713e-02,5.587684638376627433e+00
1.487947601342571036e-01,7.696280696599504256e-02,5.576496112132749872e+00
1.487947601342571036e-01,8.209366076372805188e-02,5.565055792562861647e+00
1.487947601342571036e-01,8.722451456146106119e-02,5.553394771517988993e+00
1.487947601342571036e-01,9.235536835919405663e-02,5.541545486401211029e+00
1.487947601342571036e-01,9.748622215692706594e-02,5.529541604187251380e+00
1.487947601342571036e-01,1.026170759546600614e-01,5.517417900721764745e+00
1.487947601342571036e-01,1.077479297523930707e-01,5.505210135680661310e+00
1.487947601342571036e-01,1.128787835501260661e-01,5.492954923584074223e+00
1.487947601342571036e-01,1.180096373478590754e-01,5.480689601272631606e+00
1.487947601342571036e-01,1.231404911455920848e-01,5.468452092265563280e+00
1.487947601342571036e-01,1.282713449433250941e-01,5.456280768430809225e+00
1.487947601342571036e-01,1.334021987410580756e-01,5.444214309406656405e+00
1.487947601342571036e-01,1.385330525387910849e-01,5.432291560222500593e+00
1.487947601342571036e-01,1.436639063365240943e-01,5.420551387573047997e+00
1.487947601342571036e-01,1.487947601342571036e-01,5.409032535205691161e+00
1.487947601342571036e-01,1.539256139319900851e-01,5.397773478884806408e+00
1.487947601342571036e-01,1.590564677297230944e-01,5.386812281399358859e+00
1.487947601342571036e-01,1.641873215274561038e-01,5.376186448081500480e+00
1.487947601342571036e-01,1.693181753251891131e-01,5.365932783303670739e+00
1.487947601342571036e-01,1.744490291229221224e-01,5.356087248420211999e+00
1.487947601342571036e-01,1.795798829206551039e-01,5.346684821616574546e+00
1.487947601342571036e-01,1.847107367183881133e-01,5.337759360124879393e+00
1.487947601342571036e-01,1.898415905161211226e-01,5.329343465258915558e+00
1.487947601342571036e-01,1.949724443138541319e-01,5.321468350714592788e+00
1.487947601342571036e-01,2.001032981115871134e-01,5.314163714573462372e+00
1.487947601342571036e-01,2.052341519093201228e-01,5.307457615437188636e+00
1.487947601342571036e-01,2.103650057070531321e-01,5.301376353109839457e+00
1.487947601342571036e-01,2.154958595047861414e-01,5.295944354232524631e+00
1.487947601342571036e-01,2.206267133025191507e-01,5.291184063261407111e+00
1.487947601342571036e-01,2.257575671002521323e-01,5.287115839165339004e+00
1.487947601342571036e-01,2.308884208979851416e-01,5.283757858203473212e+00
1.487947601342571036e-01,2.360192746957181509e-01,5.281126023126171631e+00
1.487947601342571036e-01,2.411501284934511602e-01,5.279233879124436868e+00
1.487947601342571036e-01,2.462809822911841695e-01,5.278092536833932868e+00
1.487947601342571036e-01,2.514118360889171511e-01,5.277710602679609231e+00
1.539256139319900851e-01,0.000000000000000000e+00,5.693257211281960828e+00
1.539256139319900851e-01,5.130853797733003242e-03,5.687878340664926036e+00
1.539256139319900851e-01,1.026170759546600648e-02,5.682004596115628026e+00
1.539256139319900851e-01,1.539256139319901059e-02,5.675639452686072062e+00
1.539256139319900851e-01,2.052341519093201297e-02,5.668788688585546964e+00
1.539256139319900851e-01,2.565426898866501534e-02,5.661460364908883491e+00
1.539256139319900851e-01,3.078512278639802119e-02,5.653664797344559290e+00
1.539256139319900851e-01,3.591597658413102356e-02,5.645414519950863408e+00
1.539256139319900851e-01,4.104683038186402594e-02,5.636724241113136635e+00
1.539256139319900851e-01,4.617768417959702831e-02,5.627610791819498637e+00
1.539256139319900851e-01,5.130853797733003069e-02,5.618093066416527392e+00
1.539256139319900851e-01,5.643939177506303306e-02,5.608191956029918934e+00
1.539256139319900851e-01,6.157024557279604238e-02,5.597930274858167188e+00
1.539256139319900851e-01,6.670109937052903781e-02,5.587332679569710692e+00
1.539256139319900851e-01,7.183195316826204713e-02,5.576425582055742680e+00
1.539256139319900851e-01,7.696280696599504256e-02,5.565237055811865119e+00
1.539256139319900851e-01,8.209366076372805188e-02,5.553796736241976895e+00
1.539256139319900851e-01,8.722451456146106119e-02,5.542135715197104240e+00
1.539256139319900851e-01,9.235536835919405663e-02,5.530286430080326276e+00
1.539256139319900851e-01,9.748622215692706594e-02,5.518282547866366627e+00
1.539256139319900851e-01,1.026170759546600614e-01,5.506158844400879993e+00
1.539256139319900851e-01,1.077479297523930707e-01,5.493951079359776557e+00
1.539256139319900851e-01,1.128787835501260661e-01,5.481695867263189470e+00
1.539256139319900851e-01,1.180096373478590754e-01,5.469430544951746853e+00
1.539256139319900851e-01,1.231404911455920848e-01,5.457193035944678527e+00
1.539256139319900851e-01,1.282713449433250941e-01,5.445021712109924472e+00
1.539256139319900851e-01,1.334021987410580756e-01,5.432955253085771652e+00
1.539256139319900851e-01,1.385330525387910849e-01,5.421032503901615840e+00
1.539256139319900851e-01,1.436639063365240943e-01,5.409292331252163244e+00
1.539256139319900851e-01,1.487947601342571036e-01,5.397773478884806408e+00
1.539256139319900851e-01,1.539256139319900851e-01,5.386514422563921656e+00
1.539256139319900851e-01,1.590564677297230944e-01,5.375553225078474107e+00
1.539256139319900851e-01,1.641873215274561038e-01,5.364927391760615727e+00
1.539256139319900851e-01,1.693181753251891131e-01,5.354673726982785986e+00
1.539256139319900851e-01,1.744490291229221224e-01,5.344828192099327246e+00
1.539256139319900851e-01,1.795798829206551039e-01,5.335425765295689793e+00
1.539256139319900851e-01,1.847107367183881133e-01,5.326500303803994640e+00
1.539256139319900851e-01,1.898415905161211226e-01,5.318084408938030805e+00
1.539256139319900851e-01,1.949724443138541319e-01,5.310209294393708035e+00
1.539256139319900851e-01,2.001032981115871134e-01,5.302904658252577619e+00
1.539256139319900851e-01,2.052341519093201228e-01,5.296198559116303883e+00
1.539256139319900851e-01,2.103650057070531321e-01,5.290117296788954704e+00
1.539256139319900851e-01,2.154958595047861414e-01,5.284685297911639879e+00
1.539256139319900851e-01,2.206267133025191507e-01,5.279925006940522358e+00
1.539256139319900851e-01,2.257575671002521323e-01,5.275856782844454251e+00
1.539256139319900851e-01,2.308884208979851416e-01,5.272498801882588459e+00
1.539256139319900851e-01,2.360192746957181509e-01,5.269866966805286879e+00
1.539256139319900851e-01,2.411501284934511602e-01,5.267974822803552115e+00
1.539256139319900851e-01,2.462809822911841695e-01,5.266833480513048116e+00
1.539256139319900851e-01,2.514118360889171511e-01,5.266451546358724478e+00
1.590564677297230944e-01,0.000000000000000000e+00,5.682296013796513279e+00
1.590564677297230944e-01,5.130853797733003242e-03,5.676917143179478487e+00
1.590564677297230944e-01,1.026170759546600648e-02,5.671043398630180477e+00
1.590564677297230944e-01,1.539256139319901059e-02,5.664678255200624513e+00
1.590564677297230944e-01,2.052341519093201297e-02,5.657827491100099415e+00
1.590564677297230944e-01,2.565426898866501534e-02,5.650499167423435942e+00
1.590564677297230944e-01,3.078512278639802119e-02,5.642703599859111740e+00
1.590564677297230944e-01,3.591597658413102356e-02,5.634453322465415859e+00
1.590564677297230944e-01,4.104683038186402594e-02,5.625763043627689086e+00
1.590564677297230944e-01,4.617768417959702831e-02,5.616649594334051088e+00
1.590564677297230944e-01,5.130853797733003069e-02,5.607131868931078955e+00
1.590564677297230944e-01,5.643939177506303306e-02,5.597230758544471385e+00
1.590564677297230944e-01,6.157024557279604238e-02,5.586969077372719639e+00
1.590564677297230944e-01,6.670109937052903781e-02,5.576371482084263143e+00
1.590564677297230944e-01,7.183195316826204713e-02,5.565464384570295131e+00
1.590564677297230944e-01,7.696280696599504256e-02,5.554275858326417570e+00
1.590564677297230944e-01,8.209366076372805188e-02,5.542835538756529346e+00
1.590564677297230944e-01,8.722451456146106119e-02,5.531174517711656691e+00
1.590564677297230944e-01,9.235536835919405663e-02,5.519325232594878727e+00
1.590564677297230944e-01,9.748622215692706594e-02,5.507321350380919078e+00
1.590564677297230944e-01,1.026170759546600614e-01,5.495197646915432443e+00
1.590564677297230944e-01,1.077479297523930707e-01,5.482989881874329008e+00
1.590564677297230944e-01,1.128787835501260661e-01,5.470734669777741921e+00
1.590564677297230944e-01,1.180096373478590754e-01,5.458469347466299304e+00
1.590564677297230944e-01,1.231404911455920848e-01,5.446231838459230978e+00
1.590564677297230944e-01,1.282713449433250941e-01,5.434060514624476923e+00
1.590564677297230944e-01,1.334021987410580756e-01,5.421994055600324103e+00
1.590564677297230944e-01,1.385330525387910849e-01,5.410071306416168291e+00
1.590564677297230944e-01,1.436639063365240943e-01,5.398331133766715695e+00
1.590564677297230944e-01,1.487947601342571036e-01,5.386812281399358859e+00
1.590564677297230944e-01,1.539256139319900851e-01,5.375553225078474107e+00
1.590564677297230944e-01,1.590564677297230944e-01,5.364592027593026557e+00
1.590564677297230944e-01,1.641873215274561038e-01,5.353966194275168178e+00
1.590564677297230944e-01,1.693181753251891131e-01,5.343712529497338437e+00
1.590564677297230944e-01,1.744490291229221224e-01,5.333866994613879697e+00
1.590564677297230944e-01,1.795798829206551039e-01,5.324464567810242244e+00
1.590564677297230944e-01,1.847107367183881133e-01,5.315539106318546203e+00
1.590564677297230944e-01,1.898415905161211226e-01,5.307123211452583256e+00
1.590564677297230944e-01,1.949724443138541319e-01,5.299248096908260486e+00
1.590564677297230944e-01,2.001032981115871134e-01,5.291943460767130070e+00
1.590564677297230944e-01,2.052341519093201228e-01,5.285237361630856334e+00
1.590564677297230944e-01,2.103650057070531321e-01,5.279156099303507155e+00
1.590564677297230944e-01,2.154958595047861414e-01,5.273724100426192329e+00
1.590564677297230944e-01,2.206267133025191507e-01,5.268963809455074809e+00
1.590564677297230944e-01,2.257575671002521323e-01,5.264895585359006702e+00
1.590564677297230944e-01,2.308884208979851416e-01,5.261537604397140910e+00
1.590564677297230944e-01,2.360192746957181509e-01,5.258905769319839330e+00
1.590564677297230944e-01,2.411501284934511602e-01,5.257013625318104566e+00
1.590564677297230944e-01,2.462809822911841695e-01,5.255872283027600567e+00
1.590564677297230944e-01,2.514118360889171511e-01,5.255490348873276929e+00
1.641873215274561038e-01,0.000000000000000000e+00,5.671670180478654899e+00
1.641873215274561038e-01,5.130853797733003242e-03,5.666291309861620107e+00
1.641873215274561038e-01,1.026170759546600648e-02,5.660417565312322097e+00
1.641873215274561038e-01,1.539256139319901059e-02,5.654052421882766133e+00
1.641873215274561038e-01,2.052341519093201297e-02,5.647201657782241035e+00
1.641873215274561038e-01,2.565426898866501534e-02,5.639873334105577563e+00
1.641873215274561038e-01,3.078512278639802119e-02,5.632077766541253361e+00
1.641873215274561038e-01,3.591597658413102356e-02,5.623827489147557479e+00
1.641873215274561038e-01,4.104683038186402594e-02,5.615137210309830706e+00
1.641873215274561038e-01,4.617768417959702831e-02,5.606023761016192708e+00
1.641873215274561038e-01,5.130853797733003069e-02,5.596506035613220575e+00
1.641873215274561038e-01,5.643939177506303306e-02,5.586604925226613005e+00
1.641873215274561038e-01,6.157024557279604238e-02,5.576343244054861259e+00
1.641873215274561038e-01,6.670109937052903781e-02,5.565745648766404763e+00
1.641873215274561038e-01,7.183195316826204713e-02,5.554838551252436751e+00
1.641873215274561038e-01,7.696280696599504256e-02,5.543650025008559190e+00
1.641873215274561038e-01,8.209366076372805188e-02,5.532209705438670966e+00
1.641873215274561038e-01,8.722451456146106119e-02,5.520548684393798311e+00
1.641873215274561038e-01,9.235536835919405663e-02,5.508699399277020348e+00
1.641873215274561038e-01,9.748622215692706594e-02,5.496695517063060699e+00
1.641873215274561038e-01,1.026170759546600614e-01,5.484571813597574064e+00
1.641873215274561038e-01,1.077479297523930707e-01,5.472364048556470628e+00
1.641873215274561038e-01,1.128787835501260661e-01,5.460108836459883541e+00
1.641873215274561038e-01,1.180096373478590754e-01,5.447843514148440924e+00
1.641873215274561038e-01,1.231404911455920848e-01,5.435606005141372599e+00
1.641873215274561038e-01,1.282713449433250941e-01,5.423434681306618543e+00
1.641873215274561038e-01,1.334021987410580756e-01,5.411368222282465723e+00
1.641873215274561038e-01,1.385330525387910849e-01,5.399445473098309911e+00
1.641873215274561038e-01,1.436639063365240943e-01,5.387705300448857315e+00
1.641873215274561038e-01,1.487947601342571036e-01,5.376186448081500480e+00
1.641873215274561038e-01,1.539256139319900851e-01,5.364927391760615727e+00
1.641873215274561038e-01,1.590564677297230944e-01,5.353966194275168178e+00
1.641873215274561038e-01,1.641873215274561038e-01,5.343340360957309798e+00
1.641873215274561038e-01,1.693181753251891131e-01,5.333086696179480057e+00
1.641873215274561038e-01,1.744490291229221224e-01,5.323241161296021318e+00
1.641873215274561038e-01,1.795798829206551039e-01,5.313838734492383864e+00
1.641873215274561038e-01,1.847107367183881133e-01,5.304913273000687823e+00
1.641873215274561038e-01,1.898415905161211226e-01,5.296497378134724876e+00
1.641873215274561038e-01,1.949724443138541319e-01,5.288622263590402106e+00
1.641873215274561038e-01,2.001032981115871134e-01,5.281317627449271690e+00
1.641873215274561038e-01,2.052341519093201228e-01,5.274611528312997955e+00
1.641873215274561038e-01,2.103650057070531321e-01,5.268530265985648775e+00
1.641873215274561038e-01,2.154958595047861414e-01,5.263098267108333950e+00
1.641873215274561038e-01,2.206267133025191507e-01,5.258337976137216430e+00
1.641873215274561038e-01,2.257575671002521323e-01,5.254269752041148323e+00
1.641873215274561038e-01,2.308884208979851416e-01,5.250911771079282531e+00
1.641873215274561038e-01,2.360192746957181509e-01,5.248279936001980950e+00
1.641873215274561038e-01,2.411501284934511602e-01,5.246387792000246186e+00
1.641873215274561038e-01,2.462809822911841695e-01,5.245246449709742187e+00
1.641873215274561038e-01,2.514118360889171511e-01,5.244864515555418549e+00
1.693181753251891131e-01,0.000000000000000000e+00,5.661416515700825158e+00
1.693181753251891131e-01,5.130853797733003242e-03,5.656037645083790366e+00
1.693181753251891131e-01,1.026170759546600648e-02,5.650163900534492356e+00
1.693181753251891131e-01,1.539256139319901059e-02,5.643798757104936392e+00
1.693181753251891131e-01,2.052341519093201297e-02,5.636947993004411295e+00
1.693181753251891131e-01,2.565426898866501534e-02,5.629619669327747822e+00
1.693181753251891131e-01,3.078512278639802119e-02,5.621824101763423620e+00
1.693181753251891131e-01,3.591597658413102356e-02,5.613573824369727738e+00
1.693181753251891131e-01,4.104683038186402594e-02,5.604883545532000966e+00
1.693181753251891131e-01,4.617768417959702831e-02,5.595770096238362967e+00
1.693181753251891131e-01,5.130853797733003069e-02,5.586252370835390835e+00
1.693181753251891131e-01,5.643939177506303306e-02,5.576351260448783265e+00
1.693181753251891131e-01,6.157024557279604238e-02,5.566089579277031518e+00
1.693181753251891131e-01,6.670109937052903781e-02,5.555491983988575022e+00
1.693181753251891131e-01,7.183195316826204713e-02,5.544584886474607011e+00
1.693181753251891131e-01,7.696280696599504256e-02,5.533396360230729449e+00
1.693181753251891131e-01,8.209366076372805188e-02,5.521956040660841225e+00
1.693181753251891131e-01,8.722451456146106119e-02,5.510295019615968570e+00
1.693181753251891131e-01,9.235536835919405663e-02,5.498445734499190607e+00
1.693181753251891131e-01,9.748622215692706594e-02,5.486441852285230958e+00
1.693181753251891131e-01,1.026170759546600614e-01,5.474318148819744323e+00
1.693181753251891131e-01,1.077479297523930707e-01,5.462110383778640887e+00
1.693181753251891131e-01,1.128787835501260661e-01,5.449855171682053800e+00
1.693181753251891131e-01,1.180096373478590754e-01,5.437589849370611184e+00
1.693181753251891131e-01,1.231404911455920848e-01,5.425352340363542858e+00
1.693181753251891131e-01,1.282713449433250941e-01,5.413181016528788803e+00
1.693181753251891131e-01,1.334021987410580756e-01,5.401114557504635982e+00
1.693181753251891131e-01,1.385330525387910849e-01,5.389191808320480170e+00
1.693181753251891131e-01,1.436639063365240943e-01,5.377451635671027574e+00
1.693181753251891131e-01,1.487947601342571036e-01,5.365932783303670739e+00
1.693181753251891131e-01,1.539256139319900851e-01,5.354673726982785986e+00
1.693181753251891131e-01,1.590564677297230944e-01,5.343712529497338437e+00
1.693181753251891131e-01,1.641873215274561038e-01,5.333086696179480057e+00
1.693181753251891131e-01,1.693181753251891131e-01,5.322833031401650317e+00
1.693181753251891131e-01,1.744490291229221224e-01,5.312987496518191577e+00
1.693181753251891131e-01,1.795798829206551039e-01,5.303585069714554123e+00
1.693181753251891131e-01,1.847107367183881133e-01,5.294659608222858083e+00
1.693181753251891131e-01,1.898415905161211226e-01,5.286243713356895135e+00
1.693181753251891131e-01,1.949724443138541319e-01,5.278368598812572365e+00
1.693181753251891131e-01,2.001032981115871134e-01,5.271063962671441949e+00
1.693181753251891131e-01,2.052341519093201228e-01,5.264357863535168214e+00
1.693181753251891131e-01,2.103650057070531321e-01,5.258276601207819034e+00
1.693181753251891131e-01,2.154958595047861414e-01,5.252844602330504209e+00
1.693181753251891131e-01,2.206267133025191507e-01,5.248084311359386689e+00
1.693181753251891131e-01,2.257575671002521323e-01,5.244016087263318582e+00
1.693181753251891131e-01,2.308884208979851416e-01,5.240658106301452790e+00
1.693181753251891131e-01,2.360192746957181509e-01,5.238026271224151209e+00
1.693181753251891131e-01,2.411501284934511602e-01,5.236134127222416446e+00
1.693181753251891131e-01,2.462809822911841695e-01,5.234992784931912446e+00
1.693181753251891131e-01,2.514118360889171511e-01,5.234610850777588809e+00
1.744490291229221224e-01,0.000000000000000000e+00,5.651570980817366419e+00
1.744490291229221224e-01,5.130853797733003242e-03,5.646192110200331626e+00
1.744490291229221224e-01,1.026170759546600648e-02,5.640318365651033616e+00
1.744490291229221224e-01,1.539256139319901059e-02,5.633953222221477652e+00
1.744490291229221224e-01,2.052341519093201297e-02,5.627102458120952555e+00
1.744490291229221224e-01,2.565426898866501534e-02,5.619774134444289082e+00
1.744490291229221224e-01,3.078512278639802119e-02,5.611978566879964880e+00
1.744490291229221224e-01,3.591597658413102356e-02,5.603728289486268999e+00
1.744490291229221224e-01,4.104683038186402594e-02,5.595038010648542226e+00
1.744490291229221224e-01,4.617768417959702831e-02,5.585924561354904228e+00
1.744490291229221224e-01,5.130853797733003069e-02,5.576406835951932095e+00
1.744490291229221224e-01,5.643939177506303306e-02,5.566505725565324525e+00
1.744490291229221224e-01,6.157024557279604238e-02,5.556244044393572779e+00
1.744490291229221224e-01,6.670109937052903781e-02,5.545646449105116282e+00
1.744490291229221224e-01,7.183195316826204713e-02,5.534739351591148271e+00
1.744490291229221224e-01,7.696280696599504256e-02,5.523550825347270710e+00
1.744490291229221224e-01,8.209366076372805188e-02,5.512110505777382485e+00
1.744490291229221224e-01,8.722451456146106119e-02,5.500449484732509831e+00
1.744490291229221224e-01,9.235536835919405663e-02,5.488600199615731867e+00
1.744490291229221224e-01,9.748622215692706594e-02,5.476596317401772218e+00
1.744490291229221224e-01,1.026170759546600614e-01,5.464472613936285583e+00
1.744490291229221224e-01,1.077479297523930707e-01,5.452264848895182148e+00
1.744490291229221224e-01,1.128787835501260661e-01,5.440009636798595061e+00
1.744490291229221224e-01,1.180096373478590754e-01,5.427744314487152444e+00
1.744490291229221224e-01,1.231404911455920848e-01,5.415506805480084118e+00
1.744490291229221224e-01,1.282713449433250941e-01,5.403335481645330063e+00
1.744490291229221224e-01,1.334021987410580756e-01,5.391269022621177243e+00
1.744490291229221224e-01,1.385330525387910849e-01,5.379346273437021431e+00
1.744490291229221224e-01,1.436639063365240943e-01,5.367606100787568835e+00
1.744490291229221224e-01,1.487947601342571036e-01,5.356087248420211999e+00
1.744490291229221224e-01,1.539256139319900851e-01,5.344828192099327246e+00
1.744490291229221224e-01,1.590564677297230944e-01,5.333866994613879697e+00
1.744490291229221224e-01,1.641873215274561038e-01,5.323241161296021318e+00
1.744490291229221224e-01,1.693181753251891131e-01,5.312987496518191577e+00
1.744490291229221224e-01,1.744490291229221224e-01,5.303141961634732837e+00
1.744490291229221224e-01,1.795798829206551039e-01,5.293739534831095384e+00
1.744490291229221224e-01,1.847107367183881133e-01,5.284814073339399343e+00
1.744490291229221224e-01,1.898415905161211226e-01,5.276398178473436396e+00
1.744490291229221224e-01,1.949724443138541319e-01,5.268523063929113626e+00
1.744490291229221224e-01,2.001032981115871134e-01,5.261218427787983209e+00
1.744490291229221224e-01,2.052341519093201228e-01,5.254512328651709474e+00
1.744490291229221224e-01,2.103650057070531321e-01,5.248431066324360295e+00
1.744490291229221224e-01,2.154958595047861414e-01,5.242999067447045469e+00
1.744490291229221224e-01,2.206267133025191507e-01,5.238238776475927949e+00
1.744490291229221224e-01,2.257575671002521323e-01,5.234170552379859842e+00
1.744490291229221224e-01,2.308884208979851416e-01,5.230812571417994050e+00
1.744490291229221224e-01,2.360192746957181509e-01,5.228180736340692469e+00
1.744490291229221224e-01,2.411501284934511602e-01,5.226288592338957706e+00
1.744490291229221224e-01,2.462809822911841695e-01,5.225147250048453706e+00
1.744490291229221224e-01,2.514118360889171511e-01,5.224765315894130069e+00
1.795798829206551039e-01,0.000000000000000000e+00,5.642168554013728965e+00
1.795798829206551039e-01,5.130853797733003242e-03,5.636789683396694173e+00
1.795798829206551039e-01,1.026170759546600648e-02,5.630915938847396163e+00
1.795798829206551039e-01,1.539256139319901059e-02,5.624550795417840199e+00
1.795798829206551039e-01,2.052341519093201297e-02,5.617700031317315101e+00
1.795798829206551039e-01,2.565426898866501534e-02,5.610371707640651628e+00
1.795798829206551039e-01,3.078512278639802119e-02,5.602576140076327427e+00
1.795798829206551039e-01,3.591597658413102356e-02,5.594325862682631545e+00
1.795798829206551039e-01,4.104683038186402594e-02,5.585635583844904772e+00
1.795798829206551039e-01,4.617768417959702831e-02,5.576522134551266774e+00
1.795798829206551039e-01,5.130853797733003069e-02,5.567004409148294641e+00
1.795798829206551039e-01,5.643939177506303306e-02,5.557103298761687071e+00
1.795798829206551039e-01,6.157024557279604238e-02,5.546841617589935325e+00
1.795798829206551039e-01,6.670109937052903781e-02,5.536244022301478829e+00
1.795798829206551039e-01,7.183195316826204713e-02,5.525336924787510817e+00
1.795798829206551039e-01,7.696280696599504256e-02,5.514148398543633256e+00
1.795798829206551039e-01,8.209366076372805188e-02,5.502708078973745032e+00
1.795798829206551039e-01,8.722451456146106119e-02,5.491047057928872377e+00
1.795798829206551039e-01,9.235536835919405663e-02,5.479197772812094414e+00
1.795798829206551039e-01,9.748622215692706594e-02,5.467193890598134765e+00
1.795798829206551039e-01,1.026170759546600614e-01,5.455070187132648130e+00
1.795798829206551039e-01,1.077479297523930707e-01,5.442862422091544694e+00
1.795798829206551039e-01,1.128787835501260661e-01,5.430607209994957607e+00
1.795798829206551039e-01,1.180096373478590754e-01,5.418341887683514990e+00
1.795798829206551039e-01,1.231404911455920848e-01,5.406104378676446665e+00
1.795798829206551039e-01,1.282713449433250941e-01,5.393933054841692609e+00
1.795798829206551039e-01,1.334021987410580756e-01,5.381866595817539789e+00
1.795798829206551039e-01,1.385330525387910849e-01,5.369943846633383977e+00
1.795798829206551039e-01,1.436639063365240943e-01,5.358203673983931381e+00
1.795798829206551039e-01,1.487947601342571036e-01,5.346684821616574546e+00
1.795798829206551039e-01,1.539256139319900851e-01,5.335425765295689793e+00
1.795798829206551039e-01,1.590564677297230944e-01,5.324464567810242244e+00
1.795798829206551039e-01,1.641873215274561038e-01,5.313838734492383864e+00
1.795798829206551039e-01,1.693181753251891131e-01,5.303585069714554123e+00
1.795798829206551039e-01,1.744490291229221224e-01,5.293739534831095384e+00
1.795798829206551039e-01,1.795798829206551039e-01,5.284337108027457930e+00
1.795798829206551039e-01,1.847107367183881133e-01,5.275411646535761889e+00
1.795798829206551039e-01,1.898415905161211226e-01,5.266995751669798942e+00
1.795798829206551039e-01,1.949724443138541319e-01,5.259120637125476172e+00
1.795798829206551039e-01,2.001032981115871134e-01,5.251816000984345756e+00
1.795798829206551039e-01,2.052341519093201228e-01,5.245109901848072020e+00
1.795798829206551039e-01,2.103650057070531321e-01,5.239028639520722841e+00
1.795798829206551039e-01,2.154958595047861414e-01,5.233596640643408016e+00
1.795798829206551039e-01,2.206267133025191507e-01,5.228836349672290496e+00
1.795798829206551039e-01,2.257575671002521323e-01,5.224768125576222388e+00
1.795798829206551039e-01,2.308884208979851416e-01,5.221410144614356597e+00
1.795798829206551039e-01,2.360192746957181509e-01,5.218778309537055016e+00
1.795798829206551039e-01,2.411501284934511602e-01,5.216886165535320252e+00
1.795798829206551039e-01,2.462809822911841695e-01,5.215744823244816253e+00
1.795798829206551039e-01,2.514118360889171511e-01,5.215362889090492615e+00
1.847107367183881133e-01,0.000000000000000000e+00,5.633243092522032924e+00
1.847107367183881133e-01,5.130853797733003242e-03,5.627864221904998132e+00
1.847107367183881133e-01,1.026170759546600648e-02,5.621990477355700122e+00
1.847107367183881133e-01,1.539256139319901059e-02,5.615625333926144158e+00
1.847107367183881133e-01,2.052341519093201297e-02,5.608774569825619061e+00
1.847107367183881133e-01,2.565426898866501534e-02,5.601446246148955588e+00
1.847107367183881133e-01,3.078512278639802119e-02,5.593650678584631386e+00
1.847107367183881133e-01,3.591597658413102356e-02,5.585400401190935504e+00
1.847107367183881133e-01,4.104683038186402594e-02,5.576710122353208732e+00
1.847107367183881133e-01,4.617768417959702831e-02,5.567596673059570733e+00
1.847107367183881133e-01,5.130853797733003069e-02,5.558078947656598601e+00
1.847107367183881133e-01,5.643939177506303306e-02,5.548177837269991031e+00
1.847107367183881133e-01,6.157024557279604238e-02,5.537916156098239284e+00
1.847107367183881133e-01,6.670109937052903781e-02,5.527318560809782788e+00
1.847107367183881133e-01,7.183195316826204713e-02,5.516411463295814777e+00
1.847107367183881133e-01,7.696280696599504256e-02,5.505222937051937215e+00
1.847107367183881133e-01,8.209366076372805188e-02,5.493782617482048991e+00
1.847107367183881133e-01,8.722451456146106119e-02,5.482121596437176336e+00
1.847107367183881133e-01,9.235536835919405663e-02,5.470272311320398373e+00
1.847107367183881133e-01,9.748622215692706594e-02,5.458268429106438724e+00
1.847107367183881133e-01,1.026170759546600614e-01,5.446144725640952089e+00
1.847107367183881133e-01,1.077479297523930707e-01,5.433936960599848653e+00
1.847107367183881133e-01,1.128787835501260661e-01,5.421681748503261566e+00
1.847107367183881133e-01,1.180096373478590754e-01,5.409416426191818950e+00
1.847107367183881133e-01,1.231404911455920848e-01,5.397178917184750624e+00
1.847107367183881133e-01,1.282713449433250941e-01,5.385007593349996569e+00
1.847107367183881133e-01,1.334021987410580756e-01,5.372941134325843748e+00
1.847107367183881133e-01,1.385330525387910849e-01,5.361018385141687936e+00
1.847107367183881133e-01,1.436639063365240943e-01,5.349278212492235340e+00
1.847107367183881133e-01,1.487947601342571036e-01,5.337759360124878505e+00
1.847107367183881133e-01,1.539256139319900851e-01,5.326500303803993752e+00
1.847107367183881133e-01,1.590564677297230944e-01,5.315539106318546203e+00
1.847107367183881133e-01,1.641873215274561038e-01,5.304913273000687823e+00
1.847107367183881133e-01,1.693181753251891131e-01,5.294659608222858083e+00
1.847107367183881133e-01,1.744490291229221224e-01,5.284814073339399343e+00
1.847107367183881133e-01,1.795798829206551039e-01,5.275411646535761889e+00
1.847107367183881133e-01,1.847107367183881133e-01,5.266486185044065849e+00
1.847107367183881133e-01,1.898415905161211226e-01,5.258070290178102901e+00
1.847107367183881133e-01,1.949724443138541319e-01,5.250195175633780131e+00
1.847107367183881133e-01,2.001032981115871134e-01,5.242890539492649715e+00
1.847107367183881133e-01,2.052341519093201228e-01,5.236184440356375980e+00
1.847107367183881133e-01,2.103650057070531321e-01,5.230103178029026800e+00
1.847107367183881133e-01,2.154958595047861414e-01,5.224671179151711975e+00
1.847107367183881133e-01,2.206267133025191507e-01,5.219910888180594455e+00
1.847107367183881133e-01,2.257575671002521323e-01,5.215842664084526348e+00
1.847107367183881133e-01,2.308884208979851416e-01,5.212484683122660556e+00
1.847107367183881133e-01,2.360192746957181509e-01,5.209852848045358975e+00
1.847107367183881133e-01,2.411501284934511602e-01,5.207960704043624212e+00
1.847107367183881133e-01,2.462809822911841695e-01,5.206819361753120212e+00
1.847107367183881133e-01,2.514118360889171511e-01,5.206437427598796575e+00
1.898415905161211226e-01,0.000000000000000000e+00,5.624827197656069977e+00
1.898415905161211226e-01,5.130853797733003242e-03,5.619448327039035185e+00
1.898415905161211226e-01,1.026170759546600648e-02,5.613574582489737175e+00
1.898415905161211226e-01,1.539256139319901059e-02,5.607209439060181211e+00
1.898415905161211226e-01,2.052341519093201297e-02,5.600358674959656113e+00
1.898415905161211226e-01,2.565426898866501534e-02,5.593030351282992640e+00
1.898415905161211226e-01,3.078512278639802119e-02,5.585234783718668439e+00
1.898415905161211226e-01,3.591597658413102356e-02,5.576984506324972557e+00
1.898415905161211226e-01,4.104683038186402594e-02,5.568294227487245784e+00
1.898415905161211226e-01,4.617768417959702831e-02,5.559180778193607786e+00
1.898415905161211226e-01,5.130853797733003069e-02,5.549663052790636542e+00
1.898415905161211226e-01,5.643939177506303306e-02,5.539761942404028083e+00
1.898415905161211226e-01,6.157024557279604238e-02,5.529500261232276337e+00
1.898415905161211226e-01,6.670109937052903781e-02,5.518902665943819841e+00
1.898415905161211226e-01,7.183195316826204713e-02,5.507995568429851829e+00
1.898415905161211226e-01,7.696280696599504256e-02,5.496807042185974268e+00
1.898415905161211226e-01,8.209366076372805188e-02,5.485366722616086044e+00
1.898415905161211226e-01,8.722451456146106119e-02,5.473705701571213389e+00
1.898415905161211226e-01,9.235536835919405663e-02,5.461856416454435426e+00
1.898415905161211226e-01,9.748622215692706594e-02,5.449852534240475777e+00
1.898415905161211226e-01,1.026170759546600614e-01,5.437728830774989142e+00
1.898415905161211226e-01,1.077479297523930707e-01,5.425521065733885706e+00
1.898415905161211226e-01,1.128787835501260661e-01,5.413265853637298619e+00
1.898415905161211226e-01,1.180096373478590754e-01,5.401000531325856002e+00
1.898415905161211226e-01,1.231404911455920848e-01,5.388763022318787677e+00
1.898415905161211226e-01,1.282713449433250941e-01,5.376591698484033621e+00
1.898415905161211226e-01,1.334021987410580756e-01,5.364525239459880801e+00
1.898415905161211226e-01,1.385330525387910849e-01,5.352602490275724989e+00
1.898415905161211226e-01,1.436639063365240943e-01,5.340862317626272393e+00
1.898415905161211226e-01,1.487947601342571036e-01,5.329343465258915558e+00
1.898415905161211226e-01,1.539256139319900851e-01,5.318084408938030805e+00
1.898415905161211226e-01,1.590564677297230944e-01,5.307123211452583256e+00
1.898415905161211226e-01,1.641873215274561038e-01,5.296497378134724876e+00
1.898415905161211226e-01,1.693181753251891131e-01,5.286243713356895135e+00
1.898415905161211226e-01,1.744490291229221224e-01,5.276398178473436396e+00
1.898415905161211226e-01,1.795798829206551039e-01,5.266995751669798942e+00
1.898415905161211226e-01,1.847107367183881133e-01,5.258070290178103789e+00
1.898415905161211226e-01,1.898415905161211226e-01,5.249654395312139954e+00
1.898415905161211226e-01,1.949724443138541319e-01,5.241779280767817184e+00
1.898415905161211226e-01,2.001032981115871134e-01,5.234474644626686768e+00
1.898415905161211226e-01,2.052341519093201228e-01,5.227768545490413032e+00
1.898415905161211226e-01,2.103650057070531321e-01,5.221687283163063853e+00
1.898415905161211226e-01,2.154958595047861414e-01,5.216255284285749028e+00
1.898415905161211226e-01,2.206267133025191507e-01,5.211494993314631508e+00
1.898415905161211226e-01,2.257575671002521323e-01,5.207426769218563400e+00
1.898415905161211226e-01,2.308884208979851416e-01,5.204068788256697609e+00
1.898415905161211226e-01,2.360192746957181509e-01,5.201436953179396028e+00
1.898415905161211226e-01,2.411501284934511602e-01,5.199544809177661264e+00
1.898415905161211226e-01,2.462809822911841695e-01,5.198403466887157265e+00
1.898415905161211226e-01,2.514118360889171511e-01,5.198021532732833627e+00
1.949724443138541319e-01,0.000000000000000000e+00,5.616952083111747207e+00
1.949724443138541319e-01,5.130853797733003242e-03,5.611573212494712415e+00
1.949724443138541319e-01,1.026170759546600648e-02,5.605699467945414405e+00
1.949724443138541319e-01,1.539256139319901059e-02,5.599334324515858441e+00
1.949724443138541319e-01,2.052341519093201297e-02,5.592483560415333343e+00
1.949724443138541319e-01,2.565426898866501534e-02,5.585155236738669871e+00
1.949724443138541319e-01,3.078512278639802119e-02,5.577359669174345669e+00
1.949724443138541319e-01,3.591597658413102356e-02,5.569109391780649787e+00
1.949724443138541319e-01,4.104683038186402594e-02,5.560419112942923014e+00
1.949724443138541319e-01,4.617768417959702831e-02,5.551305663649285016e+00
1.949724443138541319e-01,5.130853797733003069e-02,5.541787938246313772e+00
1.949724443138541319e-01,5.643939177506303306e-02,5.531886827859705313e+00
1.949724443138541319e-01,6.157024557279604238e-02,5.521625146687953567e+00
1.949724443138541319e-01,6.670109937052903781e-02,5.511027551399497071e+00
1.949724443138541319e-01,7.183195316826204713e-02,5.500120453885529059e+00
1.949724443138541319e-01,7.696280696599504256e-02,5.488931927641651498e+00
1.949724443138541319e-01,8.209366076372805188e-02,5.477491608071763274e+00
1.949724443138541319e-01,8.722451456146106119e-02,5.465830587026890619e+00
1.949724443138541319e-01,9.235536835919405663e-02,5.453981301910112656e+00
1.949724443138541319e-01,9.748622215692706594e-02,5.441977419696153007e+00
1.949724443138541319e-01,1.026170759546600614e-01,5.429853716230666372e+00
1.949724443138541319e-01,1.077479297523930707e-01,5.417645951189562936e+00
1.949724443138541319e-01,1.128787835501260661e-01,5.405390739092975849e+00
1.949724443138541319e-01,1.180096373478590754e-01,5.393125416781533232e+00
1.949724443138541319e-01,1.231404911455920848e-01,5.380887907774464907e+00
1.949724443138541319e-01,1.282713449433250941e-01,5.368716583939710851e+00
1.949724443138541319e-01,1.334021987410580756e-01,5.356650124915558031e+00
1.949724443138541319e-01,1.385330525387910849e-01,5.344727375731402219e+00
1.949724443138541319e-01,1.436639063365240943e-01,5.332987203081949623e+00
1.949724443138541319e-01,1.487947601342571036e-01,5.321468350714592788e+00
1.949724443138541319e-01,1.539256139319900851e-01,5.310209294393708035e+00
1.949724443138541319e-01,1.590564677297230944e-01,5.299248096908260486e+00
1.949724443138541319e-01,1.641873215274561038e-01,5.288622263590402106e+00
1.949724443138541319e-01,1.693181753251891131e-01,5.278368598812572365e+00
1.949724443138541319e-01,1.744490291229221224e-01,5.268523063929113626e+00
1.949724443138541319e-01,1.795798829206551039e-01,5.259120637125476172e+00
1.949724443138541319e-01,1.847107367183881133e-01,5.250195175633781020e+00
1.949724443138541319e-01,1.898415905161211226e-01,5.241779280767817184e+00
1.949724443138541319e-01,1.949724443138541319e-01,5.233904166223494414e+00
1.949724443138541319e-01,2.001032981115871134e-01,5.226599530082363998e+00
1.949724443138541319e-01,2.052341519093201228e-01,5.219893430946090263e+00
1.949724443138541319e-01,2.103650057070531321e-01,5.213812168618741083e+00
1.949724443138541319e-01,2.154958595047861414e-01,5.208380169741426258e+00
1.949724443138541319e-01,2.206267133025191507e-01,5.203619878770308738e+00
1.949724443138541319e-01,2.257575671002521323e-01,5.199551654674240631e+00
1.949724443138541319e-01,2.308884208979851416e-01,5.196193673712374839e+00
1.949724443138541319e-01,2.360192746957181509e-01,5.193561838635073258e+00
1.949724443138541319e-01,2.411501284934511602e-01,5.191669694633338494e+00
1.949724443138541319e-01,2.462809822911841695e-01,5.190528352342834495e+00
1.949724443138541319e-01,2.514118360889171511e-01,5.190146418188510857e+00
2.001032981115871134e-01,0.000000000000000000e+00,5.609647446970616791e+00
2.001032981115871134e-01,5.130853797733003242e-03,5.604268576353581999e+00
2.001032981115871134e-01,1.026170759546600648e-02,5.598394831804283989e+00
2.001032981115871134e-01,1.539256139319901059e-02,5.592029688374728025e+00
2.001032981115871134e-01,2.052341519093201297e-02,5.585178924274202927e+00
2.001032981115871134e-01,2.565426898866501534e-02,5.577850600597539454e+00
2.001032981115871134e-01,3.078512278639802119e-02,5.570055033033215253e+00
2.001032981115871134e-01,3.591597658413102356e-02,5.561804755639519371e+00
2.001032981115871134e-01,4.104683038186402594e-02,5.553114476801792598e+00
2.001032981115871134e-01,4.617768417959702831e-02,5.544001027508154600e+00
2.001032981115871134e-01,5.130853797733003069e-02,5.534483302105183355e+00
2.001032981115871134e-01,5.643939177506303306e-02,5.524582191718574897e+00
2.001032981115871134e-01,6.157024557279604238e-02,5.514320510546823151e+00
2.001032981115871134e-01,6.670109937052903781e-02,5.503722915258366655e+00
2.001032981115871134e-01,7.183195316826204713e-02,5.492815817744398643e+00
2.001032981115871134e-01,7.696280696599504256e-02,5.481627291500521082e+00
2.001032981115871134e-01,8.209366076372805188e-02,5.470186971930632858e+00
2.001032981115871134e-01,8.722451456146106119e-02,5.458525950885760203e+00
2.001032981115871134e-01,9.235536835919405663e-02,5.446676665768982240e+00
2.001032981115871134e-01,9.748622215692706594e-02,5.434672783555022590e+00
2.001032981115871134e-01,1.026170759546600614e-01,5.422549080089535956e+00
2.001032981115871134e-01,1.077479297523930707e-01,5.410341315048432520e+00
2.001032981115871134e-01,1.128787835501260661e-01,5.398086102951845433e+00
2.001032981115871134e-01,1.180096373478590754e-01,5.385820780640402816e+00
2.001032981115871134e-01,1.231404911455920848e-01,5.373583271633334491e+00
2.001032981115871134e-01,1.282713449433250941e-01,5.361411947798580435e+00
2.001032981115871134e-01,1.334021987410580756e-01,5.349345488774427615e+00
2.001032981115871134e-01,1.385330525387910849e-01,5.337422739590271803e+00
2.001032981115871134e-01,1.436639063365240943e-01,5.325682566940819207e+00
2.001032981115871134e-01,1.487947601342571036e-01,5.314163714573462372e+00
2.001032981115871134e-01,1.539256139319900851e-01,5.302904658252577619e+00
2.001032981115871134e-01,1.590564677297230944e-01,5.291943460767130070e+00
2.001032981115871134e-01,1.641873215274561038e-01,5.281317627449271690e+00
2.001032981115871134e-01,1.693181753251891131e-01,5.271063962671441949e+00
2.001032981115871134e-01,1.744490291229221224e-01,5.261218427787983209e+00
2.001032981115871134e-01,1.795798829206551039e-01,5.251816000984345756e+00
2.001032981115871134e-01,1.847107367183881133e-01,5.242890539492650603e+00
2.001032981115871134e-01,1.898415905161211226e-01,5.234474644626686768e+00
2.001032981115871134e-01,1.949724443138541319e-01,5.226599530082363998e+00
2.001032981115871134e-01,2.001032981115871134e-01,5.219294893941233582e+00
2.001032981115871134e-01,2.052341519093201228e-01,5.212588794804959846e+00
2.001032981115871134e-01,2.103650057070531321e-01,5.206507532477610667e+00
2.001032981115871134e-01,2.154958595047861414e-01,5.201075533600295842e+00
2.001032981115871134e-01,2.206267133025191507e-01,5.196315242629178321e+00
2.001032981115871134e-01,2.257575671002521323e-01,5.192247018533110214e+00
2.001032981115871134e-01,2.308884208979851416e-01,5.188889037571244423e+00
2.001032981115871134e-01,2.360192746957181509e-01,5.186257202493942842e+00
2.001032981115871134e-01,2.411501284934511602e-01,5.184365058492208078e+00
2.001032981115871134e-01,2.462809822911841695e-01,5.183223716201704079e+00
2.001032981115871134e-01,2.514118360889171511e-01,5.182841782047380441e+00
2.052341519093201228e-01,0.000000000000000000e+00,5.602941347834343055e+00
2.052341519093201228e-01,5.130853797733003242e-03,5.597562477217308263e+00
2.052341519093201228e-01,1.026170759546600648e-02,5.591688732668010253e+00
2.052341519093201228e-01,1.539256139319901059e-02,5.585323589238454289e+00
2.052341519093201228e-01,2.052341519093201297e-02,5.578472825137929192e+00
2.052341519093201228e-01,2.565426898866501534e-02,5.571144501461265719e+00
2.052341519093201228e-01,3.078512278639802119e-02,5.563348933896941517e+00
2.052341519093201228e-01,3.591597658413102356e-02,5.555098656503245635e+00
2.052341519093201228e-01,4.104683038186402594e-02,5.546408377665518863e+00
2.052341519093201228e-01,4.617768417959702831e-02,5.537294928371880864e+00
2.052341519093201228e-01,5.130853797733003069e-02,5.527777202968909620e+00
2.052341519093201228e-01,5.643939177506303306e-02,5.517876092582301162e+00
2.052341519093201228e-01,6.157024557279604238e-02,5.507614411410549415e+00
2.052341519093201228e-01,6.670109937052903781e-02,5.497016816122092919e+00
2.052341519093201228e-01,7.183195316826204713e-02,5.486109718608124908e+00
2.052341519093201228e-01,7.696280696599504256e-02,5.474921192364247347e+00
2.052341519093201228e-01,8.209366076372805188e-02,5.463480872794359122e+00
2.052341519093201228e-01,8.722451456146106119e-02,5.451819851749486467e+00
2.052341519093201228e-01,9.235536835919405663e-02,5.439970566632708504e+00
2.052341519093201228e-01,9.748622215692706594e-02,5.427966684418748855e+00
2.052341519093201228e-01,1.026170759546600614e-01,5.415842980953262220e+00
2.052341519093201228e-01,1.077479297523930707e-01,5.403635215912158785e+00
2.052341519093201228e-01,1.128787835501260661e-01,5.391380003815571698e+00
2.052341519093201228e-01,1.180096373478590754e-01,5.379114681504129081e+00
2.052341519093201228e-01,1.231404911455920848e-01,5.366877172497060755e+00
2.052341519093201228e-01,1.282713449433250941e-01,5.354705848662306700e+00
2.052341519093201228e-01,1.334021987410580756e-01,5.342639389638153880e+00
2.052341519093201228e-01,1.385330525387910849e-01,5.330716640453998068e+00
2.052341519093201228e-01,1.436639063365240943e-01,5.318976467804545472e+00
2.052341519093201228e-01,1.487947601342571036e-01,5.307457615437188636e+00
2.052341519093201228e-01,1.539256139319900851e-01,5.296198559116303883e+00
2.052341519093201228e-01,1.590564677297230944e-01,5.285237361630856334e+00
2.052341519093201228e-01,1.641873215274561038e-01,5.274611528312997955e+00
2.052341519093201228e-01,1.693181753251891131e-01,5.264357863535168214e+00
2.052341519093201228e-01,1.744490291229221224e-01,5.254512328651709474e+00
2.052341519093201228e-01,1.795798829206551039e-01,5.245109901848072020e+00
2.052341519093201228e-01,1.847107367183881133e-01,5.236184440356376868e+00
2.052341519093201228e-01,1.898415905161211226e-01,5.227768545490413032e+00
2.052341519093201228e-01,1.949724443138541319e-01,5.219893430946090263e+00
2.052341519093201228e-01,2.001032981115871134e-01,5.212588794804959846e+00
2.052341519093201228e-01,2.052341519093201228e-01,5.205882695668686111e+00
2.052341519093201228e-01,2.103650057070531321e-01,5.199801433341336931e+00
2.052341519093201228e-01,2.154958595047861414e-01,5.194369434464022106e+00
2.052341519093201228e-01,2.206267133025191507e-01,5.189609143492904586e+00
2.052341519093201228e-01,2.257575671002521323e-01,5.185540919396836479e+00
2.052341519093201228e-01,2.308884208979851416e-01,5.182182938434970687e+00
2.052341519093201228e-01,2.360192746957181509e-01,5.179551103357669106e+00
2.052341519093201228e-01,2.411501284934511602e-01,5.177658959355934343e+00
2.052341519093201228e-01,2.462809822911841695e-01,5.176517617065430343e+00
2.052341519093201228e-01,2.514118360889171511e-01,5.176135682911106706e+00
2.103650057070531321e-01,0.000000000000000000e+00,5.596860085506993876e+00
2.103650057070531321e-01,5.130853797733003242e-03,5.591481214889959084e+00
2.103650057070531321e-01,1.026170759546600648e-02,5.585607470340661074e+00
2.103650057070531321e-01,1.539256139319901059e-02,5.579242326911105110e+00
2.103650057070531321e-01,2.052341519093201297e-02,5.572391562810580012e+00
2.103650057070531321e-01,2.565426898866501534e-02,5.565063239133916539e+00
2.103650057070531321e-01,3.078512278639802119e-02,5.557267671569592338e+00
2.103650057070531321e-01,3.591597658413102356e-02,5.549017394175896456e+00
2.103650057070531321e-01,4.104683038186402594e-02,5.540327115338169683e+00
2.103650057070531321e-01,4.617768417959702831e-02,5.531213666044531685e+00
2.103650057070531321e-01,5.130853797733003069e-02,5.521695940641560441e+00
2.103650057070531321e-01,5.643939177506303306e-02,5.511794830254951982e+00
2.103650057070531321e-01,6.157024557279604238e-02,5.501533149083200236e+00
2.103650057070531321e-01,6.670109937052903781e-02,5.490935553794743740e+00
2.103650057070531321e-01,7.183195316826204713e-02,5.480028456280775728e+00
2.103650057070531321e-01,7.696280696599504256e-02,5.468839930036898167e+00
2.103650057070531321e-01,8.209366076372805188e-02,5.457399610467009943e+00
2.103650057070531321e-01,8.722451456146106119e-02,5.445738589422137288e+00
2.103650057070531321e-01,9.235536835919405663e-02,5.433889304305359325e+00
2.103650057070531321e-01,9.748622215692706594e-02,5.421885422091399676e+00
2.103650057070531321e-01,1.026170759546600614e-01,5.409761718625913041e+00
2.103650057070531321e-01,1.077479297523930707e-01,5.397553953584809605e+00
2.103650057070531321e-01,1.128787835501260661e-01,5.385298741488222518e+00
2.103650057070531321e-01,1.180096373478590754e-01,5.373033419176779901e+00
2.103650057070531321e-01,1.231404911455920848e-01,5.360795910169711576e+00
2.103650057070531321e-01,1.282713449433250941e-01,5.348624586334957520e+00
2.103650057070531321e-01,1.334021987410580756e-01,5.336558127310804700e+00
2.103650057070531321e-01,1.385330525387910849e-01,5.324635378126648888e+00
2.103650057070531321e-01,1.436639063365240943e-01,5.312895205477196292e+00
2.103650057070531321e-01,1.487947601342571036e-01,5.301376353109839457e+00
2.103650057070531321e-01,1.539256139319900851e-01,5.290117296788954704e+00
2.103650057070531321e-01,1.590564677297230944e-01,5.279156099303507155e+00
2.103650057070531321e-01,1.641873215274561038e-01,5.268530265985648775e+00
2.103650057070531321e-01,1.693181753251891131e-01,5.258276601207819034e+00
2.103650057070531321e-01,1.744490291229221224e-01,5.248431066324360295e+00
2.103650057070531321e-01,1.795798829206551039e-01,5.239028639520722841e+00
2.103650057070531321e-01,1.847107367183881133e-01,5.230103178029027688e+00
2.103650057070531321e-01,1.898415905161211226e-01,5.221687283163063853e+00
2.103650057070531321e-01,1.949724443138541319e-01,5.213812168618741083e+00
2.103650057070531321e-01,2.001032981115871134e-01,5.206507532477610667e+00
2.103650057070531321e-01,2.052341519093201228e-01,5.199801433341336931e+00
2.103650057070531321e-01,2.103650057070531321e-01,5.193720171013987752e+00
2.103650057070531321e-01,2.154958595047861414e-01,5.188288172136672927e+00
2.103650057070531321e-01,2.206267133025191507e-01,5.183527881165555407e+00
2.103650057070531321e-01,2.257575671002521323e-01,5.179459657069487299e+00
2.103650057070531321e-01,2.308884208979851416e-01,5.176101676107621508e+00
2.103650057070531321e-01,2.360192746957181509e-01,5.173469841030319927e+00
2.103650057070531321e-01,2.411501284934511602e-01,5.171577697028585163e+00
2.103650057070531321e-01,2.462809822911841695e-01,5.170436354738081164e+00
2.103650057070531321e-01,2.514118360889171511e-01,5.170054420583757526e+00
2.154958595047861414e-01,0.000000000000000000e+00,5.591428086629679051e+00
2.154958595047861414e-01,5.130853797733003242e-03,5.586049216012644258e+00
2.154958595047861414e-01,1.026170759546600648e-02,5.580175471463346248e+00
2.154958595047861414e-01,1.539256139319901059e-02,5.573810328033790285e+00
2.154958595047861414e-01,2.052341519093201297e-02,5.566959563933265187e+00
2.154958595047861414e-01,2.565426898866501534e-02,5.559631240256601714e+00
2.154958595047861414e-01,3.078512278639802119e-02,5.551835672692277512e+00
2.154958595047861414e-01,3.591597658413102356e-02,5.543585395298581631e+00
2.154958595047861414e-01,4.104683038186402594e-02,5.534895116460854858e+00
2.154958595047861414e-01,4.617768417959702831e-02,5.525781667167216860e+00
2.154958595047861414e-01,5.130853797733003069e-02,5.516263941764245615e+00
2.154958595047861414e-01,5.643939177506303306e-02,5.506362831377637157e+00
2.154958595047861414e-01,6.157024557279604238e-02,5.496101150205885411e+00
2.154958595047861414e-01,6.670109937052903781e-02,5.485503554917428914e+00
2.154958595047861414e-01,7.183195316826204713e-02,5.474596457403460903e+00
2.154958595047861414e-01,7.696280696599504256e-02,5.463407931159583342e+00
2.154958595047861414e-01,8.209366076372805188e-02,5.451967611589695117e+00
2.154958595047861414e-01,8.722451456146106119e-02,5.440306590544822463e+00
2.154958595047861414e-01,9.235536835919405663e-02,5.428457305428044499e+00
2.154958595047861414e-01,9.748622215692706594e-02,5.416453423214084850e+00
2.154958595047861414e-01,1.026170759546600614e-01,5.404329719748598215e+00
2.154958595047861414e-01,1.077479297523930707e-01,5.392121954707494780e+00
2.154958595047861414e-01,1.128787835501260661e-01,5.379866742610907693e+00
2.154958595047861414e-01,1.180096373478590754e-01,5.367601420299465076e+00
2.154958595047861414e-01,1.231404911455920848e-01,5.355363911292396750e+00
2.154958595047861414e-01,1.282713449433250941e-01,5.343192587457642695e+00
2.154958595047861414e-01,1.334021987410580756e-01,5.331126128433489875e+00
2.154958595047861414e-01,1.385330525387910849e-01,5.319203379249334063e+00
2.154958595047861414e-01,1.436639063365240943e-01,5.307463206599881467e+00
2.154958595047861414e-01,1.487947601342571036e-01,5.295944354232524631e+00
2.154958595047861414e-01,1.539256139319900851e-01,5.284685297911639879e+00
2.154958595047861414e-01,1.590564677297230944e-01,5.273724100426192329e+00
2.154958595047861414e-01,1.641873215274561038e-01,5.263098267108333950e+00
2.154958595047861414e-01,1.693181753251891131e-01,5.252844602330504209e+00
2.154958595047861414e-01,1.744490291229221224e-01,5.242999067447045469e+00
2.154958595047861414e-01,1.795798829206551039e-01,5.233596640643408016e+00
2.154958595047861414e-01,1.847107367183881133e-01,5.224671179151712863e+00
2.154958595047861414e-01,1.898415905161211226e-01,5.216255284285749028e+00
2.154958595047861414e-01,1.949724443138541319e-01,5.208380169741426258e+00
2.154958595047861414e-01,2.001032981115871134e-01,5.201075533600295842e+00
2.154958595047861414e-01,2.052341519093201228e-01,5.194369434464022106e+00
2.154958595047861414e-01,2.103650057070531321e-01,5.188288172136672927e+00
2.154958595047861414e-01,2.154958595047861414e-01,5.182856173259358101e+00
2.154958595047861414e-01,2.206267133025191507e-01,5.178095882288240581e+00
2.154958595047861414e-01,2.257575671002521323e-01,5.174027658192172474e+00
2.154958595047861414e-01,2.308884208979851416e-01,5.170669677230306682e+00
2.154958595047861414e-01,2.360192746957181509e-01,5.168037842153005101e+00
2.154958595047861414e-01,2.411501284934511602e-01,5.166145698151270338e+00
2.154958595047861414e-01,2.462809822911841695e-01,5.165004355860766339e+00
2.154958595047861414e-01,2.514118360889171511e-01,5.164622421706442701e+00
2.206267133025191507e-01,0.000000000000000000e+00,5.586667795658561531e+00
2.206267133025191507e-01,5.130853797733003242e-03,5.581288925041526738e+00
2.206267133025191507e-01,1.026170759546600648e-02,5.575415180492228728e+00
2.206267133025191507e-01,1.539256139319901059e-02,5.569050037062672764e+00
2.206267133025191507e-01,2.052341519093201297e-02,5.562199272962147667e+00
2.206267133025191507e-01,2.565426898866501534e-02,5.554870949285484194e+00
2.206267133025191507e-01,3.078512278639802119e-02,5.547075381721159992e+00
2.206267133025191507e-01,3.591597658413102356e-02,5.538825104327464111e+00
2.206267133025191507e-01,4.104683038186402594e-02,5.530134825489737338e+00
2.206267133025191507e-01,4.617768417959702831e-02,5.521021376196099339e+00
2.206267133025191507e-01,5.130853797733003069e-02,5.511503650793127207e+00
2.206267133025191507e-01,5.643939177506303306e-02,5.501602540406519637e+00
2.206267133025191507e-01,6.157024557279604238e-02,5.491340859234767890e+00
2.206267133025191507e-01,6.670109937052903781e-02,5.480743263946311394e+00
2.206267133025191507e-01,7.183195316826204713e-02,5.469836166432343383e+00
2.206267133025191507e-01,7.696280696599504256e-02,5.458647640188465822e+00
2.206267133025191507e-01,8.209366076372805188e-02,5.447207320618577597e+00
2.206267133025191507e-01,8.722451456146106119e-02,5.435546299573704943e+00
2.206267133025191507e-01,9.235536835919405663e-02,5.423697014456926979e+00
2.206267133025191507e-01,9.748622215692706594e-02,5.411693132242967330e+00
2.206267133025191507e-01,1.026170759546600614e-01,5.399569428777480695e+00
2.206267133025191507e-01,1.077479297523930707e-01,5.387361663736377260e+00
2.206267133025191507e-01,1.128787835501260661e-01,5.375106451639790173e+00
2.206267133025191507e-01,1.180096373478590754e-01,5.362841129328347556e+00
2.206267133025191507e-01,1.231404911455920848e-01,5.350603620321279230e+00
2.206267133025191507e-01,1.282713449433250941e-01,5.338432296486525175e+00
2.206267133025191507e-01,1.334021987410580756e-01,5.326365837462372355e+00
2.206267133025191507e-01,1.385330525387910849e-01,5.314443088278216543e+00
2.206267133025191507e-01,1.436639063365240943e-01,5.302702915628763947e+00
2.206267133025191507e-01,1.487947601342571036e-01,5.291184063261407111e+00
2.206267133025191507e-01,1.539256139319900851e-01,5.279925006940522358e+00
2.206267133025191507e-01,1.590564677297230944e-01,5.268963809455074809e+00
2.206267133025191507e-01,1.641873215274561038e-01,5.258337976137216430e+00
2.206267133025191507e-01,1.693181753251891131e-01,5.248084311359386689e+00
2.206267133025191507e-01,1.744490291229221224e-01,5.238238776475927949e+00
2.206267133025191507e-01,1.795798829206551039e-01,5.228836349672290496e+00
2.206267133025191507e-01,1.847107367183881133e-01,5.219910888180594455e+00
2.206267133025191507e-01,1.898415905161211226e-01,5.211494993314631508e+00
2.206267133025191507e-01,1.949724443138541319e-01,5.203619878770308738e+00
2.206267133025191507e-01,2.001032981115871134e-01,5.196315242629178321e+00
2.206267133025191507e-01,2.052341519093201228e-01,5.189609143492904586e+00
2.206267133025191507e-01,2.103650057070531321e-01,5.183527881165555407e+00
2.206267133025191507e-01,2.154958595047861414e-01,5.178095882288240581e+00
2.206267133025191507e-01,2.206267133025191507e-01,5.173335591317123061e+00
2.206267133025191507e-01,2.257575671002521323e-01,5.169267367221054954e+00
2.206267133025191507e-01,2.308884208979851416e-01,5.165909386259189162e+00
2.206267133025191507e-01,2.360192746957181509e-01,5.163277551181887581e+00
2.206267133025191507e-01,2.411501284934511602e-01,5.161385407180152818e+00
2.206267133025191507e-01,2.462809822911841695e-01,5.160244064889648818e+00
2.206267133025191507e-01,2.514118360889171511e-01,5.159862130735325181e+00
2.257575671002521323e-01,0.000000000000000000e+00,5.582599571562493423e+00
2.257575671002521323e-01,5.130853797733003242e-03,5.577220700945458631e+00
2.257575671002521323e-01,1.026170759546600648e-02,5.571346956396160621e+00
2.257575671002521323e-01,1.539256139319901059e-02,5.564981812966604657e+00
2.257575671002521323e-01,2.052341519093201297e-02,5.558131048866079560e+00
2.257575671002521323e-01,2.565426898866501534e-02,5.550802725189416087e+00
2.257575671002521323e-01,3.078512278639802119e-02,5.543007157625091885e+00
2.257575671002521323e-01,3.591597658413102356e-02,5.534756880231396003e+00
2.257575671002521323e-01,4.104683038186402594e-02,5.526066601393669231e+00
2.257575671002521323e-01,4.617768417959702831e-02,5.516953152100031232e+00
2.257575671002521323e-01,5.130853797733003069e-02,5.507435426697059100e+00
2.257575671002521323e-01,5.643939177506303306e-02,5.497534316310451530e+00
2.257575671002521323e-01,6.157024557279604238e-02,5.487272635138699783e+00
2.257575671002521323e-01,6.670109937052903781e-02,5.476675039850243287e+00
2.257575671002521323e-01,7.183195316826204713e-02,5.465767942336275276e+00
2.257575671002521323e-01,7.696280696599504256e-02,5.454579416092397715e+00
2.257575671002521323e-01,8.209366076372805188e-02,5.443139096522509490e+00
2.257575671002521323e-01,8.722451456146106119e-02,5.431478075477636835e+00
2.257575671002521323e-01,9.235536835919405663e-02,5.419628790360858872e+00
2.257575671002521323e-01,9.748622215692706594e-02,5.407624908146899223e+00
2.257575671002521323e-01,1.026170759546600614e-01,5.395501204681412588e+00
2.257575671002521323e-01,1.077479297523930707e-01,5.383293439640309153e+00
2.257575671002521323e-01,1.128787835501260661e-01,5.371038227543722066e+00
2.257575671002521323e-01,1.180096373478590754e-01,5.358772905232279449e+00
2.257575671002521323e-01,1.231404911455920848e-01,5.346535396225211123e+00
2.257575671002521323e-01,1.282713449433250941e-01,5.334364072390457068e+00
2.257575671002521323e-01,1.334021987410580756e-01,5.322297613366304248e+00
2.257575671002521323e-01,1.385330525387910849e-01,5.310374864182148436e+00
2.257575671002521323e-01,1.436639063365240943e-01,5.298634691532695840e+00
2.257575671002521323e-01,1.487947601342571036e-01,5.287115839165339004e+00
2.257575671002521323e-01,1.539256139319900851e-01,5.275856782844454251e+00
2.257575671002521323e-01,1.590564677297230944e-01,5.264895585359006702e+00
2.257575671002521323e-01,1.641873215274561038e-01,5.254269752041148323e+00
2.257575671002521323e-01,1.693181753251891131e-01,5.244016087263318582e+00
2.257575671002521323e-01,1.744490291229221224e-01,5.234170552379859842e+00
2.257575671002521323e-01,1.795798829206551039e-01,5.224768125576222388e+00
2.257575671002521323e-01,1.847107367183881133e-01,5.215842664084526348e+00
2.257575671002521323e-01,1.898415905161211226e-01,5.207426769218563400e+00
2.257575671002521323e-01,1.949724443138541319e-01,5.199551654674240631e+00
2.257575671002521323e-01,2.001032981115871134e-01,5.192247018533110214e+00
2.257575671002521323e-01,2.052341519093201228e-01,5.185540919396836479e+00
2.257575671002521323e-01,2.103650057070531321e-01,5.179459657069487299e+00
2.257575671002521323e-01,2.154958595047861414e-01,5.174027658192172474e+00
2.257575671002521323e-01,2.206267133025191507e-01,5.169267367221054954e+00
2.257575671002521323e-01,2.257575671002521323e-01,5.165199143124986847e+00
2.257575671002521323e-01,2.308884208979851416e-01,5.161841162163121055e+00
2.257575671002521323e-01,2.360192746957181509e-01,5.159209327085819474e+00
2.257575671002521323e-01,2.411501284934511602e-01,5.157317183084084711e+00
2.257575671002521323e-01,2.462809822911841695e-01,5.156175840793580711e+00
2.257575671002521323e-01,2.514118360889171511e-01,5.155793906639257074e+00
2.308884208979851416e-01,0.000000000000000000e+00,5.579241590600627632e+00
2.308884208979851416e-01,5.130853797733003242e-03,5.573862719983592839e+00
2.308884208979851416e-01,1.026170759546600648e-02,5.567988975434294829e+00
2.308884208979851416e-01,1.539256139319901059e-02,5.561623832004738865e+00
2.308884208979851416e-01,2.052341519093201297e-02,5.554773067904213768e+00
2.308884208979851416e-01,2.565426898866501534e-02,5.547444744227550295e+00
2.308884208979851416e-01,3.078512278639802119e-02,5.539649176663226093e+00
2.308884208979851416e-01,3.591597658413102356e-02,5.531398899269530212e+00
2.308884208979851416e-01,4.104683038186402594e-02,5.522708620431803439e+00
2.308884208979851416e-01,4.617768417959702831e-02,5.513595171138165441e+00
2.308884208979851416e-01,5.130853797733003069e-02,5.504077445735193308e+00
2.308884208979851416e-01,5.643939177506303306e-02,5.494176335348585738e+00
2.308884208979851416e-01,6.157024557279604238e-02,5.483914654176833992e+00
2.308884208979851416e-01,6.670109937052903781e-02,5.473317058888377495e+00
2.308884208979851416e-01,7.183195316826204713e-02,5.462409961374409484e+00
2.308884208979851416e-01,7.696280696599504256e-02,5.451221435130531923e+00
2.308884208979851416e-01,8.209366076372805188e-02,5.439781115560643698e+00
2.308884208979851416e-01,8.722451456146106119e-02,5.428120094515771044e+00
2.308884208979851416e-01,9.235536835919405663e-02,5.416270809398993080e+00
2.308884208979851416e-01,9.748622215692706594e-02,5.404266927185033431e+00
2.308884208979851416e-01,1.026170759546600614e-01,5.392143223719546796e+00
2.308884208979851416e-01,1.077479297523930707e-01,5.379935458678443361e+00
2.308884208979851416e-01,1.128787835501260661e-01,5.367680246581856274e+00
2.308884208979851416e-01,1.180096373478590754e-01,5.355414924270413657e+00
2.308884208979851416e-01,1.231404911455920848e-01,5.343177415263345331e+00
2.308884208979851416e-01,1.282713449433250941e-01,5.331006091428591276e+00
2.308884208979851416e-01,1.334021987410580756e-01,5.318939632404438456e+00
2.308884208979851416e-01,1.385330525387910849e-01,5.307016883220282644e+00
2.308884208979851416e-01,1.436639063365240943e-01,5.295276710570830048e+00
2.308884208979851416e-01,1.487947601342571036e-01,5.283757858203473212e+00
2.308884208979851416e-01,1.539256139319900851e-01,5.272498801882588459e+00
2.308884208979851416e-01,1.590564677297230944e-01,5.261537604397140910e+00
2.308884208979851416e-01,1.641873215274561038e-01,5.250911771079282531e+00
2.308884208979851416e-01,1.693181753251891131e-01,5.240658106301452790e+00
2.308884208979851416e-01,1.744490291229221224e-01,5.230812571417994050e+00
2.308884208979851416e-01,1.795798829206551039e-01,5.221410144614356597e+00
2.308884208979851416e-01,1.847107367183881133e-01,5.212484683122660556e+00
2.308884208979851416e-01,1.898415905161211226e-01,5.204068788256697609e+00
2.308884208979851416e-01,1.949724443138541319e-01,5.196193673712374839e+00
2.308884208979851416e-01,2.001032981115871134e-01,5.188889037571244423e+00
2.308884208979851416e-01,2.052341519093201228e-01,5.182182938434970687e+00
2.308884208979851416e-01,2.103650057070531321e-01,5.176101676107621508e+00
2.308884208979851416e-01,2.154958595047861414e-01,5.170669677230306682e+00
2.308884208979851416e-01,2.206267133025191507e-01,5.165909386259189162e+00
2.308884208979851416e-01,2.257575671002521323e-01,5.161841162163121055e+00
2.308884208979851416e-01,2.308884208979851416e-01,5.158483181201255263e+00
2.308884208979851416e-01,2.360192746957181509e-01,5.155851346123953682e+00
2.308884208979851416e-01,2.411501284934511602e-01,5.153959202122218919e+00
2.308884208979851416e-01,2.462809822911841695e-01,5.152817859831714919e+00
2.308884208979851416e-01,2.514118360889171511e-01,5.152435925677391282e+00
2.360192746957181509e-01,0.000000000000000000e+00,5.576609755523326051e+00
2.360192746957181509e-01,5.130853797733003242e-03,5.571230884906291259e+00
2.360192746957181509e-01,1.026170759546600648e-02,5.565357140356993249e+00
2.360192746957181509e-01,1.539256139319901059e-02,5.558991996927437285e+00
2.360192746957181509e-01,2.052341519093201297e-02,5.552141232826912187e+00
2.360192746957181509e-01,2.565426898866501534e-02,5.544812909150248714e+00
2.360192746957181509e-01,3.078512278639802119e-02,5.537017341585924513e+00
2.360192746957181509e-01,3.591597658413102356e-02,5.528767064192228631e+00
2.360192746957181509e-01,4.104683038186402594e-02,5.520076785354501858e+00
2.360192746957181509e-01,4.617768417959702831e-02,5.510963336060863860e+00
2.360192746957181509e-01,5.130853797733003069e-02,5.501445610657892615e+00
2.360192746957181509e-01,5.643939177506303306e-02,5.491544500271284157e+00
2.360192746957181509e-01,6.157024557279604238e-02,5.481282819099532411e+00
2.360192746957181509e-01,6.670109937052903781e-02,5.470685223811075915e+00
2.360192746957181509e-01,7.183195316826204713e-02,5.459778126297107903e+00
2.360192746957181509e-01,7.696280696599504256e-02,5.448589600053230342e+00
2.360192746957181509e-01,8.209366076372805188e-02,5.437149280483342118e+00
2.360192746957181509e-01,8.722451456146106119e-02,5.425488259438469463e+00
2.360192746957181509e-01,9.235536835919405663e-02,5.413638974321691499e+00
2.360192746957181509e-01,9.748622215692706594e-02,5.401635092107731850e+00
2.360192746957181509e-01,1.026170759546600614e-01,5.389511388642245215e+00
2.360192746957181509e-01,1.077479297523930707e-01,5.377303623601141780e+00
2.360192746957181509e-01,1.128787835501260661e-01,5.365048411504554693e+00
2.360192746957181509e-01,1.180096373478590754e-01,5.352783089193112076e+00
2.360192746957181509e-01,1.231404911455920848e-01,5.340545580186043750e+00
2.360192746957181509e-01,1.282713449433250941e-01,5.328374256351289695e+00
2.360192746957181509e-01,1.334021987410580756e-01,5.316307797327136875e+00
2.360192746957181509e-01,1.385330525387910849e-01,5.304385048142981063e+00
2.360192746957181509e-01,1.436639063365240943e-01,5.292644875493528467e+00
2.360192746957181509e-01,1.487947601342571036e-01,5.281126023126171631e+00
2.360192746957181509e-01,1.539256139319900851e-01,5.269866966805286879e+00
2.360192746957181509e-01,1.590564677297230944e-01,5.258905769319839330e+00
2.360192746957181509e-01,1.641873215274561038e-01,5.248279936001980950e+00
2.360192746957181509e-01,1.693181753251891131e-01,5.238026271224151209e+00
2.360192746957181509e-01,1.744490291229221224e-01,5.228180736340692469e+00
2.360192746957181509e-01,1.795798829206551039e-01,5.218778309537055016e+00
2.360192746957181509e-01,1.847107367183881133e-01,5.209852848045359863e+00
2.360192746957181509e-01,1.898415905161211226e-01,5.201436953179396028e+00
2.360192746957181509e-01,1.949724443138541319e-01,5.193561838635073258e+00
2.360192746957181509e-01,2.001032981115871134e-01,5.186257202493942842e+00
2.360192746957181509e-01,2.052341519093201228e-01,5.179551103357669106e+00
2.360192746957181509e-01,2.103650057070531321e-01,5.173469841030319927e+00
2.360192746957181509e-01,2.154958595047861414e-01,5.168037842153005101e+00
2.360192746957181509e-01,2.206267133025191507e-01,5.163277551181887581e+00
2.360192746957181509e-01,2.257575671002521323e-01,5.159209327085819474e+00
2.360192746957181509e-01,2.308884208979851416e-01,5.155851346123953682e+00
2.360192746957181509e-01,2.360192746957181509e-01,5.153219511046652102e+00
2.360192746957181509e-01,2.411501284934511602e-01,5.151327367044917338e+00
2.360192746957181509e-01,2.462809822911841695e-01,5.150186024754413339e+00
2.360192746957181509e-01,2.514118360889171511e-01,5.149804090600089701e+00
2.411501284934511602e-01,0.000000000000000000e+00,5.574717611521591287e+00
2.411501284934511602e-01,5.130853797733003242e-03,5.569338740904556495e+00
2.411501284934511602e-01,1.026170759546600648e-02,5.563464996355258485e+00
2.411501284934511602e-01,1.539256139319901059e-02,5.557099852925702521e+00
2.411501284934511602e-01,2.052341519093201297e-02,5.550249088825177424e+00
2.411501284934511602e-01,2.565426898866501534e-02,5.542920765148513951e+00
2.411501284934511602e-01,3.078512278639802119e-02,5.535125197584189749e+00
2.411501284934511602e-01,3.591597658413102356e-02,5.526874920190493867e+00
2.411501284934511602e-01,4.104683038186402594e-02,5.518184641352767095e+00
2.411501284934511602e-01,4.617768417959702831e-02,5.509071192059129096e+00
2.411501284934511602e-01,5.130853797733003069e-02,5.499553466656157852e+00
2.411501284934511602e-01,5.643939177506303306e-02,5.489652356269549394e+00
2.411501284934511602e-01,6.157024557279604238e-02,5.479390675097797647e+00
2.411501284934511602e-01,6.670109937052903781e-02,5.468793079809341151e+00
2.411501284934511602e-01,7.183195316826204713e-02,5.457885982295373140e+00
2.411501284934511602e-01,7.696280696599504256e-02,5.446697456051495578e+00
2.411501284934511602e-01,8.209366076372805188e-02,5.435257136481607354e+00
2.411501284934511602e-01,8.722451456146106119e-02,5.423596115436734699e+00
2.411501284934511602e-01,9.235536835919405663e-02,5.411746830319956736e+00
2.411501284934511602e-01,9.748622215692706594e-02,5.399742948105997087e+00
2.411501284934511602e-01,1.026170759546600614e-01,5.387619244640510452e+00
2.411501284934511602e-01,1.077479297523930707e-01,5.375411479599407016e+00
2.411501284934511602e-01,1.128787835501260661e-01,5.363156267502819929e+00
2.411501284934511602e-01,1.180096373478590754e-01,5.350890945191377313e+00
2.411501284934511602e-01,1.231404911455920848e-01,5.338653436184308987e+00
2.411501284934511602e-01,1.282713449433250941e-01,5.326482112349554932e+00
2.411501284934511602e-01,1.334021987410580756e-01,5.314415653325402111e+00
2.411501284934511602e-01,1.385330525387910849e-01,5.302492904141246299e+00
2.411501284934511602e-01,1.436639063365240943e-01,5.290752731491793703e+00
2.411501284934511602e-01,1.487947601342571036e-01,5.279233879124436868e+00
2.411501284934511602e-01,1.539256139319900851e-01,5.267974822803552115e+00
2.411501284934511602e-01,1.590564677297230944e-01,5.257013625318104566e+00
2.411501284934511602e-01,1.641873215274561038e-01,5.246387792000246186e+00
2.411501284934511602e-01,1.693181753251891131e-01,5.236134127222416446e+00
2.411501284934511602e-01,1.744490291229221224e-01,5.226288592338957706e+00
2.411501284934511602e-01,1.795798829206551039e-01,5.216886165535320252e+00
2.411501284934511602e-01,1.847107367183881133e-01,5.207960704043625100e+00
2.411501284934511602e-01,1.898415905161211226e-01,5.199544809177661264e+00
2.411501284934511602e-01,1.949724443138541319e-01,5.191669694633338494e+00
2.411501284934511602e-01,2.001032981115871134e-01,5.184365058492208078e+00
2.411501284934511602e-01,2.052341519093201228e-01,5.177658959355934343e+00
2.411501284934511602e-01,2.103650057070531321e-01,5.171577697028585163e+00
2.411501284934511602e-01,2.154958595047861414e-01,5.166145698151270338e+00
2.411501284934511602e-01,2.206267133025191507e-01,5.161385407180152818e+00
2.411501284934511602e-01,2.257575671002521323e-01,5.157317183084084711e+00
2.411501284934511602e-01,2.308884208979851416e-01,5.153959202122218919e+00
2.411501284934511602e-01,2.360192746957181509e-01,5.151327367044917338e+00
2.411501284934511602e-01,2.411501284934511602e-01,5.149435223043182575e+00
2.411501284934511602e-01,2.462809822911841695e-01,5.148293880752678575e+00
2.411501284934511602e-01,2.514118360889171511e-01,5.147911946598354938e+00
2.462809822911841695e-01,0.000000000000000000e+00,5.573576269231087288e+00
2.462809822911841695e-01,5.130853797733003242e-03,5.568197398614052496e+00
2.462809822911841695e-01,1.026170759546600648e-02,5.562323654064754486e+00
2.462809822911841695e-01,1.539256139319901059e-02,5.555958510635198522e+00
2.462809822911841695e-01,2.052341519093201297e-02,5.549107746534673424e+00
2.462809822911841695e-01,2.565426898866501534e-02,5.541779422858009951e+00
2.462809822911841695e-01,3.078512278639802119e-02,5.533983855293685750e+00
2.462809822911841695e-01,3.591597658413102356e-02,5.525733577899989868e+00
2.462809822911841695e-01,4.104683038186402594e-02,5.517043299062263095e+00
2.462809822911841695e-01,4.617768417959702831e-02,5.507929849768625097e+00
2.462809822911841695e-01,5.130853797733003069e-02,5.498412124365653852e+00
2.462809822911841695e-01,5.643939177506303306e-02,5.488511013979045394e+00
2.462809822911841695e-01,6.157024557279604238e-02,5.478249332807293648e+00
2.462809822911841695e-01,6.670109937052903781e-02,5.467651737518837152e+00
2.462809822911841695e-01,7.183195316826204713e-02,5.456744640004869140e+00
2.462809822911841695e-01,7.696280696599504256e-02,5.445556113760991579e+00
2.462809822911841695e-01,8.209366076372805188e-02,5.434115794191103355e+00
2.462809822911841695e-01,8.722451456146106119e-02,5.422454773146230700e+00
2.462809822911841695e-01,9.235536835919405663e-02,5.410605488029452736e+00
2.462809822911841695e-01,9.748622215692706594e-02,5.398601605815493087e+00
2.462809822911841695e-01,1.026170759546600614e-01,5.386477902350006453e+00
2.462809822911841695e-01,1.077479297523930707e-01,5.374270137308903017e+00
2.462809822911841695e-01,1.128787835501260661e-01,5.362014925212315930e+00
2.462809822911841695e-01,1.180096373478590754e-01,5.349749602900873313e+00
2.462809822911841695e-01,1.231404911455920848e-01,5.337512093893804987e+00
2.462809822911841695e-01,1.282713449433250941e-01,5.325340770059050932e+00
2.462809822911841695e-01,1.334021987410580756e-01,5.313274311034898112e+00
2.462809822911841695e-01,1.385330525387910849e-01,5.301351561850742300e+00
2.462809822911841695e-01,1.436639063365240943e-01,5.289611389201289704e+00
2.462809822911841695e-01,1.487947601342571036e-01,5.278092536833932868e+00
2.462809822911841695e-01,1.539256139319900851e-01,5.266833480513048116e+00
2.462809822911841695e-01,1.590564677297230944e-01,5.255872283027600567e+00
2.462809822911841695e-01,1.641873215274561038e-01,5.245246449709742187e+00
2.462809822911841695e-01,1.693181753251891131e-01,5.234992784931912446e+00
2.462809822911841695e-01,1.744490291229221224e-01,5.225147250048453706e+00
2.462809822911841695e-01,1.795798829206551039e-01,5.215744823244816253e+00
2.462809822911841695e-01,1.847107367183881133e-01,5.206819361753121100e+00
2.462809822911841695e-01,1.898415905161211226e-01,5.198403466887157265e+00
2.462809822911841695e-01,1.949724443138541319e-01,5.190528352342834495e+00
2.462809822911841695e-01,2.001032981115871134e-01,5.183223716201704079e+00
2.462809822911841695e-01,2.052341519093201228e-01,5.176517617065430343e+00
2.462809822911841695e-01,2.103650057070531321e-01,5.170436354738081164e+00
2.462809822911841695e-01,2.154958595047861414e-01,5.165004355860766339e+00
2.462809822911841695e-01,2.206267133025191507e-01,5.160244064889648818e+00
2.462809822911841695e-01,2.257575671002521323e-01,5.156175840793580711e+00
2.462809822911841695e-01,2.308884208979851416e-01,5.152817859831714919e+00
2.462809822911841695e-01,2.360192746957181509e-01,5.150186024754413339e+00
2.462809822911841695e-01,2.411501284934511602e-01,5.148293880752678575e+00
2.462809822911841695e-01,2.462809822911841695e-01,5.147152538462174576e+00
2.462809822911841695e-01,2.514118360889171511e-01,5.146770604307850938e+00
2.514118360889171511e-01,0.000000000000000000e+00,5.573194335076763650e+00
2.514118360889171511e-01,5.130853797733003242e-03,5.567815464459728858e+00
2.514118360889171511e-01,1.026170759546600648e-02,5.561941719910430848e+00
2.514118360889171511e-01,1.539256139319901059e-02,5.555576576480874884e+00
2.514118360889171511e-01,2.052341519093201297e-02,5.548725812380349787e+00
2.514118360889171511e-01,2.565426898866501534e-02,5.541397488703686314e+00
2.514118360889171511e-01,3.078512278639802119e-02,5.533601921139362112e+00
2.514118360889171511e-01,3.591597658413102356e-02,5.525351643745666230e+00
2.514118360889171511e-01,4.104683038186402594e-02,5.516661364907939458e+00
2.514118360889171511e-01,4.617768417959702831e-02,5.507547915614301459e+00
2.514118360889171511e-01,5.130853797733003069e-02,5.498030190211329327e+00
2.514118360889171511e-01,5.643939177506303306e-02,5.488129079824721757e+00
2.514118360889171511e-01,6.157024557279604238e-02,5.477867398652970010e+00
2.514118360889171511e-01,6.670109937052903781e-02,5.467269803364513514e+00
2.514118360889171511e-01,7.183195316826204713e-02,5.456362705850545503e+00
2.514118360889171511e-01,7.696280696599504256e-02,5.445174179606667941e+00
2.514118360889171511e-01,8.209366076372805188e-02,5.433733860036779717e+00
2.514118360889171511e-01,8.722451456146106119e-02,5.422072838991907062e+00
2.514118360889171511e-01,9.235536835919405663e-02,5.410223553875129099e+00
2.514118360889171511e-01,9.748622215692706594e-02,5.398219671661169450e+00
2.514118360889171511e-01,1.026170759546600614e-01,5.386095968195682815e+00
2.514118360889171511e-01,1.077479297523930707e-01,5.373888203154579379e+00
2.514118360889171511e-01,1.128787835501260661e-01,5.361632991057992292e+00
2.514118360889171511e-01,1.180096373478590754e-01,5.349367668746549676e+00
2.514118360889171511e-01,1.231404911455920848e-01,5.337130159739481350e+00
2.514118360889171511e-01,1.282713449433250941e-01,5.324958835904727295e+00
2.514118360889171511e-01,1.334021987410580756e-01,5.312892376880574474e+00
2.514118360889171511e-01,1.385330525387910849e-01,5.300969627696418662e+00
2.514118360889171511e-01,1.436639063365240943e-01,5.289229455046966066e+00
2.514118360889171511e-01,1.487947601342571036e-01,5.277710602679609231e+00
2.514118360889171511e-01,1.539256139319900851e-01,5.266451546358724478e+00
2.514118360889171511e-01,1.590564677297230944e-01,5.255490348873276929e+00
2.514118360889171511e-01,1.641873215274561038e-01,5.244864515555418549e+00
2.514118360889171511e-01,1.693181753251891131e-01,5.234610850777588809e+00
2.514118360889171511e-01,1.744490291229221224e-01,5.224765315894130069e+00
2.514118360889171511e-01,1.795798829206551039e-01,5.215362889090492615e+00
2.514118360889171511e-01,1.847107367183881133e-01,5.206437427598796575e+00
2.514118360889171511e-01,1.898415905161211226e-01,5.198021532732833627e+00
2.514118360889171511e-01,1.949724443138541319e-01,5.190146418188510857e+00
2.514118360889171511e-01,2.001032981115871134e-01,5.182841782047380441e+00
2.514118360889171511e-01,2.052341519093201228e-01,5.176135682911106706e+00
2.514118360889171511e-01,2.103650057070531321e-01,5.170054420583757526e+00
2.514118360889171511e-01,2.154958595047861414e-01,5.164622421706442701e+00
2.514118360889171511e-01,2.206267133025191507e-01,5.159862130735325181e+00
2.514118360889171511e-01,2.257575671002521323e-01,5.155793906639257074e+00
2.514118360889171511e-01,2.308884208979851416e-01,5.152435925677391282e+00
2.514118360889171511e-01,2.360192746957181509e-01,5.149804090600089701e+00
2.514118360889171511e-01,2.411501284934511602e-01,5.147911946598354938e+00
2.514118360889171511e-01,2.462809822911841695e-01,5.146770604307850938e+00
2.514118360889171511e-01,2.514118360889171511e-01,5.146388670153527300e+00
0.000000000000000000e+00,6.316265307000612506e-01,5.573194335076763650e+00
0.000000000000000000e+00,6.362749863315849685e-01,5.543494407889551390e+00
0.000000000000000000e+00,6.409234419631086865e-01,5.513058906979120266e+00
0.000000000000000000e+00,6.455718975946324045e-01,5.481932655810378918e+00
0.000000000000000000e+00,6.502203532261561225e-01,5.450162561951411355e+00
0.000000000000000000e+00,6.548688088576799515e-01,5.417797534548847160e+00
0.000000000000000000e+00,6.595172644892036695e-01,5.384888396492075735e+00
0.000000000000000000e+00,6.641657201207273875e-01,5.351487791423266138e+00
0.000000000000000000e+00,6.688141757522511055e-01,5.317650085762982926e+00
0.000000000000000000e+00,6.734626313837748235e-01,5.283431265933506538e+00
0.000000000000000000e+00,6.781110870152985415e-01,5.248888830974149045e+00
0.000000000000000000e+00,6.827595426468222595e-01,5.214081680754505399e+00
0.000000000000000000e+00,6.874079982783459775e-01,5.179070000002956142e+00
0.000000000000000000e+00,6.920564539098696955e-01,5.143915138378595486e+00
0.000000000000000000e+00,6.967049095413934134e-01,5.108679486825257854e+00
0.000000000000000000e+00,7.013533651729171314e-01,5.073426350456262668e+00
0.000000000000000000e+00,7.060018208044409604e-01,5.038219818227978486e+00
0.000000000000000000e+00,7.106502764359646784e-01,5.003124629669303935e+00
0.000000000000000000e+00,7.152987320674883964e-01,4.968206038942502900e+00
0.000000000000000000e+00,7.199471876990121144e-01,4.933529676518777052e+00
0.000000000000000000e+00,7.245956433305358324e-01,4.899161408759118430e+00
0.000000000000000000e+00,7.292440989620595504e-01,4.865167195697710056e+00
0.000000000000000000e+00,7.338925545935832684e-01,4.831612947331131558e+00
0.000000000000000000e+00,7.385410102251069864e-01,4.798564378722054435e+00
0.000000000000000000e+00,7.431894658566307044e-01,4.766086864230793196e+00
0.000000000000000000e+00,7.478379214881545334e-01,4.734245291192200611e+00
0.000000000000000000e+00,7.524863771196782514e-01,4.703103913358749111e+00
0.000000000000000000e+00,7.571348327512019694e-01,4.672726204433308439e+00
0.000000000000000000e+00,7.617832883827256873e-01,4.643174712017190231e+00
0.000000000000000000e+00,7.664317440142494053e-01,4.614510912300225698e+00
0.000000000000000000e+00,7.710801996457731233e-01,4.586795065820263417e+00
0.000000000000000000e+00,7.757286552772968413e-01,4.560086074619293939e+00
0.000000000000000000e+00,7.803771109088205593e-01,4.534441341122517066e+00
0.000000000000000000e+00,7.850255665403442773e-01,4.509916629065081395e+00
0.000000000000000000e+00,7.896740221718681063e-01,4.486565926788865788e+00
0.000000000000000000e+00,7.943224778033917133e-01,4.464441313228620700e+00
0.000000000000000000e+00,7.989709334349155423e-01,4.443592826903006276e+00
0.000000000000000000e+00,8.036193890664392603e-01,4.424068338221562868e+00
0.000000000000000000e+00,8.082678446979629783e-01,4.405913425413421791e+00
0.000000000000000000e+00,8.129163003294866963e-01,4.389171254377679965e+00
0.000000000000000000e+00,8.175647559610104143e-01,4.373882462748710509e+00
0.000000000000000000e+00,8.222132115925341322e-01,4.360085048462430279e+00
0.000000000000000000e+00,8.268616672240578502e-01,4.347814263101543730e+00
0.000000000000000000e+00,8.315101228555815682e-01,4.337102510289194690e+00
0.000000000000000000e+00,8.361585784871052862e-01,4.327979249391166405e+00
0.000000000000000000e+00,8.408070341186291152e-01,4.320470904776902543e+00
0.000000000000000000e+00,8.454554897501528332e-01,4.314600780879127129e+00
0.000000000000000000e+00,8.501039453816765512e-01,4.310388983280756037e+00
0.000000000000000000e+00,8.547524010132002692e-01,4.307852346046147751e+00
0.000000000000000000e+00,8.594008566447239872e-01,4.307004365501577503e+00
5.130853797733003242e-03,6.316265307000612506e-01,5.567815464459728858e+00
5.130853797733003242e-03,6.362749863315849685e-01,5.538115537272516598e+00
5.130853797733003242e-03,6.409234419631086865e-01,5.507680036362085474e+00
5.130853797733003242e-03,6.455718975946324045e-01,5.476553785193344126e+00
5.130853797733003242e-03,6.502203532261561225e-01,5.444783691334376563e+00
5.130853797733003242e-03,6.548688088576799515e-01,5.412418663931812368e+00
5.130853797733003242e-03,6.595172644892036695e-01,5.379509525875040943e+00
5.130853797733003242e-03,6.641657201207273875e-01,5.346108920806231346e+00
5.130853797733003242e-03,6.688141757522511055e-01,5.312271215145948133e+00
5.130853797733003242e-03,6.734626313837748235e-01,5.278052395316471745e+00
5.130853797733003242e-03,6.781110870152985415e-01,5.243509960357114252e+00
5.130853797733003242e-03,6.827595426468222595e-01,5.208702810137470607e+00
5.130853797733003242e-03,6.874079982783459775e-01,5.173691129385921350e+00
5.130853797733003242e-03,6.920564539098696955e-01,5.138536267761560694e+00
5.130853797733003242e-03,6.967049095413934134e-01,5.103300616208223062e+00
5.130853797733003242e-03,7.013533651729171314e-01,5.068047479839227876e+00
5.130853797733003242e-03,7.060018208044409604e-01,5.032840947610943694e+00
5.130853797733003242e-03,7.106502764359646784e-01,4.997745759052269143e+00
5.130853797733003242e-03,7.152987320674883964e-01,4.962827168325468108e+00
5.130853797733003242e-03,7.199471876990121144e-01,4.928150805901742260e+00
5.130853797733003242e-03,7.245956433305358324e-01,4.893782538142083638e+00
5.130853797733003242e-03,7.292440989620595504e-01,4.859788325080675264e+00
5.130853797733003242e-03,7.338925545935832684e-01,4.826234076714096766e+00
5.130853797733003242e-03,7.385410102251069864e-01,4.793185508105019643e+00
5.130853797733003242e-03,7.431894658566307044e-01,4.760707993613758404e+00
5.130853797733003242e-03,7.478379214881545334e-01,4.728866420575165819e+00
5.130853797733003242e-03,7.524863771196782514e-01,4.697725042741714319e+00
5.130853797733003242e-03,7.571348327512019694e-01,4.667347333816273647e+00
5.130853797733003242e-03,7.617832883827256873e-01,4.637795841400155439e+00
5.130853797733003242e-03,7.664317440142494053e-01,4.609132041683190906e+00
5.130853797733003242e-03,7.710801996457731233e-01,4.581416195203228625e+00
5.130853797733003242e-03,7.757286552772968413e-01,4.554707204002259147e+00
5.130853797733003242e-03,7.803771109088205593e-01,4.529062470505482274e+00
5.130853797733003242e-03,7.850255665403442773e-01,4.504537758448046603e+00
5.130853797733003242e-03,7.896740221718681063e-01,4.481187056171830996e+00
5.130853797733003242e-03,7.943224778033917133e-01,4.459062442611585908e+00
5.130853797733003242e-03,7.989709334349155423e-01,4.438213956285971484e+00
5.130853797733003242e-03,8.036193890664392603e-01,4.418689467604528076e+00
5.130853797733003242e-03,8.082678446979629783e-01,4.400534554796386999e+00
5.130853797733003242e-03,8.129163003294866963e-01,4.383792383760645173e+00
5.130853797733003242e-03,8.175647559610104143e-01,4.368503592131675717e+00
5.130853797733003242e-03,8.222132115925341322e-01,4.354706177845395487e+00
5.130853797733003242e-03,8.268616672240578502e-01,4.342435392484508938e+00
5.130853797733003242e-03,8.315101228555815682e-01,4.331723639672159898e+00
5.130853797733003242e-03,8.361585784871052862e-01,4.322600378774131613e+00
5.130853797733003242e-03,8.408070341186291152e-01,4.315092034159867751e+00
5.130853797733003242e-03,8.454554897501528332e-01,4.309221910262092337e+00
5.130853797733003242e-03,8.501039453816765512e-01,4.305010112663721245e+00
5.130853797733003242e-03,8.547524010132002692e-01,4.302473475429112959e+00
5.130853797733003242e-03,8.594008566447239872e-01,4.301625494884542711e+00
1.026170759546600648e-02,6.316265307000612506e-01,5.561941719910430848e+00
1.026170759546600648e-02,6.362749863315849685e-01,5.532241792723218587e+00
1.026170759546600648e-02,6.409234419631086865e-01,5.501806291812787464e+00
1.026170759546600648e-02,6.455718975946324045e-01,5.470680040644046116e+00
1.026170759546600648e-02,6.502203532261561225e-01,5.438909946785078553e+00
1.026170759546600648e-02,6.548688088576799515e-01,5.406544919382514358e+00
1.026170759546600648e-02,6.595172644892036695e-01,5.373635781325742933e+00
1.026170759546600648e-02,6.641657201207273875e-01,5.340235176256933336e+00
1.026170759546600648e-02,6.688141757522511055e-01,5.306397470596650123e+00
1.026170759546600648e-02,6.734626313837748235e-01,5.272178650767173735e+00
1.026170759546600648e-02,6.781110870152985415e-01,5.237636215807816242e+00
1.026170759546600648e-02,6.827595426468222595e-01,5.202829065588172597e+00
1.026170759546600648e-02,6.874079982783459775e-01,5.167817384836623340e+00
1.026170759546600648e-02,6.920564539098696955e-01,5.132662523212262684e+00
1.026170759546600648e-02,6.967049095413934134e-01,5.097426871658925052e+00
1.026170759546600648e-02,7.013533651729171314e-01,5.062173735289929866e+00
1.026170759546600648e-02,7.060018208044409604e-01,5.026967203061645684e+00
1.026170759546600648e-02,7.106502764359646784e-01,4.991872014502971133e+00
1.026170759546600648e-02,7.152987320674883964e-01,4.956953423776170098e+00
1.026170759546600648e-02,7.199471876990121144e-01,4.922277061352444250e+00
1.026170759546600648e-02,7.245956433305358324e-01,4.887908793592785628e+00
1.026170759546600648e-02,7.292440989620595504e-01,4.853914580531377254e+00
1.026170759546600648e-02,7.338925545935832684e-01,4.820360332164798756e+00
1.026170759546600648e-02,7.385410102251069864e-01,4.787311763555721633e+00
1.026170759546600648e-02,7.431894658566307044e-01,4.754834249064460394e+00
1.026170759546600648e-02,7.478379214881545334e-01,4.722992676025867809e+00
1.026170759546600648e-02,7.524863771196782514e-01,4.691851298192416309e+00
1.026170759546600648e-02,7.571348327512019694e-01,4.661473589266975637e+00
1.026170759546600648e-02,7.617832883827256873e-01,4.631922096850857429e+00
1.026170759546600648e-02,7.664317440142494053e-01,4.603258297133892896e+00
1.026170759546600648e-02,7.710801996457731233e-01,4.575542450653930615e+00
1.026170759546600648e-02,7.757286552772968413e-01,4.548833459452961137e+00
1.026170759546600648e-02,7.803771109088205593e-01,4.523188725956184264e+00
1.026170759546600648e-02,7.850255665403442773e-01,4.498664013898748593e+00
1.026170759546600648e-02,7.896740221718681063e-01,4.475313311622532986e+00
1.026170759546600648e-02,7.943224778033917133e-01,4.453188698062287898e+00
1.026170759546600648e-02,7.989709334349155423e-01,4.432340211736673474e+00
1.026170759546600648e-02,8.036193890664392603e-01,4.412815723055230066e+00
1.026170759546600648e-02,8.082678446979629783e-01,4.394660810247088989e+00
1.026170759546600648e-02,8.129163003294866963e-01,4.377918639211347163e+00
1.026170759546600648e-02,8.175647559610104143e-01,4.362629847582377707e+00
1.026170759546600648e-02,8.222132115925341322e-01,4.348832433296097477e+00
1.026170759546600648e-02,8.268616672240578502e-01,4.336561647935210928e+00
1.026170759546600648e-02,8.315101228555815682e-01,4.325849895122861888e+00
1.026170759546600648e-02,8.361585784871052862e-01,4.316726634224833603e+00
1.026170759546600648e-02,8.408070341186291152e-01,4.309218289610569741e+00
1.026170759546600648e-02,8.454554897501528332e-01,4.303348165712794327e+00
1.026170759546600648e-02,8.501039453816765512e-01,4.299136368114423234e+00
1.026170759546600648e-02,8.547524010132002692e-01,4.296599730879814949e+00
1.026170759546600648e-02,8.594008566447239872e-01,4.295751750335244701e+00
1.539256139319901059e-02,6.316265307000612506e-01,5.555576576480873996e+00
1.539256139319901059e-02,6.362749863315849685e-01,5.525876649293662624e+00
1.539256139319901059e-02,6.409234419631086865e-01,5.495441148383231500e+00
1.539256139319901059e-02,6.455718975946324045e-01,5.464314897214490152e+00
1.539256139319901059e-02,6.502203532261561225e-01,5.432544803355522589e+00
1.539256139319901059e-02,6.548688088576799515e-01,5.400179775952958394e+00
1.539256139319901059e-02,6.595172644892036695e-01,5.367270637896186969e+00
1.539256139319901059e-02,6.641657201207273875e-01,5.333870032827377372e+00
1.539256139319901059e-02,6.688141757522511055e-01,5.300032327167094159e+00
1.539256139319901059e-02,6.734626313837748235e-01,5.265813507337617771e+00
1.539256139319901059e-02,6.781110870152985415e-01,5.231271072378260278e+00
1.539256139319901059e-02,6.827595426468222595e-01,5.196463922158616633e+00
1.539256139319901059e-02,6.874079982783459775e-01,5.161452241407067376e+00
1.539256139319901059e-02,6.920564539098696955e-01,5.126297379782706720e+00
1.539256139319901059e-02,6.967049095413934134e-01,5.091061728229369088e+00
1.539256139319901059e-02,7.013533651729171314e-01,5.055808591860373902e+00
1.539256139319901059e-02,7.060018208044409604e-01,5.020602059632089720e+00
1.539256139319901059e-02,7.106502764359646784e-01,4.985506871073415169e+00
1.539256139319901059e-02,7.152987320674883964e-01,4.950588280346613246e+00
1.539256139319901059e-02,7.199471876990121144e-01,4.915911917922888286e+00
1.539256139319901059e-02,7.245956433305358324e-01,4.881543650163229664e+00
1.539256139319901059e-02,7.292440989620595504e-01,4.847549437101821290e+00
1.539256139319901059e-02,7.338925545935832684e-01,4.813995188735242792e+00
1.539256139319901059e-02,7.385410102251069864e-01,4.780946620126165669e+00
1.539256139319901059e-02,7.431894658566307044e-01,4.748469105634903542e+00
1.539256139319901059e-02,7.478379214881545334e-01,4.716627532596312733e+00
1.539256139319901059e-02,7.524863771196782514e-01,4.685486154762860345e+00
1.539256139319901059e-02,7.571348327512019694e-01,4.655108445837419673e+00
1.539256139319901059e-02,7.617832883827256873e-01,4.625556953421302353e+00
1.539256139319901059e-02,7.664317440142494053e-01,4.596893153704336932e+00
1.539256139319901059e-02,7.710801996457731233e-01,4.569177307224375539e+00
1.539256139319901059e-02,7.757286552772968413e-01,4.542468316023405173e+00
1.539256139319901059e-02,7.803771109088205593e-01,4.516823582526628300e+00
1.539256139319901059e-02,7.850255665403442773e-01,4.492298870469192629e+00
1.539256139319901059e-02,7.896740221718681063e-01,4.468948168192977022e+00
1.539256139319901059e-02,7.943224778033917133e-01,4.446823554632731934e+00
1.539256139319901059e-02,7.989709334349155423e-01,4.425975068307117510e+00
1.539256139319901059e-02,8.036193890664392603e-01,4.406450579625674102e+00
1.539256139319901059e-02,8.082678446979629783e-01,4.388295666817533913e+00
1.539256139319901059e-02,8.129163003294866963e-01,4.371553495781791199e+00
1.539256139319901059e-02,8.175647559610104143e-01,4.356264704152821743e+00
1.539256139319901059e-02,8.222132115925341322e-01,4.342467289866541513e+00
1.539256139319901059e-02,8.268616672240578502e-01,4.330196504505654964e+00
1.539256139319901059e-02,8.315101228555815682e-01,4.319484751693305924e+00
1.539256139319901059e-02,8.361585784871052862e-01,4.310361490795277639e+00
1.539256139319901059e-02,8.408070341186291152e-01,4.302853146181013777e+00
1.539256139319901059e-02,8.454554897501528332e-01,4.296983022283239251e+00
1.539256139319901059e-02,8.501039453816765512e-01,4.292771224684867271e+00
1.539256139319901059e-02,8.547524010132002692e-01,4.290234587450258985e+00
1.539256139319901059e-02,8.594008566447239872e-01,4.289386606905688737e+00
2.052341519093201297e-02,6.316265307000612506e-01,5.548725812380348899e+00
2.052341519093201297e-02,6.362749863315849685e-01,5.519025885193137526e+00
2.052341519093201297e-02,6.409234419631086865e-01,5.488590384282706403e+00
2.052341519093201297e-02,6.455718975946324045e-01,5.457464133113965055e+00
2.052341519093201297e-02,6.502203532261561225e-01,5.425694039254997492e+00
2.052341519093201297e-02,6.548688088576799515e-01,5.393329011852433297e+00
2.052341519093201297e-02,6.595172644892036695e-01,5.360419873795661871e+00
2.052341519093201297e-02,6.641657201207273875e-01,5.327019268726852275e+00
2.052341519093201297e-02,6.688141757522511055e-01,5.293181563066569062e+00
2.052341519093201297e-02,6.734626313837748235e-01,5.258962743237092674e+00
2.052341519093201297e-02,6.781110870152985415e-01,5.224420308277735181e+00
2.052341519093201297e-02,6.827595426468222595e-01,5.189613158058091535e+00
2.052341519093201297e-02,6.874079982783459775e-01,5.154601477306542279e+00
2.052341519093201297e-02,6.920564539098696955e-01,5.119446615682181623e+00
2.052341519093201297e-02,6.967049095413934134e-01,5.084210964128843990e+00
2.052341519093201297e-02,7.013533651729171314e-01,5.048957827759848804e+00
2.052341519093201297e-02,7.060018208044409604e-01,5.013751295531564622e+00
2.052341519093201297e-02,7.106502764359646784e-01,4.978656106972890072e+00
2.052341519093201297e-02,7.152987320674883964e-01,4.943737516246088148e+00
2.052341519093201297e-02,7.199471876990121144e-01,4.909061153822363188e+00
2.052341519093201297e-02,7.245956433305358324e-01,4.874692886062704567e+00
2.052341519093201297e-02,7.292440989620595504e-01,4.840698673001296193e+00
2.052341519093201297e-02,7.338925545935832684e-01,4.807144424634717694e+00
2.052341519093201297e-02,7.385410102251069864e-01,4.774095856025640572e+00
2.052341519093201297e-02,7.431894658566307044e-01,4.741618341534378445e+00
2.052341519093201297e-02,7.478379214881545334e-01,4.709776768495787636e+00
2.052341519093201297e-02,7.524863771196782514e-01,4.678635390662335247e+00
2.052341519093201297e-02,7.571348327512019694e-01,4.648257681736894575e+00
2.052341519093201297e-02,7.617832883827256873e-01,4.618706189320777256e+00
2.052341519093201297e-02,7.664317440142494053e-01,4.590042389603811834e+00
2.052341519093201297e-02,7.710801996457731233e-01,4.562326543123850442e+00
2.052341519093201297e-02,7.757286552772968413e-01,4.535617551922880075e+00
2.052341519093201297e-02,7.803771109088205593e-01,4.509972818426103203e+00
2.052341519093201297e-02,7.850255665403442773e-01,4.485448106368667531e+00
2.052341519093201297e-02,7.896740221718681063e-01,4.462097404092451924e+00
2.052341519093201297e-02,7.943224778033917133e-01,4.439972790532206837e+00
2.052341519093201297e-02,7.989709334349155423e-01,4.419124304206592413e+00
2.052341519093201297e-02,8.036193890664392603e-01,4.399599815525149005e+00
2.052341519093201297e-02,8.082678446979629783e-01,4.381444902717008816e+00
2.052341519093201297e-02,8.129163003294866963e-01,4.364702731681266101e+00
2.052341519093201297e-02,8.175647559610104143e-01,4.349413940052296645e+00
2.052341519093201297e-02,8.222132115925341322e-01,4.335616525766016416e+00
2.052341519093201297e-02,8.268616672240578502e-01,4.323345740405129867e+00
2.052341519093201297e-02,8.315101228555815682e-01,4.312633987592780827e+00
2.052341519093201297e-02,8.361585784871052862e-01,4.303510726694752542e+00
2.052341519093201297e-02,8.408070341186291152e-01,4.296002382080488680e+00
2.052341519093201297e-02,8.454554897501528332e-01,4.290132258182714153e+00
2.052341519093201297e-02,8.501039453816765512e-01,4.285920460584342173e+00
2.052341519093201297e-02,8.547524010132002692e-01,4.283383823349733888e+00
2.052341519093201297e-02,8.594008566447239872e-01,4.282535842805163639e+00
2.565426898866501534e-02,6.316265307000612506e-01,5.541397488703685426e+00
2.565426898866501534e-02,6.362749863315849685e-01,5.511697561516474053e+00
2.565426898866501534e-02,6.409234419631086865e-01,5.481262060606042930e+00
2.565426898866501534e-02,6.455718975946324045e-01,5.450135809437301582e+00
2.565426898866501534e-02,6.502203532261561225e-01,5.418365715578334019e+00
2.565426898866501534e-02,6.548688088576799515e-01,5.386000688175769824e+00
2.565426898866501534e-02,6.595172644892036695e-01,5.353091550118998398e+00
2.565426898866501534e-02,6.641657201207273875e-01,5.319690945050188802e+00
2.565426898866501534e-02,6.688141757522511055e-01,5.285853239389905589e+00
2.565426898866501534e-02,6.734626313837748235e-01,5.251634419560429201e+00
2.565426898866501534e-02,6.781110870152985415e-01,5.217091984601071708e+00
2.565426898866501534e-02,6.827595426468222595e-01,5.182284834381428062e+00
2.565426898866501534e-02,6.874079982783459775e-01,5.147273153629878806e+00
2.565426898866501534e-02,6.920564539098696955e-01,5.112118292005518150e+00
2.565426898866501534e-02,6.967049095413934134e-01,5.076882640452180517e+00
2.565426898866501534e-02,7.013533651729171314e-01,5.041629504083185331e+00
2.565426898866501534e-02,7.060018208044409604e-01,5.006422971854901149e+00
2.565426898866501534e-02,7.106502764359646784e-01,4.971327783296226599e+00
2.565426898866501534e-02,7.152987320674883964e-01,4.936409192569424675e+00
2.565426898866501534e-02,7.199471876990121144e-01,4.901732830145699715e+00
2.565426898866501534e-02,7.245956433305358324e-01,4.867364562386041094e+00
2.565426898866501534e-02,7.292440989620595504e-01,4.833370349324632720e+00
2.565426898866501534e-02,7.338925545935832684e-01,4.799816100958054221e+00
2.565426898866501534e-02,7.385410102251069864e-01,4.766767532348977099e+00
2.565426898866501534e-02,7.431894658566307044e-01,4.734290017857714972e+00
2.565426898866501534e-02,7.478379214881545334e-01,4.702448444819124163e+00
2.565426898866501534e-02,7.524863771196782514e-01,4.671307066985671774e+00
2.565426898866501534e-02,7.571348327512019694e-01,4.640929358060231102e+00
2.565426898866501534e-02,7.617832883827256873e-01,4.611377865644113783e+00
2.565426898866501534e-02,7.664317440142494053e-01,4.582714065927148361e+00
2.565426898866501534e-02,7.710801996457731233e-01,4.554998219447186969e+00
2.565426898866501534e-02,7.757286552772968413e-01,4.528289228246216602e+00
2.565426898866501534e-02,7.803771109088205593e-01,4.502644494749439730e+00
2.565426898866501534e-02,7.850255665403442773e-01,4.478119782692004058e+00
2.565426898866501534e-02,7.896740221718681063e-01,4.454769080415788451e+00
2.565426898866501534e-02,7.943224778033917133e-01,4.432644466855543364e+00
2.565426898866501534e-02,7.989709334349155423e-01,4.411795980529928940e+00
2.565426898866501534e-02,8.036193890664392603e-01,4.392271491848485532e+00
2.565426898866501534e-02,8.082678446979629783e-01,4.374116579040345343e+00
2.565426898866501534e-02,8.129163003294866963e-01,4.357374408004602628e+00
2.565426898866501534e-02,8.175647559610104143e-01,4.342085616375633172e+00
2.565426898866501534e-02,8.222132115925341322e-01,4.328288202089352943e+00
2.565426898866501534e-02,8.268616672240578502e-01,4.316017416728466394e+00
2.565426898866501534e-02,8.315101228555815682e-01,4.305305663916117354e+00
2.565426898866501534e-02,8.361585784871052862e-01,4.296182403018089069e+00
2.565426898866501534e-02,8.408070341186291152e-01,4.288674058403825207e+00
2.565426898866501534e-02,8.454554897501528332e-01,4.282803934506050680e+00
2.565426898866501534e-02,8.501039453816765512e-01,4.278592136907678700e+00
2.565426898866501534e-02,8.547524010132002692e-01,4.276055499673070415e+00
2.565426898866501534e-02,8.594008566447239872e-01,4.275207519128500167e+00
3.078512278639802119e-02,6.316265307000612506e-01,5.533601921139361224e+00
3.078512278639802119e-02,6.362749863315849685e-01,5.503901993952149851e+00
3.078512278639802119e-02,6.409234419631086865e-01,5.473466493041718728e+00
3.078512278639802119e-02,6.455718975946324045e-01,5.442340241872977380e+00
3.078512278639802119e-02,6.502203532261561225e-01,5.410570148014009817e+00
3.078512278639802119e-02,6.548688088576799515e-01,5.378205120611445622e+00
3.078512278639802119e-02,6.595172644892036695e-01,5.345295982554674197e+00
3.078512278639802119e-02,6.641657201207273875e-01,5.311895377485864600e+00
3.078512278639802119e-02,6.688141757522511055e-01,5.278057671825581387e+00
3.078512278639802119e-02,6.734626313837748235e-01,5.243838851996104999e+00
3.078512278639802119e-02,6.781110870152985415e-01,5.209296417036747506e+00
3.078512278639802119e-02,6.827595426468222595e-01,5.174489266817103861e+00
3.078512278639802119e-02,6.874079982783459775e-01,5.139477586065554604e+00
3.078512278639802119e-02,6.920564539098696955e-01,5.104322724441193948e+00
3.078512278639802119e-02,6.967049095413934134e-01,5.069087072887856316e+00
3.078512278639802119e-02,7.013533651729171314e-01,5.033833936518861130e+00
3.078512278639802119e-02,7.060018208044409604e-01,4.998627404290576948e+00
3.078512278639802119e-02,7.106502764359646784e-01,4.963532215731902397e+00
3.078512278639802119e-02,7.152987320674883964e-01,4.928613625005100474e+00
3.078512278639802119e-02,7.199471876990121144e-01,4.893937262581375514e+00
3.078512278639802119e-02,7.245956433305358324e-01,4.859568994821716892e+00
3.078512278639802119e-02,7.292440989620595504e-01,4.825574781760308518e+00
3.078512278639802119e-02,7.338925545935832684e-01,4.792020533393730020e+00
3.078512278639802119e-02,7.385410102251069864e-01,4.758971964784652897e+00
3.078512278639802119e-02,7.431894658566307044e-01,4.726494450293390770e+00
3.078512278639802119e-02,7.478379214881545334e-01,4.694652877254799961e+00
3.078512278639802119e-02,7.524863771196782514e-01,4.663511499421347573e+00
3.078512278639802119e-02,7.571348327512019694e-01,4.633133790495906901e+00
3.078512278639802119e-02,7.617832883827256873e-01,4.603582298079789581e+00
3.078512278639802119e-02,7.664317440142494053e-01,4.574918498362824160e+00
3.078512278639802119e-02,7.710801996457731233e-01,4.547202651882862767e+00
3.078512278639802119e-02,7.757286552772968413e-01,4.520493660681892401e+00
3.078512278639802119e-02,7.803771109088205593e-01,4.494848927185115528e+00
3.078512278639802119e-02,7.850255665403442773e-01,4.470324215127679857e+00
3.078512278639802119e-02,7.896740221718681063e-01,4.446973512851464250e+00
3.078512278639802119e-02,7.943224778033917133e-01,4.424848899291219162e+00
3.078512278639802119e-02,7.989709334349155423e-01,4.404000412965604738e+00
3.078512278639802119e-02,8.036193890664392603e-01,4.384475924284161330e+00
3.078512278639802119e-02,8.082678446979629783e-01,4.366321011476021141e+00
3.078512278639802119e-02,8.129163003294866963e-01,4.349578840440278427e+00
3.078512278639802119e-02,8.175647559610104143e-01,4.334290048811308971e+00
3.078512278639802119e-02,8.222132115925341322e-01,4.320492634525028741e+00
3.078512278639802119e-02,8.268616672240578502e-01,4.308221849164142192e+00
3.078512278639802119e-02,8.315101228555815682e-01,4.297510096351793152e+00
3.078512278639802119e-02,8.361585784871052862e-01,4.288386835453764867e+00
3.078512278639802119e-02,8.408070341186291152e-01,4.280878490839501005e+00
3.078512278639802119e-02,8.454554897501528332e-01,4.275008366941726479e+00
3.078512278639802119e-02,8.501039453816765512e-01,4.270796569343354498e+00
3.078512278639802119e-02,8.547524010132002692e-01,4.268259932108746213e+00
3.078512278639802119e-02,8.594008566447239872e-01,4.267411951564175965e+00
3.591597658413102356e-02,6.316265307000612506e-01,5.525351643745665342e+00
3.591597658413102356e-02,6.362749863315849685e-01,5.495651716558453970e+00
3.591597658413102356e-02,6.409234419631086865e-01,5.465216215648022846e+00
3.591597658413102356e-02,6.455718975946324045e-01,5.434089964479281498e+00
3.591597658413102356e-02,6.502203532261561225e-01,5.402319870620313935e+00
3.591597658413102356e-02,6.548688088576799515e-01,5.369954843217749740e+00
3.591597658413102356e-02,6.595172644892036695e-01,5.337045705160978315e+00
3.591597658413102356e-02,6.641657201207273875e-01,5.303645100092168718e+00
3.591597658413102356e-02,6.688141757522511055e-01,5.269807394431885506e+00
3.591597658413102356e-02,6.734626313837748235e-01,5.235588574602409118e+00
3.591597658413102356e-02,6.781110870152985415e-01,5.201046139643051625e+00
3.591597658413102356e-02,6.827595426468222595e-01,5.166238989423407979e+00
3.591597658413102356e-02,6.874079982783459775e-01,5.131227308671858722e+00
3.591597658413102356e-02,6.920564539098696955e-01,5.096072447047498066e+00
3.591597658413102356e-02,6.967049095413934134e-01,5.060836795494160434e+00
3.591597658413102356e-02,7.013533651729171314e-01,5.025583659125165248e+00
3.591597658413102356e-02,7.060018208044409604e-01,4.990377126896881066e+00
3.591597658413102356e-02,7.106502764359646784e-01,4.955281938338206515e+00
3.591597658413102356e-02,7.152987320674883964e-01,4.920363347611404592e+00
3.591597658413102356e-02,7.199471876990121144e-01,4.885686985187679632e+00
3.591597658413102356e-02,7.245956433305358324e-01,4.851318717428021010e+00
3.591597658413102356e-02,7.292440989620595504e-01,4.817324504366612636e+00
3.591597658413102356e-02,7.338925545935832684e-01,4.783770256000034138e+00
3.591597658413102356e-02,7.385410102251069864e-01,4.750721687390957015e+00
3.591597658413102356e-02,7.431894658566307044e-01,4.718244172899694888e+00
3.591597658413102356e-02,7.478379214881545334e-01,4.686402599861104079e+00
3.591597658413102356e-02,7.524863771196782514e-01,4.655261222027651691e+00
3.591597658413102356e-02,7.571348327512019694e-01,4.624883513102211019e+00
3.591597658413102356e-02,7.617832883827256873e-01,4.595332020686093699e+00
3.591597658413102356e-02,7.664317440142494053e-01,4.566668220969128278e+00
3.591597658413102356e-02,7.710801996457731233e-01,4.538952374489166885e+00
3.591597658413102356e-02,7.757286552772968413e-01,4.512243383288196519e+00
3.591597658413102356e-02,7.803771109088205593e-01,4.486598649791419646e+00
3.591597658413102356e-02,7.850255665403442773e-01,4.462073937733983975e+00
3.591597658413102356e-02,7.896740221718681063e-01,4.438723235457768368e+00
3.591597658413102356e-02,7.943224778033917133e-01,4.416598621897523280e+00
3.591597658413102356e-02,7.989709334349155423e-01,4.395750135571908856e+00
3.591597658413102356e-02,8.036193890664392603e-01,4.376225646890465448e+00
3.591597658413102356e-02,8.082678446979629783e-01,4.358070734082325259e+00
3.591597658413102356e-02,8.129163003294866963e-01,4.341328563046582545e+00
3.591597658413102356e-02,8.175647559610104143e-01,4.326039771417613089e+00
3.591597658413102356e-02,8.222132115925341322e-01,4.312242357131332859e+00
3.591597658413102356e-02,8.268616672240578502e-01,4.299971571770446310e+00
3.591597658413102356e-02,8.315101228555815682e-01,4.289259818958097270e+00
3.591597658413102356e-02,8.361585784871052862e-01,4.280136558060068985e+00
3.591597658413102356e-02,8.408070341186291152e-01,4.272628213445805123e+00
3.591597658413102356e-02,8.454554897501528332e-01,4.266758089548030597e+00
3.591597658413102356e-02,8.501039453816765512e-01,4.262546291949658617e+00
3.591597658413102356e-02,8.547524010132002692e-01,4.260009654715050331e+00
3.591597658413102356e-02,8.594008566447239872e-01,4.259161674170480083e+00
4.104683038186402594e-02,6.316265307000612506e-01,5.516661364907939458e+00
4.104683038186402594e-02,6.362749863315849685e-01,5.486961437720727197e+00
4.104683038186402594e-02,6.409234419631086865e-01,5.456525936810296074e+00
4.104683038186402594e-02,6.455718975946324045e-01,5.425399685641554726e+00
4.104683038186402594e-02,6.502203532261561225e-01,5.393629591782587163e+00
4.104683038186402594e-02,6.548688088576799515e-01,5.361264564380022968e+00
4.104683038186402594e-02,6.595172644892036695e-01,5.328355426323251542e+00
4.104683038186402594e-02,6.641657201207273875e-01,5.294954821254441946e+00
4.104683038186402594e-02,6.688141757522511055e-01,5.261117115594158733e+00
4.104683038186402594e-02,6.734626313837748235e-01,5.226898295764682345e+00
4.104683038186402594e-02,6.781110870152985415e-01,5.192355860805324852e+00
4.104683038186402594e-02,6.827595426468222595e-01,5.157548710585681206e+00
4.104683038186402594e-02,6.874079982783459775e-01,5.122537029834131950e+00
4.104683038186402594e-02,6.920564539098696955e-01,5.087382168209771294e+00
4.104683038186402594e-02,6.967049095413934134e-01,5.052146516656433661e+00
4.104683038186402594e-02,7.013533651729171314e-01,5.016893380287438475e+00
4.104683038186402594e-02,7.060018208044409604e-01,4.981686848059154293e+00
4.104683038186402594e-02,7.106502764359646784e-01,4.946591659500479743e+00
4.104683038186402594e-02,7.152987320674883964e-01,4.911673068773678708e+00
4.104683038186402594e-02,7.199471876990121144e-01,4.876996706349952859e+00
4.104683038186402594e-02,7.245956433305358324e-01,4.842628438590294238e+00
4.104683038186402594e-02,7.292440989620595504e-01,4.808634225528885864e+00
4.104683038186402594e-02,7.338925545935832684e-01,4.775079977162307365e+00
4.104683038186402594e-02,7.385410102251069864e-01,4.742031408553230243e+00
4.104683038186402594e-02,7.431894658566307044e-01,4.709553894061969004e+00
4.104683038186402594e-02,7.478379214881545334e-01,4.677712321023376418e+00
4.104683038186402594e-02,7.524863771196782514e-01,4.646570943189924918e+00
4.104683038186402594e-02,7.571348327512019694e-01,4.616193234264484246e+00
4.104683038186402594e-02,7.617832883827256873e-01,4.586641741848366038e+00
4.104683038186402594e-02,7.664317440142494053e-01,4.557977942131401505e+00
4.104683038186402594e-02,7.710801996457731233e-01,4.530262095651439225e+00
4.104683038186402594e-02,7.757286552772968413e-01,4.503553104450469746e+00
4.104683038186402594e-02,7.803771109088205593e-01,4.477908370953692874e+00
4.104683038186402594e-02,7.850255665403442773e-01,4.453383658896257202e+00
4.104683038186402594e-02,7.896740221718681063e-01,4.430032956620041595e+00
4.104683038186402594e-02,7.943224778033917133e-01,4.407908343059796508e+00
4.104683038186402594e-02,7.989709334349155423e-01,4.387059856734182084e+00
4.104683038186402594e-02,8.036193890664392603e-01,4.367535368052738676e+00
4.104683038186402594e-02,8.082678446979629783e-01,4.349380455244597599e+00
4.104683038186402594e-02,8.129163003294866963e-01,4.332638284208855772e+00
4.104683038186402594e-02,8.175647559610104143e-01,4.317349492579886316e+00
4.104683038186402594e-02,8.222132115925341322e-01,4.303552078293606087e+00
4.104683038186402594e-02,8.268616672240578502e-01,4.291281292932719538e+00
4.104683038186402594e-02,8.315101228555815682e-01,4.280569540120370498e+00
4.104683038186402594e-02,8.361585784871052862e-01,4.271446279222342213e+00
4.104683038186402594e-02,8.408070341186291152e-01,4.263937934608078351e+00
4.104683038186402594e-02,8.454554897501528332e-01,4.258067810710302936e+00
4.104683038186402594e-02,8.501039453816765512e-01,4.253856013111931844e+00
4.104683038186402594e-02,8.547524010132002692e-01,4.251319375877323559e+00
4.104683038186402594e-02,8.594008566447239872e-01,4.250471395332753310e+00
4.617768417959702831e-02,6.316265307000612506e-01,5.507547915614301459e+00
4.617768417959702831e-02,6.362749863315849685e-01,5.477847988427089199e+00
4.617768417959702831e-02,6.409234419631086865e-01,5.447412487516658075e+00
4.617768417959702831e-02,6.455718975946324045e-01,5.416286236347916727e+00
4.617768417959702831e-02,6.502203532261561225e-01,5.384516142488949164e+00
4.617768417959702831e-02,6.548688088576799515e-01,5.352151115086384969e+00
4.617768417959702831e-02,6.595172644892036695e-01,5.319241977029613544e+00
4.617768417959702831e-02,6.641657201207273875e-01,5.285841371960803947e+00
4.617768417959702831e-02,6.688141757522511055e-01,5.252003666300520734e+00
4.617768417959702831e-02,6.734626313837748235e-01,5.217784846471044347e+00
4.617768417959702831e-02,6.781110870152985415e-01,5.183242411511686853e+00
4.617768417959702831e-02,6.827595426468222595e-01,5.148435261292043208e+00
4.617768417959702831e-02,6.874079982783459775e-01,5.113423580540493951e+00
4.617768417959702831e-02,6.920564539098696955e-01,5.078268718916133295e+00
4.617768417959702831e-02,6.967049095413934134e-01,5.043033067362795663e+00
4.617768417959702831e-02,7.013533651729171314e-01,5.007779930993800477e+00
4.617768417959702831e-02,7.060018208044409604e-01,4.972573398765516295e+00
4.617768417959702831e-02,7.106502764359646784e-01,4.937478210206841744e+00
4.617768417959702831e-02,7.152987320674883964e-01,4.902559619480040709e+00
4.617768417959702831e-02,7.199471876990121144e-01,4.867883257056314861e+00
4.617768417959702831e-02,7.245956433305358324e-01,4.833514989296656239e+00
4.617768417959702831e-02,7.292440989620595504e-01,4.799520776235247865e+00
4.617768417959702831e-02,7.338925545935832684e-01,4.765966527868669367e+00
4.617768417959702831e-02,7.385410102251069864e-01,4.732917959259592244e+00
4.617768417959702831e-02,7.431894658566307044e-01,4.700440444768331005e+00
4.617768417959702831e-02,7.478379214881545334e-01,4.668598871729738420e+00
4.617768417959702831e-02,7.524863771196782514e-01,4.637457493896286920e+00
4.617768417959702831e-02,7.571348327512019694e-01,4.607079784970846248e+00
4.617768417959702831e-02,7.617832883827256873e-01,4.577528292554728040e+00
4.617768417959702831e-02,7.664317440142494053e-01,4.548864492837763507e+00
4.617768417959702831e-02,7.710801996457731233e-01,4.521148646357801226e+00
4.617768417959702831e-02,7.757286552772968413e-01,4.494439655156831748e+00
4.617768417959702831e-02,7.803771109088205593e-01,4.468794921660054875e+00
4.617768417959702831e-02,7.850255665403442773e-01,4.444270209602619204e+00
4.617768417959702831e-02,7.896740221718681063e-01,4.420919507326403597e+00
4.617768417959702831e-02,7.943224778033917133e-01,4.398794893766158509e+00
4.617768417959702831e-02,7.989709334349155423e-01,4.377946407440544085e+00
4.617768417959702831e-02,8.036193890664392603e-01,4.358421918759100677e+00
4.617768417959702831e-02,8.082678446979629783e-01,4.340267005950959600e+00
4.617768417959702831e-02,8.129163003294866963e-01,4.323524834915217774e+00
4.617768417959702831e-02,8.175647559610104143e-01,4.308236043286248318e+00
4.617768417959702831e-02,8.222132115925341322e-01,4.294438628999968088e+00
4.617768417959702831e-02,8.268616672240578502e-01,4.282167843639081539e+00
4.617768417959702831e-02,8.315101228555815682e-01,4.271456090826732499e+00
4.617768417959702831e-02,8.361585784871052862e-01,4.262332829928704214e+00
4.617768417959702831e-02,8.408070341186291152e-01,4.254824485314440352e+00
4.617768417959702831e-02,8.454554897501528332e-01,4.248954361416664938e+00
4.617768417959702831e-02,8.501039453816765512e-01,4.244742563818293846e+00
4.617768417959702831e-02,8.547524010132002692e-01,4.242205926583685560e+00
4.617768417959702831e-02,8.594008566447239872e-01,4.241357946039115312e+00
5.130853797733003069e-02,6.316265307000612506e-01,5.498030190211329327e+00
5.130853797733003069e-02,6.362749863315849685e-01,5.468330263024117066e+00
5.130853797733003069e-02,6.409234419631086865e-01,5.437894762113685942e+00
5.130853797733003069e-02,6.455718975946324045e-01,5.406768510944944595e+00
5.130853797733003069e-02,6.502203532261561225e-01,5.374998417085977032e+00
5.130853797733003069e-02,6.548688088576799515e-01,5.342633389683412837e+00
5.130853797733003069e-02,6.595172644892036695e-01,5.309724251626641411e+00
5.130853797733003069e-02,6.641657201207273875e-01,5.276323646557831815e+00
5.130853797733003069e-02,6.688141757522511055e-01,5.242485940897548602e+00
5.130853797733003069e-02,6.734626313837748235e-01,5.208267121068072214e+00
5.130853797733003069e-02,6.781110870152985415e-01,5.173724686108714721e+00
5.130853797733003069e-02,6.827595426468222595e-01,5.138917535889071075e+00
5.130853797733003069e-02,6.874079982783459775e-01,5.103905855137521819e+00
5.130853797733003069e-02,6.920564539098696955e-01,5.068750993513161163e+00
5.130853797733003069e-02,6.967049095413934134e-01,5.033515341959823530e+00
5.130853797733003069e-02,7.013533651729171314e-01,4.998262205590828344e+00
5.130853797733003069e-02,7.060018208044409604e-01,4.963055673362544162e+00
5.130853797733003069e-02,7.106502764359646784e-01,4.927960484803869612e+00
5.130853797733003069e-02,7.152987320674883964e-01,4.893041894077068577e+00
5.130853797733003069e-02,7.199471876990121144e-01,4.858365531653342728e+00
5.130853797733003069e-02,7.245956433305358324e-01,4.823997263893684107e+00
5.130853797733003069e-02,7.292440989620595504e-01,4.790003050832275733e+00
5.130853797733003069e-02,7.338925545935832684e-01,4.756448802465697234e+00
5.130853797733003069e-02,7.385410102251069864e-01,4.723400233856620112e+00
5.130853797733003069e-02,7.431894658566307044e-01,4.690922719365358873e+00
5.130853797733003069e-02,7.478379214881545334e-01,4.659081146326766287e+00
5.130853797733003069e-02,7.524863771196782514e-01,4.627939768493314787e+00
5.130853797733003069e-02,7.571348327512019694e-01,4.597562059567874115e+00
5.130853797733003069e-02,7.617832883827256873e-01,4.568010567151755907e+00
5.130853797733003069e-02,7.664317440142494053e-01,4.539346767434791374e+00
5.130853797733003069e-02,7.710801996457731233e-01,4.511630920954829094e+00
5.130853797733003069e-02,7.757286552772968413e-01,4.484921929753859615e+00
5.130853797733003069e-02,7.803771109088205593e-01,4.459277196257082743e+00
5.130853797733003069e-02,7.850255665403442773e-01,4.434752484199647071e+00
5.130853797733003069e-02,7.896740221718681063e-01,4.411401781923431464e+00
5.130853797733003069e-02,7.943224778033917133e-01,4.389277168363186377e+00
5.130853797733003069e-02,7.989709334349155423e-01,4.368428682037571953e+00
5.130853797733003069e-02,8.036193890664392603e-01,4.348904193356128545e+00
5.130853797733003069e-02,8.082678446979629783e-01,4.330749280547987468e+00
5.130853797733003069e-02,8.129163003294866963e-01,4.314007109512245641e+00
5.130853797733003069e-02,8.175647559610104143e-01,4.298718317883276185e+00
5.130853797733003069e-02,8.222132115925341322e-01,4.284920903596995956e+00
5.130853797733003069e-02,8.268616672240578502e-01,4.272650118236109407e+00
5.130853797733003069e-02,8.315101228555815682e-01,4.261938365423760366e+00
5.130853797733003069e-02,8.361585784871052862e-01,4.252815104525732082e+00
5.130853797733003069e-02,8.408070341186291152e-01,4.245306759911468220e+00
5.130853797733003069e-02,8.454554897501528332e-01,4.239436636013692805e+00
5.130853797733003069e-02,8.501039453816765512e-01,4.235224838415321713e+00
5.130853797733003069e-02,8.547524010132002692e-01,4.232688201180713428e+00
5.130853797733003069e-02,8.594008566447239872e-01,4.231840220636143179e+00
5.643939177506303306e-02,6.316265307000612506e-01,5.488129079824721757e+00
5.643939177506303306e-02,6.362749863315849685e-01,5.458429152637509496e+00
5.643939177506303306e-02,6.409234419631086865e-01,5.427993651727078372e+00
5.643939177506303306e-02,6.455718975946324045e-01,5.396867400558337025e+00
5.643939177506303306e-02,6.502203532261561225e-01,5.365097306699369462e+00
5.643939177506303306e-02,6.548688088576799515e-01,5.332732279296805267e+00
5.643939177506303306e-02,6.595172644892036695e-01,5.299823141240033841e+00
5.643939177506303306e-02,6.641657201207273875e-01,5.266422536171224245e+00
5.643939177506303306e-02,6.688141757522511055e-01,5.232584830510941032e+00
5.643939177506303306e-02,6.734626313837748235e-01,5.198366010681464644e+00
5.643939177506303306e-02,6.781110870152985415e-01,5.163823575722107151e+00
5.643939177506303306e-02,6.827595426468222595e-01,5.129016425502463505e+00
5.643939177506303306e-02,6.874079982783459775e-01,5.094004744750914249e+00
5.643939177506303306e-02,6.920564539098696955e-01,5.058849883126553593e+00
5.643939177506303306e-02,6.967049095413934134e-01,5.023614231573215960e+00
5.643939177506303306e-02,7.013533651729171314e-01,4.988361095204220774e+00
5.643939177506303306e-02,7.060018208044409604e-01,4.953154562975936592e+00
5.643939177506303306e-02,7.106502764359646784e-01,4.918059374417262042e+00
5.643939177506303306e-02,7.152987320674883964e-01,4.883140783690461006e+00
5.643939177506303306e-02,7.199471876990121144e-01,4.848464421266735158e+00
5.643939177506303306e-02,7.245956433305358324e-01,4.814096153507076536e+00
5.643939177506303306e-02,7.292440989620595504e-01,4.780101940445668163e+00
5.643939177506303306e-02,7.338925545935832684e-01,4.746547692079089664e+00
5.643939177506303306e-02,7.385410102251069864e-01,4.713499123470012542e+00
5.643939177506303306e-02,7.431894658566307044e-01,4.681021608978751303e+00
5.643939177506303306e-02,7.478379214881545334e-01,4.649180035940158717e+00
5.643939177506303306e-02,7.524863771196782514e-01,4.618038658106707217e+00
5.643939177506303306e-02,7.571348327512019694e-01,4.587660949181266545e+00
5.643939177506303306e-02,7.617832883827256873e-01,4.558109456765148337e+00
5.643939177506303306e-02,7.664317440142494053e-01,4.529445657048183804e+00
5.643939177506303306e-02,7.710801996457731233e-01,4.501729810568221524e+00
5.643939177506303306e-02,7.757286552772968413e-01,4.475020819367252045e+00
5.643939177506303306e-02,7.803771109088205593e-01,4.449376085870475173e+00
5.643939177506303306e-02,7.850255665403442773e-01,4.424851373813039501e+00
5.643939177506303306e-02,7.896740221718681063e-01,4.401500671536823894e+00
5.643939177506303306e-02,7.943224778033917133e-01,4.379376057976578807e+00
5.643939177506303306e-02,7.989709334349155423e-01,4.358527571650964383e+00
5.643939177506303306e-02,8.036193890664392603e-01,4.339003082969520975e+00
5.643939177506303306e-02,8.082678446979629783e-01,4.320848170161379898e+00
5.643939177506303306e-02,8.129163003294866963e-01,4.304105999125638071e+00
5.643939177506303306e-02,8.175647559610104143e-01,4.288817207496668615e+00
5.643939177506303306e-02,8.222132115925341322e-01,4.275019793210388386e+00
5.643939177506303306e-02,8.268616672240578502e-01,4.262749007849501837e+00
5.643939177506303306e-02,8.315101228555815682e-01,4.252037255037152796e+00
5.643939177506303306e-02,8.361585784871052862e-01,4.242913994139124512e+00
5.643939177506303306e-02,8.408070341186291152e-01,4.235405649524860650e+00
5.643939177506303306e-02,8.454554897501528332e-01,4.229535525627085235e+00
5.643939177506303306e-02,8.501039453816765512e-01,4.225323728028714143e+00
5.643939177506303306e-02,8.547524010132002692e-01,4.222787090794105858e+00
5.643939177506303306e-02,8.594008566447239872e-01,4.221939110249535609e+00
6.157024557279604238e-02,6.316265307000612506e-01,5.477867398652970010e+00
6.157024557279604238e-02,6.362749863315849685e-01,5.448167471465757750e+00
6.157024557279604238e-02,6.409234419631086865e-01,5.417731970555326626e+00
6.157024557279604238e-02,6.455718975946324045e-01,5.386605719386585278e+00
6.157024557279604238e-02,6.502203532261561225e-01,5.354835625527617715e+00
6.157024557279604238e-02,6.548688088576799515e-01,5.322470598125053520e+00
6.157024557279604238e-02,6.595172644892036695e-01,5.289561460068282095e+00
6.157024557279604238e-02,6.641657201207273875e-01,5.256160854999472498e+00
6.157024557279604238e-02,6.688141757522511055e-01,5.222323149339189285e+00
6.157024557279604238e-02,6.734626313837748235e-01,5.188104329509712898e+00
6.157024557279604238e-02,6.781110870152985415e-01,5.153561894550355404e+00
6.157024557279604238e-02,6.827595426468222595e-01,5.118754744330711759e+00
6.157024557279604238e-02,6.874079982783459775e-01,5.083743063579162502e+00
6.157024557279604238e-02,6.920564539098696955e-01,5.048588201954801846e+00
6.157024557279604238e-02,6.967049095413934134e-01,5.013352550401464214e+00
6.157024557279604238e-02,7.013533651729171314e-01,4.978099414032469028e+00
6.157024557279604238e-02,7.060018208044409604e-01,4.942892881804184846e+00
6.157024557279604238e-02,7.106502764359646784e-01,4.907797693245510295e+00
6.157024557279604238e-02,7.152987320674883964e-01,4.872879102518709260e+00
6.157024557279604238e-02,7.199471876990121144e-01,4.838202740094983412e+00
6.157024557279604238e-02,7.245956433305358324e-01,4.803834472335324790e+00
6.157024557279604238e-02,7.292440989620595504e-01,4.769840259273916416e+00
6.157024557279604238e-02,7.338925545935832684e-01,4.736286010907337918e+00
6.157024557279604238e-02,7.385410102251069864e-01,4.703237442298260795e+00
6.157024557279604238e-02,7.431894658566307044e-01,4.670759927806999556e+00
6.157024557279604238e-02,7.478379214881545334e-01,4.638918354768406971e+00
6.157024557279604238e-02,7.524863771196782514e-01,4.607776976934955471e+00
6.157024557279604238e-02,7.571348327512019694e-01,4.577399268009514799e+00
6.157024557279604238e-02,7.617832883827256873e-01,4.547847775593396591e+00
6.157024557279604238e-02,7.664317440142494053e-01,4.519183975876432058e+00
6.157024557279604238e-02,7.710801996457731233e-01,4.491468129396469777e+00
6.157024557279604238e-02,7.757286552772968413e-01,4.464759138195500299e+00
6.157024557279604238e-02,7.803771109088205593e-01,4.439114404698723426e+00
6.157024557279604238e-02,7.850255665403442773e-01,4.414589692641287755e+00
6.157024557279604238e-02,7.896740221718681063e-01,4.391238990365072148e+00
6.157024557279604238e-02,7.943224778033917133e-01,4.369114376804827060e+00
6.157024557279604238e-02,7.989709334349155423e-01,4.348265890479212636e+00
6.157024557279604238e-02,8.036193890664392603e-01,4.328741401797769228e+00
6.157024557279604238e-02,8.082678446979629783e-01,4.310586488989628151e+00
6.157024557279604238e-02,8.129163003294866963e-01,4.293844317953886325e+00
6.157024557279604238e-02,8.175647559610104143e-01,4.278555526324916869e+00
6.157024557279604238e-02,8.222132115925341322e-01,4.264758112038636639e+00
6.157024557279604238e-02,8.268616672240578502e-01,4.252487326677750090e+00
6.157024557279604238e-02,8.315101228555815682e-01,4.241775573865401050e+00
6.157024557279604238e-02,8.361585784871052862e-01,4.232652312967372765e+00
6.157024557279604238e-02,8.408070341186291152e-01,4.225143968353108903e+00
6.157024557279604238e-02,8.454554897501528332e-01,4.219273844455333489e+00
6.157024557279604238e-02,8.501039453816765512e-01,4.215062046856962397e+00
6.157024557279604238e-02,8.547524010132002692e-01,4.212525409622354111e+00
6.157024557279604238e-02,8.594008566447239872e-01,4.211677429077783863e+00
6.670109937052903781e-02,6.316265307000612506e-01,5.467269803364512626e+00
6.670109937052903781e-02,6.362749863315849685e-01,5.437569876177301254e+00
6.670109937052903781e-02,6.409234419631086865e-01,5.407134375266870130e+00
6.670109937052903781e-02,6.455718975946324045e-01,5.376008124098128782e+00
6.670109937052903781e-02,6.502203532261561225e-01,5.344238030239161219e+00
6.670109937052903781e-02,6.548688088576799515e-01,5.311873002836597024e+00
6.670109937052903781e-02,6.595172644892036695e-01,5.278963864779825599e+00
6.670109937052903781e-02,6.641657201207273875e-01,5.245563259711016002e+00
6.670109937052903781e-02,6.688141757522511055e-01,5.211725554050732789e+00
6.670109937052903781e-02,6.734626313837748235e-01,5.177506734221256401e+00
6.670109937052903781e-02,6.781110870152985415e-01,5.142964299261898908e+00
6.670109937052903781e-02,6.827595426468222595e-01,5.108157149042255263e+00
6.670109937052903781e-02,6.874079982783459775e-01,5.073145468290706006e+00
6.670109937052903781e-02,6.920564539098696955e-01,5.037990606666345350e+00
6.670109937052903781e-02,6.967049095413934134e-01,5.002754955113007718e+00
6.670109937052903781e-02,7.013533651729171314e-01,4.967501818744012532e+00
6.670109937052903781e-02,7.060018208044409604e-01,4.932295286515728350e+00
6.670109937052903781e-02,7.106502764359646784e-01,4.897200097957053799e+00
6.670109937052903781e-02,7.152987320674883964e-01,4.862281507230251876e+00
6.670109937052903781e-02,7.199471876990121144e-01,4.827605144806526916e+00
6.670109937052903781e-02,7.245956433305358324e-01,4.793236877046868294e+00
6.670109937052903781e-02,7.292440989620595504e-01,4.759242663985459920e+00
6.670109937052903781e-02,7.338925545935832684e-01,4.725688415618881422e+00
6.670109937052903781e-02,7.385410102251069864e-01,4.692639847009804299e+00
6.670109937052903781e-02,7.431894658566307044e-01,4.660162332518542172e+00
6.670109937052903781e-02,7.478379214881545334e-01,4.628320759479951363e+00
6.670109937052903781e-02,7.524863771196782514e-01,4.597179381646498975e+00
6.670109937052903781e-02,7.571348327512019694e-01,4.566801672721058303e+00
6.670109937052903781e-02,7.617832883827256873e-01,4.537250180304940983e+00
6.670109937052903781e-02,7.664317440142494053e-01,4.508586380587975562e+00
6.670109937052903781e-02,7.710801996457731233e-01,4.480870534108014169e+00
6.670109937052903781e-02,7.757286552772968413e-01,4.454161542907043803e+00
6.670109937052903781e-02,7.803771109088205593e-01,4.428516809410266930e+00
6.670109937052903781e-02,7.850255665403442773e-01,4.403992097352831259e+00
6.670109937052903781e-02,7.896740221718681063e-01,4.380641395076615652e+00
6.670109937052903781e-02,7.943224778033917133e-01,4.358516781516370564e+00
6.670109937052903781e-02,7.989709334349155423e-01,4.337668295190756140e+00
6.670109937052903781e-02,8.036193890664392603e-01,4.318143806509312732e+00
6.670109937052903781e-02,8.082678446979629783e-01,4.299988893701172543e+00
6.670109937052903781e-02,8.129163003294866963e-01,4.283246722665429829e+00
6.670109937052903781e-02,8.175647559610104143e-01,4.267957931036460373e+00
6.670109937052903781e-02,8.222132115925341322e-01,4.254160516750180143e+00
6.670109937052903781e-02,8.268616672240578502e-01,4.241889731389293594e+00
6.670109937052903781e-02,8.315101228555815682e-01,4.231177978576944554e+00
6.670109937052903781e-02,8.361585784871052862e-01,4.222054717678916269e+00
6.670109937052903781e-02,8.408070341186291152e-01,4.214546373064652407e+00
6.670109937052903781e-02,8.454554897501528332e-01,4.208676249166877881e+00
6.670109937052903781e-02,8.501039453816765512e-01,4.204464451568505901e+00
6.670109937052903781e-02,8.547524010132002692e-01,4.201927814333897615e+00
6.670109937052903781e-02,8.594008566447239872e-01,4.201079833789327367e+00
7.183195316826204713e-02,6.316265307000612506e-01,5.456362705850544614e+00
7.183195316826204713e-02,6.362749863315849685e-01,5.426662778663333242e+00
7.183195316826204713e-02,6.409234419631086865e-01,5.396227277752902118e+00
7.183195316826204713e-02,6.455718975946324045e-01,5.365101026584160770e+00
7.183195316826204713e-02,6.502203532261561225e-01,5.333330932725193207e+00
7.183195316826204713e-02,6.548688088576799515e-01,5.300965905322629013e+00
7.183195316826204713e-02,6.595172644892036695e-01,5.268056767265857587e+00
7.183195316826204713e-02,6.641657201207273875e-01,5.234656162197047991e+00
7.183195316826204713e-02,6.688141757522511055e-01,5.200818456536764778e+00
7.183195316826204713e-02,6.734626313837748235e-01,5.166599636707288390e+00
7.183195316826204713e-02,6.781110870152985415e-01,5.132057201747930897e+00
7.183195316826204713e-02,6.827595426468222595e-01,5.097250051528287251e+00
7.183195316826204713e-02,6.874079982783459775e-01,5.062238370776737995e+00
7.183195316826204713e-02,6.920564539098696955e-01,5.027083509152377339e+00
7.183195316826204713e-02,6.967049095413934134e-01,4.991847857599039706e+00
7.183195316826204713e-02,7.013533651729171314e-01,4.956594721230044520e+00
7.183195316826204713e-02,7.060018208044409604e-01,4.921388189001760338e+00
7.183195316826204713e-02,7.106502764359646784e-01,4.886293000443085788e+00
7.183195316826204713e-02,7.152987320674883964e-01,4.851374409716283864e+00
7.183195316826204713e-02,7.199471876990121144e-01,4.816698047292558904e+00
7.183195316826204713e-02,7.245956433305358324e-01,4.782329779532900282e+00
7.183195316826204713e-02,7.292440989620595504e-01,4.748335566471491909e+00
7.183195316826204713e-02,7.338925545935832684e-01,4.714781318104913410e+00
7.183195316826204713e-02,7.385410102251069864e-01,4.681732749495836288e+00
7.183195316826204713e-02,7.431894658566307044e-01,4.649255235004574160e+00
7.183195316826204713e-02,7.478379214881545334e-01,4.617413661965983351e+00
7.183195316826204713e-02,7.524863771196782514e-01,4.586272284132530963e+00
7.183195316826204713e-02,7.571348327512019694e-01,4.555894575207090291e+00
7.183195316826204713e-02,7.617832883827256873e-01,4.526343082790972971e+00
7.183195316826204713e-02,7.664317440142494053e-01,4.497679283074007550e+00
7.183195316826204713e-02,7.710801996457731233e-01,4.469963436594046158e+00
7.183195316826204713e-02,7.757286552772968413e-01,4.443254445393075791e+00
7.183195316826204713e-02,7.803771109088205593e-01,4.417609711896298919e+00
7.183195316826204713e-02,7.850255665403442773e-01,4.393084999838863247e+00
7.183195316826204713e-02,7.896740221718681063e-01,4.369734297562647640e+00
7.183195316826204713e-02,7.943224778033917133e-01,4.347609684002402552e+00
7.183195316826204713e-02,7.989709334349155423e-01,4.326761197676788129e+00
7.183195316826204713e-02,8.036193890664392603e-01,4.307236708995344721e+00
7.183195316826204713e-02,8.082678446979629783e-01,4.289081796187204532e+00
7.183195316826204713e-02,8.129163003294866963e-01,4.272339625151461817e+00
7.183195316826204713e-02,8.175647559610104143e-01,4.257050833522492361e+00
7.183195316826204713e-02,8.222132115925341322e-01,4.243253419236212132e+00
7.183195316826204713e-02,8.268616672240578502e-01,4.230982633875325583e+00
7.183195316826204713e-02,8.315101228555815682e-01,4.220270881062976542e+00
7.183195316826204713e-02,8.361585784871052862e-01,4.211147620164948258e+00
7.183195316826204713e-02,8.408070341186291152e-01,4.203639275550684395e+00
7.183195316826204713e-02,8.454554897501528332e-01,4.197769151652909869e+00
7.183195316826204713e-02,8.501039453816765512e-01,4.193557354054537889e+00
7.183195316826204713e-02,8.547524010132002692e-01,4.191020716819929604e+00
7.183195316826204713e-02,8.594008566447239872e-01,4.190172736275359355e+00
7.696280696599504256e-02,6.316265307000612506e-01,5.445174179606667053e+00
7.696280696599504256e-02,6.362749863315849685e-01,5.415474252419455681e+00
7.696280696599504256e-02,6.409234419631086865e-01,5.385038751509024557e+00
7.696280696599504256e-02,6.455718975946324045e-01,5.353912500340283209e+00
7.696280696599504256e-02,6.502203532261561225e-01,5.322142406481315646e+00
7.696280696599504256e-02,6.548688088576799515e-01,5.289777379078751451e+00
7.696280696599504256e-02,6.595172644892036695e-01,5.256868241021980026e+00
7.696280696599504256e-02,6.641657201207273875e-01,5.223467635953170429e+00
7.696280696599504256e-02,6.688141757522511055e-01,5.189629930292887217e+00
7.696280696599504256e-02,6.734626313837748235e-01,5.155411110463410829e+00
7.696280696599504256e-02,6.781110870152985415e-01,5.120868675504053336e+00
7.696280696599504256e-02,6.827595426468222595e-01,5.086061525284409690e+00
7.696280696599504256e-02,6.874079982783459775e-01,5.051049844532860433e+00
7.696280696599504256e-02,6.920564539098696955e-01,5.015894982908499777e+00
7.696280696599504256e-02,6.967049095413934134e-01,4.980659331355162145e+00
7.696280696599504256e-02,7.013533651729171314e-01,4.945406194986166959e+00
7.696280696599504256e-02,7.060018208044409604e-01,4.910199662757882777e+00
7.696280696599504256e-02,7.106502764359646784e-01,4.875104474199208227e+00
7.696280696599504256e-02,7.152987320674883964e-01,4.840185883472406303e+00
7.696280696599504256e-02,7.199471876990121144e-01,4.805509521048681343e+00
7.696280696599504256e-02,7.245956433305358324e-01,4.771141253289022721e+00
7.696280696599504256e-02,7.292440989620595504e-01,4.737147040227614347e+00
7.696280696599504256e-02,7.338925545935832684e-01,4.703592791861035849e+00
7.696280696599504256e-02,7.385410102251069864e-01,4.670544223251958726e+00
7.696280696599504256e-02,7.431894658566307044e-01,4.638066708760696599e+00
7.696280696599504256e-02,7.478379214881545334e-01,4.606225135722105790e+00
7.696280696599504256e-02,7.524863771196782514e-01,4.575083757888653402e+00
7.696280696599504256e-02,7.571348327512019694e-01,4.544706048963212730e+00
7.696280696599504256e-02,7.617832883827256873e-01,4.515154556547095410e+00
7.696280696599504256e-02,7.664317440142494053e-01,4.486490756830129989e+00
7.696280696599504256e-02,7.710801996457731233e-01,4.458774910350168597e+00
7.696280696599504256e-02,7.757286552772968413e-01,4.432065919149198230e+00
7.696280696599504256e-02,7.803771109088205593e-01,4.406421185652421357e+00
7.696280696599504256e-02,7.850255665403442773e-01,4.381896473594985686e+00
7.696280696599504256e-02,7.896740221718681063e-01,4.358545771318770079e+00
7.696280696599504256e-02,7.943224778033917133e-01,4.336421157758524991e+00
7.696280696599504256e-02,7.989709334349155423e-01,4.315572671432910568e+00
7.696280696599504256e-02,8.036193890664392603e-01,4.296048182751467159e+00
7.696280696599504256e-02,8.082678446979629783e-01,4.277893269943326970e+00
7.696280696599504256e-02,8.129163003294866963e-01,4.261151098907584256e+00
7.696280696599504256e-02,8.175647559610104143e-01,4.245862307278614800e+00
7.696280696599504256e-02,8.222132115925341322e-01,4.232064892992334570e+00
7.696280696599504256e-02,8.268616672240578502e-01,4.219794107631448021e+00
7.696280696599504256e-02,8.315101228555815682e-01,4.209082354819098981e+00
7.696280696599504256e-02,8.361585784871052862e-01,4.199959093921070696e+00
7.696280696599504256e-02,8.408070341186291152e-01,4.192450749306806834e+00
7.696280696599504256e-02,8.454554897501528332e-01,4.186580625409032308e+00
7.696280696599504256e-02,8.501039453816765512e-01,4.182368827810660328e+00
7.696280696599504256e-02,8.547524010132002692e-01,4.179832190576052042e+00
7.696280696599504256e-02,8.594008566447239872e-01,4.178984210031481794e+00
8.209366076372805188e-02,6.316265307000612506e-01,5.433733860036779717e+00
8.209366076372805188e-02,6.362749863315849685e-01,5.404033932849567456e+00
8.209366076372805188e-02,6.409234419631086865e-01,5.373598431939136333e+00
8.209366076372805188e-02,6.455718975946324045e-01,5.342472180770394985e+00
8.209366076372805188e-02,6.502203532261561225e-01,5.310702086911427422e+00
8.209366076372805188e-02,6.548688088576799515e-01,5.278337059508863227e+00
8.209366076372805188e-02,6.595172644892036695e-01,5.245427921452091802e+00
8.209366076372805188e-02,6.641657201207273875e-01,5.212027316383282205e+00
8.209366076372805188e-02,6.688141757522511055e-01,5.178189610722998992e+00
8.209366076372805188e-02,6.734626313837748235e-01,5.143970790893522604e+00
8.209366076372805188e-02,6.781110870152985415e-01,5.109428355934165111e+00
8.209366076372805188e-02,6.827595426468222595e-01,5.074621205714521466e+00
8.209366076372805188e-02,6.874079982783459775e-01,5.039609524962972209e+00
8.209366076372805188e-02,6.920564539098696955e-01,5.004454663338611553e+00
8.209366076372805188e-02,6.967049095413934134e-01,4.969219011785273921e+00
8.209366076372805188e-02,7.013533651729171314e-01,4.933965875416278735e+00
8.209366076372805188e-02,7.060018208044409604e-01,4.898759343187994553e+00
8.209366076372805188e-02,7.106502764359646784e-01,4.863664154629320002e+00
8.209366076372805188e-02,7.152987320674883964e-01,4.828745563902518967e+00
8.209366076372805188e-02,7.199471876990121144e-01,4.794069201478793119e+00
8.209366076372805188e-02,7.245956433305358324e-01,4.759700933719134497e+00
8.209366076372805188e-02,7.292440989620595504e-01,4.725706720657726123e+00
8.209366076372805188e-02,7.338925545935832684e-01,4.692152472291147625e+00
8.209366076372805188e-02,7.385410102251069864e-01,4.659103903682070502e+00
8.209366076372805188e-02,7.431894658566307044e-01,4.626626389190809263e+00
8.209366076372805188e-02,7.478379214881545334e-01,4.594784816152216678e+00
8.209366076372805188e-02,7.524863771196782514e-01,4.563643438318765178e+00
8.209366076372805188e-02,7.571348327512019694e-01,4.533265729393324506e+00
8.209366076372805188e-02,7.617832883827256873e-01,4.503714236977206298e+00
8.209366076372805188e-02,7.664317440142494053e-01,4.475050437260241765e+00
8.209366076372805188e-02,7.710801996457731233e-01,4.447334590780279484e+00
8.209366076372805188e-02,7.757286552772968413e-01,4.420625599579310006e+00
8.209366076372805188e-02,7.803771109088205593e-01,4.394980866082533133e+00
8.209366076372805188e-02,7.850255665403442773e-01,4.370456154025097462e+00
8.209366076372805188e-02,7.896740221718681063e-01,4.347105451748881855e+00
8.209366076372805188e-02,7.943224778033917133e-01,4.324980838188636767e+00
8.209366076372805188e-02,7.989709334349155423e-01,4.304132351863022343e+00
8.209366076372805188e-02,8.036193890664392603e-01,4.284607863181578935e+00
8.209366076372805188e-02,8.082678446979629783e-01,4.266452950373437858e+00
8.209366076372805188e-02,8.129163003294866963e-01,4.249710779337696032e+00
8.209366076372805188e-02,8.175647559610104143e-01,4.234421987708726576e+00
8.209366076372805188e-02,8.222132115925341322e-01,4.220624573422446346e+00
8.209366076372805188e-02,8.268616672240578502e-01,4.208353788061559797e+00
8.209366076372805188e-02,8.315101228555815682e-01,4.197642035249210757e+00
8.209366076372805188e-02,8.361585784871052862e-01,4.188518774351182472e+00
8.209366076372805188e-02,8.408070341186291152e-01,4.181010429736918610e+00
8.209366076372805188e-02,8.454554897501528332e-01,4.175140305839143195e+00
8.209366076372805188e-02,8.501039453816765512e-01,4.170928508240772103e+00
8.209366076372805188e-02,8.547524010132002692e-01,4.168391871006163818e+00
8.209366076372805188e-02,8.594008566447239872e-01,4.167543890461593570e+00
8.722451456146106119e-02,6.316265307000612506e-01,5.422072838991907062e+00
8.722451456146106119e-02,6.362749863315849685e-01,5.392372911804694802e+00
8.722451456146106119e-02,6.409234419631086865e-01,5.361937410894263678e+00
8.722451456146106119e-02,6.455718975946324045e-01,5.330811159725522330e+00
8.722451456146106119e-02,6.502203532261561225e-01,5.299041065866554767e+00
8.722451456146106119e-02,6.548688088576799515e-01,5.266676038463990572e+00
8.722451456146106119e-02,6.595172644892036695e-01,5.233766900407219147e+00
8.722451456146106119e-02,6.641657201207273875e-01,5.200366295338409550e+00
8.722451456146106119e-02,6.688141757522511055e-01,5.166528589678126338e+00
8.722451456146106119e-02,6.734626313837748235e-01,5.132309769848649950e+00
8.722451456146106119e-02,6.781110870152985415e-01,5.097767334889292457e+00
8.722451456146106119e-02,6.827595426468222595e-01,5.062960184669648811e+00
8.722451456146106119e-02,6.874079982783459775e-01,5.027948503918099554e+00
8.722451456146106119e-02,6.920564539098696955e-01,4.992793642293738898e+00
8.722451456146106119e-02,6.967049095413934134e-01,4.957557990740401266e+00
8.722451456146106119e-02,7.013533651729171314e-01,4.922304854371406080e+00
8.722451456146106119e-02,7.060018208044409604e-01,4.887098322143121898e+00
8.722451456146106119e-02,7.106502764359646784e-01,4.852003133584447347e+00
8.722451456146106119e-02,7.152987320674883964e-01,4.817084542857646312e+00
8.722451456146106119e-02,7.199471876990121144e-01,4.782408180433920464e+00
8.722451456146106119e-02,7.245956433305358324e-01,4.748039912674261842e+00
8.722451456146106119e-02,7.292440989620595504e-01,4.714045699612853468e+00
8.722451456146106119e-02,7.338925545935832684e-01,4.680491451246274970e+00
8.722451456146106119e-02,7.385410102251069864e-01,4.647442882637197847e+00
8.722451456146106119e-02,7.431894658566307044e-01,4.614965368145936608e+00
8.722451456146106119e-02,7.478379214881545334e-01,4.583123795107344023e+00
8.722451456146106119e-02,7.524863771196782514e-01,4.551982417273892523e+00
8.722451456146106119e-02,7.571348327512019694e-01,4.521604708348451851e+00
8.722451456146106119e-02,7.617832883827256873e-01,4.492053215932333643e+00
8.722451456146106119e-02,7.664317440142494053e-01,4.463389416215369110e+00
8.722451456146106119e-02,7.710801996457731233e-01,4.435673569735406829e+00
8.722451456146106119e-02,7.757286552772968413e-01,4.408964578534437351e+00
8.722451456146106119e-02,7.803771109088205593e-01,4.383319845037660478e+00
8.722451456146106119e-02,7.850255665403442773e-01,4.358795132980224807e+00
8.722451456146106119e-02,7.896740221718681063e-01,4.335444430704009200e+00
8.722451456146106119e-02,7.943224778033917133e-01,4.313319817143764112e+00
8.722451456146106119e-02,7.989709334349155423e-01,4.292471330818149688e+00
8.722451456146106119e-02,8.036193890664392603e-01,4.272946842136706280e+00
8.722451456146106119e-02,8.082678446979629783e-01,4.254791929328565203e+00
8.722451456146106119e-02,8.129163003294866963e-01,4.238049758292823377e+00
8.722451456146106119e-02,8.175647559610104143e-01,4.222760966663853921e+00
8.722451456146106119e-02,8.222132115925341322e-01,4.208963552377573691e+00
8.722451456146106119e-02,8.268616672240578502e-01,4.196692767016687142e+00
8.722451456146106119e-02,8.315101228555815682e-01,4.185981014204338102e+00
8.722451456146106119e-02,8.361585784871052862e-01,4.176857753306309817e+00
8.722451456146106119e-02,8.408070341186291152e-01,4.169349408692045955e+00
8.722451456146106119e-02,8.454554897501528332e-01,4.163479284794270541e+00
8.722451456146106119e-02,8.501039453816765512e-01,4.159267487195899449e+00
8.722451456146106119e-02,8.547524010132002692e-01,4.156730849961291163e+00
8.722451456146106119e-02,8.594008566447239872e-01,4.155882869416720915e+00
9.235536835919405663e-02,6.316265307000612506e-01,5.410223553875129099e+00
9.235536835919405663e-02,6.362749863315849685e-01,5.380523626687916838e+00
9.235536835919405663e-02,6.409234419631086865e-01,5.350088125777485715e+00
9.235536835919405663e-02,6.455718975946324045e-01,5.318961874608744367e+00
9.235536835919405663e-02,6.502203532261561225e-01,5.287191780749776804e+00
9.235536835919405663e-02,6.548688088576799515e-01,5.254826753347212609e+00
9.235536835919405663e-02,6.595172644892036695e-01,5.221917615290441184e+00
9.235536835919405663e-02,6.641657201207273875e-01,5.188517010221631587e+00
9.235536835919405663e-02,6.688141757522511055e-01,5.154679304561348374e+00
9.235536835919405663e-02,6.734626313837748235e-01,5.120460484731871986e+00
9.235536835919405663e-02,6.781110870152985415e-01,5.085918049772514493e+00
9.235536835919405663e-02,6.827595426468222595e-01,5.051110899552870848e+00
9.235536835919405663e-02,6.874079982783459775e-01,5.016099218801321591e+00
9.235536835919405663e-02,6.920564539098696955e-01,4.980944357176960935e+00
9.235536835919405663e-02,6.967049095413934134e-01,4.945708705623623302e+00
9.235536835919405663e-02,7.013533651729171314e-01,4.910455569254628116e+00
9.235536835919405663e-02,7.060018208044409604e-01,4.875249037026343935e+00
9.235536835919405663e-02,7.106502764359646784e-01,4.840153848467669384e+00
9.235536835919405663e-02,7.152987320674883964e-01,4.805235257740868349e+00
9.235536835919405663e-02,7.199471876990121144e-01,4.770558895317142500e+00
9.235536835919405663e-02,7.245956433305358324e-01,4.736190627557483879e+00
9.235536835919405663e-02,7.292440989620595504e-01,4.702196414496075505e+00
9.235536835919405663e-02,7.338925545935832684e-01,4.668642166129497006e+00
9.235536835919405663e-02,7.385410102251069864e-01,4.635593597520419884e+00
9.235536835919405663e-02,7.431894658566307044e-01,4.603116083029158645e+00
9.235536835919405663e-02,7.478379214881545334e-01,4.571274509990566060e+00
9.235536835919405663e-02,7.524863771196782514e-01,4.540133132157114559e+00
9.235536835919405663e-02,7.571348327512019694e-01,4.509755423231673888e+00
9.235536835919405663e-02,7.617832883827256873e-01,4.480203930815555680e+00
9.235536835919405663e-02,7.664317440142494053e-01,4.451540131098591146e+00
9.235536835919405663e-02,7.710801996457731233e-01,4.423824284618628866e+00
9.235536835919405663e-02,7.757286552772968413e-01,4.397115293417659387e+00
9.235536835919405663e-02,7.803771109088205593e-01,4.371470559920882515e+00
9.235536835919405663e-02,7.850255665403442773e-01,4.346945847863446843e+00
9.235536835919405663e-02,7.896740221718681063e-01,4.323595145587231237e+00
9.235536835919405663e-02,7.943224778033917133e-01,4.301470532026986149e+00
9.235536835919405663e-02,7.989709334349155423e-01,4.280622045701371725e+00
9.235536835919405663e-02,8.036193890664392603e-01,4.261097557019928317e+00
9.235536835919405663e-02,8.082678446979629783e-01,4.242942644211787240e+00
9.235536835919405663e-02,8.129163003294866963e-01,4.226200473176045413e+00
9.235536835919405663e-02,8.175647559610104143e-01,4.210911681547075958e+00
9.235536835919405663e-02,8.222132115925341322e-01,4.197114267260795728e+00
9.235536835919405663e-02,8.268616672240578502e-01,4.184843481899909179e+00
9.235536835919405663e-02,8.315101228555815682e-01,4.174131729087560139e+00
9.235536835919405663e-02,8.361585784871052862e-01,4.165008468189531854e+00
9.235536835919405663e-02,8.408070341186291152e-01,4.157500123575267992e+00
9.235536835919405663e-02,8.454554897501528332e-01,4.151629999677492577e+00
9.235536835919405663e-02,8.501039453816765512e-01,4.147418202079121485e+00
9.235536835919405663e-02,8.547524010132002692e-01,4.144881564844513200e+00
9.235536835919405663e-02,8.594008566447239872e-01,4.144033584299942952e+00
9.748622215692706594e-02,6.316265307000612506e-01,5.398219671661168562e+00
9.748622215692706594e-02,6.362749863315849685e-01,5.368519744473957189e+00
9.748622215692706594e-02,6.409234419631086865e-01,5.338084243563526066e+00
9.748622215692706594e-02,6.455718975946324045e-01,5.306957992394784718e+00
9.748622215692706594e-02,6.502203532261561225e-01,5.275187898535817155e+00
9.748622215692706594e-02,6.548688088576799515e-01,5.242822871133252960e+00
9.748622215692706594e-02,6.595172644892036695e-01,5.209913733076481535e+00
9.748622215692706594e-02,6.641657201207273875e-01,5.176513128007671938e+00
9.748622215692706594e-02,6.688141757522511055e-01,5.142675422347388725e+00
9.748622215692706594e-02,6.734626313837748235e-01,5.108456602517912337e+00
9.748622215692706594e-02,6.781110870152985415e-01,5.073914167558554844e+00
9.748622215692706594e-02,6.827595426468222595e-01,5.039107017338911199e+00
9.748622215692706594e-02,6.874079982783459775e-01,5.004095336587361942e+00
9.748622215692706594e-02,6.920564539098696955e-01,4.968940474963001286e+00
9.748622215692706594e-02,6.967049095413934134e-01,4.933704823409663653e+00
9.748622215692706594e-02,7.013533651729171314e-01,4.898451687040668467e+00
9.748622215692706594e-02,7.060018208044409604e-01,4.863245154812384285e+00
9.748622215692706594e-02,7.106502764359646784e-01,4.828149966253709735e+00
9.748622215692706594e-02,7.152987320674883964e-01,4.793231375526907811e+00
9.748622215692706594e-02,7.199471876990121144e-01,4.758555013103182851e+00
9.748622215692706594e-02,7.245956433305358324e-01,4.724186745343524230e+00
9.748622215692706594e-02,7.292440989620595504e-01,4.690192532282115856e+00
9.748622215692706594e-02,7.338925545935832684e-01,4.656638283915537357e+00
9.748622215692706594e-02,7.385410102251069864e-01,4.623589715306460235e+00
9.748622215692706594e-02,7.431894658566307044e-01,4.591112200815198108e+00
9.748622215692706594e-02,7.478379214881545334e-01,4.559270627776607299e+00
9.748622215692706594e-02,7.524863771196782514e-01,4.528129249943154910e+00
9.748622215692706594e-02,7.571348327512019694e-01,4.497751541017714239e+00
9.748622215692706594e-02,7.617832883827256873e-01,4.468200048601596919e+00
9.748622215692706594e-02,7.664317440142494053e-01,4.439536248884631497e+00
9.748622215692706594e-02,7.710801996457731233e-01,4.411820402404670105e+00
9.748622215692706594e-02,7.757286552772968413e-01,4.385111411203699738e+00
9.748622215692706594e-02,7.803771109088205593e-01,4.359466677706922866e+00
9.748622215692706594e-02,7.850255665403442773e-01,4.334941965649487194e+00
9.748622215692706594e-02,7.896740221718681063e-01,4.311591263373271588e+00
9.748622215692706594e-02,7.943224778033917133e-01,4.289466649813026500e+00
9.748622215692706594e-02,7.989709334349155423e-01,4.268618163487412076e+00
9.748622215692706594e-02,8.036193890664392603e-01,4.249093674805968668e+00
9.748622215692706594e-02,8.082678446979629783e-01,4.230938761997828479e+00
9.748622215692706594e-02,8.129163003294866963e-01,4.214196590962085764e+00
9.748622215692706594e-02,8.175647559610104143e-01,4.198907799333116309e+00
9.748622215692706594e-02,8.222132115925341322e-01,4.185110385046836079e+00
9.748622215692706594e-02,8.268616672240578502e-01,4.172839599685949530e+00
9.748622215692706594e-02,8.315101228555815682e-01,4.162127846873600490e+00
9.748622215692706594e-02,8.361585784871052862e-01,4.153004585975572205e+00
9.748622215692706594e-02,8.408070341186291152e-01,4.145496241361308343e+00
9.748622215692706594e-02,8.454554897501528332e-01,4.139626117463533816e+00
9.748622215692706594e-02,8.501039453816765512e-01,4.135414319865161836e+00
9.748622215692706594e-02,8.547524010132002692e-01,4.132877682630553551e+00
9.748622215692706594e-02,8.594008566447239872e-01,4.132029702085983303e+00
1.026170759546600614e-01,6.316265307000612506e-01,5.386095968195682815e+00
1.026170759546600614e-01,6.362749863315849685e-01,5.356396041008470554e+00
1.026170759546600614e-01,6.409234419631086865e-01,5.325960540098039431e+00
1.026170759546600614e-01,6.455718975946324045e-01,5.294834288929298083e+00
1.026170759546600614e-01,6.502203532261561225e-01,5.263064195070330520e+00
1.026170759546600614e-01,6.548688088576799515e-01,5.230699167667766325e+00
1.026170759546600614e-01,6.595172644892036695e-01,5.197790029610994900e+00
1.026170759546600614e-01,6.641657201207273875e-01,5.164389424542185303e+00
1.026170759546600614e-01,6.688141757522511055e-01,5.130551718881902090e+00
1.026170759546600614e-01,6.734626313837748235e-01,5.096332899052425702e+00
1.026170759546600614e-01,6.781110870152985415e-01,5.061790464093068209e+00
1.026170759546600614e-01,6.827595426468222595e-01,5.026983313873424564e+00
1.026170759546600614e-01,6.874079982783459775e-01,4.991971633121875307e+00
1.026170759546600614e-01,6.920564539098696955e-01,4.956816771497514651e+00
1.026170759546600614e-01,6.967049095413934134e-01,4.921581119944177019e+00
1.026170759546600614e-01,7.013533651729171314e-01,4.886327983575181833e+00
1.026170759546600614e-01,7.060018208044409604e-01,4.851121451346897651e+00
1.026170759546600614e-01,7.106502764359646784e-01,4.816026262788223100e+00
1.026170759546600614e-01,7.152987320674883964e-01,4.781107672061422065e+00
1.026170759546600614e-01,7.199471876990121144e-01,4.746431309637696216e+00
1.026170759546600614e-01,7.245956433305358324e-01,4.712063041878037595e+00
1.026170759546600614e-01,7.292440989620595504e-01,4.678068828816629221e+00
1.026170759546600614e-01,7.338925545935832684e-01,4.644514580450050723e+00
1.026170759546600614e-01,7.385410102251069864e-01,4.611466011840973600e+00
1.026170759546600614e-01,7.431894658566307044e-01,4.578988497349712361e+00
1.026170759546600614e-01,7.478379214881545334e-01,4.547146924311119776e+00
1.026170759546600614e-01,7.524863771196782514e-01,4.516005546477668275e+00
1.026170759546600614e-01,7.571348327512019694e-01,4.485627837552227604e+00
1.026170759546600614e-01,7.617832883827256873e-01,4.456076345136109396e+00
1.026170759546600614e-01,7.664317440142494053e-01,4.427412545419144863e+00
1.026170759546600614e-01,7.710801996457731233e-01,4.399696698939182582e+00
1.026170759546600614e-01,7.757286552772968413e-01,4.372987707738213103e+00
1.026170759546600614e-01,7.803771109088205593e-01,4.347342974241436231e+00
1.026170759546600614e-01,7.850255665403442773e-01,4.322818262184000560e+00
1.026170759546600614e-01,7.896740221718681063e-01,4.299467559907784953e+00
1.026170759546600614e-01,7.943224778033917133e-01,4.277342946347539865e+00
1.026170759546600614e-01,7.989709334349155423e-01,4.256494460021925441e+00
1.026170759546600614e-01,8.036193890664392603e-01,4.236969971340482033e+00
1.026170759546600614e-01,8.082678446979629783e-01,4.218815058532340956e+00
1.026170759546600614e-01,8.129163003294866963e-01,4.202072887496599130e+00
1.026170759546600614e-01,8.175647559610104143e-01,4.186784095867629674e+00
1.026170759546600614e-01,8.222132115925341322e-01,4.172986681581349444e+00
1.026170759546600614e-01,8.268616672240578502e-01,4.160715896220462895e+00
1.026170759546600614e-01,8.315101228555815682e-01,4.150004143408113855e+00
1.026170759546600614e-01,8.361585784871052862e-01,4.140880882510085570e+00
1.026170759546600614e-01,8.408070341186291152e-01,4.133372537895821708e+00
1.026170759546600614e-01,8.454554897501528332e-01,4.127502413998046293e+00
1.026170759546600614e-01,8.501039453816765512e-01,4.123290616399675201e+00
1.026170759546600614e-01,8.547524010132002692e-01,4.120753979165066916e+00
1.026170759546600614e-01,8.594008566447239872e-01,4.119905998620496668e+00
1.077479297523930707e-01,6.316265307000612506e-01,5.373888203154578491e+00
1.077479297523930707e-01,6.362749863315849685e-01,5.344188275967367119e+00
1.077479297523930707e-01,6.409234419631086865e-01,5.313752775056935995e+00
1.077479297523930707e-01,6.455718975946324045e-01,5.282626523888194647e+00
1.077479297523930707e-01,6.502203532261561225e-01,5.250856430029227084e+00
1.077479297523930707e-01,6.548688088576799515e-01,5.218491402626662889e+00
1.077479297523930707e-01,6.595172644892036695e-01,5.185582264569891464e+00
1.077479297523930707e-01,6.641657201207273875e-01,5.152181659501081867e+00
1.077479297523930707e-01,6.688141757522511055e-01,5.118343953840798655e+00
1.077479297523930707e-01,6.734626313837748235e-01,5.084125134011322267e+00
1.077479297523930707e-01,6.781110870152985415e-01,5.049582699051964774e+00
1.077479297523930707e-01,6.827595426468222595e-01,5.014775548832321128e+00
1.077479297523930707e-01,6.874079982783459775e-01,4.979763868080771871e+00
1.077479297523930707e-01,6.920564539098696955e-01,4.944609006456411215e+00
1.077479297523930707e-01,6.967049095413934134e-01,4.909373354903073583e+00
1.077479297523930707e-01,7.013533651729171314e-01,4.874120218534078397e+00
1.077479297523930707e-01,7.060018208044409604e-01,4.838913686305794215e+00
1.077479297523930707e-01,7.106502764359646784e-01,4.803818497747119665e+00
1.077479297523930707e-01,7.152987320674883964e-01,4.768899907020317741e+00
1.077479297523930707e-01,7.199471876990121144e-01,4.734223544596592781e+00
1.077479297523930707e-01,7.245956433305358324e-01,4.699855276836934159e+00
1.077479297523930707e-01,7.292440989620595504e-01,4.665861063775525786e+00
1.077479297523930707e-01,7.338925545935832684e-01,4.632306815408947287e+00
1.077479297523930707e-01,7.385410102251069864e-01,4.599258246799870165e+00
1.077479297523930707e-01,7.431894658566307044e-01,4.566780732308608037e+00
1.077479297523930707e-01,7.478379214881545334e-01,4.534939159270017228e+00
1.077479297523930707e-01,7.524863771196782514e-01,4.503797781436564840e+00
1.077479297523930707e-01,7.571348327512019694e-01,4.473420072511124168e+00
1.077479297523930707e-01,7.617832883827256873e-01,4.443868580095006848e+00
1.077479297523930707e-01,7.664317440142494053e-01,4.415204780378041427e+00
1.077479297523930707e-01,7.710801996457731233e-01,4.387488933898080035e+00
1.077479297523930707e-01,7.757286552772968413e-01,4.360779942697109668e+00
1.077479297523930707e-01,7.803771109088205593e-01,4.335135209200332795e+00
1.077479297523930707e-01,7.850255665403442773e-01,4.310610497142897124e+00
1.077479297523930707e-01,7.896740221718681063e-01,4.287259794866681517e+00
1.077479297523930707e-01,7.943224778033917133e-01,4.265135181306436429e+00
1.077479297523930707e-01,7.989709334349155423e-01,4.244286694980822006e+00
1.077479297523930707e-01,8.036193890664392603e-01,4.224762206299378597e+00
1.077479297523930707e-01,8.082678446979629783e-01,4.206607293491238408e+00
1.077479297523930707e-01,8.129163003294866963e-01,4.189865122455495694e+00
1.077479297523930707e-01,8.175647559610104143e-01,4.174576330826526238e+00
1.077479297523930707e-01,8.222132115925341322e-01,4.160778916540246009e+00
1.077479297523930707e-01,8.268616672240578502e-01,4.148508131179359459e+00
1.077479297523930707e-01,8.315101228555815682e-01,4.137796378367010419e+00
1.077479297523930707e-01,8.361585784871052862e-01,4.128673117468982134e+00
1.077479297523930707e-01,8.408070341186291152e-01,4.121164772854718272e+00
1.077479297523930707e-01,8.454554897501528332e-01,4.115294648956943746e+00
1.077479297523930707e-01,8.501039453816765512e-01,4.111082851358571766e+00
1.077479297523930707e-01,8.547524010132002692e-01,4.108546214123963480e+00
1.077479297523930707e-01,8.594008566447239872e-01,4.107698233579393232e+00
1.128787835501260661e-01,6.316265307000612506e-01,5.361632991057991404e+00
1.128787835501260661e-01,6.362749863315849685e-01,5.331933063870780032e+00
1.128787835501260661e-01,6.409234419631086865e-01,5.301497562960348908e+00
1.128787835501260661e-01,6.455718975946324045e-01,5.270371311791607560e+00
1.128787835501260661e-01,6.502203532261561225e-01,5.238601217932639997e+00
1.128787835501260661e-01,6.548688088576799515e-01,5.206236190530075802e+00
1.128787835501260661e-01,6.595172644892036695e-01,5.173327052473304377e+00
1.128787835501260661e-01,6.641657201207273875e-01,5.139926447404494780e+00
1.128787835501260661e-01,6.688141757522511055e-01,5.106088741744211568e+00
1.128787835501260661e-01,6.734626313837748235e-01,5.071869921914735180e+00
1.128787835501260661e-01,6.781110870152985415e-01,5.037327486955377687e+00
1.128787835501260661e-01,6.827595426468222595e-01,5.002520336735734041e+00
1.128787835501260661e-01,6.874079982783459775e-01,4.967508655984184784e+00
1.128787835501260661e-01,6.920564539098696955e-01,4.932353794359824128e+00
1.128787835501260661e-01,6.967049095413934134e-01,4.897118142806486496e+00
1.128787835501260661e-01,7.013533651729171314e-01,4.861865006437491310e+00
1.128787835501260661e-01,7.060018208044409604e-01,4.826658474209207128e+00
1.128787835501260661e-01,7.106502764359646784e-01,4.791563285650532578e+00
1.128787835501260661e-01,7.152987320674883964e-01,4.756644694923730654e+00
1.128787835501260661e-01,7.199471876990121144e-01,4.721968332500005694e+00
1.128787835501260661e-01,7.245956433305358324e-01,4.687600064740347072e+00
1.128787835501260661e-01,7.292440989620595504e-01,4.653605851678938699e+00
1.128787835501260661e-01,7.338925545935832684e-01,4.620051603312360200e+00
1.128787835501260661e-01,7.385410102251069864e-01,4.587003034703283078e+00
1.128787835501260661e-01,7.431894658566307044e-01,4.554525520212020950e+00
1.128787835501260661e-01,7.478379214881545334e-01,4.522683947173430141e+00
1.128787835501260661e-01,7.524863771196782514e-01,4.491542569339977753e+00
1.128787835501260661e-01,7.571348327512019694e-01,4.461164860414537081e+00
1.128787835501260661e-01,7.617832883827256873e-01,4.431613367998419761e+00
1.128787835501260661e-01,7.664317440142494053e-01,4.402949568281454340e+00
1.128787835501260661e-01,7.710801996457731233e-01,4.375233721801492948e+00
1.128787835501260661e-01,7.757286552772968413e-01,4.348524730600522581e+00
1.128787835501260661e-01,7.803771109088205593e-01,4.322879997103745708e+00
1.128787835501260661e-01,7.850255665403442773e-01,4.298355285046310037e+00
1.128787835501260661e-01,7.896740221718681063e-01,4.275004582770094430e+00
1.128787835501260661e-01,7.943224778033917133e-01,4.252879969209849342e+00
1.128787835501260661e-01,7.989709334349155423e-01,4.232031482884234919e+00
1.128787835501260661e-01,8.036193890664392603e-01,4.212506994202791510e+00
1.128787835501260661e-01,8.082678446979629783e-01,4.194352081394651321e+00
1.128787835501260661e-01,8.129163003294866963e-01,4.177609910358908607e+00
1.128787835501260661e-01,8.175647559610104143e-01,4.162321118729939151e+00
1.128787835501260661e-01,8.222132115925341322e-01,4.148523704443658922e+00
1.128787835501260661e-01,8.268616672240578502e-01,4.136252919082772372e+00
1.128787835501260661e-01,8.315101228555815682e-01,4.125541166270423332e+00
1.128787835501260661e-01,8.361585784871052862e-01,4.116417905372395047e+00
1.128787835501260661e-01,8.408070341186291152e-01,4.108909560758131185e+00
1.128787835501260661e-01,8.454554897501528332e-01,4.103039436860356659e+00
1.128787835501260661e-01,8.501039453816765512e-01,4.098827639261984679e+00
1.128787835501260661e-01,8.547524010132002692e-01,4.096291002027376393e+00
1.128787835501260661e-01,8.594008566447239872e-01,4.095443021482806145e+00
1.180096373478590754e-01,6.316265307000612506e-01,5.349367668746548787e+00
1.180096373478590754e-01,6.362749863315849685e-01,5.319667741559337415e+00
1.180096373478590754e-01,6.409234419631086865e-01,5.289232240648906291e+00
1.180096373478590754e-01,6.455718975946324045e-01,5.258105989480164943e+00
1.180096373478590754e-01,6.502203532261561225e-01,5.226335895621197380e+00
1.180096373478590754e-01,6.548688088576799515e-01,5.193970868218633186e+00
1.180096373478590754e-01,6.595172644892036695e-01,5.161061730161861760e+00
1.180096373478590754e-01,6.641657201207273875e-01,5.127661125093052163e+00
1.180096373478590754e-01,6.688141757522511055e-01,5.093823419432768951e+00
1.180096373478590754e-01,6.734626313837748235e-01,5.059604599603292563e+00
1.180096373478590754e-01,6.781110870152985415e-01,5.025062164643935070e+00
1.180096373478590754e-01,6.827595426468222595e-01,4.990255014424291424e+00
1.180096373478590754e-01,6.874079982783459775e-01,4.955243333672742168e+00
1.180096373478590754e-01,6.920564539098696955e-01,4.920088472048381512e+00
1.180096373478590754e-01,6.967049095413934134e-01,4.884852820495043879e+00
1.180096373478590754e-01,7.013533651729171314e-01,4.849599684126048693e+00
1.180096373478590754e-01,7.060018208044409604e-01,4.814393151897764511e+00
1.180096373478590754e-01,7.106502764359646784e-01,4.779297963339089961e+00
1.180096373478590754e-01,7.152987320674883964e-01,4.744379372612288037e+00
1.180096373478590754e-01,7.199471876990121144e-01,4.709703010188563077e+00
1.180096373478590754e-01,7.245956433305358324e-01,4.675334742428904455e+00
1.180096373478590754e-01,7.292440989620595504e-01,4.641340529367496082e+00
1.180096373478590754e-01,7.338925545935832684e-01,4.607786281000917583e+00
1.180096373478590754e-01,7.385410102251069864e-01,4.574737712391840461e+00
1.180096373478590754e-01,7.431894658566307044e-01,4.542260197900578333e+00
1.180096373478590754e-01,7.478379214881545334e-01,4.510418624861987524e+00
1.180096373478590754e-01,7.524863771196782514e-01,4.479277247028535136e+00
1.180096373478590754e-01,7.571348327512019694e-01,4.448899538103094464e+00
1.180096373478590754e-01,7.617832883827256873e-01,4.419348045686977144e+00
1.180096373478590754e-01,7.664317440142494053e-01,4.390684245970011723e+00
1.180096373478590754e-01,7.710801996457731233e-01,4.362968399490050331e+00
1.180096373478590754e-01,7.757286552772968413e-01,4.336259408289079964e+00
1.180096373478590754e-01,7.803771109088205593e-01,4.310614674792303092e+00
1.180096373478590754e-01,7.850255665403442773e-01,4.286089962734867420e+00
1.180096373478590754e-01,7.896740221718681063e-01,4.262739260458651813e+00
1.180096373478590754e-01,7.943224778033917133e-01,4.240614646898406725e+00
1.180096373478590754e-01,7.989709334349155423e-01,4.219766160572792302e+00
1.180096373478590754e-01,8.036193890664392603e-01,4.200241671891348894e+00
1.180096373478590754e-01,8.082678446979629783e-01,4.182086759083208705e+00
1.180096373478590754e-01,8.129163003294866963e-01,4.165344588047465990e+00
1.180096373478590754e-01,8.175647559610104143e-01,4.150055796418496534e+00
1.180096373478590754e-01,8.222132115925341322e-01,4.136258382132216305e+00
1.180096373478590754e-01,8.268616672240578502e-01,4.123987596771329756e+00
1.180096373478590754e-01,8.315101228555815682e-01,4.113275843958980715e+00
1.180096373478590754e-01,8.361585784871052862e-01,4.104152583060952431e+00
1.180096373478590754e-01,8.408070341186291152e-01,4.096644238446688568e+00
1.180096373478590754e-01,8.454554897501528332e-01,4.090774114548914042e+00
1.180096373478590754e-01,8.501039453816765512e-01,4.086562316950542062e+00
1.180096373478590754e-01,8.547524010132002692e-01,4.084025679715933776e+00
1.180096373478590754e-01,8.594008566447239872e-01,4.083177699171363528e+00
1.231404911455920848e-01,6.316265307000612506e-01,5.337130159739480462e+00
1.231404911455920848e-01,6.362749863315849685e-01,5.307430232552269089e+00
1.231404911455920848e-01,6.409234419631086865e-01,5.276994731641837966e+00
1.231404911455920848e-01,6.455718975946324045e-01,5.245868480473096618e+00
1.231404911455920848e-01,6.502203532261561225e-01,5.214098386614129055e+00
1.231404911455920848e-01,6.548688088576799515e-01,5.181733359211564860e+00
1.231404911455920848e-01,6.595172644892036695e-01,5.148824221154793435e+00
1.231404911455920848e-01,6.641657201207273875e-01,5.115423616085983838e+00
1.231404911455920848e-01,6.688141757522511055e-01,5.081585910425700625e+00
1.231404911455920848e-01,6.734626313837748235e-01,5.047367090596224237e+00
1.231404911455920848e-01,6.781110870152985415e-01,5.012824655636866744e+00
1.231404911455920848e-01,6.827595426468222595e-01,4.978017505417223099e+00
1.231404911455920848e-01,6.874079982783459775e-01,4.943005824665673842e+00
1.231404911455920848e-01,6.920564539098696955e-01,4.907850963041313186e+00
1.231404911455920848e-01,6.967049095413934134e-01,4.872615311487975553e+00
1.231404911455920848e-01,7.013533651729171314e-01,4.837362175118980367e+00
1.231404911455920848e-01,7.060018208044409604e-01,4.802155642890696186e+00
1.231404911455920848e-01,7.106502764359646784e-01,4.767060454332021635e+00
1.231404911455920848e-01,7.152987320674883964e-01,4.732141863605219712e+00
1.231404911455920848e-01,7.199471876990121144e-01,4.697465501181494751e+00
1.231404911455920848e-01,7.245956433305358324e-01,4.663097233421836130e+00
1.231404911455920848e-01,7.292440989620595504e-01,4.629103020360427756e+00
1.231404911455920848e-01,7.338925545935832684e-01,4.595548771993849257e+00
1.231404911455920848e-01,7.385410102251069864e-01,4.562500203384772135e+00
1.231404911455920848e-01,7.431894658566307044e-01,4.530022688893510008e+00
1.231404911455920848e-01,7.478379214881545334e-01,4.498181115854919199e+00
1.231404911455920848e-01,7.524863771196782514e-01,4.467039738021466810e+00
1.231404911455920848e-01,7.571348327512019694e-01,4.436662029096026139e+00
1.231404911455920848e-01,7.617832883827256873e-01,4.407110536679908819e+00
1.231404911455920848e-01,7.664317440142494053e-01,4.378446736962943397e+00
1.231404911455920848e-01,7.710801996457731233e-01,4.350730890482982005e+00
1.231404911455920848e-01,7.757286552772968413e-01,4.324021899282011638e+00
1.231404911455920848e-01,7.803771109088205593e-01,4.298377165785234766e+00
1.231404911455920848e-01,7.850255665403442773e-01,4.273852453727799094e+00
1.231404911455920848e-01,7.896740221718681063e-01,4.250501751451583488e+00
1.231404911455920848e-01,7.943224778033917133e-01,4.228377137891338400e+00
1.231404911455920848e-01,7.989709334349155423e-01,4.207528651565723976e+00
1.231404911455920848e-01,8.036193890664392603e-01,4.188004162884280568e+00
1.231404911455920848e-01,8.082678446979629783e-01,4.169849250076140379e+00
1.231404911455920848e-01,8.129163003294866963e-01,4.153107079040397664e+00
1.231404911455920848e-01,8.175647559610104143e-01,4.137818287411428209e+00
1.231404911455920848e-01,8.222132115925341322e-01,4.124020873125147979e+00
1.231404911455920848e-01,8.268616672240578502e-01,4.111750087764261430e+00
1.231404911455920848e-01,8.315101228555815682e-01,4.101038334951912390e+00
1.231404911455920848e-01,8.361585784871052862e-01,4.091915074053884105e+00
1.231404911455920848e-01,8.408070341186291152e-01,4.084406729439620243e+00
1.231404911455920848e-01,8.454554897501528332e-01,4.078536605541845717e+00
1.231404911455920848e-01,8.501039453816765512e-01,4.074324807943473736e+00
1.231404911455920848e-01,8.547524010132002692e-01,4.071788170708865451e+00
1.231404911455920848e-01,8.594008566447239872e-01,4.070940190164295203e+00
1.282713449433250941e-01,6.316265307000612506e-01,5.324958835904727295e+00
1.282713449433250941e-01,6.362749863315849685e-01,5.295258908717515034e+00
1.282713449433250941e-01,6.409234419631086865e-01,5.264823407807083910e+00
1.282713449433250941e-01,6.455718975946324045e-01,5.233697156638342562e+00
1.282713449433250941e-01,6.502203532261561225e-01,5.201927062779374999e+00
1.282713449433250941e-01,6.548688088576799515e-01,5.169562035376810805e+00
1.282713449433250941e-01,6.595172644892036695e-01,5.136652897320039379e+00
1.282713449433250941e-01,6.641657201207273875e-01,5.103252292251229782e+00
1.282713449433250941e-01,6.688141757522511055e-01,5.069414586590946570e+00
1.282713449433250941e-01,6.734626313837748235e-01,5.035195766761470182e+00
1.282713449433250941e-01,6.781110870152985415e-01,5.000653331802112689e+00
1.282713449433250941e-01,6.827595426468222595e-01,4.965846181582469043e+00
1.282713449433250941e-01,6.874079982783459775e-01,4.930834500830919787e+00
1.282713449433250941e-01,6.920564539098696955e-01,4.895679639206559131e+00
1.282713449433250941e-01,6.967049095413934134e-01,4.860443987653221498e+00
1.282713449433250941e-01,7.013533651729171314e-01,4.825190851284226312e+00
1.282713449433250941e-01,7.060018208044409604e-01,4.789984319055942130e+00
1.282713449433250941e-01,7.106502764359646784e-01,4.754889130497267580e+00
1.282713449433250941e-01,7.152987320674883964e-01,4.719970539770466544e+00
1.282713449433250941e-01,7.199471876990121144e-01,4.685294177346740696e+00
1.282713449433250941e-01,7.245956433305358324e-01,4.650925909587082074e+00
1.282713449433250941e-01,7.292440989620595504e-01,4.616931696525673701e+00
1.282713449433250941e-01,7.338925545935832684e-01,4.583377448159095202e+00
1.282713449433250941e-01,7.385410102251069864e-01,4.550328879550018080e+00
1.282713449433250941e-01,7.431894658566307044e-01,4.517851365058756841e+00
1.282713449433250941e-01,7.478379214881545334e-01,4.486009792020164255e+00
1.282713449433250941e-01,7.524863771196782514e-01,4.454868414186712755e+00
1.282713449433250941e-01,7.571348327512019694e-01,4.424490705261272083e+00
1.282713449433250941e-01,7.617832883827256873e-01,4.394939212845153875e+00
1.282713449433250941e-01,7.664317440142494053e-01,4.366275413128189342e+00
1.282713449433250941e-01,7.710801996457731233e-01,4.338559566648227062e+00
1.282713449433250941e-01,7.757286552772968413e-01,4.311850575447257583e+00
1.282713449433250941e-01,7.803771109088205593e-01,4.286205841950480711e+00
1.282713449433250941e-01,7.850255665403442773e-01,4.261681129893045039e+00
1.282713449433250941e-01,7.896740221718681063e-01,4.238330427616829432e+00
1.282713449433250941e-01,7.943224778033917133e-01,4.216205814056584344e+00
1.282713449433250941e-01,7.989709334349155423e-01,4.195357327730969921e+00
1.282713449433250941e-01,8.036193890664392603e-01,4.175832839049526513e+00
1.282713449433250941e-01,8.082678446979629783e-01,4.157677926241385435e+00
1.282713449433250941e-01,8.129163003294866963e-01,4.140935755205643609e+00
1.282713449433250941e-01,8.175647559610104143e-01,4.125646963576674153e+00
1.282713449433250941e-01,8.222132115925341322e-01,4.111849549290393924e+00
1.282713449433250941e-01,8.268616672240578502e-01,4.099578763929507375e+00
1.282713449433250941e-01,8.315101228555815682e-01,4.088867011117158334e+00
1.282713449433250941e-01,8.361585784871052862e-01,4.079743750219130050e+00
1.282713449433250941e-01,8.408070341186291152e-01,4.072235405604866187e+00
1.282713449433250941e-01,8.454554897501528332e-01,4.066365281707090773e+00
1.282713449433250941e-01,8.501039453816765512e-01,4.062153484108719681e+00
1.282713449433250941e-01,8.547524010132002692e-01,4.059616846874111395e+00
1.282713449433250941e-01,8.594008566447239872e-01,4.058768866329541147e+00
1.334021987410580756e-01,6.316265307000612506e-01,5.312892376880574474e+00
1.334021987410580756e-01,6.362749863315849685e-01,5.283192449693362214e+00
1.334021987410580756e-01,6.409234419631086865e-01,5.252756948782931090e+00
1.334021987410580756e-01,6.455718975946324045e-01,5.221630697614189742e+00
1.334021987410580756e-01,6.502203532261561225e-01,5.189860603755222179e+00
1.334021987410580756e-01,6.548688088576799515e-01,5.157495576352657984e+00
1.334021987410580756e-01,6.595172644892036695e-01,5.124586438295886559e+00
1.334021987410580756e-01,6.641657201207273875e-01,5.091185833227076962e+00
1.334021987410580756e-01,6.688141757522511055e-01,5.057348127566793750e+00
1.334021987410580756e-01,6.734626313837748235e-01,5.023129307737317362e+00
1.334021987410580756e-01,6.781110870152985415e-01,4.988586872777959869e+00
1.334021987410580756e-01,6.827595426468222595e-01,4.953779722558316223e+00
1.334021987410580756e-01,6.874079982783459775e-01,4.918768041806766966e+00
1.334021987410580756e-01,6.920564539098696955e-01,4.883613180182406310e+00
1.334021987410580756e-01,6.967049095413934134e-01,4.848377528629068678e+00
1.334021987410580756e-01,7.013533651729171314e-01,4.813124392260073492e+00
1.334021987410580756e-01,7.060018208044409604e-01,4.777917860031789310e+00
1.334021987410580756e-01,7.106502764359646784e-01,4.742822671473114760e+00
1.334021987410580756e-01,7.152987320674883964e-01,4.707904080746313724e+00
1.334021987410580756e-01,7.199471876990121144e-01,4.673227718322587876e+00
1.334021987410580756e-01,7.245956433305358324e-01,4.638859450562929254e+00
1.334021987410580756e-01,7.292440989620595504e-01,4.604865237501520880e+00
1.334021987410580756e-01,7.338925545935832684e-01,4.571310989134942382e+00
1.334021987410580756e-01,7.385410102251069864e-01,4.538262420525865259e+00
1.334021987410580756e-01,7.431894658566307044e-01,4.505784906034604020e+00
1.334021987410580756e-01,7.478379214881545334e-01,4.473943332996011435e+00
1.334021987410580756e-01,7.524863771196782514e-01,4.442801955162559935e+00
1.334021987410580756e-01,7.571348327512019694e-01,4.412424246237119263e+00
1.334021987410580756e-01,7.617832883827256873e-01,4.382872753821001055e+00
1.334021987410580756e-01,7.664317440142494053e-01,4.354208954104036522e+00
1.334021987410580756e-01,7.710801996457731233e-01,4.326493107624074241e+00
1.334021987410580756e-01,7.757286552772968413e-01,4.299784116423104763e+00
1.334021987410580756e-01,7.803771109088205593e-01,4.274139382926327890e+00
1.334021987410580756e-01,7.850255665403442773e-01,4.249614670868892219e+00
1.334021987410580756e-01,7.896740221718681063e-01,4.226263968592676612e+00
1.334021987410580756e-01,7.943224778033917133e-01,4.204139355032431524e+00
1.334021987410580756e-01,7.989709334349155423e-01,4.183290868706817101e+00
1.334021987410580756e-01,8.036193890664392603e-01,4.163766380025373692e+00
1.334021987410580756e-01,8.082678446979629783e-01,4.145611467217232615e+00
1.334021987410580756e-01,8.129163003294866963e-01,4.128869296181490789e+00
1.334021987410580756e-01,8.175647559610104143e-01,4.113580504552521333e+00
1.334021987410580756e-01,8.222132115925341322e-01,4.099783090266241103e+00
1.334021987410580756e-01,8.268616672240578502e-01,4.087512304905354554e+00
1.334021987410580756e-01,8.315101228555815682e-01,4.076800552093005514e+00
1.334021987410580756e-01,8.361585784871052862e-01,4.067677291194977229e+00
1.334021987410580756e-01,8.408070341186291152e-01,4.060168946580713367e+00
1.334021987410580756e-01,8.454554897501528332e-01,4.054298822682937953e+00
1.334021987410580756e-01,8.501039453816765512e-01,4.050087025084566861e+00
1.334021987410580756e-01,8.547524010132002692e-01,4.047550387849958575e+00
1.334021987410580756e-01,8.594008566447239872e-01,4.046702407305388327e+00
1.385330525387910849e-01,6.316265307000612506e-01,5.300969627696417774e+00
1.385330525387910849e-01,6.362749863315849685e-01,5.271269700509206402e+00
1.385330525387910849e-01,6.409234419631086865e-01,5.240834199598775278e+00
1.385330525387910849e-01,6.455718975946324045e-01,5.209707948430033930e+00
1.385330525387910849e-01,6.502203532261561225e-01,5.177937854571066367e+00
1.385330525387910849e-01,6.548688088576799515e-01,5.145572827168502172e+00
1.385330525387910849e-01,6.595172644892036695e-01,5.112663689111730747e+00
1.385330525387910849e-01,6.641657201207273875e-01,5.079263084042921150e+00
1.385330525387910849e-01,6.688141757522511055e-01,5.045425378382637938e+00
1.385330525387910849e-01,6.734626313837748235e-01,5.011206558553161550e+00
1.385330525387910849e-01,6.781110870152985415e-01,4.976664123593804057e+00
1.385330525387910849e-01,6.827595426468222595e-01,4.941856973374160411e+00
1.385330525387910849e-01,6.874079982783459775e-01,4.906845292622611154e+00
1.385330525387910849e-01,6.920564539098696955e-01,4.871690430998250498e+00
1.385330525387910849e-01,6.967049095413934134e-01,4.836454779444912866e+00
1.385330525387910849e-01,7.013533651729171314e-01,4.801201643075917680e+00
1.385330525387910849e-01,7.060018208044409604e-01,4.765995110847633498e+00
1.385330525387910849e-01,7.106502764359646784e-01,4.730899922288958948e+00
1.385330525387910849e-01,7.152987320674883964e-01,4.695981331562157024e+00
1.385330525387910849e-01,7.199471876990121144e-01,4.661304969138432064e+00
1.385330525387910849e-01,7.245956433305358324e-01,4.626936701378773442e+00
1.385330525387910849e-01,7.292440989620595504e-01,4.592942488317365068e+00
1.385330525387910849e-01,7.338925545935832684e-01,4.559388239950786570e+00
1.385330525387910849e-01,7.385410102251069864e-01,4.526339671341709447e+00
1.385330525387910849e-01,7.431894658566307044e-01,4.493862156850447320e+00
1.385330525387910849e-01,7.478379214881545334e-01,4.462020583811856511e+00
1.385330525387910849e-01,7.524863771196782514e-01,4.430879205978404123e+00
1.385330525387910849e-01,7.571348327512019694e-01,4.400501497052963451e+00
1.385330525387910849e-01,7.617832883827256873e-01,4.370950004636846131e+00
1.385330525387910849e-01,7.664317440142494053e-01,4.342286204919880710e+00
1.385330525387910849e-01,7.710801996457731233e-01,4.314570358439919318e+00
1.385330525387910849e-01,7.757286552772968413e-01,4.287861367238948951e+00
1.385330525387910849e-01,7.803771109088205593e-01,4.262216633742172078e+00
1.385330525387910849e-01,7.850255665403442773e-01,4.237691921684736407e+00
1.385330525387910849e-01,7.896740221718681063e-01,4.214341219408520800e+00
1.385330525387910849e-01,7.943224778033917133e-01,4.192216605848275712e+00
1.385330525387910849e-01,7.989709334349155423e-01,4.171368119522661289e+00
1.385330525387910849e-01,8.036193890664392603e-01,4.151843630841217880e+00
1.385330525387910849e-01,8.082678446979629783e-01,4.133688718033077691e+00
1.385330525387910849e-01,8.129163003294866963e-01,4.116946546997334977e+00
1.385330525387910849e-01,8.175647559610104143e-01,4.101657755368365521e+00
1.385330525387910849e-01,8.222132115925341322e-01,4.087860341082085291e+00
1.385330525387910849e-01,8.268616672240578502e-01,4.075589555721198742e+00
1.385330525387910849e-01,8.315101228555815682e-01,4.064877802908849702e+00
1.385330525387910849e-01,8.361585784871052862e-01,4.055754542010821417e+00
1.385330525387910849e-01,8.408070341186291152e-01,4.048246197396557555e+00
1.385330525387910849e-01,8.454554897501528332e-01,4.042376073498783029e+00
1.385330525387910849e-01,8.501039453816765512e-01,4.038164275900411049e+00
1.385330525387910849e-01,8.547524010132002692e-01,4.035627638665802763e+00
1.385330525387910849e-01,8.594008566447239872e-01,4.034779658121232515e+00
1.436639063365240943e-01,6.316265307000612506e-01,5.289229455046966066e+00
1.436639063365240943e-01,6.362749863315849685e-01,5.259529527859753806e+00
1.436639063365240943e-01,6.409234419631086865e-01,5.229094026949322682e+00
1.436639063365240943e-01,6.455718975946324045e-01,5.197967775780581334e+00
1.436639063365240943e-01,6.502203532261561225e-01,5.166197681921613771e+00
1.436639063365240943e-01,6.548688088576799515e-01,5.133832654519049576e+00
1.436639063365240943e-01,6.595172644892036695e-01,5.100923516462278151e+00
1.436639063365240943e-01,6.641657201207273875e-01,5.067522911393468554e+00
1.436639063365240943e-01,6.688141757522511055e-01,5.033685205733185342e+00
1.436639063365240943e-01,6.734626313837748235e-01,4.999466385903708954e+00
1.436639063365240943e-01,6.781110870152985415e-01,4.964923950944351461e+00
1.436639063365240943e-01,6.827595426468222595e-01,4.930116800724707815e+00
1.436639063365240943e-01,6.874079982783459775e-01,4.895105119973158558e+00
1.436639063365240943e-01,6.920564539098696955e-01,4.859950258348797902e+00
1.436639063365240943e-01,6.967049095413934134e-01,4.824714606795460270e+00
1.436639063365240943e-01,7.013533651729171314e-01,4.789461470426465084e+00
1.436639063365240943e-01,7.060018208044409604e-01,4.754254938198180902e+00
1.436639063365240943e-01,7.106502764359646784e-01,4.719159749639506352e+00
1.436639063365240943e-01,7.152987320674883964e-01,4.684241158912705316e+00
1.436639063365240943e-01,7.199471876990121144e-01,4.649564796488979468e+00
1.436639063365240943e-01,7.245956433305358324e-01,4.615196528729320846e+00
1.436639063365240943e-01,7.292440989620595504e-01,4.581202315667912472e+00
1.436639063365240943e-01,7.338925545935832684e-01,4.547648067301333974e+00
1.436639063365240943e-01,7.385410102251069864e-01,4.514599498692256851e+00
1.436639063365240943e-01,7.431894658566307044e-01,4.482121984200995612e+00
1.436639063365240943e-01,7.478379214881545334e-01,4.450280411162403027e+00
1.436639063365240943e-01,7.524863771196782514e-01,4.419139033328951527e+00
1.436639063365240943e-01,7.571348327512019694e-01,4.388761324403510855e+00
1.436639063365240943e-01,7.617832883827256873e-01,4.359209831987392647e+00
1.436639063365240943e-01,7.664317440142494053e-01,4.330546032270428114e+00
1.436639063365240943e-01,7.710801996457731233e-01,4.302830185790465833e+00
1.436639063365240943e-01,7.757286552772968413e-01,4.276121194589496355e+00
1.436639063365240943e-01,7.803771109088205593e-01,4.250476461092719482e+00
1.436639063365240943e-01,7.850255665403442773e-01,4.225951749035283811e+00
1.436639063365240943e-01,7.896740221718681063e-01,4.202601046759068204e+00
1.436639063365240943e-01,7.943224778033917133e-01,4.180476433198823116e+00
1.436639063365240943e-01,7.989709334349155423e-01,4.159627946873208693e+00
1.436639063365240943e-01,8.036193890664392603e-01,4.140103458191765284e+00
1.436639063365240943e-01,8.082678446979629783e-01,4.121948545383624207e+00
1.436639063365240943e-01,8.129163003294866963e-01,4.105206374347882381e+00
1.436639063365240943e-01,8.175647559610104143e-01,4.089917582718912925e+00
1.436639063365240943e-01,8.222132115925341322e-01,4.076120168432632695e+00
1.436639063365240943e-01,8.268616672240578502e-01,4.063849383071746146e+00
1.436639063365240943e-01,8.315101228555815682e-01,4.053137630259397106e+00
1.436639063365240943e-01,8.361585784871052862e-01,4.044014369361368821e+00
1.436639063365240943e-01,8.408070341186291152e-01,4.036506024747104959e+00
1.436639063365240943e-01,8.454554897501528332e-01,4.030635900849329545e+00
1.436639063365240943e-01,8.501039453816765512e-01,4.026424103250958453e+00
1.436639063365240943e-01,8.547524010132002692e-01,4.023887466016350167e+00
1.436639063365240943e-01,8.594008566447239872e-01,4.023039485471779919e+00
1.487947601342571036e-01,6.316265307000612506e-01,5.277710602679608343e+00
1.487947601342571036e-01,6.362749863315849685e-01,5.248010675492396970e+00
1.487947601342571036e-01,6.409234419631086865e-01,5.217575174581965847e+00
1.487947601342571036e-01,6.455718975946324045e-01,5.186448923413224499e+00
1.487947601342571036e-01,6.502203532261561225e-01,5.154678829554256936e+00
1.487947601342571036e-01,6.548688088576799515e-01,5.122313802151692741e+00
1.487947601342571036e-01,6.595172644892036695e-01,5.089404664094921316e+00
1.487947601342571036e-01,6.641657201207273875e-01,5.056004059026111719e+00
1.487947601342571036e-01,6.688141757522511055e-01,5.022166353365828506e+00
1.487947601342571036e-01,6.734626313837748235e-01,4.987947533536352118e+00
1.487947601342571036e-01,6.781110870152985415e-01,4.953405098576994625e+00
1.487947601342571036e-01,6.827595426468222595e-01,4.918597948357350980e+00
1.487947601342571036e-01,6.874079982783459775e-01,4.883586267605801723e+00
1.487947601342571036e-01,6.920564539098696955e-01,4.848431405981441067e+00
1.487947601342571036e-01,6.967049095413934134e-01,4.813195754428103434e+00
1.487947601342571036e-01,7.013533651729171314e-01,4.777942618059108248e+00
1.487947601342571036e-01,7.060018208044409604e-01,4.742736085830824067e+00
1.487947601342571036e-01,7.106502764359646784e-01,4.707640897272149516e+00
1.487947601342571036e-01,7.152987320674883964e-01,4.672722306545347593e+00
1.487947601342571036e-01,7.199471876990121144e-01,4.638045944121622632e+00
1.487947601342571036e-01,7.245956433305358324e-01,4.603677676361964011e+00
1.487947601342571036e-01,7.292440989620595504e-01,4.569683463300555637e+00
1.487947601342571036e-01,7.338925545935832684e-01,4.536129214933977138e+00
1.487947601342571036e-01,7.385410102251069864e-01,4.503080646324900016e+00
1.487947601342571036e-01,7.431894658566307044e-01,4.470603131833637889e+00
1.487947601342571036e-01,7.478379214881545334e-01,4.438761558795047080e+00
1.487947601342571036e-01,7.524863771196782514e-01,4.407620180961594691e+00
1.487947601342571036e-01,7.571348327512019694e-01,4.377242472036154020e+00
1.487947601342571036e-01,7.617832883827256873e-01,4.347690979620036700e+00
1.487947601342571036e-01,7.664317440142494053e-01,4.319027179903071278e+00
1.487947601342571036e-01,7.710801996457731233e-01,4.291311333423109886e+00
1.487947601342571036e-01,7.757286552772968413e-01,4.264602342222139519e+00
1.487947601342571036e-01,7.803771109088205593e-01,4.238957608725362647e+00
1.487947601342571036e-01,7.850255665403442773e-01,4.214432896667926975e+00
1.487947601342571036e-01,7.896740221718681063e-01,4.191082194391711369e+00
1.487947601342571036e-01,7.943224778033917133e-01,4.168957580831466281e+00
1.487947601342571036e-01,7.989709334349155423e-01,4.148109094505851857e+00
1.487947601342571036e-01,8.036193890664392603e-01,4.128584605824408449e+00
1.487947601342571036e-01,8.082678446979629783e-01,4.110429693016268260e+00
1.487947601342571036e-01,8.129163003294866963e-01,4.093687521980525545e+00
1.487947601342571036e-01,8.175647559610104143e-01,4.078398730351556090e+00
1.487947601342571036e-01,8.222132115925341322e-01,4.064601316065275860e+00
1.487947601342571036e-01,8.268616672240578502e-01,4.052330530704389311e+00
1.487947601342571036e-01,8.315101228555815682e-01,4.041618777892040271e+00
1.487947601342571036e-01,8.361585784871052862e-01,4.032495516994011986e+00
1.487947601342571036e-01,8.408070341186291152e-01,4.024987172379748124e+00
1.487947601342571036e-01,8.454554897501528332e-01,4.019117048481973598e+00
1.487947601342571036e-01,8.501039453816765512e-01,4.014905250883601617e+00
1.487947601342571036e-01,8.547524010132002692e-01,4.012368613648993332e+00
1.487947601342571036e-01,8.594008566447239872e-01,4.011520633104423084e+00
1.539256139319900851e-01,6.316265307000612506e-01,5.266451546358723590e+00
1.539256139319900851e-01,6.362749863315849685e-01,5.236751619171512218e+00
1.539256139319900851e-01,6.409234419631086865e-01,5.206316118261081094e+00
1.539256139319900851e-01,6.455718975946324045e-01,5.175189867092339746e+00
1.539256139319900851e-01,6.502203532261561225e-01,5.143419773233372183e+00
1.539256139319900851e-01,6.548688088576799515e-01,5.111054745830807988e+00
1.539256139319900851e-01,6.595172644892036695e-01,5.078145607774036563e+00
1.539256139319900851e-01,6.641657201207273875e-01,5.044745002705226966e+00
1.539256139319900851e-01,6.688141757522511055e-01,5.010907297044943753e+00
1.539256139319900851e-01,6.734626313837748235e-01,4.976688477215467366e+00
1.539256139319900851e-01,6.781110870152985415e-01,4.942146042256109872e+00
1.539256139319900851e-01,6.827595426468222595e-01,4.907338892036466227e+00
1.539256139319900851e-01,6.874079982783459775e-01,4.872327211284916970e+00
1.539256139319900851e-01,6.920564539098696955e-01,4.837172349660556314e+00
1.539256139319900851e-01,6.967049095413934134e-01,4.801936698107218682e+00
1.539256139319900851e-01,7.013533651729171314e-01,4.766683561738223496e+00
1.539256139319900851e-01,7.060018208044409604e-01,4.731477029509939314e+00
1.539256139319900851e-01,7.106502764359646784e-01,4.696381840951264763e+00
1.539256139319900851e-01,7.152987320674883964e-01,4.661463250224462840e+00
1.539256139319900851e-01,7.199471876990121144e-01,4.626786887800737880e+00
1.539256139319900851e-01,7.245956433305358324e-01,4.592418620041079258e+00
1.539256139319900851e-01,7.292440989620595504e-01,4.558424406979670884e+00
1.539256139319900851e-01,7.338925545935832684e-01,4.524870158613092386e+00
1.539256139319900851e-01,7.385410102251069864e-01,4.491821590004015263e+00
1.539256139319900851e-01,7.431894658566307044e-01,4.459344075512753136e+00
1.539256139319900851e-01,7.478379214881545334e-01,4.427502502474162327e+00
1.539256139319900851e-01,7.524863771196782514e-01,4.396361124640709939e+00
1.539256139319900851e-01,7.571348327512019694e-01,4.365983415715269267e+00
1.539256139319900851e-01,7.617832883827256873e-01,4.336431923299151947e+00
1.539256139319900851e-01,7.664317440142494053e-01,4.307768123582186526e+00
1.539256139319900851e-01,7.710801996457731233e-01,4.280052277102225133e+00
1.539256139319900851e-01,7.757286552772968413e-01,4.253343285901254767e+00
1.539256139319900851e-01,7.803771109088205593e-01,4.227698552404477894e+00
1.539256139319900851e-01,7.850255665403442773e-01,4.203173840347042223e+00
1.539256139319900851e-01,7.896740221718681063e-01,4.179823138070826616e+00
1.539256139319900851e-01,7.943224778033917133e-01,4.157698524510581528e+00
1.539256139319900851e-01,7.989709334349155423e-01,4.136850038184967104e+00
1.539256139319900851e-01,8.036193890664392603e-01,4.117325549503523696e+00
1.539256139319900851e-01,8.082678446979629783e-01,4.099170636695383507e+00
1.539256139319900851e-01,8.129163003294866963e-01,4.082428465659640793e+00
1.539256139319900851e-01,8.175647559610104143e-01,4.067139674030671337e+00
1.539256139319900851e-01,8.222132115925341322e-01,4.053342259744391107e+00
1.539256139319900851e-01,8.268616672240578502e-01,4.041071474383504558e+00
1.539256139319900851e-01,8.315101228555815682e-01,4.030359721571155518e+00
1.539256139319900851e-01,8.361585784871052862e-01,4.021236460673127233e+00
1.539256139319900851e-01,8.408070341186291152e-01,4.013728116058863371e+00
1.539256139319900851e-01,8.454554897501528332e-01,4.007857992161088845e+00
1.539256139319900851e-01,8.501039453816765512e-01,4.003646194562716865e+00
1.539256139319900851e-01,8.547524010132002692e-01,4.001109557328108579e+00
1.539256139319900851e-01,8.594008566447239872e-01,4.000261576783538331e+00
1.590564677297230944e-01,6.316265307000612506e-01,5.255490348873276929e+00
1.590564677297230944e-01,6.362749863315849685e-01,5.225790421686064668e+00
1.590564677297230944e-01,6.409234419631086865e-01,5.195354920775633545e+00
1.590564677297230944e-01,6.455718975946324045e-01,5.164228669606892197e+00
1.590564677297230944e-01,6.502203532261561225e-01,5.132458575747924634e+00
1.590564677297230944e-01,6.548688088576799515e-01,5.100093548345360439e+00
1.590564677297230944e-01,6.595172644892036695e-01,5.067184410288589014e+00
1.590564677297230944e-01,6.641657201207273875e-01,5.033783805219779417e+00
1.590564677297230944e-01,6.688141757522511055e-01,4.999946099559496204e+00
1.590564677297230944e-01,6.734626313837748235e-01,4.965727279730019816e+00
1.590564677297230944e-01,6.781110870152985415e-01,4.931184844770662323e+00
1.590564677297230944e-01,6.827595426468222595e-01,4.896377694551018678e+00
1.590564677297230944e-01,6.874079982783459775e-01,4.861366013799469421e+00
1.590564677297230944e-01,6.920564539098696955e-01,4.826211152175108765e+00
1.590564677297230944e-01,6.967049095413934134e-01,4.790975500621771133e+00
1.590564677297230944e-01,7.013533651729171314e-01,4.755722364252775947e+00
1.590564677297230944e-01,7.060018208044409604e-01,4.720515832024491765e+00
1.590564677297230944e-01,7.106502764359646784e-01,4.685420643465817214e+00
1.590564677297230944e-01,7.152987320674883964e-01,4.650502052739016179e+00
1.590564677297230944e-01,7.199471876990121144e-01,4.615825690315290331e+00
1.590564677297230944e-01,7.245956433305358324e-01,4.581457422555631709e+00
1.590564677297230944e-01,7.292440989620595504e-01,4.547463209494223335e+00
1.590564677297230944e-01,7.338925545935832684e-01,4.513908961127644837e+00
1.590564677297230944e-01,7.385410102251069864e-01,4.480860392518567714e+00
1.590564677297230944e-01,7.431894658566307044e-01,4.448382878027306475e+00
1.590564677297230944e-01,7.478379214881545334e-01,4.416541304988713890e+00
1.590564677297230944e-01,7.524863771196782514e-01,4.385399927155262390e+00
1.590564677297230944e-01,7.571348327512019694e-01,4.355022218229821718e+00
1.590564677297230944e-01,7.617832883827256873e-01,4.325470725813703510e+00
1.590564677297230944e-01,7.664317440142494053e-01,4.296806926096738977e+00
1.590564677297230944e-01,7.710801996457731233e-01,4.269091079616776696e+00
1.590564677297230944e-01,7.757286552772968413e-01,4.242382088415807218e+00
1.590564677297230944e-01,7.803771109088205593e-01,4.216737354919030345e+00
1.590564677297230944e-01,7.850255665403442773e-01,4.192212642861594674e+00
1.590564677297230944e-01,7.896740221718681063e-01,4.168861940585379067e+00
1.590564677297230944e-01,7.943224778033917133e-01,4.146737327025133979e+00
1.590564677297230944e-01,7.989709334349155423e-01,4.125888840699519555e+00
1.590564677297230944e-01,8.036193890664392603e-01,4.106364352018076147e+00
1.590564677297230944e-01,8.082678446979629783e-01,4.088209439209935070e+00
1.590564677297230944e-01,8.129163003294866963e-01,4.071467268174193244e+00
1.590564677297230944e-01,8.175647559610104143e-01,4.056178476545223788e+00
1.590564677297230944e-01,8.222132115925341322e-01,4.042381062258943558e+00
1.590564677297230944e-01,8.268616672240578502e-01,4.030110276898057009e+00
1.590564677297230944e-01,8.315101228555815682e-01,4.019398524085707969e+00
1.590564677297230944e-01,8.361585784871052862e-01,4.010275263187679684e+00
1.590564677297230944e-01,8.408070341186291152e-01,4.002766918573415822e+00
1.590564677297230944e-01,8.454554897501528332e-01,3.996896794675640852e+00
1.590564677297230944e-01,8.501039453816765512e-01,3.992684997077269315e+00
1.590564677297230944e-01,8.547524010132002692e-01,3.990148359842661030e+00
1.590564677297230944e-01,8.594008566447239872e-01,3.989300379298090782e+00
1.641873215274561038e-01,6.316265307000612506e-01,5.244864515555418549e+00
1.641873215274561038e-01,6.362749863315849685e-01,5.215164588368206289e+00
1.641873215274561038e-01,6.409234419631086865e-01,5.184729087457775165e+00
1.641873215274561038e-01,6.455718975946324045e-01,5.153602836289033817e+00
1.641873215274561038e-01,6.502203532261561225e-01,5.121832742430066254e+00
1.641873215274561038e-01,6.548688088576799515e-01,5.089467715027502059e+00
1.641873215274561038e-01,6.595172644892036695e-01,5.056558576970730634e+00
1.641873215274561038e-01,6.641657201207273875e-01,5.023157971901921037e+00
1.641873215274561038e-01,6.688141757522511055e-01,4.989320266241637825e+00
1.641873215274561038e-01,6.734626313837748235e-01,4.955101446412161437e+00
1.641873215274561038e-01,6.781110870152985415e-01,4.920559011452803944e+00
1.641873215274561038e-01,6.827595426468222595e-01,4.885751861233160298e+00
1.641873215274561038e-01,6.874079982783459775e-01,4.850740180481611041e+00
1.641873215274561038e-01,6.920564539098696955e-01,4.815585318857250385e+00
1.641873215274561038e-01,6.967049095413934134e-01,4.780349667303912753e+00
1.641873215274561038e-01,7.013533651729171314e-01,4.745096530934917567e+00
1.641873215274561038e-01,7.060018208044409604e-01,4.709889998706633385e+00
1.641873215274561038e-01,7.106502764359646784e-01,4.674794810147958835e+00
1.641873215274561038e-01,7.152987320674883964e-01,4.639876219421157799e+00
1.641873215274561038e-01,7.199471876990121144e-01,4.605199856997431951e+00
1.641873215274561038e-01,7.245956433305358324e-01,4.570831589237773329e+00
1.641873215274561038e-01,7.292440989620595504e-01,4.536837376176364955e+00
1.641873215274561038e-01,7.338925545935832684e-01,4.503283127809786457e+00
1.641873215274561038e-01,7.385410102251069864e-01,4.470234559200709334e+00
1.641873215274561038e-01,7.431894658566307044e-01,4.437757044709448095e+00
1.641873215274561038e-01,7.478379214881545334e-01,4.405915471670855510e+00
1.641873215274561038e-01,7.524863771196782514e-01,4.374774093837404010e+00
1.641873215274561038e-01,7.571348327512019694e-01,4.344396384911963338e+00
1.641873215274561038e-01,7.617832883827256873e-01,4.314844892495845130e+00
1.641873215274561038e-01,7.664317440142494053e-01,4.286181092778880597e+00
1.641873215274561038e-01,7.710801996457731233e-01,4.258465246298918316e+00
1.641873215274561038e-01,7.757286552772968413e-01,4.231756255097948838e+00
1.641873215274561038e-01,7.803771109088205593e-01,4.206111521601171965e+00
1.641873215274561038e-01,7.850255665403442773e-01,4.181586809543736294e+00
1.641873215274561038e-01,7.896740221718681063e-01,4.158236107267520687e+00
1.641873215274561038e-01,7.943224778033917133e-01,4.136111493707275599e+00
1.641873215274561038e-01,7.989709334349155423e-01,4.115263007381661176e+00
1.641873215274561038e-01,8.036193890664392603e-01,4.095738518700217767e+00
1.641873215274561038e-01,8.082678446979629783e-01,4.077583605892076690e+00
1.641873215274561038e-01,8.129163003294866963e-01,4.060841434856334864e+00
1.641873215274561038e-01,8.175647559610104143e-01,4.045552643227365408e+00
1.641873215274561038e-01,8.222132115925341322e-01,4.031755228941085178e+00
1.641873215274561038e-01,8.268616672240578502e-01,4.019484443580198629e+00
1.641873215274561038e-01,8.315101228555815682e-01,4.008772690767849589e+00
1.641873215274561038e-01,8.361585784871052862e-01,3.999649429869821304e+00
1.641873215274561038e-01,8.408070341186291152e-01,3.992141085255557442e+00
1.641873215274561038e-01,8.454554897501528332e-01,3.986270961357782472e+00
1.641873215274561038e-01,8.501039453816765512e-01,3.982059163759410936e+00
1.641873215274561038e-01,8.547524010132002692e-01,3.979522526524802650e+00
1.641873215274561038e-01,8.594008566447239872e-01,3.978674545980232402e+00
1.693181753251891131e-01,6.316265307000612506e-01,5.234610850777588809e+00
1.693181753251891131e-01,6.362749863315849685e-01,5.204910923590376548e+00
1.693181753251891131e-01,6.409234419631086865e-01,5.174475422679945424e+00
1.693181753251891131e-01,6.455718975946324045e-01,5.143349171511204077e+00
1.693181753251891131e-01,6.502203532261561225e-01,5.111579077652236514e+00
1.693181753251891131e-01,6.548688088576799515e-01,5.079214050249672319e+00
1.693181753251891131e-01,6.595172644892036695e-01,5.046304912192900893e+00
1.693181753251891131e-01,6.641657201207273875e-01,5.012904307124091297e+00
1.693181753251891131e-01,6.688141757522511055e-01,4.979066601463808084e+00
1.693181753251891131e-01,6.734626313837748235e-01,4.944847781634331696e+00
1.693181753251891131e-01,6.781110870152985415e-01,4.910305346674974203e+00
1.693181753251891131e-01,6.827595426468222595e-01,4.875498196455330557e+00
1.693181753251891131e-01,6.874079982783459775e-01,4.840486515703781301e+00
1.693181753251891131e-01,6.920564539098696955e-01,4.805331654079420645e+00
1.693181753251891131e-01,6.967049095413934134e-01,4.770096002526083012e+00
1.693181753251891131e-01,7.013533651729171314e-01,4.734842866157087826e+00
1.693181753251891131e-01,7.060018208044409604e-01,4.699636333928803644e+00
1.693181753251891131e-01,7.106502764359646784e-01,4.664541145370129094e+00
1.693181753251891131e-01,7.152987320674883964e-01,4.629622554643328058e+00
1.693181753251891131e-01,7.199471876990121144e-01,4.594946192219602210e+00
1.693181753251891131e-01,7.245956433305358324e-01,4.560577924459943588e+00
1.693181753251891131e-01,7.292440989620595504e-01,4.526583711398535215e+00
1.693181753251891131e-01,7.338925545935832684e-01,4.493029463031956716e+00
1.693181753251891131e-01,7.385410102251069864e-01,4.459980894422879594e+00
1.693181753251891131e-01,7.431894658566307044e-01,4.427503379931618355e+00
1.693181753251891131e-01,7.478379214881545334e-01,4.395661806893025769e+00
1.693181753251891131e-01,7.524863771196782514e-01,4.364520429059574269e+00
1.693181753251891131e-01,7.571348327512019694e-01,4.334142720134133597e+00
1.693181753251891131e-01,7.617832883827256873e-01,4.304591227718015389e+00
1.693181753251891131e-01,7.664317440142494053e-01,4.275927428001050856e+00
1.693181753251891131e-01,7.710801996457731233e-01,4.248211581521088576e+00
1.693181753251891131e-01,7.757286552772968413e-01,4.221502590320119097e+00
1.693181753251891131e-01,7.803771109088205593e-01,4.195857856823342225e+00
1.693181753251891131e-01,7.850255665403442773e-01,4.171333144765906553e+00
1.693181753251891131e-01,7.896740221718681063e-01,4.147982442489690946e+00
1.693181753251891131e-01,7.943224778033917133e-01,4.125857828929445859e+00
1.693181753251891131e-01,7.989709334349155423e-01,4.105009342603831435e+00
1.693181753251891131e-01,8.036193890664392603e-01,4.085484853922388027e+00
1.693181753251891131e-01,8.082678446979629783e-01,4.067329941114246949e+00
1.693181753251891131e-01,8.129163003294866963e-01,4.050587770078505123e+00
1.693181753251891131e-01,8.175647559610104143e-01,4.035298978449535667e+00
1.693181753251891131e-01,8.222132115925341322e-01,4.021501564163255438e+00
1.693181753251891131e-01,8.268616672240578502e-01,4.009230778802368889e+00
1.693181753251891131e-01,8.315101228555815682e-01,3.998519025990019848e+00
1.693181753251891131e-01,8.361585784871052862e-01,3.989395765091991564e+00
1.693181753251891131e-01,8.408070341186291152e-01,3.981887420477727701e+00
1.693181753251891131e-01,8.454554897501528332e-01,3.976017296579952731e+00
1.693181753251891131e-01,8.501039453816765512e-01,3.971805498981581195e+00
1.693181753251891131e-01,8.547524010132002692e-01,3.969268861746972910e+00
1.693181753251891131e-01,8.594008566447239872e-01,3.968420881202402661e+00
1.744490291229221224e-01,6.316265307000612506e-01,5.224765315894130069e+00
1.744490291229221224e-01,6.362749863315849685e-01,5.195065388706917808e+00
1.744490291229221224e-01,6.409234419631086865e-01,5.164629887796486685e+00
1.744490291229221224e-01,6.455718975946324045e-01,5.133503636627745337e+00
1.744490291229221224e-01,6.502203532261561225e-01,5.101733542768777774e+00
1.744490291229221224e-01,6.548688088576799515e-01,5.069368515366213579e+00
1.744490291229221224e-01,6.595172644892036695e-01,5.036459377309442154e+00
1.744490291229221224e-01,6.641657201207273875e-01,5.003058772240632557e+00
1.744490291229221224e-01,6.688141757522511055e-01,4.969221066580349344e+00
1.744490291229221224e-01,6.734626313837748235e-01,4.935002246750872956e+00
1.744490291229221224e-01,6.781110870152985415e-01,4.900459811791515463e+00
1.744490291229221224e-01,6.827595426468222595e-01,4.865652661571871818e+00
1.744490291229221224e-01,6.874079982783459775e-01,4.830640980820322561e+00
1.744490291229221224e-01,6.920564539098696955e-01,4.795486119195961905e+00
1.744490291229221224e-01,6.967049095413934134e-01,4.760250467642624272e+00
1.744490291229221224e-01,7.013533651729171314e-01,4.724997331273629086e+00
1.744490291229221224e-01,7.060018208044409604e-01,4.689790799045344905e+00
1.744490291229221224e-01,7.106502764359646784e-01,4.654695610486670354e+00
1.744490291229221224e-01,7.152987320674883964e-01,4.619777019759869319e+00
1.744490291229221224e-01,7.199471876990121144e-01,4.585100657336143470e+00
1.744490291229221224e-01,7.245956433305358324e-01,4.550732389576484849e+00
1.744490291229221224e-01,7.292440989620595504e-01,4.516738176515076475e+00
1.744490291229221224e-01,7.338925545935832684e-01,4.483183928148497976e+00
1.744490291229221224e-01,7.385410102251069864e-01,4.450135359539420854e+00
1.744490291229221224e-01,7.431894658566307044e-01,4.417657845048159615e+00
1.744490291229221224e-01,7.478379214881545334e-01,4.385816272009567029e+00
1.744490291229221224e-01,7.524863771196782514e-01,4.354674894176115529e+00
1.744490291229221224e-01,7.571348327512019694e-01,4.324297185250674858e+00
1.744490291229221224e-01,7.617832883827256873e-01,4.294745692834556650e+00
1.744490291229221224e-01,7.664317440142494053e-01,4.266081893117592116e+00
1.744490291229221224e-01,7.710801996457731233e-01,4.238366046637629836e+00
1.744490291229221224e-01,7.757286552772968413e-01,4.211657055436660357e+00
1.744490291229221224e-01,7.803771109088205593e-01,4.186012321939883485e+00
1.744490291229221224e-01,7.850255665403442773e-01,4.161487609882447813e+00
1.744490291229221224e-01,7.896740221718681063e-01,4.138136907606232207e+00
1.744490291229221224e-01,7.943224778033917133e-01,4.116012294045987119e+00
1.744490291229221224e-01,7.989709334349155423e-01,4.095163807720372695e+00
1.744490291229221224e-01,8.036193890664392603e-01,4.075639319038929287e+00
1.744490291229221224e-01,8.082678446979629783e-01,4.057484406230788210e+00
1.744490291229221224e-01,8.129163003294866963e-01,4.040742235195046383e+00
1.744490291229221224e-01,8.175647559610104143e-01,4.025453443566076928e+00
1.744490291229221224e-01,8.222132115925341322e-01,4.011656029279796698e+00
1.744490291229221224e-01,8.268616672240578502e-01,3.999385243918910149e+00
1.744490291229221224e-01,8.315101228555815682e-01,3.988673491106561109e+00
1.744490291229221224e-01,8.361585784871052862e-01,3.979550230208532824e+00
1.744490291229221224e-01,8.408070341186291152e-01,3.972041885594268962e+00
1.744490291229221224e-01,8.454554897501528332e-01,3.966171761696493991e+00
1.744490291229221224e-01,8.501039453816765512e-01,3.961959964098122455e+00
1.744490291229221224e-01,8.547524010132002692e-01,3.959423326863514170e+00
1.744490291229221224e-01,8.594008566447239872e-01,3.958575346318943922e+00
1.795798829206551039e-01,6.316265307000612506e-01,5.215362889090492615e+00
1.795798829206551039e-01,6.362749863315849685e-01,5.185662961903280355e+00
1.795798829206551039e-01,6.409234419631086865e-01,5.155227460992849231e+00
1.795798829206551039e-01,6.455718975946324045e-01,5.124101209824107883e+00
1.795798829206551039e-01,6.502203532261561225e-01,5.092331115965140320e+00
1.795798829206551039e-01,6.548688088576799515e-01,5.059966088562576125e+00
1.795798829206551039e-01,6.595172644892036695e-01,5.027056950505804700e+00
1.795798829206551039e-01,6.641657201207273875e-01,4.993656345436995103e+00
1.795798829206551039e-01,6.688141757522511055e-01,4.959818639776711890e+00
1.795798829206551039e-01,6.734626313837748235e-01,4.925599819947235503e+00
1.795798829206551039e-01,6.781110870152985415e-01,4.891057384987878009e+00
1.795798829206551039e-01,6.827595426468222595e-01,4.856250234768234364e+00
1.795798829206551039e-01,6.874079982783459775e-01,4.821238554016685107e+00
1.795798829206551039e-01,6.920564539098696955e-01,4.786083692392324451e+00
1.795798829206551039e-01,6.967049095413934134e-01,4.750848040838986819e+00
1.795798829206551039e-01,7.013533651729171314e-01,4.715594904469991633e+00
1.795798829206551039e-01,7.060018208044409604e-01,4.680388372241707451e+00
1.795798829206551039e-01,7.106502764359646784e-01,4.645293183683032900e+00
1.795798829206551039e-01,7.152987320674883964e-01,4.610374592956231865e+00
1.795798829206551039e-01,7.199471876990121144e-01,4.575698230532506017e+00
1.795798829206551039e-01,7.245956433305358324e-01,4.541329962772847395e+00
1.795798829206551039e-01,7.292440989620595504e-01,4.507335749711439021e+00
1.795798829206551039e-01,7.338925545935832684e-01,4.473781501344860523e+00
1.795798829206551039e-01,7.385410102251069864e-01,4.440732932735783400e+00
1.795798829206551039e-01,7.431894658566307044e-01,4.408255418244522161e+00
1.795798829206551039e-01,7.478379214881545334e-01,4.376413845205929576e+00
1.795798829206551039e-01,7.524863771196782514e-01,4.345272467372478076e+00
1.795798829206551039e-01,7.571348327512019694e-01,4.314894758447037404e+00
1.795798829206551039e-01,7.617832883827256873e-01,4.285343266030919196e+00
1.795798829206551039e-01,7.664317440142494053e-01,4.256679466313954663e+00
1.795798829206551039e-01,7.710801996457731233e-01,4.228963619833992382e+00
1.795798829206551039e-01,7.757286552772968413e-01,4.202254628633022904e+00
1.795798829206551039e-01,7.803771109088205593e-01,4.176609895136246031e+00
1.795798829206551039e-01,7.850255665403442773e-01,4.152085183078810360e+00
1.795798829206551039e-01,7.896740221718681063e-01,4.128734480802594753e+00
1.795798829206551039e-01,7.943224778033917133e-01,4.106609867242349665e+00
1.795798829206551039e-01,7.989709334349155423e-01,4.085761380916735241e+00
1.795798829206551039e-01,8.036193890664392603e-01,4.066236892235291833e+00
1.795798829206551039e-01,8.082678446979629783e-01,4.048081979427150756e+00
1.795798829206551039e-01,8.129163003294866963e-01,4.031339808391408930e+00
1.795798829206551039e-01,8.175647559610104143e-01,4.016051016762439474e+00
1.795798829206551039e-01,8.222132115925341322e-01,4.002253602476159244e+00
1.795798829206551039e-01,8.268616672240578502e-01,3.989982817115272695e+00
1.795798829206551039e-01,8.315101228555815682e-01,3.979271064302923655e+00
1.795798829206551039e-01,8.361585784871052862e-01,3.970147803404895370e+00
1.795798829206551039e-01,8.408070341186291152e-01,3.962639458790631508e+00
1.795798829206551039e-01,8.454554897501528332e-01,3.956769334892856538e+00
1.795798829206551039e-01,8.501039453816765512e-01,3.952557537294485002e+00
1.795798829206551039e-01,8.547524010132002692e-01,3.950020900059876716e+00
1.795798829206551039e-01,8.594008566447239872e-01,3.949172919515306468e+00
1.847107367183881133e-01,6.316265307000612506e-01,5.206437427598796575e+00
1.847107367183881133e-01,6.362749863315849685e-01,5.176737500411584314e+00
1.847107367183881133e-01,6.409234419631086865e-01,5.146301999501153190e+00
1.847107367183881133e-01,6.455718975946324045e-01,5.115175748332411843e+00
1.847107367183881133e-01,6.502203532261561225e-01,5.083405654473444280e+00
1.847107367183881133e-01,6.548688088576799515e-01,5.051040627070880085e+00
1.847107367183881133e-01,6.595172644892036695e-01,5.018131489014108659e+00
1.847107367183881133e-01,6.641657201207273875e-01,4.984730883945299063e+00
1.847107367183881133e-01,6.688141757522511055e-01,4.950893178285015850e+00
1.847107367183881133e-01,6.734626313837748235e-01,4.916674358455539462e+00
1.847107367183881133e-01,6.781110870152985415e-01,4.882131923496181969e+00
1.847107367183881133e-01,6.827595426468222595e-01,4.847324773276538323e+00
1.847107367183881133e-01,6.874079982783459775e-01,4.812313092524989067e+00
1.847107367183881133e-01,6.920564539098696955e-01,4.777158230900628411e+00
1.847107367183881133e-01,6.967049095413934134e-01,4.741922579347290778e+00
1.847107367183881133e-01,7.013533651729171314e-01,4.706669442978295592e+00
1.847107367183881133e-01,7.060018208044409604e-01,4.671462910750011410e+00
1.847107367183881133e-01,7.106502764359646784e-01,4.636367722191336860e+00
1.847107367183881133e-01,7.152987320674883964e-01,4.601449131464535824e+00
1.847107367183881133e-01,7.199471876990121144e-01,4.566772769040809976e+00
1.847107367183881133e-01,7.245956433305358324e-01,4.532404501281151354e+00
1.847107367183881133e-01,7.292440989620595504e-01,4.498410288219742981e+00
1.847107367183881133e-01,7.338925545935832684e-01,4.464856039853164482e+00
1.847107367183881133e-01,7.385410102251069864e-01,4.431807471244087360e+00
1.847107367183881133e-01,7.431894658566307044e-01,4.399329956752826121e+00
1.847107367183881133e-01,7.478379214881545334e-01,4.367488383714233535e+00
1.847107367183881133e-01,7.524863771196782514e-01,4.336347005880782035e+00
1.847107367183881133e-01,7.571348327512019694e-01,4.305969296955341363e+00
1.847107367183881133e-01,7.617832883827256873e-01,4.276417804539223155e+00
1.847107367183881133e-01,7.664317440142494053e-01,4.247754004822258622e+00
1.847107367183881133e-01,7.710801996457731233e-01,4.220038158342296342e+00
1.847107367183881133e-01,7.757286552772968413e-01,4.193329167141326863e+00
1.847107367183881133e-01,7.803771109088205593e-01,4.167684433644549991e+00
1.847107367183881133e-01,7.850255665403442773e-01,4.143159721587114319e+00
1.847107367183881133e-01,7.896740221718681063e-01,4.119809019310898712e+00
1.847107367183881133e-01,7.943224778033917133e-01,4.097684405750653625e+00
1.847107367183881133e-01,7.989709334349155423e-01,4.076835919425039201e+00
1.847107367183881133e-01,8.036193890664392603e-01,4.057311430743595793e+00
1.847107367183881133e-01,8.082678446979629783e-01,4.039156517935454715e+00
1.847107367183881133e-01,8.129163003294866963e-01,4.022414346899712889e+00
1.847107367183881133e-01,8.175647559610104143e-01,4.007125555270743433e+00
1.847107367183881133e-01,8.222132115925341322e-01,3.993328140984463204e+00
1.847107367183881133e-01,8.268616672240578502e-01,3.981057355623576655e+00
1.847107367183881133e-01,8.315101228555815682e-01,3.970345602811227614e+00
1.847107367183881133e-01,8.361585784871052862e-01,3.961222341913199330e+00
1.847107367183881133e-01,8.408070341186291152e-01,3.953713997298935467e+00
1.847107367183881133e-01,8.454554897501528332e-01,3.947843873401160497e+00
1.847107367183881133e-01,8.501039453816765512e-01,3.943632075802788961e+00
1.847107367183881133e-01,8.547524010132002692e-01,3.941095438568180676e+00
1.847107367183881133e-01,8.594008566447239872e-01,3.940247458023610427e+00
1.898415905161211226e-01,6.316265307000612506e-01,5.198021532732832739e+00
1.898415905161211226e-01,6.362749863315849685e-01,5.168321605545621367e+00
1.898415905161211226e-01,6.409234419631086865e-01,5.137886104635190243e+00
1.898415905161211226e-01,6.455718975946324045e-01,5.106759853466448895e+00
1.898415905161211226e-01,6.502203532261561225e-01,5.074989759607481332e+00
1.898415905161211226e-01,6.548688088576799515e-01,5.042624732204917137e+00
1.898415905161211226e-01,6.595172644892036695e-01,5.009715594148145712e+00
1.898415905161211226e-01,6.641657201207273875e-01,4.976314989079336115e+00
1.898415905161211226e-01,6.688141757522511055e-01,4.942477283419052903e+00
1.898415905161211226e-01,6.734626313837748235e-01,4.908258463589576515e+00
1.898415905161211226e-01,6.781110870152985415e-01,4.873716028630219022e+00
1.898415905161211226e-01,6.827595426468222595e-01,4.838908878410575376e+00
1.898415905161211226e-01,6.874079982783459775e-01,4.803897197659026119e+00
1.898415905161211226e-01,6.920564539098696955e-01,4.768742336034665463e+00
1.898415905161211226e-01,6.967049095413934134e-01,4.733506684481327831e+00
1.898415905161211226e-01,7.013533651729171314e-01,4.698253548112332645e+00
1.898415905161211226e-01,7.060018208044409604e-01,4.663047015884048463e+00
1.898415905161211226e-01,7.106502764359646784e-01,4.627951827325373912e+00
1.898415905161211226e-01,7.152987320674883964e-01,4.593033236598571989e+00
1.898415905161211226e-01,7.199471876990121144e-01,4.558356874174847029e+00
1.898415905161211226e-01,7.245956433305358324e-01,4.523988606415188407e+00
1.898415905161211226e-01,7.292440989620595504e-01,4.489994393353780033e+00
1.898415905161211226e-01,7.338925545935832684e-01,4.456440144987201535e+00
1.898415905161211226e-01,7.385410102251069864e-01,4.423391576378124412e+00
1.898415905161211226e-01,7.431894658566307044e-01,4.390914061886862285e+00
1.898415905161211226e-01,7.478379214881545334e-01,4.359072488848271476e+00
1.898415905161211226e-01,7.524863771196782514e-01,4.327931111014819088e+00
1.898415905161211226e-01,7.571348327512019694e-01,4.297553402089378416e+00
1.898415905161211226e-01,7.617832883827256873e-01,4.268001909673261096e+00
1.898415905161211226e-01,7.664317440142494053e-01,4.239338109956295675e+00
1.898415905161211226e-01,7.710801996457731233e-01,4.211622263476334282e+00
1.898415905161211226e-01,7.757286552772968413e-01,4.184913272275363916e+00
1.898415905161211226e-01,7.803771109088205593e-01,4.159268538778587043e+00
1.898415905161211226e-01,7.850255665403442773e-01,4.134743826721151372e+00
1.898415905161211226e-01,7.896740221718681063e-01,4.111393124444935765e+00
1.898415905161211226e-01,7.943224778033917133e-01,4.089268510884690677e+00
1.898415905161211226e-01,7.989709334349155423e-01,4.068420024559076253e+00
1.898415905161211226e-01,8.036193890664392603e-01,4.048895535877632845e+00
1.898415905161211226e-01,8.082678446979629783e-01,4.030740623069492656e+00
1.898415905161211226e-01,8.129163003294866963e-01,4.013998452033749942e+00
1.898415905161211226e-01,8.175647559610104143e-01,3.998709660404780486e+00
1.898415905161211226e-01,8.222132115925341322e-01,3.984912246118500256e+00
1.898415905161211226e-01,8.268616672240578502e-01,3.972641460757613707e+00
1.898415905161211226e-01,8.315101228555815682e-01,3.961929707945264667e+00
1.898415905161211226e-01,8.361585784871052862e-01,3.952806447047236382e+00
1.898415905161211226e-01,8.408070341186291152e-01,3.945298102432972520e+00
1.898415905161211226e-01,8.454554897501528332e-01,3.939427978535197550e+00
1.898415905161211226e-01,8.501039453816765512e-01,3.935216180936826014e+00
1.898415905161211226e-01,8.547524010132002692e-01,3.932679543702217728e+00
1.898415905161211226e-01,8.594008566447239872e-01,3.931831563157647480e+00
1.949724443138541319e-01,6.316265307000612506e-01,5.190146418188509969e+00
1.949724443138541319e-01,6.362749863315849685e-01,5.160446491001298597e+00
1.949724443138541319e-01,6.409234419631086865e-01,5.130010990090867473e+00
1.949724443138541319e-01,6.455718975946324045e-01,5.098884738922126125e+00
1.949724443138541319e-01,6.502203532261561225e-01,5.067114645063158562e+00
1.949724443138541319e-01,6.548688088576799515e-01,5.034749617660594367e+00
1.949724443138541319e-01,6.595172644892036695e-01,5.001840479603822942e+00
1.949724443138541319e-01,6.641657201207273875e-01,4.968439874535013345e+00
1.949724443138541319e-01,6.688141757522511055e-01,4.934602168874730133e+00
1.949724443138541319e-01,6.734626313837748235e-01,4.900383349045253745e+00
1.949724443138541319e-01,6.781110870152985415e-01,4.865840914085896252e+00
1.949724443138541319e-01,6.827595426468222595e-01,4.831033763866252606e+00
1.949724443138541319e-01,6.874079982783459775e-01,4.796022083114703349e+00
1.949724443138541319e-01,6.920564539098696955e-01,4.760867221490342693e+00
1.949724443138541319e-01,6.967049095413934134e-01,4.725631569937005061e+00
1.949724443138541319e-01,7.013533651729171314e-01,4.690378433568009875e+00
1.949724443138541319e-01,7.060018208044409604e-01,4.655171901339725693e+00
1.949724443138541319e-01,7.106502764359646784e-01,4.620076712781051143e+00
1.949724443138541319e-01,7.152987320674883964e-01,4.585158122054249219e+00
1.949724443138541319e-01,7.199471876990121144e-01,4.550481759630524259e+00
1.949724443138541319e-01,7.245956433305358324e-01,4.516113491870865637e+00
1.949724443138541319e-01,7.292440989620595504e-01,4.482119278809457263e+00
1.949724443138541319e-01,7.338925545935832684e-01,4.448565030442878765e+00
1.949724443138541319e-01,7.385410102251069864e-01,4.415516461833801642e+00
1.949724443138541319e-01,7.431894658566307044e-01,4.383038947342539515e+00
1.949724443138541319e-01,7.478379214881545334e-01,4.351197374303948706e+00
1.949724443138541319e-01,7.524863771196782514e-01,4.320055996470496318e+00
1.949724443138541319e-01,7.571348327512019694e-01,4.289678287545055646e+00
1.949724443138541319e-01,7.617832883827256873e-01,4.260126795128938326e+00
1.949724443138541319e-01,7.664317440142494053e-01,4.231462995411972905e+00
1.949724443138541319e-01,7.710801996457731233e-01,4.203747148932011513e+00
1.949724443138541319e-01,7.757286552772968413e-01,4.177038157731041146e+00
1.949724443138541319e-01,7.803771109088205593e-01,4.151393424234264273e+00
1.949724443138541319e-01,7.850255665403442773e-01,4.126868712176828602e+00
1.949724443138541319e-01,7.896740221718681063e-01,4.103518009900612995e+00
1.949724443138541319e-01,7.943224778033917133e-01,4.081393396340367907e+00
1.949724443138541319e-01,7.989709334349155423e-01,4.060544910014753484e+00
1.949724443138541319e-01,8.036193890664392603e-01,4.041020421333310075e+00
1.949724443138541319e-01,8.082678446979629783e-01,4.022865508525169886e+00
1.949724443138541319e-01,8.129163003294866963e-01,4.006123337489427172e+00
1.949724443138541319e-01,8.175647559610104143e-01,3.990834545860457716e+00
1.949724443138541319e-01,8.222132115925341322e-01,3.977037131574177486e+00
1.949724443138541319e-01,8.268616672240578502e-01,3.964766346213290937e+00
1.949724443138541319e-01,8.315101228555815682e-01,3.954054593400941897e+00
1.949724443138541319e-01,8.361585784871052862e-01,3.944931332502913612e+00
1.949724443138541319e-01,8.408070341186291152e-01,3.937422987888649750e+00
1.949724443138541319e-01,8.454554897501528332e-01,3.931552863990874780e+00
1.949724443138541319e-01,8.501039453816765512e-01,3.927341066392503244e+00
1.949724443138541319e-01,8.547524010132002692e-01,3.924804429157894958e+00
1.949724443138541319e-01,8.594008566447239872e-01,3.923956448613324710e+00
2.001032981115871134e-01,6.316265307000612506e-01,5.182841782047379553e+00
2.001032981115871134e-01,6.362749863315849685e-01,5.153141854860168181e+00
2.001032981115871134e-01,6.409234419631086865e-01,5.122706353949737057e+00
2.001032981115871134e-01,6.455718975946324045e-01,5.091580102780995709e+00
2.001032981115871134e-01,6.502203532261561225e-01,5.059810008922028146e+00
2.001032981115871134e-01,6.548688088576799515e-01,5.027444981519463951e+00
2.001032981115871134e-01,6.595172644892036695e-01,4.994535843462692526e+00
2.001032981115871134e-01,6.641657201207273875e-01,4.961135238393882929e+00
2.001032981115871134e-01,6.688141757522511055e-01,4.927297532733599716e+00
2.001032981115871134e-01,6.734626313837748235e-01,4.893078712904123329e+00
2.001032981115871134e-01,6.781110870152985415e-01,4.858536277944765835e+00
2.001032981115871134e-01,6.827595426468222595e-01,4.823729127725122190e+00
2.001032981115871134e-01,6.874079982783459775e-01,4.788717446973572933e+00
2.001032981115871134e-01,6.920564539098696955e-01,4.753562585349212277e+00
2.001032981115871134e-01,6.967049095413934134e-01,4.718326933795874645e+00
2.001032981115871134e-01,7.013533651729171314e-01,4.683073797426879459e+00
2.001032981115871134e-01,7.060018208044409604e-01,4.647867265198595277e+00
2.001032981115871134e-01,7.106502764359646784e-01,4.612772076639920726e+00
2.001032981115871134e-01,7.152987320674883964e-01,4.577853485913118803e+00
2.001032981115871134e-01,7.199471876990121144e-01,4.543177123489393843e+00
2.001032981115871134e-01,7.245956433305358324e-01,4.508808855729735221e+00
2.001032981115871134e-01,7.292440989620595504e-01,4.474814642668326847e+00
2.001032981115871134e-01,7.338925545935832684e-01,4.441260394301748349e+00
2.001032981115871134e-01,7.385410102251069864e-01,4.408211825692671226e+00
2.001032981115871134e-01,7.431894658566307044e-01,4.375734311201409099e+00
2.001032981115871134e-01,7.478379214881545334e-01,4.343892738162818290e+00
2.001032981115871134e-01,7.524863771196782514e-01,4.312751360329365902e+00
2.001032981115871134e-01,7.571348327512019694e-01,4.282373651403925230e+00
2.001032981115871134e-01,7.617832883827256873e-01,4.252822158987807910e+00
2.001032981115871134e-01,7.664317440142494053e-01,4.224158359270842489e+00
2.001032981115871134e-01,7.710801996457731233e-01,4.196442512790881096e+00
2.001032981115871134e-01,7.757286552772968413e-01,4.169733521589910730e+00
2.001032981115871134e-01,7.803771109088205593e-01,4.144088788093133857e+00
2.001032981115871134e-01,7.850255665403442773e-01,4.119564076035698186e+00
2.001032981115871134e-01,7.896740221718681063e-01,4.096213373759482579e+00
2.001032981115871134e-01,7.943224778033917133e-01,4.074088760199237491e+00
2.001032981115871134e-01,7.989709334349155423e-01,4.053240273873623067e+00
2.001032981115871134e-01,8.036193890664392603e-01,4.033715785192179659e+00
2.001032981115871134e-01,8.082678446979629783e-01,4.015560872384039470e+00
2.001032981115871134e-01,8.129163003294866963e-01,3.998818701348296756e+00
2.001032981115871134e-01,8.175647559610104143e-01,3.983529909719327300e+00
2.001032981115871134e-01,8.222132115925341322e-01,3.969732495433047070e+00
2.001032981115871134e-01,8.268616672240578502e-01,3.957461710072160521e+00
2.001032981115871134e-01,8.315101228555815682e-01,3.946749957259811481e+00
2.001032981115871134e-01,8.361585784871052862e-01,3.937626696361783196e+00
2.001032981115871134e-01,8.408070341186291152e-01,3.930118351747519334e+00
2.001032981115871134e-01,8.454554897501528332e-01,3.924248227849744364e+00
2.001032981115871134e-01,8.501039453816765512e-01,3.920036430251372828e+00
2.001032981115871134e-01,8.547524010132002692e-01,3.917499793016764542e+00
2.001032981115871134e-01,8.594008566447239872e-01,3.916651812472194294e+00
2.052341519093201228e-01,6.316265307000612506e-01,5.176135682911105818e+00
2.052341519093201228e-01,6.362749863315849685e-01,5.146435755723894445e+00
2.052341519093201228e-01,6.409234419631086865e-01,5.116000254813463322e+00
2.052341519093201228e-01,6.455718975946324045e-01,5.084874003644721974e+00
2.052341519093201228e-01,6.502203532261561225e-01,5.053103909785754411e+00
2.052341519093201228e-01,6.548688088576799515e-01,5.020738882383190216e+00
2.052341519093201228e-01,6.595172644892036695e-01,4.987829744326418790e+00
2.052341519093201228e-01,6.641657201207273875e-01,4.954429139257609194e+00
2.052341519093201228e-01,6.688141757522511055e-01,4.920591433597325981e+00
2.052341519093201228e-01,6.734626313837748235e-01,4.886372613767849593e+00
2.052341519093201228e-01,6.781110870152985415e-01,4.851830178808492100e+00
2.052341519093201228e-01,6.827595426468222595e-01,4.817023028588848454e+00
2.052341519093201228e-01,6.874079982783459775e-01,4.782011347837299198e+00
2.052341519093201228e-01,6.920564539098696955e-01,4.746856486212938542e+00
2.052341519093201228e-01,6.967049095413934134e-01,4.711620834659600909e+00
2.052341519093201228e-01,7.013533651729171314e-01,4.676367698290605723e+00
2.052341519093201228e-01,7.060018208044409604e-01,4.641161166062321541e+00
2.052341519093201228e-01,7.106502764359646784e-01,4.606065977503646991e+00
2.052341519093201228e-01,7.152987320674883964e-01,4.571147386776845067e+00
2.052341519093201228e-01,7.199471876990121144e-01,4.536471024353120107e+00
2.052341519093201228e-01,7.245956433305358324e-01,4.502102756593461486e+00
2.052341519093201228e-01,7.292440989620595504e-01,4.468108543532053112e+00
2.052341519093201228e-01,7.338925545935832684e-01,4.434554295165474613e+00
2.052341519093201228e-01,7.385410102251069864e-01,4.401505726556397491e+00
2.052341519093201228e-01,7.431894658566307044e-01,4.369028212065135364e+00
2.052341519093201228e-01,7.478379214881545334e-01,4.337186639026544555e+00
2.052341519093201228e-01,7.524863771196782514e-01,4.306045261193092166e+00
2.052341519093201228e-01,7.571348327512019694e-01,4.275667552267651494e+00
2.052341519093201228e-01,7.617832883827256873e-01,4.246116059851534175e+00
2.052341519093201228e-01,7.664317440142494053e-01,4.217452260134568753e+00
2.052341519093201228e-01,7.710801996457731233e-01,4.189736413654607361e+00
2.052341519093201228e-01,7.757286552772968413e-01,4.163027422453636994e+00
2.052341519093201228e-01,7.803771109088205593e-01,4.137382688956860122e+00
2.052341519093201228e-01,7.850255665403442773e-01,4.112857976899424450e+00
2.052341519093201228e-01,7.896740221718681063e-01,4.089507274623208843e+00
2.052341519093201228e-01,7.943224778033917133e-01,4.067382661062963756e+00
2.052341519093201228e-01,7.989709334349155423e-01,4.046534174737349332e+00
2.052341519093201228e-01,8.036193890664392603e-01,4.027009686055905924e+00
2.052341519093201228e-01,8.082678446979629783e-01,4.008854773247765735e+00
2.052341519093201228e-01,8.129163003294866963e-01,3.992112602212023020e+00
2.052341519093201228e-01,8.175647559610104143e-01,3.976823810583053564e+00
2.052341519093201228e-01,8.222132115925341322e-01,3.963026396296773335e+00
2.052341519093201228e-01,8.268616672240578502e-01,3.950755610935886786e+00
2.052341519093201228e-01,8.315101228555815682e-01,3.940043858123537746e+00
2.052341519093201228e-01,8.361585784871052862e-01,3.930920597225509461e+00
2.052341519093201228e-01,8.408070341186291152e-01,3.923412252611245599e+00
2.052341519093201228e-01,8.454554897501528332e-01,3.917542128713470628e+00
2.052341519093201228e-01,8.501039453816765512e-01,3.913330331115099092e+00
2.052341519093201228e-01,8.547524010132002692e-01,3.910793693880490807e+00
2.052341519093201228e-01,8.594008566447239872e-01,3.909945713335920559e+00
2.103650057070531321e-01,6.316265307000612506e-01,5.170054420583756638e+00
2.103650057070531321e-01,6.362749863315849685e-01,5.140354493396545266e+00
2.103650057070531321e-01,6.409234419631086865e-01,5.109918992486114142e+00
2.103650057070531321e-01,6.455718975946324045e-01,5.078792741317372794e+00
2.103650057070531321e-01,6.502203532261561225e-01,5.047022647458405231e+00
2.103650057070531321e-01,6.548688088576799515e-01,5.014657620055841036e+00
2.103650057070531321e-01,6.595172644892036695e-01,4.981748481999069611e+00
2.103650057070531321e-01,6.641657201207273875e-01,4.948347876930260014e+00
2.103650057070531321e-01,6.688141757522511055e-01,4.914510171269976802e+00
2.103650057070531321e-01,6.734626313837748235e-01,4.880291351440500414e+00
2.103650057070531321e-01,6.781110870152985415e-01,4.845748916481142921e+00
2.103650057070531321e-01,6.827595426468222595e-01,4.810941766261499275e+00
2.103650057070531321e-01,6.874079982783459775e-01,4.775930085509950018e+00
2.103650057070531321e-01,6.920564539098696955e-01,4.740775223885589362e+00
2.103650057070531321e-01,6.967049095413934134e-01,4.705539572332251730e+00
2.103650057070531321e-01,7.013533651729171314e-01,4.670286435963256544e+00
2.103650057070531321e-01,7.060018208044409604e-01,4.635079903734972362e+00
2.103650057070531321e-01,7.106502764359646784e-01,4.599984715176297811e+00
2.103650057070531321e-01,7.152987320674883964e-01,4.565066124449495888e+00
2.103650057070531321e-01,7.199471876990121144e-01,4.530389762025770928e+00
2.103650057070531321e-01,7.245956433305358324e-01,4.496021494266112306e+00
2.103650057070531321e-01,7.292440989620595504e-01,4.462027281204703932e+00
2.103650057070531321e-01,7.338925545935832684e-01,4.428473032838125434e+00
2.103650057070531321e-01,7.385410102251069864e-01,4.395424464229048311e+00
2.103650057070531321e-01,7.431894658566307044e-01,4.362946949737786184e+00
2.103650057070531321e-01,7.478379214881545334e-01,4.331105376699195375e+00
2.103650057070531321e-01,7.524863771196782514e-01,4.299963998865742987e+00
2.103650057070531321e-01,7.571348327512019694e-01,4.269586289940302315e+00
2.103650057070531321e-01,7.617832883827256873e-01,4.240034797524184995e+00
2.103650057070531321e-01,7.664317440142494053e-01,4.211370997807219574e+00
2.103650057070531321e-01,7.710801996457731233e-01,4.183655151327258181e+00
2.103650057070531321e-01,7.757286552772968413e-01,4.156946160126287815e+00
2.103650057070531321e-01,7.803771109088205593e-01,4.131301426629510942e+00
2.103650057070531321e-01,7.850255665403442773e-01,4.106776714572075271e+00
2.103650057070531321e-01,7.896740221718681063e-01,4.083426012295859664e+00
2.103650057070531321e-01,7.943224778033917133e-01,4.061301398735614576e+00
2.103650057070531321e-01,7.989709334349155423e-01,4.040452912410000152e+00
2.103650057070531321e-01,8.036193890664392603e-01,4.020928423728556744e+00
2.103650057070531321e-01,8.082678446979629783e-01,4.002773510920416555e+00
2.103650057070531321e-01,8.129163003294866963e-01,3.986031339884673841e+00
2.103650057070531321e-01,8.175647559610104143e-01,3.970742548255704385e+00
2.103650057070531321e-01,8.222132115925341322e-01,3.956945133969424155e+00
2.103650057070531321e-01,8.268616672240578502e-01,3.944674348608537606e+00
2.103650057070531321e-01,8.315101228555815682e-01,3.933962595796188566e+00
2.103650057070531321e-01,8.361585784871052862e-01,3.924839334898160281e+00
2.103650057070531321e-01,8.408070341186291152e-01,3.917330990283896419e+00
2.103650057070531321e-01,8.454554897501528332e-01,3.911460866386121449e+00
2.103650057070531321e-01,8.501039453816765512e-01,3.907249068787749913e+00
2.103650057070531321e-01,8.547524010132002692e-01,3.904712431553141627e+00
2.103650057070531321e-01,8.594008566447239872e-01,3.903864451008571379e+00
2.154958595047861414e-01,6.316265307000612506e-01,5.164622421706441813e+00
2.154958595047861414e-01,6.362749863315849685e-01,5.134922494519230440e+00
2.154958595047861414e-01,6.409234419631086865e-01,5.104486993608799317e+00
2.154958595047861414e-01,6.455718975946324045e-01,5.073360742440057969e+00
2.154958595047861414e-01,6.502203532261561225e-01,5.041590648581090406e+00
2.154958595047861414e-01,6.548688088576799515e-01,5.009225621178526211e+00
2.154958595047861414e-01,6.595172644892036695e-01,4.976316483121754786e+00
2.154958595047861414e-01,6.641657201207273875e-01,4.942915878052945189e+00
2.154958595047861414e-01,6.688141757522511055e-01,4.909078172392661976e+00
2.154958595047861414e-01,6.734626313837748235e-01,4.874859352563185588e+00
2.154958595047861414e-01,6.781110870152985415e-01,4.840316917603828095e+00
2.154958595047861414e-01,6.827595426468222595e-01,4.805509767384184450e+00
2.154958595047861414e-01,6.874079982783459775e-01,4.770498086632635193e+00
2.154958595047861414e-01,6.920564539098696955e-01,4.735343225008274537e+00
2.154958595047861414e-01,6.967049095413934134e-01,4.700107573454936905e+00
2.154958595047861414e-01,7.013533651729171314e-01,4.664854437085941719e+00
2.154958595047861414e-01,7.060018208044409604e-01,4.629647904857657537e+00
2.154958595047861414e-01,7.106502764359646784e-01,4.594552716298982986e+00
2.154958595047861414e-01,7.152987320674883964e-01,4.559634125572181063e+00
2.154958595047861414e-01,7.199471876990121144e-01,4.524957763148456102e+00
2.154958595047861414e-01,7.245956433305358324e-01,4.490589495388797481e+00
2.154958595047861414e-01,7.292440989620595504e-01,4.456595282327389107e+00
2.154958595047861414e-01,7.338925545935832684e-01,4.423041033960810609e+00
2.154958595047861414e-01,7.385410102251069864e-01,4.389992465351733486e+00
2.154958595047861414e-01,7.431894658566307044e-01,4.357514950860471359e+00
2.154958595047861414e-01,7.478379214881545334e-01,4.325673377821880550e+00
2.154958595047861414e-01,7.524863771196782514e-01,4.294531999988428161e+00
2.154958595047861414e-01,7.571348327512019694e-01,4.264154291062987490e+00
2.154958595047861414e-01,7.617832883827256873e-01,4.234602798646870170e+00
2.154958595047861414e-01,7.664317440142494053e-01,4.205938998929904749e+00
2.154958595047861414e-01,7.710801996457731233e-01,4.178223152449943356e+00
2.154958595047861414e-01,7.757286552772968413e-01,4.151514161248972989e+00
2.154958595047861414e-01,7.803771109088205593e-01,4.125869427752196117e+00
2.154958595047861414e-01,7.850255665403442773e-01,4.101344715694760446e+00
2.154958595047861414e-01,7.896740221718681063e-01,4.077994013418544839e+00
2.154958595047861414e-01,7.943224778033917133e-01,4.055869399858299751e+00
2.154958595047861414e-01,7.989709334349155423e-01,4.035020913532685327e+00
2.154958595047861414e-01,8.036193890664392603e-01,4.015496424851241919e+00
2.154958595047861414e-01,8.082678446979629783e-01,3.997341512043101286e+00
2.154958595047861414e-01,8.129163003294866963e-01,3.980599341007359016e+00
2.154958595047861414e-01,8.175647559610104143e-01,3.965310549378389560e+00
2.154958595047861414e-01,8.222132115925341322e-01,3.951513135092109330e+00
2.154958595047861414e-01,8.268616672240578502e-01,3.939242349731222781e+00
2.154958595047861414e-01,8.315101228555815682e-01,3.928530596918873741e+00
2.154958595047861414e-01,8.361585784871052862e-01,3.919407336020845456e+00
2.154958595047861414e-01,8.408070341186291152e-01,3.911898991406581594e+00
2.154958595047861414e-01,8.454554897501528332e-01,3.906028867508806623e+00
2.154958595047861414e-01,8.501039453816765512e-01,3.901817069910435087e+00
2.154958595047861414e-01,8.547524010132002692e-01,3.899280432675826802e+00
2.154958595047861414e-01,8.594008566447239872e-01,3.898432452131256554e+00
2.206267133025191507e-01,6.316265307000612506e-01,5.159862130735325181e+00
2.206267133025191507e-01,6.362749863315849685e-01,5.130162203548112920e+00
2.206267133025191507e-01,6.409234419631086865e-01,5.099726702637681797e+00
2.206267133025191507e-01,6.455718975946324045e-01,5.068600451468940449e+00
2.206267133025191507e-01,6.502203532261561225e-01,5.036830357609972886e+00
2.206267133025191507e-01,6.548688088576799515e-01,5.004465330207408691e+00
2.206267133025191507e-01,6.595172644892036695e-01,4.971556192150637266e+00
2.206267133025191507e-01,6.641657201207273875e-01,4.938155587081827669e+00
2.206267133025191507e-01,6.688141757522511055e-01,4.904317881421544456e+00
2.206267133025191507e-01,6.734626313837748235e-01,4.870099061592068068e+00
2.206267133025191507e-01,6.781110870152985415e-01,4.835556626632710575e+00
2.206267133025191507e-01,6.827595426468222595e-01,4.800749476413066930e+00
2.206267133025191507e-01,6.874079982783459775e-01,4.765737795661517673e+00
2.206267133025191507e-01,6.920564539098696955e-01,4.730582934037157017e+00
2.206267133025191507e-01,6.967049095413934134e-01,4.695347282483819384e+00
2.206267133025191507e-01,7.013533651729171314e-01,4.660094146114824198e+00
2.206267133025191507e-01,7.060018208044409604e-01,4.624887613886540016e+00
2.206267133025191507e-01,7.106502764359646784e-01,4.589792425327865466e+00
2.206267133025191507e-01,7.152987320674883964e-01,4.554873834601064431e+00
2.206267133025191507e-01,7.199471876990121144e-01,4.520197472177338582e+00
2.206267133025191507e-01,7.245956433305358324e-01,4.485829204417679961e+00
2.206267133025191507e-01,7.292440989620595504e-01,4.451834991356271587e+00
2.206267133025191507e-01,7.338925545935832684e-01,4.418280742989693088e+00
2.206267133025191507e-01,7.385410102251069864e-01,4.385232174380615966e+00
2.206267133025191507e-01,7.431894658566307044e-01,4.352754659889354727e+00
2.206267133025191507e-01,7.478379214881545334e-01,4.320913086850762141e+00
2.206267133025191507e-01,7.524863771196782514e-01,4.289771709017310641e+00
2.206267133025191507e-01,7.571348327512019694e-01,4.259394000091869970e+00
2.206267133025191507e-01,7.617832883827256873e-01,4.229842507675751762e+00
2.206267133025191507e-01,7.664317440142494053e-01,4.201178707958787228e+00
2.206267133025191507e-01,7.710801996457731233e-01,4.173462861478824948e+00
2.206267133025191507e-01,7.757286552772968413e-01,4.146753870277855469e+00
2.206267133025191507e-01,7.803771109088205593e-01,4.121109136781078597e+00
2.206267133025191507e-01,7.850255665403442773e-01,4.096584424723642925e+00
2.206267133025191507e-01,7.896740221718681063e-01,4.073233722447427319e+00
2.206267133025191507e-01,7.943224778033917133e-01,4.051109108887182231e+00
2.206267133025191507e-01,7.989709334349155423e-01,4.030260622561567807e+00
2.206267133025191507e-01,8.036193890664392603e-01,4.010736133880124399e+00
2.206267133025191507e-01,8.082678446979629783e-01,3.992581221071983766e+00
2.206267133025191507e-01,8.129163003294866963e-01,3.975839050036241495e+00
2.206267133025191507e-01,8.175647559610104143e-01,3.960550258407272040e+00
2.206267133025191507e-01,8.222132115925341322e-01,3.946752844120991810e+00
2.206267133025191507e-01,8.268616672240578502e-01,3.934482058760105261e+00
2.206267133025191507e-01,8.315101228555815682e-01,3.923770305947756221e+00
2.206267133025191507e-01,8.361585784871052862e-01,3.914647045049727936e+00
2.206267133025191507e-01,8.408070341186291152e-01,3.907138700435464074e+00
2.206267133025191507e-01,8.454554897501528332e-01,3.901268576537689103e+00
2.206267133025191507e-01,8.501039453816765512e-01,3.897056778939317567e+00
2.206267133025191507e-01,8.547524010132002692e-01,3.894520141704709282e+00
2.206267133025191507e-01,8.594008566447239872e-01,3.893672161160139034e+00
2.257575671002521323e-01,6.316265307000612506e-01,5.155793906639257074e+00
2.257575671002521323e-01,6.362749863315849685e-01,5.126093979452044813e+00
2.257575671002521323e-01,6.409234419631086865e-01,5.095658478541613690e+00
2.257575671002521323e-01,6.455718975946324045e-01,5.064532227372872342e+00
2.257575671002521323e-01,6.502203532261561225e-01,5.032762133513904779e+00
2.257575671002521323e-01,6.548688088576799515e-01,5.000397106111340584e+00
2.257575671002521323e-01,6.595172644892036695e-01,4.967487968054569158e+00
2.257575671002521323e-01,6.641657201207273875e-01,4.934087362985759562e+00
2.257575671002521323e-01,6.688141757522511055e-01,4.900249657325476349e+00
2.257575671002521323e-01,6.734626313837748235e-01,4.866030837495999961e+00
2.257575671002521323e-01,6.781110870152985415e-01,4.831488402536642468e+00
2.257575671002521323e-01,6.827595426468222595e-01,4.796681252316998822e+00
2.257575671002521323e-01,6.874079982783459775e-01,4.761669571565449566e+00
2.257575671002521323e-01,6.920564539098696955e-01,4.726514709941088910e+00
2.257575671002521323e-01,6.967049095413934134e-01,4.691279058387751277e+00
2.257575671002521323e-01,7.013533651729171314e-01,4.656025922018756091e+00
2.257575671002521323e-01,7.060018208044409604e-01,4.620819389790471909e+00
2.257575671002521323e-01,7.106502764359646784e-01,4.585724201231797359e+00
2.257575671002521323e-01,7.152987320674883964e-01,4.550805610504996324e+00
2.257575671002521323e-01,7.199471876990121144e-01,4.516129248081270475e+00
2.257575671002521323e-01,7.245956433305358324e-01,4.481760980321611854e+00
2.257575671002521323e-01,7.292440989620595504e-01,4.447766767260203480e+00
2.257575671002521323e-01,7.338925545935832684e-01,4.414212518893624981e+00
2.257575671002521323e-01,7.385410102251069864e-01,4.381163950284547859e+00
2.257575671002521323e-01,7.431894658566307044e-01,4.348686435793286620e+00
2.257575671002521323e-01,7.478379214881545334e-01,4.316844862754694034e+00
2.257575671002521323e-01,7.524863771196782514e-01,4.285703484921242534e+00
2.257575671002521323e-01,7.571348327512019694e-01,4.255325775995801862e+00
2.257575671002521323e-01,7.617832883827256873e-01,4.225774283579683654e+00
2.257575671002521323e-01,7.664317440142494053e-01,4.197110483862719121e+00
2.257575671002521323e-01,7.710801996457731233e-01,4.169394637382756841e+00
2.257575671002521323e-01,7.757286552772968413e-01,4.142685646181787362e+00
2.257575671002521323e-01,7.803771109088205593e-01,4.117040912685010490e+00
2.257575671002521323e-01,7.850255665403442773e-01,4.092516200627574818e+00
2.257575671002521323e-01,7.896740221718681063e-01,4.069165498351359211e+00
2.257575671002521323e-01,7.943224778033917133e-01,4.047040884791114124e+00
2.257575671002521323e-01,7.989709334349155423e-01,4.026192398465499700e+00
2.257575671002521323e-01,8.036193890664392603e-01,4.006667909784056292e+00
2.257575671002521323e-01,8.082678446979629783e-01,3.988512996975915659e+00
2.257575671002521323e-01,8.129163003294866963e-01,3.971770825940173388e+00
2.257575671002521323e-01,8.175647559610104143e-01,3.956482034311203932e+00
2.257575671002521323e-01,8.222132115925341322e-01,3.942684620024923703e+00
2.257575671002521323e-01,8.268616672240578502e-01,3.930413834664037154e+00
2.257575671002521323e-01,8.315101228555815682e-01,3.919702081851688114e+00
2.257575671002521323e-01,8.361585784871052862e-01,3.910578820953659829e+00
2.257575671002521323e-01,8.408070341186291152e-01,3.903070476339395967e+00
2.257575671002521323e-01,8.454554897501528332e-01,3.897200352441620996e+00
2.257575671002521323e-01,8.501039453816765512e-01,3.892988554843249460e+00
2.257575671002521323e-01,8.547524010132002692e-01,3.890451917608641175e+00
2.257575671002521323e-01,8.594008566447239872e-01,3.889603937064070927e+00
2.308884208979851416e-01,6.316265307000612506e-01,5.152435925677391282e+00
2.308884208979851416e-01,6.362749863315849685e-01,5.122735998490179021e+00
2.308884208979851416e-01,6.409234419631086865e-01,5.092300497579747898e+00
2.308884208979851416e-01,6.455718975946324045e-01,5.061174246411006550e+00
2.308884208979851416e-01,6.502203532261561225e-01,5.029404152552038987e+00
2.308884208979851416e-01,6.548688088576799515e-01,4.997039125149474792e+00
2.308884208979851416e-01,6.595172644892036695e-01,4.964129987092703367e+00
2.308884208979851416e-01,6.641657201207273875e-01,4.930729382023893770e+00
2.308884208979851416e-01,6.688141757522511055e-01,4.896891676363610557e+00
2.308884208979851416e-01,6.734626313837748235e-01,4.862672856534134169e+00
2.308884208979851416e-01,6.781110870152985415e-01,4.828130421574776676e+00
2.308884208979851416e-01,6.827595426468222595e-01,4.793323271355133031e+00
2.308884208979851416e-01,6.874079982783459775e-01,4.758311590603583774e+00
2.308884208979851416e-01,6.920564539098696955e-01,4.723156728979223118e+00
2.308884208979851416e-01,6.967049095413934134e-01,4.687921077425885485e+00
2.308884208979851416e-01,7.013533651729171314e-01,4.652667941056890299e+00
2.308884208979851416e-01,7.060018208044409604e-01,4.617461408828606118e+00
2.308884208979851416e-01,7.106502764359646784e-01,4.582366220269931567e+00
2.308884208979851416e-01,7.152987320674883964e-01,4.547447629543130532e+00
2.308884208979851416e-01,7.199471876990121144e-01,4.512771267119404683e+00
2.308884208979851416e-01,7.245956433305358324e-01,4.478402999359746062e+00
2.308884208979851416e-01,7.292440989620595504e-01,4.444408786298337688e+00
2.308884208979851416e-01,7.338925545935832684e-01,4.410854537931759189e+00
2.308884208979851416e-01,7.385410102251069864e-01,4.377805969322682067e+00
2.308884208979851416e-01,7.431894658566307044e-01,4.345328454831420828e+00
2.308884208979851416e-01,7.478379214881545334e-01,4.313486881792828243e+00
2.308884208979851416e-01,7.524863771196782514e-01,4.282345503959376742e+00
2.308884208979851416e-01,7.571348327512019694e-01,4.251967795033936071e+00
2.308884208979851416e-01,7.617832883827256873e-01,4.222416302617817863e+00
2.308884208979851416e-01,7.664317440142494053e-01,4.193752502900853329e+00
2.308884208979851416e-01,7.710801996457731233e-01,4.166036656420891049e+00
2.308884208979851416e-01,7.757286552772968413e-01,4.139327665219921570e+00
2.308884208979851416e-01,7.803771109088205593e-01,4.113682931723144698e+00
2.308884208979851416e-01,7.850255665403442773e-01,4.089158219665709026e+00
2.308884208979851416e-01,7.896740221718681063e-01,4.065807517389493420e+00
2.308884208979851416e-01,7.943224778033917133e-01,4.043682903829248332e+00
2.308884208979851416e-01,7.989709334349155423e-01,4.022834417503633908e+00
2.308884208979851416e-01,8.036193890664392603e-01,4.003309928822190500e+00
2.308884208979851416e-01,8.082678446979629783e-01,3.985155016014049867e+00
2.308884208979851416e-01,8.129163003294866963e-01,3.968412844978307596e+00
2.308884208979851416e-01,8.175647559610104143e-01,3.953124053349338141e+00
2.308884208979851416e-01,8.222132115925341322e-01,3.939326639063057911e+00
2.308884208979851416e-01,8.268616672240578502e-01,3.927055853702171362e+00
2.308884208979851416e-01,8.315101228555815682e-01,3.916344100889822322e+00
2.308884208979851416e-01,8.361585784871052862e-01,3.907220839991794037e+00
2.308884208979851416e-01,8.408070341186291152e-01,3.899712495377530175e+00
2.308884208979851416e-01,8.454554897501528332e-01,3.893842371479755204e+00
2.308884208979851416e-01,8.501039453816765512e-01,3.889630573881383668e+00
2.308884208979851416e-01,8.547524010132002692e-01,3.887093936646775383e+00
2.308884208979851416e-01,8.594008566447239872e-01,3.886245956102205135e+00
2.360192746957181509e-01,6.316265307000612506e-01,5.149804090600088813e+00
2.360192746957181509e-01,6.362749863315849685e-01,5.120104163412877440e+00
2.360192746957181509e-01,6.409234419631086865e-01,5.089668662502446317e+00
2.360192746957181509e-01,6.455718975946324045e-01,5.058542411333704969e+00
2.360192746957181509e-01,6.502203532261561225e-01,5.026772317474737406e+00
2.360192746957181509e-01,6.548688088576799515e-01,4.994407290072173211e+00
2.360192746957181509e-01,6.595172644892036695e-01,4.961498152015401786e+00
2.360192746957181509e-01,6.641657201207273875e-01,4.928097546946592189e+00
2.360192746957181509e-01,6.688141757522511055e-01,4.894259841286308976e+00
2.360192746957181509e-01,6.734626313837748235e-01,4.860041021456832588e+00
2.360192746957181509e-01,6.781110870152985415e-01,4.825498586497475095e+00
2.360192746957181509e-01,6.827595426468222595e-01,4.790691436277831450e+00
2.360192746957181509e-01,6.874079982783459775e-01,4.755679755526282193e+00
2.360192746957181509e-01,6.920564539098696955e-01,4.720524893901921537e+00
2.360192746957181509e-01,6.967049095413934134e-01,4.685289242348583905e+00
2.360192746957181509e-01,7.013533651729171314e-01,4.650036105979588719e+00
2.360192746957181509e-01,7.060018208044409604e-01,4.614829573751304537e+00
2.360192746957181509e-01,7.106502764359646784e-01,4.579734385192629986e+00
2.360192746957181509e-01,7.152987320674883964e-01,4.544815794465828063e+00
2.360192746957181509e-01,7.199471876990121144e-01,4.510139432042103103e+00
2.360192746957181509e-01,7.245956433305358324e-01,4.475771164282444481e+00
2.360192746957181509e-01,7.292440989620595504e-01,4.441776951221036107e+00
2.360192746957181509e-01,7.338925545935832684e-01,4.408222702854457609e+00
2.360192746957181509e-01,7.385410102251069864e-01,4.375174134245380486e+00
2.360192746957181509e-01,7.431894658566307044e-01,4.342696619754118359e+00
2.360192746957181509e-01,7.478379214881545334e-01,4.310855046715527550e+00
2.360192746957181509e-01,7.524863771196782514e-01,4.279713668882075162e+00
2.360192746957181509e-01,7.571348327512019694e-01,4.249335959956634490e+00
2.360192746957181509e-01,7.617832883827256873e-01,4.219784467540517170e+00
2.360192746957181509e-01,7.664317440142494053e-01,4.191120667823551749e+00
2.360192746957181509e-01,7.710801996457731233e-01,4.163404821343590356e+00
2.360192746957181509e-01,7.757286552772968413e-01,4.136695830142619990e+00
2.360192746957181509e-01,7.803771109088205593e-01,4.111051096645843117e+00
2.360192746957181509e-01,7.850255665403442773e-01,4.086526384588407446e+00
2.360192746957181509e-01,7.896740221718681063e-01,4.063175682312191839e+00
2.360192746957181509e-01,7.943224778033917133e-01,4.041051068751946751e+00
2.360192746957181509e-01,7.989709334349155423e-01,4.020202582426332327e+00
2.360192746957181509e-01,8.036193890664392603e-01,4.000678093744888919e+00
2.360192746957181509e-01,8.082678446979629783e-01,3.982523180936748286e+00
2.360192746957181509e-01,8.129163003294866963e-01,3.965781009901006016e+00
2.360192746957181509e-01,8.175647559610104143e-01,3.950492218272036560e+00
2.360192746957181509e-01,8.222132115925341322e-01,3.936694803985756330e+00
2.360192746957181509e-01,8.268616672240578502e-01,3.924424018624869781e+00
2.360192746957181509e-01,8.315101228555815682e-01,3.913712265812520741e+00
2.360192746957181509e-01,8.361585784871052862e-01,3.904589004914492456e+00
2.360192746957181509e-01,8.408070341186291152e-01,3.897080660300228594e+00
2.360192746957181509e-01,8.454554897501528332e-01,3.891210536402453624e+00
2.360192746957181509e-01,8.501039453816765512e-01,3.886998738804082087e+00
2.360192746957181509e-01,8.547524010132002692e-01,3.884462101569473802e+00
2.360192746957181509e-01,8.594008566447239872e-01,3.883614121024903554e+00
2.411501284934511602e-01,6.316265307000612506e-01,5.147911946598354049e+00
2.411501284934511602e-01,6.362749863315849685e-01,5.118212019411142677e+00
2.411501284934511602e-01,6.409234419631086865e-01,5.087776518500711553e+00
2.411501284934511602e-01,6.455718975946324045e-01,5.056650267331970205e+00
2.411501284934511602e-01,6.502203532261561225e-01,5.024880173473002642e+00
2.411501284934511602e-01,6.548688088576799515e-01,4.992515146070438448e+00
2.411501284934511602e-01,6.595172644892036695e-01,4.959606008013667022e+00
2.411501284934511602e-01,6.641657201207273875e-01,4.926205402944857425e+00
2.411501284934511602e-01,6.688141757522511055e-01,4.892367697284574213e+00
2.411501284934511602e-01,6.734626313837748235e-01,4.858148877455097825e+00
2.411501284934511602e-01,6.781110870152985415e-01,4.823606442495740332e+00
2.411501284934511602e-01,6.827595426468222595e-01,4.788799292276096686e+00
2.411501284934511602e-01,6.874079982783459775e-01,4.753787611524547430e+00
2.411501284934511602e-01,6.920564539098696955e-01,4.718632749900186774e+00
2.411501284934511602e-01,6.967049095413934134e-01,4.683397098346849141e+00
2.411501284934511602e-01,7.013533651729171314e-01,4.648143961977853955e+00
2.411501284934511602e-01,7.060018208044409604e-01,4.612937429749569773e+00
2.411501284934511602e-01,7.106502764359646784e-01,4.577842241190895223e+00
2.411501284934511602e-01,7.152987320674883964e-01,4.542923650464093299e+00
2.411501284934511602e-01,7.199471876990121144e-01,4.508247288040368339e+00
2.411501284934511602e-01,7.245956433305358324e-01,4.473879020280709717e+00
2.411501284934511602e-01,7.292440989620595504e-01,4.439884807219301344e+00
2.411501284934511602e-01,7.338925545935832684e-01,4.406330558852722845e+00
2.411501284934511602e-01,7.385410102251069864e-01,4.373281990243645723e+00
2.411501284934511602e-01,7.431894658566307044e-01,4.340804475752383595e+00
2.411501284934511602e-01,7.478379214881545334e-01,4.308962902713792786e+00
2.411501284934511602e-01,7.524863771196782514e-01,4.277821524880340398e+00
2.411501284934511602e-01,7.571348327512019694e-01,4.247443815954899726e+00
2.411501284934511602e-01,7.617832883827256873e-01,4.217892323538782406e+00
2.411501284934511602e-01,7.664317440142494053e-01,4.189228523821816985e+00
2.411501284934511602e-01,7.710801996457731233e-01,4.161512677341855593e+00
2.411501284934511602e-01,7.757286552772968413e-01,4.134803686140885226e+00
2.411501284934511602e-01,7.803771109088205593e-01,4.109158952644108354e+00
2.411501284934511602e-01,7.850255665403442773e-01,4.084634240586672682e+00
2.411501284934511602e-01,7.896740221718681063e-01,4.061283538310457075e+00
2.411501284934511602e-01,7.943224778033917133e-01,4.039158924750211987e+00
2.411501284934511602e-01,7.989709334349155423e-01,4.018310438424597564e+00
2.411501284934511602e-01,8.036193890664392603e-01,3.998785949743154156e+00
2.411501284934511602e-01,8.082678446979629783e-01,3.980631036935013523e+00
2.411501284934511602e-01,8.129163003294866963e-01,3.963888865899271252e+00
2.411501284934511602e-01,8.175647559610104143e-01,3.948600074270301796e+00
2.411501284934511602e-01,8.222132115925341322e-01,3.934802659984021567e+00
2.411501284934511602e-01,8.268616672240578502e-01,3.922531874623135018e+00
2.411501284934511602e-01,8.315101228555815682e-01,3.911820121810785977e+00
2.411501284934511602e-01,8.361585784871052862e-01,3.902696860912757693e+00
2.411501284934511602e-01,8.408070341186291152e-01,3.895188516298493830e+00
2.411501284934511602e-01,8.454554897501528332e-01,3.889318392400718860e+00
2.411501284934511602e-01,8.501039453816765512e-01,3.885106594802347324e+00
2.411501284934511602e-01,8.547524010132002692e-01,3.882569957567739038e+00
2.411501284934511602e-01,8.594008566447239872e-01,3.881721977023168790e+00
2.462809822911841695e-01,6.316265307000612506e-01,5.146770604307850050e+00
2.462809822911841695e-01,6.362749863315849685e-01,5.117070677120638678e+00
2.462809822911841695e-01,6.409234419631086865e-01,5.086635176210207554e+00
2.462809822911841695e-01,6.455718975946324045e-01,5.055508925041466206e+00
2.462809822911841695e-01,6.502203532261561225e-01,5.023738831182498643e+00
2.462809822911841695e-01,6.548688088576799515e-01,4.991373803779934448e+00
2.462809822911841695e-01,6.595172644892036695e-01,4.958464665723163023e+00
2.462809822911841695e-01,6.641657201207273875e-01,4.925064060654353426e+00
2.462809822911841695e-01,6.688141757522511055e-01,4.891226354994070213e+00
2.462809822911841695e-01,6.734626313837748235e-01,4.857007535164593826e+00
2.462809822911841695e-01,6.781110870152985415e-01,4.822465100205236332e+00
2.462809822911841695e-01,6.827595426468222595e-01,4.787657949985592687e+00
2.462809822911841695e-01,6.874079982783459775e-01,4.752646269234043430e+00
2.462809822911841695e-01,6.920564539098696955e-01,4.717491407609682774e+00
2.462809822911841695e-01,6.967049095413934134e-01,4.682255756056345142e+00
2.462809822911841695e-01,7.013533651729171314e-01,4.647002619687349956e+00
2.462809822911841695e-01,7.060018208044409604e-01,4.611796087459065774e+00
2.462809822911841695e-01,7.106502764359646784e-01,4.576700898900391223e+00
2.462809822911841695e-01,7.152987320674883964e-01,4.541782308173589300e+00
2.462809822911841695e-01,7.199471876990121144e-01,4.507105945749864340e+00
2.462809822911841695e-01,7.245956433305358324e-01,4.472737677990205718e+00
2.462809822911841695e-01,7.292440989620595504e-01,4.438743464928797344e+00
2.462809822911841695e-01,7.338925545935832684e-01,4.405189216562218846e+00
2.462809822911841695e-01,7.385410102251069864e-01,4.372140647953141723e+00
2.462809822911841695e-01,7.431894658566307044e-01,4.339663133461879596e+00
2.462809822911841695e-01,7.478379214881545334e-01,4.307821560423288787e+00
2.462809822911841695e-01,7.524863771196782514e-01,4.276680182589836399e+00
2.462809822911841695e-01,7.571348327512019694e-01,4.246302473664395727e+00
2.462809822911841695e-01,7.617832883827256873e-01,4.216750981248278407e+00
2.462809822911841695e-01,7.664317440142494053e-01,4.188087181531312986e+00
2.462809822911841695e-01,7.710801996457731233e-01,4.160371335051351593e+00
2.462809822911841695e-01,7.757286552772968413e-01,4.133662343850381227e+00
2.462809822911841695e-01,7.803771109088205593e-01,4.108017610353604354e+00
2.462809822911841695e-01,7.850255665403442773e-01,4.083492898296168683e+00
2.462809822911841695e-01,7.896740221718681063e-01,4.060142196019953076e+00
2.462809822911841695e-01,7.943224778033917133e-01,4.038017582459707988e+00
2.462809822911841695e-01,7.989709334349155423e-01,4.017169096134093564e+00
2.462809822911841695e-01,8.036193890664392603e-01,3.997644607452650156e+00
2.462809822911841695e-01,8.082678446979629783e-01,3.979489694644509523e+00
2.462809822911841695e-01,8.129163003294866963e-01,3.962747523608767253e+00
2.462809822911841695e-01,8.175647559610104143e-01,3.947458731979797797e+00
2.462809822911841695e-01,8.222132115925341322e-01,3.933661317693517567e+00
2.462809822911841695e-01,8.268616672240578502e-01,3.921390532332631018e+00
2.462809822911841695e-01,8.315101228555815682e-01,3.910678779520281978e+00
2.462809822911841695e-01,8.361585784871052862e-01,3.901555518622253693e+00
2.462809822911841695e-01,8.408070341186291152e-01,3.894047174007989831e+00
2.462809822911841695e-01,8.454554897501528332e-01,3.888177050110214861e+00
2.462809822911841695e-01,8.501039453816765512e-01,3.883965252511843325e+00
2.462809822911841695e-01,8.547524010132002692e-01,3.881428615277235039e+00
2.462809822911841695e-01,8.594008566447239872e-01,3.880580634732664791e+00
2.514118360889171511e-01,6.316265307000612506e-01,5.146388670153527300e+00
2.514118360889171511e-01,6.362749863315849685e-01,5.116688742966315040e+00
2.514118360889171511e-01,6.409234419631086865e-01,5.086253242055883916e+00
2.514118360889171511e-01,6.455718975946324045e-01,5.055126990887142568e+00
2.514118360889171511e-01,6.502203532261561225e-01,5.023356897028175005e+00
2.514118360889171511e-01,6.548688088576799515e-01,4.990991869625610811e+00
2.514118360889171511e-01,6.595172644892036695e-01,4.958082731568839385e+00
2.514118360889171511e-01,6.641657201207273875e-01,4.924682126500029788e+00
2.514118360889171511e-01,6.688141757522511055e-01,4.890844420839746576e+00
2.514118360889171511e-01,6.734626313837748235e-01,4.856625601010270188e+00
2.514118360889171511e-01,6.781110870152985415e-01,4.822083166050912695e+00
2.514118360889171511e-01,6.827595426468222595e-01,4.787276015831269049e+00
2.514118360889171511e-01,6.874079982783459775e-01,4.752264335079719793e+00
2.514118360889171511e-01,6.920564539098696955e-01,4.717109473455359137e+00
2.514118360889171511e-01,6.967049095413934134e-01,4.681873821902021504e+00
2.514118360889171511e-01,7.013533651729171314e-01,4.646620685533026318e+00
2.514118360889171511e-01,7.060018208044409604e-01,4.611414153304742136e+00
2.514118360889171511e-01,7.106502764359646784e-01,4.576318964746067586e+00
2.514118360889171511e-01,7.152987320674883964e-01,4.541400374019266550e+00
2.514118360889171511e-01,7.199471876990121144e-01,4.506724011595540702e+00
2.514118360889171511e-01,7.245956433305358324e-01,4.472355743835882080e+00
2.514118360889171511e-01,7.292440989620595504e-01,4.438361530774473707e+00
2.514118360889171511e-01,7.338925545935832684e-01,4.404807282407895208e+00
2.514118360889171511e-01,7.385410102251069864e-01,4.371758713798818086e+00
2.514118360889171511e-01,7.431894658566307044e-01,4.339281199307556847e+00
2.514118360889171511e-01,7.478379214881545334e-01,4.307439626268964261e+00
2.514118360889171511e-01,7.524863771196782514e-01,4.276298248435512761e+00
2.514118360889171511e-01,7.571348327512019694e-01,4.245920539510072089e+00
2.514118360889171511e-01,7.617832883827256873e-01,4.216369047093953881e+00
2.514118360889171511e-01,7.664317440142494053e-01,4.187705247376989348e+00
2.514118360889171511e-01,7.710801996457731233e-01,4.159989400897027068e+00
2.514118360889171511e-01,7.757286552772968413e-01,4.133280409696057589e+00
2.514118360889171511e-01,7.803771109088205593e-01,4.107635676199280717e+00
2.514118360889171511e-01,7.850255665403442773e-01,4.083110964141845045e+00
2.514118360889171511e-01,7.896740221718681063e-01,4.059760261865629438e+00
2.514118360889171511e-01,7.943224778033917133e-01,4.037635648305384350e+00
2.514118360889171511e-01,7.989709334349155423e-01,4.016787161979769927e+00
2.514118360889171511e-01,8.036193890664392603e-01,3.997262673298326519e+00
2.514118360889171511e-01,8.082678446979629783e-01,3.979107760490185886e+00
2.514118360889171511e-01,8.129163003294866963e-01,3.962365589454443615e+00
2.514118360889171511e-01,8.175647559610104143e-01,3.947076797825474159e+00
2.514118360889171511e-01,8.222132115925341322e-01,3.933279383539193930e+00
2.514118360889171511e-01,8.268616672240578502e-01,3.921008598178307381e+00
2.514118360889171511e-01,8.315101228555815682e-01,3.910296845365958340e+00
2.514118360889171511e-01,8.361585784871052862e-01,3.901173584467930056e+00
2.514118360889171511e-01,8.408070341186291152e-01,3.893665239853666193e+00
2.514118360889171511e-01,8.454554897501528332e-01,3.887795115955891223e+00
2.514118360889171511e-01,8.501039453816765512e-01,3.883583318357519687e+00
2.514118360889171511e-01,8.547524010132002692e-01,3.881046681122911401e+00
2.514118360889171511e-01,8.594008566447239872e-01,3.880198700578341153e+00
6.316265307000612506e-01,0.000000000000000000e+00,5.573194335076763650e+00
6.316265307000612506e-01,5.130853797733003242e-03,5.567815464459728858e+00
6.316265307000612506e-01,1.026170759546600648e-02,5.561941719910430848e+00
6.316265307000612506e-01,1.539256139319901059e-02,5.555576576480874884e+00
6.316265307000612506e-01,2.052341519093201297e-02,5.548725812380349787e+00
6.316265307000612506e-01,2.565426898866501534e-02,5.541397488703686314e+00
6.316265307000612506e-01,3.078512278639802119e-02,5.533601921139362112e+00
6.316265307000612506e-01,3.591597658413102356e-02,5.525351643745666230e+00
6.316265307000612506e-01,4.104683038186402594e-02,5.516661364907939458e+00
6.316265307000612506e-01,4.617768417959702831e-02,5.507547915614301459e+00
6.316265307000612506e-01,5.130853797733003069e-02,5.498030190211329327e+00
6.316265307000612506e-01,5.643939177506303306e-02,5.488129079824721757e+00
6.316265307000612506e-01,6.157024557279604238e-02,5.477867398652970010e+00
6.316265307000612506e-01,6.670109937052903781e-02,5.467269803364513514e+00
6.316265307000612506e-01,7.183195316826204713e-02,5.456362705850545503e+00
6.316265307000612506e-01,7.696280696599504256e-02,5.445174179606667941e+00
6.316265307000612506e-01,8.209366076372805188e-02,5.433733860036779717e+00
6.316265307000612506e-01,8.722451456146106119e-02,5.422072838991907062e+00
6.316265307000612506e-01,9.235536835919405663e-02,5.410223553875129099e+00
6.316265307000612506e-01,9.748622215692706594e-02,5.398219671661169450e+00
6.316265307000612506e-01,1.026170759546600614e-01,5.386095968195682815e+00
6.316265307000612506e-01,1.077479297523930707e-01,5.373888203154579379e+00
6.316265307000612506e-01,1.128787835501260661e-01,5.361632991057992292e+00
6.316265307000612506e-01,1.180096373478590754e-01,5.349367668746549676e+00
6.316265307000612506e-01,1.231404911455920848e-01,5.337130159739481350e+00
6.316265307000612506e-01,1.282713449433250941e-01,5.324958835904727295e+00
6.316265307000612506e-01,1.334021987410580756e-01,5.312892376880574474e+00
6.316265307000612506e-01,1.385330525387910849e-01,5.300969627696418662e+00
6.316265307000612506e-01,1.436639063365240943e-01,5.289229455046966066e+00
6.316265307000612506e-01,1.487947601342571036e-01,5.277710602679609231e+00
6.316265307000612506e-01,1.539256139319900851e-01,5.266451546358724478e+00
6.316265307000612506e-01,1.590564677297230944e-01,5.255490348873276929e+00
6.316265307000612506e-01,1.641873215274561038e-01,5.244864515555418549e+00
6.316265307000612506e-01,1.693181753251891131e-01,5.234610850777588809e+00
6.316265307000612506e-01,1.744490291229221224e-01,5.224765315894130069e+00
6.316265307000612506e-01,1.795798829206551039e-01,5.215362889090492615e+00
6.316265307000612506e-01,1.847107367183881133e-01,5.206437427598796575e+00
6.316265307000612506e-01,1.898415905161211226e-01,5.198021532732833627e+00
6.316265307000612506e-01,1.949724443138541319e-01,5.190146418188510857e+00
6.316265307000612506e-01,2.001032981115871134e-01,5.182841782047380441e+00
6.316265307000612506e-01,2.052341519093201228e-01,5.176135682911106706e+00
6.316265307000612506e-01,2.103650057070531321e-01,5.170054420583757526e+00
6.316265307000612506e-01,2.154958595047861414e-01,5.164622421706442701e+00
6.316265307000612506e-01,2.206267133025191507e-01,5.159862130735325181e+00
6.316265307000612506e-01,2.257575671002521323e-01,5.155793906639257074e+00
6.316265307000612506e-01,2.308884208979851416e-01,5.152435925677391282e+00
6.316265307000612506e-01,2.360192746957181509e-01,5.149804090600089701e+00
6.316265307000612506e-01,2.411501284934511602e-01,5.147911946598354938e+00
6.316265307000612506e-01,2.462809822911841695e-01,5.146770604307850938e+00
6.316265307000612506e-01,2.514118360889171511e-01,5.146388670153527300e+00
6.362749863315849685e-01,0.000000000000000000e+00,5.543494407889551390e+00
6.362749863315849685e-01,5.130853797733003242e-03,5.538115537272516598e+00
6.362749863315849685e-01,1.026170759546600648e-02,5.532241792723218587e+00
6.362749863315849685e-01,1.539256139319901059e-02,5.525876649293662624e+00
6.362749863315849685e-01,2.052341519093201297e-02,5.519025885193137526e+00
6.362749863315849685e-01,2.565426898866501534e-02,5.511697561516474053e+00
6.362749863315849685e-01,3.078512278639802119e-02,5.503901993952149851e+00
6.362749863315849685e-01,3.591597658413102356e-02,5.495651716558453970e+00
6.362749863315849685e-01,4.104683038186402594e-02,5.486961437720727197e+00
6.362749863315849685e-01,4.617768417959702831e-02,5.477847988427089199e+00
6.362749863315849685e-01,5.130853797733003069e-02,5.468330263024117954e+00
6.362749863315849685e-01,5.643939177506303306e-02,5.458429152637509496e+00
6.362749863315849685e-01,6.157024557279604238e-02,5.448167471465757750e+00
6.362749863315849685e-01,6.670109937052903781e-02,5.437569876177301254e+00
6.362749863315849685e-01,7.183195316826204713e-02,5.426662778663333242e+00
6.362749863315849685e-01,7.696280696599504256e-02,5.415474252419455681e+00
6.362749863315849685e-01,8.209366076372805188e-02,5.404033932849567456e+00
6.362749863315849685e-01,8.722451456146106119e-02,5.392372911804694802e+00
6.362749863315849685e-01,9.235536835919405663e-02,5.380523626687916838e+00
6.362749863315849685e-01,9.748622215692706594e-02,5.368519744473957189e+00
6.362749863315849685e-01,1.026170759546600614e-01,5.356396041008470554e+00
6.362749863315849685e-01,1.077479297523930707e-01,5.344188275967367119e+00
6.362749863315849685e-01,1.128787835501260661e-01,5.331933063870780032e+00
6.362749863315849685e-01,1.180096373478590754e-01,5.319667741559337415e+00
6.362749863315849685e-01,1.231404911455920848e-01,5.307430232552269089e+00
6.362749863315849685e-01,1.282713449433250941e-01,5.295258908717515034e+00
6.362749863315849685e-01,1.334021987410580756e-01,5.283192449693362214e+00
6.362749863315849685e-01,1.385330525387910849e-01,5.271269700509206402e+00
6.362749863315849685e-01,1.436639063365240943e-01,5.259529527859753806e+00
6.362749863315849685e-01,1.487947601342571036e-01,5.248010675492396970e+00
6.362749863315849685e-01,1.539256139319900851e-01,5.236751619171512218e+00
6.362749863315849685e-01,1.590564677297230944e-01,5.225790421686064668e+00
6.362749863315849685e-01,1.641873215274561038e-01,5.215164588368206289e+00
6.362749863315849685e-01,1.693181753251891131e-01,5.204910923590376548e+00
6.362749863315849685e-01,1.744490291229221224e-01,5.195065388706917808e+00
6.362749863315849685e-01,1.795798829206551039e-01,5.185662961903280355e+00
6.362749863315849685e-01,1.847107367183881133e-01,5.176737500411585202e+00
6.362749863315849685e-01,1.898415905161211226e-01,5.168321605545621367e+00
6.362749863315849685e-01,1.949724443138541319e-01,5.160446491001298597e+00
6.362749863315849685e-01,2.001032981115871134e-01,5.153141854860168181e+00
6.362749863315849685e-01,2.052341519093201228e-01,5.146435755723894445e+00
6.362749863315849685e-01,2.103650057070531321e-01,5.140354493396545266e+00
6.362749863315849685e-01,2.154958595047861414e-01,5.134922494519230440e+00
6.362749863315849685e-01,2.206267133025191507e-01,5.130162203548112920e+00
6.362749863315849685e-01,2.257575671002521323e-01,5.126093979452044813e+00
6.362749863315849685e-01,2.308884208979851416e-01,5.122735998490179021e+00
6.362749863315849685e-01,2.360192746957181509e-01,5.120104163412877440e+00
6.362749863315849685e-01,2.411501284934511602e-01,5.118212019411142677e+00
6.362749863315849685e-01,2.462809822911841695e-01,5.117070677120638678e+00
6.362749863315849685e-01,2.514118360889171511e-01,5.116688742966315040e+00
6.409234419631086865e-01,0.000000000000000000e+00,5.513058906979120266e+00
6.409234419631086865e-01,5.130853797733003242e-03,5.507680036362085474e+00
6.409234419631086865e-01,1.026170759546600648e-02,5.501806291812787464e+00
6.409234419631086865e-01,1.539256139319901059e-02,5.495441148383231500e+00
6.409234419631086865e-01,2.052341519093201297e-02,5.488590384282706403e+00
6.409234419631086865e-01,2.565426898866501534e-02,5.481262060606042930e+00
6.409234419631086865e-01,3.078512278639802119e-02,5.473466493041718728e+00
6.409234419631086865e-01,3.591597658413102356e-02,5.465216215648022846e+00
6.409234419631086865e-01,4.104683038186402594e-02,5.456525936810296074e+00
6.409234419631086865e-01,4.617768417959702831e-02,5.447412487516658075e+00
6.409234419631086865e-01,5.130853797733003069e-02,5.437894762113685942e+00
6.409234419631086865e-01,5.643939177506303306e-02,5.427993651727078372e+00
6.409234419631086865e-01,6.157024557279604238e-02,5.417731970555326626e+00
6.409234419631086865e-01,6.670109937052903781e-02,5.407134375266870130e+00
6.409234419631086865e-01,7.183195316826204713e-02,5.396227277752902118e+00
6.409234419631086865e-01,7.696280696599504256e-02,5.385038751509024557e+00
6.409234419631086865e-01,8.209366076372805188e-02,5.373598431939136333e+00
6.409234419631086865e-01,8.722451456146106119e-02,5.361937410894263678e+00
6.409234419631086865e-01,9.235536835919405663e-02,5.350088125777485715e+00
6.409234419631086865e-01,9.748622215692706594e-02,5.338084243563526066e+00
6.409234419631086865e-01,1.026170759546600614e-01,5.325960540098039431e+00
6.409234419631086865e-01,1.077479297523930707e-01,5.313752775056935995e+00
6.409234419631086865e-01,1.128787835501260661e-01,5.301497562960348908e+00
6.409234419631086865e-01,1.180096373478590754e-01,5.289232240648906291e+00
6.409234419631086865e-01,1.231404911455920848e-01,5.276994731641837966e+00
6.409234419631086865e-01,1.282713449433250941e-01,5.264823407807083910e+00
6.409234419631086865e-01,1.334021987410580756e-01,5.252756948782931090e+00
6.409234419631086865e-01,1.385330525387910849e-01,5.240834199598775278e+00
6.409234419631086865e-01,1.436639063365240943e-01,5.229094026949322682e+00
6.409234419631086865e-01,1.487947601342571036e-01,5.217575174581965847e+00
6.409234419631086865e-01,1.539256139319900851e-01,5.206316118261081094e+00
6.409234419631086865e-01,1.590564677297230944e-01,5.195354920775633545e+00
6.409234419631086865e-01,1.641873215274561038e-01,5.184729087457775165e+00
6.409234419631086865e-01,1.693181753251891131e-01,5.174475422679945424e+00
6.409234419631086865e-01,1.744490291229221224e-01,5.164629887796486685e+00
6.409234419631086865e-01,1.795798829206551039e-01,5.155227460992849231e+00
6.409234419631086865e-01,1.847107367183881133e-01,5.146301999501153190e+00
6.409234419631086865e-01,1.898415905161211226e-01,5.137886104635190243e+00
6.409234419631086865e-01,1.949724443138541319e-01,5.130010990090867473e+00
6.409234419631086865e-01,2.001032981115871134e-01,5.122706353949737057e+00
6.409234419631086865e-01,2.052341519093201228e-01,5.116000254813463322e+00
6.409234419631086865e-01,2.103650057070531321e-01,5.109918992486114142e+00
6.409234419631086865e-01,2.154958595047861414e-01,5.104486993608799317e+00
6.409234419631086865e-01,2.206267133025191507e-01,5.099726702637681797e+00
6.409234419631086865e-01,2.257575671002521323e-01,5.095658478541613690e+00
6.409234419631086865e-01,2.308884208979851416e-01,5.092300497579747898e+00
6.409234419631086865e-01,2.360192746957181509e-01,5.089668662502446317e+00
6.409234419631086865e-01,2.411501284934511602e-01,5.087776518500711553e+00
6.409234419631086865e-01,2.462809822911841695e-01,5.086635176210207554e+00
6.409234419631086865e-01,2.514118360889171511e-01,5.086253242055883916e+00
6.455718975946324045e-01,0.000000000000000000e+00,5.481932655810378918e+00
6.455718975946324045e-01,5.130853797733003242e-03,5.476553785193344126e+00
6.455718975946324045e-01,1.026170759546600648e-02,5.470680040644046116e+00
6.455718975946324045e-01,1.539256139319901059e-02,5.464314897214490152e+00
6.455718975946324045e-01,2.052341519093201297e-02,5.457464133113965055e+00
6.455718975946324045e-01,2.565426898866501534e-02,5.450135809437301582e+00
6.455718975946324045e-01,3.078512278639802119e-02,5.442340241872977380e+00
6.455718975946324045e-01,3.591597658413102356e-02,5.434089964479281498e+00
6.455718975946324045e-01,4.104683038186402594e-02,5.425399685641554726e+00
6.455718975946324045e-01,4.617768417959702831e-02,5.416286236347916727e+00
6.455718975946324045e-01,5.130853797733003069e-02,5.406768510944944595e+00
6.455718975946324045e-01,5.643939177506303306e-02,5.396867400558337025e+00
6.455718975946324045e-01,6.157024557279604238e-02,5.386605719386585278e+00
6.455718975946324045e-01,6.670109937052903781e-02,5.376008124098128782e+00
6.455718975946324045e-01,7.183195316826204713e-02,5.365101026584160770e+00
6.455718975946324045e-01,7.696280696599504256e-02,5.353912500340283209e+00
6.455718975946324045e-01,8.209366076372805188e-02,5.342472180770394985e+00
6.455718975946324045e-01,8.722451456146106119e-02,5.330811159725522330e+00
6.455718975946324045e-01,9.235536835919405663e-02,5.318961874608744367e+00
6.455718975946324045e-01,9.748622215692706594e-02,5.306957992394784718e+00
6.455718975946324045e-01,1.026170759546600614e-01,5.294834288929298083e+00
6.455718975946324045e-01,1.077479297523930707e-01,5.282626523888194647e+00
6.455718975946324045e-01,1.128787835501260661e-01,5.270371311791607560e+00
6.455718975946324045e-01,1.180096373478590754e-01,5.258105989480164943e+00
6.455718975946324045e-01,1.231404911455920848e-01,5.245868480473096618e+00
6.455718975946324045e-01,1.282713449433250941e-01,5.233697156638342562e+00
6.455718975946324045e-01,1.334021987410580756e-01,5.221630697614189742e+00
6.455718975946324045e-01,1.385330525387910849e-01,5.209707948430033930e+00
6.455718975946324045e-01,1.436639063365240943e-01,5.197967775780581334e+00
6.455718975946324045e-01,1.487947601342571036e-01,5.186448923413224499e+00
6.455718975946324045e-01,1.539256139319900851e-01,5.175189867092339746e+00
6.455718975946324045e-01,1.590564677297230944e-01,5.164228669606892197e+00
6.455718975946324045e-01,1.641873215274561038e-01,5.153602836289033817e+00
6.455718975946324045e-01,1.693181753251891131e-01,5.143349171511204077e+00
6.455718975946324045e-01,1.744490291229221224e-01,5.133503636627745337e+00
6.455718975946324045e-01,1.795798829206551039e-01,5.124101209824107883e+00
6.455718975946324045e-01,1.847107367183881133e-01,5.115175748332411843e+00
6.455718975946324045e-01,1.898415905161211226e-01,5.106759853466448895e+00
6.455718975946324045e-01,1.949724443138541319e-01,5.098884738922126125e+00
6.455718975946324045e-01,2.001032981115871134e-01,5.091580102780995709e+00
6.455718975946324045e-01,2.052341519093201228e-01,5.084874003644721974e+00
6.455718975946324045e-01,2.103650057070531321e-01,5.078792741317372794e+00
6.455718975946324045e-01,2.154958595047861414e-01,5.073360742440057969e+00
6.455718975946324045e-01,2.206267133025191507e-01,5.068600451468940449e+00
6.455718975946324045e-01,2.257575671002521323e-01,5.064532227372872342e+00
6.455718975946324045e-01,2.308884208979851416e-01,5.061174246411006550e+00
6.455718975946324045e-01,2.360192746957181509e-01,5.058542411333704969e+00
6.455718975946324045e-01,2.411501284934511602e-01,5.056650267331970205e+00
6.455718975946324045e-01,2.462809822911841695e-01,5.055508925041466206e+00
6.455718975946324045e-01,2.514118360889171511e-01,5.055126990887142568e+00
6.502203532261561225e-01,0.000000000000000000e+00,5.450162561951411355e+00
6.502203532261561225e-01,5.130853797733003242e-03,5.444783691334376563e+00
6.502203532261561225e-01,1.026170759546600648e-02,5.438909946785078553e+00
6.502203532261561225e-01,1.539256139319901059e-02,5.432544803355522589e+00
6.502203532261561225e-01,2.052341519093201297e-02,5.425694039254997492e+00
6.502203532261561225e-01,2.565426898866501534e-02,5.418365715578334019e+00
6.502203532261561225e-01,3.078512278639802119e-02,5.410570148014009817e+00
6.502203532261561225e-01,3.591597658413102356e-02,5.402319870620313935e+00
6.502203532261561225e-01,4.104683038186402594e-02,5.393629591782587163e+00
6.502203532261561225e-01,4.617768417959702831e-02,5.384516142488949164e+00
6.502203532261561225e-01,5.130853797733003069e-02,5.374998417085977920e+00
6.502203532261561225e-01,5.643939177506303306e-02,5.365097306699369462e+00
6.502203532261561225e-01,6.157024557279604238e-02,5.354835625527617715e+00
6.502203532261561225e-01,6.670109937052903781e-02,5.344238030239161219e+00
6.502203532261561225e-01,7.183195316826204713e-02,5.333330932725193207e+00
6.502203532261561225e-01,7.696280696599504256e-02,5.322142406481315646e+00
6.502203532261561225e-01,8.209366076372805188e-02,5.310702086911427422e+00
6.502203532261561225e-01,8.722451456146106119e-02,5.299041065866554767e+00
6.502203532261561225e-01,9.235536835919405663e-02,5.287191780749776804e+00
6.502203532261561225e-01,9.748622215692706594e-02,5.275187898535817155e+00
6.502203532261561225e-01,1.026170759546600614e-01,5.263064195070330520e+00
6.502203532261561225e-01,1.077479297523930707e-01,5.250856430029227084e+00
6.502203532261561225e-01,1.128787835501260661e-01,5.238601217932639997e+00
6.502203532261561225e-01,1.180096373478590754e-01,5.226335895621197380e+00
6.502203532261561225e-01,1.231404911455920848e-01,5.214098386614129055e+00
6.502203532261561225e-01,1.282713449433250941e-01,5.201927062779374999e+00
6.502203532261561225e-01,1.334021987410580756e-01,5.189860603755222179e+00
6.502203532261561225e-01,1.385330525387910849e-01,5.177937854571066367e+00
6.502203532261561225e-01,1.436639063365240943e-01,5.166197681921613771e+00
6.502203532261561225e-01,1.487947601342571036e-01,5.154678829554256936e+00
6.502203532261561225e-01,1.539256139319900851e-01,5.143419773233372183e+00
6.502203532261561225e-01,1.590564677297230944e-01,5.132458575747924634e+00
6.502203532261561225e-01,1.641873215274561038e-01,5.121832742430066254e+00
6.502203532261561225e-01,1.693181753251891131e-01,5.111579077652236514e+00
6.502203532261561225e-01,1.744490291229221224e-01,5.101733542768777774e+00
6.502203532261561225e-01,1.795798829206551039e-01,5.092331115965140320e+00
6.502203532261561225e-01,1.847107367183881133e-01,5.083405654473445168e+00
6.502203532261561225e-01,1.898415905161211226e-01,5.074989759607481332e+00
6.502203532261561225e-01,1.949724443138541319e-01,5.067114645063158562e+00
6.502203532261561225e-01,2.001032981115871134e-01,5.059810008922028146e+00
6.502203532261561225e-01,2.052341519093201228e-01,5.053103909785754411e+00
6.502203532261561225e-01,2.103650057070531321e-01,5.047022647458405231e+00
6.502203532261561225e-01,2.154958595047861414e-01,5.041590648581090406e+00
6.502203532261561225e-01,2.206267133025191507e-01,5.036830357609972886e+00
6.502203532261561225e-01,2.257575671002521323e-01,5.032762133513904779e+00
6.502203532261561225e-01,2.308884208979851416e-01,5.029404152552038987e+00
6.502203532261561225e-01,2.360192746957181509e-01,5.026772317474737406e+00
6.502203532261561225e-01,2.411501284934511602e-01,5.024880173473002642e+00
6.502203532261561225e-01,2.462809822911841695e-01,5.023738831182498643e+00
6.502203532261561225e-01,2.514118360889171511e-01,5.023356897028175005e+00
6.548688088576799515e-01,0.000000000000000000e+00,5.417797534548847160e+00
6.548688088576799515e-01,5.130853797733003242e-03,5.412418663931812368e+00
6.548688088576799515e-01,1.026170759546600648e-02,5.406544919382514358e+00
6.548688088576799515e-01,1.539256139319901059e-02,5.400179775952958394e+00
6.548688088576799515e-01,2.052341519093201297e-02,5.393329011852433297e+00
6.548688088576799515e-01,2.565426898866501534e-02,5.386000688175769824e+00
6.548688088576799515e-01,3.078512278639802119e-02,5.378205120611445622e+00
6.548688088576799515e-01,3.591597658413102356e-02,5.369954843217749740e+00
6.548688088576799515e-01,4.104683038186402594e-02,5.361264564380022968e+00
6.548688088576799515e-01,4.617768417959702831e-02,5.352151115086384969e+00
6.548688088576799515e-01,5.130853797733003069e-02,5.342633389683413725e+00
6.548688088576799515e-01,5.643939177506303306e-02,5.332732279296805267e+00
6.548688088576799515e-01,6.157024557279604238e-02,5.322470598125053520e+00
6.548688088576799515e-01,6.670109937052903781e-02,5.311873002836597024e+00
6.548688088576799515e-01,7.183195316826204713e-02,5.300965905322629013e+00
6.548688088576799515e-01,7.696280696599504256e-02,5.289777379078751451e+00
6.548688088576799515e-01,8.209366076372805188e-02,5.278337059508863227e+00
6.548688088576799515e-01,8.722451456146106119e-02,5.266676038463990572e+00
6.548688088576799515e-01,9.235536835919405663e-02,5.254826753347212609e+00
6.548688088576799515e-01,9.748622215692706594e-02,5.242822871133252960e+00
6.548688088576799515e-01,1.026170759546600614e-01,5.230699167667766325e+00
6.548688088576799515e-01,1.077479297523930707e-01,5.218491402626662889e+00
6.548688088576799515e-01,1.128787835501260661e-01,5.206236190530075802e+00
6.548688088576799515e-01,1.180096373478590754e-01,5.193970868218633186e+00
6.548688088576799515e-01,1.231404911455920848e-01,5.181733359211564860e+00
6.548688088576799515e-01,1.282713449433250941e-01,5.169562035376810805e+00
6.548688088576799515e-01,1.334021987410580756e-01,5.157495576352657984e+00
6.548688088576799515e-01,1.385330525387910849e-01,5.145572827168502172e+00
6.548688088576799515e-01,1.436639063365240943e-01,5.133832654519049576e+00
6.548688088576799515e-01,1.487947601342571036e-01,5.122313802151692741e+00
6.548688088576799515e-01,1.539256139319900851e-01,5.111054745830807988e+00
6.548688088576799515e-01,1.590564677297230944e-01,5.100093548345360439e+00
6.548688088576799515e-01,1.641873215274561038e-01,5.089467715027502059e+00
6.548688088576799515e-01,1.693181753251891131e-01,5.079214050249672319e+00
6.548688088576799515e-01,1.744490291229221224e-01,5.069368515366213579e+00
6.548688088576799515e-01,1.795798829206551039e-01,5.059966088562576125e+00
6.548688088576799515e-01,1.847107367183881133e-01,5.051040627070880973e+00
6.548688088576799515e-01,1.898415905161211226e-01,5.042624732204917137e+00
6.548688088576799515e-01,1.949724443138541319e-01,5.034749617660594367e+00
6.548688088576799515e-01,2.001032981115871134e-01,5.027444981519463951e+00
6.548688088576799515e-01,2.052341519093201228e-01,5.020738882383190216e+00
6.548688088576799515e-01,2.103650057070531321e-01,5.014657620055841036e+00
6.548688088576799515e-01,2.154958595047861414e-01,5.009225621178526211e+00
6.548688088576799515e-01,2.206267133025191507e-01,5.004465330207408691e+00
6.548688088576799515e-01,2.257575671002521323e-01,5.000397106111340584e+00
6.548688088576799515e-01,2.308884208979851416e-01,4.997039125149474792e+00
6.548688088576799515e-01,2.360192746957181509e-01,4.994407290072173211e+00
6.548688088576799515e-01,2.411501284934511602e-01,4.992515146070438448e+00
6.548688088576799515e-01,2.462809822911841695e-01,4.991373803779934448e+00
6.548688088576799515e-01,2.514118360889171511e-01,4.990991869625610811e+00
6.595172644892036695e-01,0.000000000000000000e+00,5.384888396492075735e+00
6.595172644892036695e-01,5.130853797733003242e-03,5.379509525875040943e+00
6.595172644892036695e-01,1.026170759546600648e-02,5.373635781325742933e+00
6.595172644892036695e-01,1.539256139319901059e-02,5.367270637896186969e+00
6.595172644892036695e-01,2.052341519093201297e-02,5.360419873795661871e+00
6.595172644892036695e-01,2.565426898866501534e-02,5.353091550118998398e+00
6.595172644892036695e-01,3.078512278639802119e-02,5.345295982554674197e+00
6.595172644892036695e-01,3.591597658413102356e-02,5.337045705160978315e+00
6.595172644892036695e-01,4.104683038186402594e-02,5.328355426323251542e+00
6.595172644892036695e-01,4.617768417959702831e-02,5.319241977029613544e+00
6.595172644892036695e-01,5.130853797733003069e-02,5.309724251626642300e+00
6.595172644892036695e-01,5.643939177506303306e-02,5.299823141240033841e+00
6.595172644892036695e-01,6.157024557279604238e-02,5.289561460068282095e+00
6.595172644892036695e-01,6.670109937052903781e-02,5.278963864779825599e+00
6.595172644892036695e-01,7.183195316826204713e-02,5.268056767265857587e+00
6.595172644892036695e-01,7.696280696599504256e-02,5.256868241021980026e+00
6.595172644892036695e-01,8.209366076372805188e-02,5.245427921452091802e+00
6.595172644892036695e-01,8.722451456146106119e-02,5.233766900407219147e+00
6.595172644892036695e-01,9.235536835919405663e-02,5.221917615290441184e+00
6.595172644892036695e-01,9.748622215692706594e-02,5.209913733076481535e+00
6.595172644892036695e-01,1.026170759546600614e-01,5.197790029610994900e+00
6.595172644892036695e-01,1.077479297523930707e-01,5.185582264569891464e+00
6.595172644892036695e-01,1.128787835501260661e-01,5.173327052473304377e+00
6.595172644892036695e-01,1.180096373478590754e-01,5.161061730161861760e+00
6.595172644892036695e-01,1.231404911455920848e-01,5.148824221154793435e+00
6.595172644892036695e-01,1.282713449433250941e-01,5.136652897320039379e+00
6.595172644892036695e-01,1.334021987410580756e-01,5.124586438295886559e+00
6.595172644892036695e-01,1.385330525387910849e-01,5.112663689111730747e+00
6.595172644892036695e-01,1.436639063365240943e-01,5.100923516462278151e+00
6.595172644892036695e-01,1.487947601342571036e-01,5.089404664094921316e+00
6.595172644892036695e-01,1.539256139319900851e-01,5.078145607774036563e+00
6.595172644892036695e-01,1.590564677297230944e-01,5.067184410288589014e+00
6.595172644892036695e-01,1.641873215274561038e-01,5.056558576970730634e+00
6.595172644892036695e-01,1.693181753251891131e-01,5.046304912192900893e+00
6.595172644892036695e-01,1.744490291229221224e-01,5.036459377309442154e+00
6.595172644892036695e-01,1.795798829206551039e-01,5.027056950505804700e+00
6.595172644892036695e-01,1.847107367183881133e-01,5.018131489014109547e+00
6.595172644892036695e-01,1.898415905161211226e-01,5.009715594148145712e+00
6.595172644892036695e-01,1.949724443138541319e-01,5.001840479603822942e+00
6.595172644892036695e-01,2.001032981115871134e-01,4.994535843462692526e+00
6.595172644892036695e-01,2.052341519093201228e-01,4.987829744326418790e+00
6.595172644892036695e-01,2.103650057070531321e-01,4.981748481999069611e+00
6.595172644892036695e-01,2.154958595047861414e-01,4.976316483121754786e+00
6.595172644892036695e-01,2.206267133025191507e-01,4.971556192150637266e+00
6.595172644892036695e-01,2.257575671002521323e-01,4.967487968054569158e+00
6.595172644892036695e-01,2.308884208979851416e-01,4.964129987092703367e+00
6.595172644892036695e-01,2.360192746957181509e-01,4.961498152015401786e+00
6.595172644892036695e-01,2.411501284934511602e-01,4.959606008013667022e+00
6.595172644892036695e-01,2.462809822911841695e-01,4.958464665723163023e+00
6.595172644892036695e-01,2.514118360889171511e-01,4.958082731568839385e+00
6.641657201207273875e-01,0.000000000000000000e+00,5.351487791423266138e+00
6.641657201207273875e-01,5.130853797733003242e-03,5.346108920806231346e+00
6.641657201207273875e-01,1.026170759546600648e-02,5.340235176256933336e+00
6.641657201207273875e-01,1.539256139319901059e-02,5.333870032827377372e+00
6.641657201207273875e-01,2.052341519093201297e-02,5.327019268726852275e+00
6.641657201207273875e-01,2.565426898866501534e-02,5.319690945050188802e+00
6.641657201207273875e-01,3.078512278639802119e-02,5.311895377485864600e+00
6.641657201207273875e-01,3.591597658413102356e-02,5.303645100092168718e+00
6.641657201207273875e-01,4.104683038186402594e-02,5.294954821254441946e+00
6.641657201207273875e-01,4.617768417959702831e-02,5.285841371960803947e+00
6.641657201207273875e-01,5.130853797733003069e-02,5.276323646557832703e+00
6.641657201207273875e-01,5.643939177506303306e-02,5.266422536171224245e+00
6.641657201207273875e-01,6.157024557279604238e-02,5.256160854999472498e+00
6.641657201207273875e-01,6.670109937052903781e-02,5.245563259711016002e+00
6.641657201207273875e-01,7.183195316826204713e-02,5.234656162197047991e+00
6.641657201207273875e-01,7.696280696599504256e-02,5.223467635953170429e+00
6.641657201207273875e-01,8.209366076372805188e-02,5.212027316383282205e+00
6.641657201207273875e-01,8.722451456146106119e-02,5.200366295338409550e+00
6.641657201207273875e-01,9.235536835919405663e-02,5.188517010221631587e+00
6.641657201207273875e-01,9.748622215692706594e-02,5.176513128007671938e+00
6.641657201207273875e-01,1.026170759546600614e-01,5.164389424542185303e+00
6.641657201207273875e-01,1.077479297523930707e-01,5.152181659501081867e+00
6.641657201207273875e-01,1.128787835501260661e-01,5.139926447404494780e+00
6.641657201207273875e-01,1.180096373478590754e-01,5.127661125093052163e+00
6.641657201207273875e-01,1.231404911455920848e-01,5.115423616085983838e+00
6.641657201207273875e-01,1.282713449433250941e-01,5.103252292251229782e+00
6.641657201207273875e-01,1.334021987410580756e-01,5.091185833227076962e+00
6.641657201207273875e-01,1.385330525387910849e-01,5.079263084042921150e+00
6.641657201207273875e-01,1.436639063365240943e-01,5.067522911393468554e+00
6.641657201207273875e-01,1.487947601342571036e-01,5.056004059026111719e+00
6.641657201207273875e-01,1.539256139319900851e-01,5.044745002705226966e+00
6.641657201207273875e-01,1.590564677297230944e-01,5.033783805219779417e+00
6.641657201207273875e-01,1.641873215274561038e-01,5.023157971901921037e+00
6.641657201207273875e-01,1.693181753251891131e-01,5.012904307124091297e+00
6.641657201207273875e-01,1.744490291229221224e-01,5.003058772240632557e+00
6.641657201207273875e-01,1.795798829206551039e-01,4.993656345436995103e+00
6.641657201207273875e-01,1.847107367183881133e-01,4.984730883945299951e+00
6.641657201207273875e-01,1.898415905161211226e-01,4.976314989079336115e+00
6.641657201207273875e-01,1.949724443138541319e-01,4.968439874535013345e+00
6.641657201207273875e-01,2.001032981115871134e-01,4.961135238393882929e+00
6.641657201207273875e-01,2.052341519093201228e-01,4.954429139257609194e+00
6.641657201207273875e-01,2.103650057070531321e-01,4.948347876930260014e+00
6.641657201207273875e-01,2.154958595047861414e-01,4.942915878052945189e+00
6.641657201207273875e-01,2.206267133025191507e-01,4.938155587081827669e+00
6.641657201207273875e-01,2.257575671002521323e-01,4.934087362985759562e+00
6.641657201207273875e-01,2.308884208979851416e-01,4.930729382023893770e+00
6.641657201207273875e-01,2.360192746957181509e-01,4.928097546946592189e+00
6.641657201207273875e-01,2.411501284934511602e-01,4.926205402944857425e+00
6.641657201207273875e-01,2.462809822911841695e-01,4.925064060654353426e+00
6.641657201207273875e-01,2.514118360889171511e-01,4.924682126500029788e+00
6.688141757522511055e-01,0.000000000000000000e+00,5.317650085762982926e+00
6.688141757522511055e-01,5.130853797733003242e-03,5.312271215145948133e+00
6.688141757522511055e-01,1.026170759546600648e-02,5.306397470596650123e+00
6.688141757522511055e-01,1.539256139319901059e-02,5.300032327167094159e+00
6.688141757522511055e-01,2.052341519093201297e-02,5.293181563066569062e+00
6.688141757522511055e-01,2.565426898866501534e-02,5.285853239389905589e+00
6.688141757522511055e-01,3.078512278639802119e-02,5.278057671825581387e+00
6.688141757522511055e-01,3.591597658413102356e-02,5.269807394431885506e+00
6.688141757522511055e-01,4.104683038186402594e-02,5.261117115594158733e+00
6.688141757522511055e-01,4.617768417959702831e-02,5.252003666300520734e+00
6.688141757522511055e-01,5.130853797733003069e-02,5.242485940897548602e+00
6.688141757522511055e-01,5.643939177506303306e-02,5.232584830510941032e+00
6.688141757522511055e-01,6.157024557279604238e-02,5.222323149339189285e+00
6.688141757522511055e-01,6.670109937052903781e-02,5.211725554050732789e+00
6.688141757522511055e-01,7.183195316826204713e-02,5.200818456536764778e+00
6.688141757522511055e-01,7.696280696599504256e-02,5.189629930292887217e+00
6.688141757522511055e-01,8.209366076372805188e-02,5.178189610722998992e+00
6.688141757522511055e-01,8.722451456146106119e-02,5.166528589678126338e+00
6.688141757522511055e-01,9.235536835919405663e-02,5.154679304561348374e+00
6.688141757522511055e-01,9.748622215692706594e-02,5.142675422347388725e+00
6.688141757522511055e-01,1.026170759546600614e-01,5.130551718881902090e+00
6.688141757522511055e-01,1.077479297523930707e-01,5.118343953840798655e+00
6.688141757522511055e-01,1.128787835501260661e-01,5.106088741744211568e+00
6.688141757522511055e-01,1.180096373478590754e-01,5.093823419432768951e+00
6.688141757522511055e-01,1.231404911455920848e-01,5.081585910425700625e+00
6.688141757522511055e-01,1.282713449433250941e-01,5.069414586590946570e+00
6.688141757522511055e-01,1.334021987410580756e-01,5.057348127566793750e+00
6.688141757522511055e-01,1.385330525387910849e-01,5.045425378382637938e+00
6.688141757522511055e-01,1.436639063365240943e-01,5.033685205733185342e+00
6.688141757522511055e-01,1.487947601342571036e-01,5.022166353365828506e+00
6.688141757522511055e-01,1.539256139319900851e-01,5.010907297044943753e+00
6.688141757522511055e-01,1.590564677297230944e-01,4.999946099559496204e+00
6.688141757522511055e-01,1.641873215274561038e-01,4.989320266241637825e+00
6.688141757522511055e-01,1.693181753251891131e-01,4.979066601463808084e+00
6.688141757522511055e-01,1.744490291229221224e-01,4.969221066580349344e+00
6.688141757522511055e-01,1.795798829206551039e-01,4.959818639776711890e+00
6.688141757522511055e-01,1.847107367183881133e-01,4.950893178285015850e+00
6.688141757522511055e-01,1.898415905161211226e-01,4.942477283419052903e+00
6.688141757522511055e-01,1.949724443138541319e-01,4.934602168874730133e+00
6.688141757522511055e-01,2.001032981115871134e-01,4.927297532733599716e+00
6.688141757522511055e-01,2.052341519093201228e-01,4.920591433597325981e+00
6.688141757522511055e-01,2.103650057070531321e-01,4.914510171269976802e+00
6.688141757522511055e-01,2.154958595047861414e-01,4.909078172392661976e+00
6.688141757522511055e-01,2.206267133025191507e-01,4.904317881421544456e+00
6.688141757522511055e-01,2.257575671002521323e-01,4.900249657325476349e+00
6.688141757522511055e-01,2.308884208979851416e-01,4.896891676363610557e+00
6.688141757522511055e-01,2.360192746957181509e-01,4.894259841286308976e+00
6.688141757522511055e-01,2.411501284934511602e-01,4.892367697284574213e+00
6.688141757522511055e-01,2.462809822911841695e-01,4.891226354994070213e+00
6.688141757522511055e-01,2.514118360889171511e-01,4.890844420839746576e+00
6.734626313837748235e-01,0.000000000000000000e+00,5.283431265933506538e+00
6.734626313837748235e-01,5.130853797733003242e-03,5.278052395316471745e+00
6.734626313837748235e-01,1.026170759546600648e-02,5.272178650767173735e+00
6.734626313837748235e-01,1.539256139319901059e-02,5.265813507337617771e+00
6.734626313837748235e-01,2.052341519093201297e-02,5.258962743237092674e+00
6.734626313837748235e-01,2.565426898866501534e-02,5.251634419560429201e+00
6.734626313837748235e-01,3.078512278639802119e-02,5.243838851996104999e+00
6.734626313837748235e-01,3.591597658413102356e-02,5.235588574602409118e+00
6.734626313837748235e-01,4.104683038186402594e-02,5.226898295764682345e+00
6.734626313837748235e-01,4.617768417959702831e-02,5.217784846471044347e+00
6.734626313837748235e-01,5.130853797733003069e-02,5.208267121068072214e+00
6.734626313837748235e-01,5.643939177506303306e-02,5.198366010681464644e+00
6.734626313837748235e-01,6.157024557279604238e-02,5.188104329509712898e+00
6.734626313837748235e-01,6.670109937052903781e-02,5.177506734221256401e+00
6.734626313837748235e-01,7.183195316826204713e-02,5.166599636707288390e+00
6.734626313837748235e-01,7.696280696599504256e-02,5.155411110463410829e+00
6.734626313837748235e-01,8.209366076372805188e-02,5.143970790893522604e+00
6.734626313837748235e-01,8.722451456146106119e-02,5.132309769848649950e+00
6.734626313837748235e-01,9.235536835919405663e-02,5.120460484731871986e+00
6.734626313837748235e-01,9.748622215692706594e-02,5.108456602517912337e+00
6.734626313837748235e-01,1.026170759546600614e-01,5.096332899052425702e+00
6.734626313837748235e-01,1.077479297523930707e-01,5.084125134011322267e+00
6.734626313837748235e-01,1.128787835501260661e-01,5.071869921914735180e+00
6.734626313837748235e-01,1.180096373478590754e-01,5.059604599603292563e+00
6.734626313837748235e-01,1.231404911455920848e-01,5.047367090596224237e+00
6.734626313837748235e-01,1.282713449433250941e-01,5.035195766761470182e+00
6.734626313837748235e-01,1.334021987410580756e-01,5.023129307737317362e+00
6.734626313837748235e-01,1.385330525387910849e-01,5.011206558553161550e+00
6.734626313837748235e-01,1.436639063365240943e-01,4.999466385903708954e+00
6.734626313837748235e-01,1.487947601342571036e-01,4.987947533536352118e+00
6.734626313837748235e-01,1.539256139319900851e-01,4.976688477215467366e+00
6.734626313837748235e-01,1.590564677297230944e-01,4.965727279730019816e+00
6.734626313837748235e-01,1.641873215274561038e-01,4.955101446412161437e+00
6.734626313837748235e-01,1.693181753251891131e-01,4.944847781634331696e+00
6.734626313837748235e-01,1.744490291229221224e-01,4.935002246750872956e+00
6.734626313837748235e-01,1.795798829206551039e-01,4.925599819947235503e+00
6.734626313837748235e-01,1.847107367183881133e-01,4.916674358455539462e+00
6.734626313837748235e-01,1.898415905161211226e-01,4.908258463589576515e+00
6.734626313837748235e-01,1.949724443138541319e-01,4.900383349045253745e+00
6.734626313837748235e-01,2.001032981115871134e-01,4.893078712904123329e+00
6.734626313837748235e-01,2.052341519093201228e-01,4.886372613767849593e+00
6.734626313837748235e-01,2.103650057070531321e-01,4.880291351440500414e+00
6.734626313837748235e-01,2.154958595047861414e-01,4.874859352563185588e+00
6.734626313837748235e-01,2.206267133025191507e-01,4.870099061592068068e+00
6.734626313837748235e-01,2.257575671002521323e-01,4.866030837495999961e+00
6.734626313837748235e-01,2.308884208979851416e-01,4.862672856534134169e+00
6.734626313837748235e-01,2.360192746957181509e-01,4.860041021456832588e+00
6.734626313837748235e-01,2.411501284934511602e-01,4.858148877455097825e+00
6.734626313837748235e-01,2.462809822911841695e-01,4.857007535164593826e+00
6.734626313837748235e-01,2.514118360889171511e-01,4.856625601010270188e+00
6.781110870152985415e-01,0.000000000000000000e+00,5.248888830974149045e+00
6.781110870152985415e-01,5.130853797733003242e-03,5.243509960357114252e+00
6.781110870152985415e-01,1.026170759546600648e-02,5.237636215807816242e+00
6.781110870152985415e-01,1.539256139319901059e-02,5.231271072378260278e+00
6.781110870152985415e-01,2.052341519093201297e-02,5.224420308277735181e+00
6.781110870152985415e-01,2.565426898866501534e-02,5.217091984601071708e+00
6.781110870152985415e-01,3.078512278639802119e-02,5.209296417036747506e+00
6.781110870152985415e-01,3.591597658413102356e-02,5.201046139643051625e+00
6.781110870152985415e-01,4.104683038186402594e-02,5.192355860805324852e+00
6.781110870152985415e-01,4.617768417959702831e-02,5.183242411511686853e+00
6.781110870152985415e-01,5.130853797733003069e-02,5.173724686108714721e+00
6.781110870152985415e-01,5.643939177506303306e-02,5.163823575722107151e+00
6.781110870152985415e-01,6.157024557279604238e-02,5.153561894550355404e+00
6.781110870152985415e-01,6.670109937052903781e-02,5.142964299261898908e+00
6.781110870152985415e-01,7.183195316826204713e-02,5.132057201747930897e+00
6.781110870152985415e-01,7.696280696599504256e-02,5.120868675504053336e+00
6.781110870152985415e-01,8.209366076372805188e-02,5.109428355934165111e+00
6.781110870152985415e-01,8.722451456146106119e-02,5.097767334889292457e+00
6.781110870152985415e-01,9.235536835919405663e-02,5.085918049772514493e+00
6.781110870152985415e-01,9.748622215692706594e-02,5.073914167558554844e+00
6.781110870152985415e-01,1.026170759546600614e-01,5.061790464093068209e+00
6.781110870152985415e-01,1.077479297523930707e-01,5.049582699051964774e+00
6.781110870152985415e-01,1.128787835501260661e-01,5.037327486955377687e+00
6.781110870152985415e-01,1.180096373478590754e-01,5.025062164643935070e+00
6.781110870152985415e-01,1.231404911455920848e-01,5.012824655636866744e+00
6.781110870152985415e-01,1.282713449433250941e-01,5.000653331802112689e+00
6.781110870152985415e-01,1.334021987410580756e-01,4.988586872777959869e+00
6.781110870152985415e-01,1.385330525387910849e-01,4.976664123593804057e+00
6.781110870152985415e-01,1.436639063365240943e-01,4.964923950944351461e+00
6.781110870152985415e-01,1.487947601342571036e-01,4.953405098576994625e+00
6.781110870152985415e-01,1.539256139319900851e-01,4.942146042256109872e+00
6.781110870152985415e-01,1.590564677297230944e-01,4.931184844770662323e+00
6.781110870152985415e-01,1.641873215274561038e-01,4.920559011452803944e+00
6.781110870152985415e-01,1.693181753251891131e-01,4.910305346674974203e+00
6.781110870152985415e-01,1.744490291229221224e-01,4.900459811791515463e+00
6.781110870152985415e-01,1.795798829206551039e-01,4.891057384987878009e+00
6.781110870152985415e-01,1.847107367183881133e-01,4.882131923496181969e+00
6.781110870152985415e-01,1.898415905161211226e-01,4.873716028630219022e+00
6.781110870152985415e-01,1.949724443138541319e-01,4.865840914085896252e+00
6.781110870152985415e-01,2.001032981115871134e-01,4.858536277944765835e+00
6.781110870152985415e-01,2.052341519093201228e-01,4.851830178808492100e+00
6.781110870152985415e-01,2.103650057070531321e-01,4.845748916481142921e+00
6.781110870152985415e-01,2.154958595047861414e-01,4.840316917603828095e+00
6.781110870152985415e-01,2.206267133025191507e-01,4.835556626632710575e+00
6.781110870152985415e-01,2.257575671002521323e-01,4.831488402536642468e+00
6.781110870152985415e-01,2.308884208979851416e-01,4.828130421574776676e+00
6.781110870152985415e-01,2.360192746957181509e-01,4.825498586497475095e+00
6.781110870152985415e-01,2.411501284934511602e-01,4.823606442495740332e+00
6.781110870152985415e-01,2.462809822911841695e-01,4.822465100205236332e+00
6.781110870152985415e-01,2.514118360889171511e-01,4.822083166050912695e+00
6.827595426468222595e-01,0.000000000000000000e+00,5.214081680754505399e+00
6.827595426468222595e-01,5.130853797733003242e-03,5.208702810137470607e+00
6.827595426468222595e-01,1.026170759546600648e-02,5.202829065588172597e+00
6.827595426468222595e-01,1.539256139319901059e-02,5.196463922158616633e+00
6.827595426468222595e-01,2.052341519093201297e-02,5.189613158058091535e+00
6.827595426468222595e-01,2.565426898866501534e-02,5.182284834381428062e+00
6.827595426468222595e-01,3.078512278639802119e-02,5.174489266817103861e+00
6.827595426468222595e-01,3.591597658413102356e-02,5.166238989423407979e+00
6.827595426468222595e-01,4.104683038186402594e-02,5.157548710585681206e+00
6.827595426468222595e-01,4.617768417959702831e-02,5.148435261292043208e+00
6.827595426468222595e-01,5.130853797733003069e-02,5.138917535889071075e+00
6.827595426468222595e-01,5.643939177506303306e-02,5.129016425502463505e+00
6.827595426468222595e-01,6.157024557279604238e-02,5.118754744330711759e+00
6.827595426468222595e-01,6.670109937052903781e-02,5.108157149042255263e+00
6.827595426468222595e-01,7.183195316826204713e-02,5.097250051528287251e+00
6.827595426468222595e-01,7.696280696599504256e-02,5.086061525284409690e+00
6.827595426468222595e-01,8.209366076372805188e-02,5.074621205714521466e+00
6.827595426468222595e-01,8.722451456146106119e-02,5.062960184669648811e+00
6.827595426468222595e-01,9.235536835919405663e-02,5.051110899552870848e+00
6.827595426468222595e-01,9.748622215692706594e-02,5.039107017338911199e+00
6.827595426468222595e-01,1.026170759546600614e-01,5.026983313873424564e+00
6.827595426468222595e-01,1.077479297523930707e-01,5.014775548832321128e+00
6.827595426468222595e-01,1.128787835501260661e-01,5.002520336735734041e+00
6.827595426468222595e-01,1.180096373478590754e-01,4.990255014424291424e+00
6.827595426468222595e-01,1.231404911455920848e-01,4.978017505417223099e+00
6.827595426468222595e-01,1.282713449433250941e-01,4.965846181582469043e+00
6.827595426468222595e-01,1.334021987410580756e-01,4.953779722558316223e+00
6.827595426468222595e-01,1.385330525387910849e-01,4.941856973374160411e+00
6.827595426468222595e-01,1.436639063365240943e-01,4.930116800724707815e+00
6.827595426468222595e-01,1.487947601342571036e-01,4.918597948357350980e+00
6.827595426468222595e-01,1.539256139319900851e-01,4.907338892036466227e+00
6.827595426468222595e-01,1.590564677297230944e-01,4.896377694551018678e+00
6.827595426468222595e-01,1.641873215274561038e-01,4.885751861233160298e+00
6.827595426468222595e-01,1.693181753251891131e-01,4.875498196455330557e+00
6.827595426468222595e-01,1.744490291229221224e-01,4.865652661571871818e+00
6.827595426468222595e-01,1.795798829206551039e-01,4.856250234768234364e+00
6.827595426468222595e-01,1.847107367183881133e-01,4.847324773276538323e+00
6.827595426468222595e-01,1.898415905161211226e-01,4.838908878410575376e+00
6.827595426468222595e-01,1.949724443138541319e-01,4.831033763866252606e+00
6.827595426468222595e-01,2.001032981115871134e-01,4.823729127725122190e+00
6.827595426468222595e-01,2.052341519093201228e-01,4.817023028588848454e+00
6.827595426468222595e-01,2.103650057070531321e-01,4.810941766261499275e+00
6.827595426468222595e-01,2.154958595047861414e-01,4.805509767384184450e+00
6.827595426468222595e-01,2.206267133025191507e-01,4.800749476413066930e+00
6.827595426468222595e-01,2.257575671002521323e-01,4.796681252316998822e+00
6.827595426468222595e-01,2.308884208979851416e-01,4.793323271355133031e+00
6.827595426468222595e-01,2.360192746957181509e-01,4.790691436277831450e+00
6.827595426468222595e-01,2.411501284934511602e-01,4.788799292276096686e+00
6.827595426468222595e-01,2.462809822911841695e-01,4.787657949985592687e+00
6.827595426468222595e-01,2.514118360889171511e-01,4.787276015831269049e+00
6.874079982783459775e-01,0.000000000000000000e+00,5.179070000002956142e+00
6.874079982783459775e-01,5.130853797733003242e-03,5.173691129385921350e+00
6.874079982783459775e-01,1.026170759546600648e-02,5.167817384836623340e+00
6.874079982783459775e-01,1.539256139319901059e-02,5.161452241407067376e+00
6.874079982783459775e-01,2.052341519093201297e-02,5.154601477306542279e+00
6.874079982783459775e-01,2.565426898866501534e-02,5.147273153629878806e+00
6.874079982783459775e-01,3.078512278639802119e-02,5.139477586065554604e+00
6.874079982783459775e-01,3.591597658413102356e-02,5.131227308671858722e+00
6.874079982783459775e-01,4.104683038186402594e-02,5.122537029834131950e+00
6.874079982783459775e-01,4.617768417959702831e-02,5.113423580540493951e+00
6.874079982783459775e-01,5.130853797733003069e-02,5.103905855137522707e+00
6.874079982783459775e-01,5.643939177506303306e-02,5.094004744750914249e+00
6.874079982783459775e-01,6.157024557279604238e-02,5.083743063579162502e+00
6.874079982783459775e-01,6.670109937052903781e-02,5.073145468290706006e+00
6.874079982783459775e-01,7.183195316826204713e-02,5.062238370776737995e+00
6.874079982783459775e-01,7.696280696599504256e-02,5.051049844532860433e+00
6.874079982783459775e-01,8.209366076372805188e-02,5.039609524962972209e+00
6.874079982783459775e-01,8.722451456146106119e-02,5.027948503918099554e+00
6.874079982783459775e-01,9.235536835919405663e-02,5.016099218801321591e+00
6.874079982783459775e-01,9.748622215692706594e-02,5.004095336587361942e+00
6.874079982783459775e-01,1.026170759546600614e-01,4.991971633121875307e+00
6.874079982783459775e-01,1.077479297523930707e-01,4.979763868080771871e+00
6.874079982783459775e-01,1.128787835501260661e-01,4.967508655984184784e+00
6.874079982783459775e-01,1.180096373478590754e-01,4.955243333672742168e+00
6.874079982783459775e-01,1.231404911455920848e-01,4.943005824665673842e+00
6.874079982783459775e-01,1.282713449433250941e-01,4.930834500830919787e+00
6.874079982783459775e-01,1.334021987410580756e-01,4.918768041806766966e+00
6.874079982783459775e-01,1.385330525387910849e-01,4.906845292622611154e+00
6.874079982783459775e-01,1.436639063365240943e-01,4.895105119973158558e+00
6.874079982783459775e-01,1.487947601342571036e-01,4.883586267605801723e+00
6.874079982783459775e-01,1.539256139319900851e-01,4.872327211284916970e+00
6.874079982783459775e-01,1.590564677297230944e-01,4.861366013799469421e+00
6.874079982783459775e-01,1.641873215274561038e-01,4.850740180481611041e+00
6.874079982783459775e-01,1.693181753251891131e-01,4.840486515703781301e+00
6.874079982783459775e-01,1.744490291229221224e-01,4.830640980820322561e+00
6.874079982783459775e-01,1.795798829206551039e-01,4.821238554016685107e+00
6.874079982783459775e-01,1.847107367183881133e-01,4.812313092524989955e+00
6.874079982783459775e-01,1.898415905161211226e-01,4.803897197659026119e+00
6.874079982783459775e-01,1.949724443138541319e-01,4.796022083114703349e+00
6.874079982783459775e-01,2.001032981115871134e-01,4.788717446973572933e+00
6.874079982783459775e-01,2.052341519093201228e-01,4.782011347837299198e+00
6.874079982783459775e-01,2.103650057070531321e-01,4.775930085509950018e+00
6.874079982783459775e-01,2.154958595047861414e-01,4.770498086632635193e+00
6.874079982783459775e-01,2.206267133025191507e-01,4.765737795661517673e+00
6.874079982783459775e-01,2.257575671002521323e-01,4.761669571565449566e+00
6.874079982783459775e-01,2.308884208979851416e-01,4.758311590603583774e+00
6.874079982783459775e-01,2.360192746957181509e-01,4.755679755526282193e+00
6.874079982783459775e-01,2.411501284934511602e-01,4.753787611524547430e+00
6.874079982783459775e-01,2.462809822911841695e-01,4.752646269234043430e+00
6.874079982783459775e-01,2.514118360889171511e-01,4.752264335079719793e+00
6.920564539098696955e-01,0.000000000000000000e+00,5.143915138378595486e+00
6.920564539098696955e-01,5.130853797733003242e-03,5.138536267761560694e+00
6.920564539098696955e-01,1.026170759546600648e-02,5.132662523212262684e+00
6.920564539098696955e-01,1.539256139319901059e-02,5.126297379782706720e+00
6.920564539098696955e-01,2.052341519093201297e-02,5.119446615682181623e+00
6.920564539098696955e-01,2.565426898866501534e-02,5.112118292005518150e+00
6.920564539098696955e-01,3.078512278639802119e-02,5.104322724441193948e+00
6.920564539098696955e-01,3.591597658413102356e-02,5.096072447047498066e+00
6.920564539098696955e-01,4.104683038186402594e-02,5.087382168209771294e+00
6.920564539098696955e-01,4.617768417959702831e-02,5.078268718916133295e+00
6.920564539098696955e-01,5.130853797733003069e-02,5.068750993513161163e+00
6.920564539098696955e-01,5.643939177506303306e-02,5.058849883126553593e+00
6.920564539098696955e-01,6.157024557279604238e-02,5.048588201954801846e+00
6.920564539098696955e-01,6.670109937052903781e-02,5.037990606666345350e+00
6.920564539098696955e-01,7.183195316826204713e-02,5.027083509152377339e+00
6.920564539098696955e-01,7.696280696599504256e-02,5.015894982908499777e+00
6.920564539098696955e-01,8.209366076372805188e-02,5.004454663338611553e+00
6.920564539098696955e-01,8.722451456146106119e-02,4.992793642293738898e+00
6.920564539098696955e-01,9.235536835919405663e-02,4.980944357176960935e+00
6.920564539098696955e-01,9.748622215692706594e-02,4.968940474963001286e+00
6.920564539098696955e-01,1.026170759546600614e-01,4.956816771497514651e+00
6.920564539098696955e-01,1.077479297523930707e-01,4.944609006456411215e+00
6.920564539098696955e-01,1.128787835501260661e-01,4.932353794359824128e+00
6.920564539098696955e-01,1.180096373478590754e-01,4.920088472048381512e+00
6.920564539098696955e-01,1.231404911455920848e-01,4.907850963041313186e+00
6.920564539098696955e-01,1.282713449433250941e-01,4.895679639206559131e+00
6.920564539098696955e-01,1.334021987410580756e-01,4.883613180182406310e+00
6.920564539098696955e-01,1.385330525387910849e-01,4.871690430998250498e+00
6.920564539098696955e-01,1.436639063365240943e-01,4.859950258348797902e+00
6.920564539098696955e-01,1.487947601342571036e-01,4.848431405981441067e+00
6.920564539098696955e-01,1.539256139319900851e-01,4.837172349660556314e+00
6.920564539098696955e-01,1.590564677297230944e-01,4.826211152175108765e+00
6.920564539098696955e-01,1.641873215274561038e-01,4.815585318857250385e+00
6.920564539098696955e-01,1.693181753251891131e-01,4.805331654079420645e+00
6.920564539098696955e-01,1.744490291229221224e-01,4.795486119195961905e+00
6.920564539098696955e-01,1.795798829206551039e-01,4.786083692392324451e+00
6.920564539098696955e-01,1.847107367183881133e-01,4.777158230900628411e+00
6.920564539098696955e-01,1.898415905161211226e-01,4.768742336034665463e+00
6.920564539098696955e-01,1.949724443138541319e-01,4.760867221490342693e+00
6.920564539098696955e-01,2.001032981115871134e-01,4.753562585349212277e+00
6.920564539098696955e-01,2.052341519093201228e-01,4.746856486212938542e+00
6.920564539098696955e-01,2.103650057070531321e-01,4.740775223885589362e+00
6.920564539098696955e-01,2.154958595047861414e-01,4.735343225008274537e+00
6.920564539098696955e-01,2.206267133025191507e-01,4.730582934037157017e+00
6.920564539098696955e-01,2.257575671002521323e-01,4.726514709941088910e+00
6.920564539098696955e-01,2.308884208979851416e-01,4.723156728979223118e+00
6.920564539098696955e-01,2.360192746957181509e-01,4.720524893901921537e+00
6.920564539098696955e-01,2.411501284934511602e-01,4.718632749900186774e+00
6.920564539098696955e-01,2.462809822911841695e-01,4.717491407609682774e+00
6.920564539098696955e-01,2.514118360889171511e-01,4.717109473455359137e+00
6.967049095413934134e-01,0.000000000000000000e+00,5.108679486825257854e+00
6.967049095413934134e-01,5.130853797733003242e-03,5.103300616208223062e+00
6.967049095413934134e-01,1.026170759546600648e-02,5.097426871658925052e+00
6.967049095413934134e-01,1.539256139319901059e-02,5.091061728229369088e+00
6.967049095413934134e-01,2.052341519093201297e-02,5.084210964128843990e+00
6.967049095413934134e-01,2.565426898866501534e-02,5.076882640452180517e+00
6.967049095413934134e-01,3.078512278639802119e-02,5.069087072887856316e+00
6.967049095413934134e-01,3.591597658413102356e-02,5.060836795494160434e+00
6.967049095413934134e-01,4.104683038186402594e-02,5.052146516656433661e+00
6.967049095413934134e-01,4.617768417959702831e-02,5.043033067362795663e+00
6.967049095413934134e-01,5.130853797733003069e-02,5.033515341959823530e+00
6.967049095413934134e-01,5.643939177506303306e-02,5.023614231573215960e+00
6.967049095413934134e-01,6.157024557279604238e-02,5.013352550401464214e+00
6.967049095413934134e-01,6.670109937052903781e-02,5.002754955113007718e+00
6.967049095413934134e-01,7.183195316826204713e-02,4.991847857599039706e+00
6.967049095413934134e-01,7.696280696599504256e-02,4.980659331355162145e+00
6.967049095413934134e-01,8.209366076372805188e-02,4.969219011785273921e+00
6.967049095413934134e-01,8.722451456146106119e-02,4.957557990740401266e+00
6.967049095413934134e-01,9.235536835919405663e-02,4.945708705623623302e+00
6.967049095413934134e-01,9.748622215692706594e-02,4.933704823409663653e+00
6.967049095413934134e-01,1.026170759546600614e-01,4.921581119944177019e+00
6.967049095413934134e-01,1.077479297523930707e-01,4.909373354903073583e+00
6.967049095413934134e-01,1.128787835501260661e-01,4.897118142806486496e+00
6.967049095413934134e-01,1.180096373478590754e-01,4.884852820495043879e+00
6.967049095413934134e-01,1.231404911455920848e-01,4.872615311487975553e+00
6.967049095413934134e-01,1.282713449433250941e-01,4.860443987653221498e+00
6.967049095413934134e-01,1.334021987410580756e-01,4.848377528629068678e+00
6.967049095413934134e-01,1.385330525387910849e-01,4.836454779444912866e+00
6.967049095413934134e-01,1.436639063365240943e-01,4.824714606795460270e+00
6.967049095413934134e-01,1.487947601342571036e-01,4.813195754428103434e+00
6.967049095413934134e-01,1.539256139319900851e-01,4.801936698107218682e+00
6.967049095413934134e-01,1.590564677297230944e-01,4.790975500621771133e+00
6.967049095413934134e-01,1.641873215274561038e-01,4.780349667303912753e+00
6.967049095413934134e-01,1.693181753251891131e-01,4.770096002526083012e+00
6.967049095413934134e-01,1.744490291229221224e-01,4.760250467642624272e+00
6.967049095413934134e-01,1.795798829206551039e-01,4.750848040838986819e+00
6.967049095413934134e-01,1.847107367183881133e-01,4.741922579347290778e+00
6.967049095413934134e-01,1.898415905161211226e-01,4.733506684481327831e+00
6.967049095413934134e-01,1.949724443138541319e-01,4.725631569937005061e+00
6.967049095413934134e-01,2.001032981115871134e-01,4.718326933795874645e+00
6.967049095413934134e-01,2.052341519093201228e-01,4.711620834659600909e+00
6.967049095413934134e-01,2.103650057070531321e-01,4.705539572332251730e+00
6.967049095413934134e-01,2.154958595047861414e-01,4.700107573454936905e+00
6.967049095413934134e-01,2.206267133025191507e-01,4.695347282483819384e+00
6.967049095413934134e-01,2.257575671002521323e-01,4.691279058387751277e+00
6.967049095413934134e-01,2.308884208979851416e-01,4.687921077425885485e+00
6.967049095413934134e-01,2.360192746957181509e-01,4.685289242348583905e+00
6.967049095413934134e-01,2.411501284934511602e-01,4.683397098346849141e+00
6.967049095413934134e-01,2.462809822911841695e-01,4.682255756056345142e+00
6.967049095413934134e-01,2.514118360889171511e-01,4.681873821902021504e+00
7.013533651729171314e-01,0.000000000000000000e+00,5.073426350456262668e+00
7.013533651729171314e-01,5.130853797733003242e-03,5.068047479839227876e+00
7.013533651729171314e-01,1.026170759546600648e-02,5.062173735289929866e+00
7.013533651729171314e-01,1.539256139319901059e-02,5.055808591860373902e+00
7.013533651729171314e-01,2.052341519093201297e-02,5.048957827759848804e+00
7.013533651729171314e-01,2.565426898866501534e-02,5.041629504083185331e+00
7.013533651729171314e-01,3.078512278639802119e-02,5.033833936518861130e+00
7.013533651729171314e-01,3.591597658413102356e-02,5.025583659125165248e+00
7.013533651729171314e-01,4.104683038186402594e-02,5.016893380287438475e+00
7.013533651729171314e-01,4.617768417959702831e-02,5.007779930993800477e+00
7.013533651729171314e-01,5.130853797733003069e-02,4.998262205590828344e+00
7.013533651729171314e-01,5.643939177506303306e-02,4.988361095204220774e+00
7.013533651729171314e-01,6.157024557279604238e-02,4.978099414032469028e+00
7.013533651729171314e-01,6.670109937052903781e-02,4.967501818744012532e+00
7.013533651729171314e-01,7.183195316826204713e-02,4.956594721230044520e+00
7.013533651729171314e-01,7.696280696599504256e-02,4.945406194986166959e+00
7.013533651729171314e-01,8.209366076372805188e-02,4.933965875416278735e+00
7.013533651729171314e-01,8.722451456146106119e-02,4.922304854371406080e+00
7.013533651729171314e-01,9.235536835919405663e-02,4.910455569254628116e+00
7.013533651729171314e-01,9.748622215692706594e-02,4.898451687040668467e+00
7.013533651729171314e-01,1.026170759546600614e-01,4.886327983575181833e+00
7.013533651729171314e-01,1.077479297523930707e-01,4.874120218534078397e+00
7.013533651729171314e-01,1.128787835501260661e-01,4.861865006437491310e+00
7.013533651729171314e-01,1.180096373478590754e-01,4.849599684126048693e+00
7.013533651729171314e-01,1.231404911455920848e-01,4.837362175118980367e+00
7.013533651729171314e-01,1.282713449433250941e-01,4.825190851284226312e+00
7.013533651729171314e-01,1.334021987410580756e-01,4.813124392260073492e+00
7.013533651729171314e-01,1.385330525387910849e-01,4.801201643075917680e+00
7.013533651729171314e-01,1.436639063365240943e-01,4.789461470426465084e+00
7.013533651729171314e-01,1.487947601342571036e-01,4.777942618059108248e+00
7.013533651729171314e-01,1.539256139319900851e-01,4.766683561738223496e+00
7.013533651729171314e-01,1.590564677297230944e-01,4.755722364252775947e+00
7.013533651729171314e-01,1.641873215274561038e-01,4.745096530934917567e+00
7.013533651729171314e-01,1.693181753251891131e-01,4.734842866157087826e+00
7.013533651729171314e-01,1.744490291229221224e-01,4.724997331273629086e+00
7.013533651729171314e-01,1.795798829206551039e-01,4.715594904469991633e+00
7.013533651729171314e-01,1.847107367183881133e-01,4.706669442978295592e+00
7.013533651729171314e-01,1.898415905161211226e-01,4.698253548112332645e+00
7.013533651729171314e-01,1.949724443138541319e-01,4.690378433568009875e+00
7.013533651729171314e-01,2.001032981115871134e-01,4.683073797426879459e+00
7.013533651729171314e-01,2.052341519093201228e-01,4.676367698290605723e+00
7.013533651729171314e-01,2.103650057070531321e-01,4.670286435963256544e+00
7.013533651729171314e-01,2.154958595047861414e-01,4.664854437085941719e+00
7.013533651729171314e-01,2.206267133025191507e-01,4.660094146114824198e+00
7.013533651729171314e-01,2.257575671002521323e-01,4.656025922018756091e+00
7.013533651729171314e-01,2.308884208979851416e-01,4.652667941056890299e+00
7.013533651729171314e-01,2.360192746957181509e-01,4.650036105979588719e+00
7.013533651729171314e-01,2.411501284934511602e-01,4.648143961977853955e+00
7.013533651729171314e-01,2.462809822911841695e-01,4.647002619687349956e+00
7.013533651729171314e-01,2.514118360889171511e-01,4.646620685533026318e+00
7.060018208044409604e-01,0.000000000000000000e+00,5.038219818227978486e+00
7.060018208044409604e-01,5.130853797733003242e-03,5.032840947610943694e+00
7.060018208044409604e-01,1.026170759546600648e-02,5.026967203061645684e+00
7.060018208044409604e-01,1.539256139319901059e-02,5.020602059632089720e+00
7.060018208044409604e-01,2.052341519093201297e-02,5.013751295531564622e+00
7.060018208044409604e-01,2.565426898866501534e-02,5.006422971854901149e+00
7.060018208044409604e-01,3.078512278639802119e-02,4.998627404290576948e+00
7.060018208044409604e-01,3.591597658413102356e-02,4.990377126896881066e+00
7.060018208044409604e-01,4.104683038186402594e-02,4.981686848059154293e+00
7.060018208044409604e-01,4.617768417959702831e-02,4.972573398765516295e+00
7.060018208044409604e-01,5.130853797733003069e-02,4.963055673362545051e+00
7.060018208044409604e-01,5.643939177506303306e-02,4.953154562975936592e+00
7.060018208044409604e-01,6.157024557279604238e-02,4.942892881804184846e+00
7.060018208044409604e-01,6.670109937052903781e-02,4.932295286515728350e+00
7.060018208044409604e-01,7.183195316826204713e-02,4.921388189001760338e+00
7.060018208044409604e-01,7.696280696599504256e-02,4.910199662757882777e+00
7.060018208044409604e-01,8.209366076372805188e-02,4.898759343187994553e+00
7.060018208044409604e-01,8.722451456146106119e-02,4.887098322143121898e+00
7.060018208044409604e-01,9.235536835919405663e-02,4.875249037026343935e+00
7.060018208044409604e-01,9.748622215692706594e-02,4.863245154812384285e+00
7.060018208044409604e-01,1.026170759546600614e-01,4.851121451346897651e+00
7.060018208044409604e-01,1.077479297523930707e-01,4.838913686305794215e+00
7.060018208044409604e-01,1.128787835501260661e-01,4.826658474209207128e+00
7.060018208044409604e-01,1.180096373478590754e-01,4.814393151897764511e+00
7.060018208044409604e-01,1.231404911455920848e-01,4.802155642890696186e+00
7.060018208044409604e-01,1.282713449433250941e-01,4.789984319055942130e+00
7.060018208044409604e-01,1.334021987410580756e-01,4.777917860031789310e+00
7.060018208044409604e-01,1.385330525387910849e-01,4.765995110847633498e+00
7.060018208044409604e-01,1.436639063365240943e-01,4.754254938198180902e+00
7.060018208044409604e-01,1.487947601342571036e-01,4.742736085830824067e+00
7.060018208044409604e-01,1.539256139319900851e-01,4.731477029509939314e+00
7.060018208044409604e-01,1.590564677297230944e-01,4.720515832024491765e+00
7.060018208044409604e-01,1.641873215274561038e-01,4.709889998706633385e+00
7.060018208044409604e-01,1.693181753251891131e-01,4.699636333928803644e+00
7.060018208044409604e-01,1.744490291229221224e-01,4.689790799045344905e+00
7.060018208044409604e-01,1.795798829206551039e-01,4.680388372241707451e+00
7.060018208044409604e-01,1.847107367183881133e-01,4.671462910750012298e+00
7.060018208044409604e-01,1.898415905161211226e-01,4.663047015884048463e+00
7.060018208044409604e-01,1.949724443138541319e-01,4.655171901339725693e+00
7.060018208044409604e-01,2.001032981115871134e-01,4.647867265198595277e+00
7.060018208044409604e-01,2.052341519093201228e-01,4.641161166062321541e+00
7.060018208044409604e-01,2.103650057070531321e-01,4.635079903734972362e+00
7.060018208044409604e-01,2.154958595047861414e-01,4.629647904857657537e+00
7.060018208044409604e-01,2.206267133025191507e-01,4.624887613886540016e+00
7.060018208044409604e-01,2.257575671002521323e-01,4.620819389790471909e+00
7.060018208044409604e-01,2.308884208979851416e-01,4.617461408828606118e+00
7.060018208044409604e-01,2.360192746957181509e-01,4.614829573751304537e+00
7.060018208044409604e-01,2.411501284934511602e-01,4.612937429749569773e+00
7.060018208044409604e-01,2.462809822911841695e-01,4.611796087459065774e+00
7.060018208044409604e-01,2.514118360889171511e-01,4.611414153304742136e+00
7.106502764359646784e-01,0.000000000000000000e+00,5.003124629669303935e+00
7.106502764359646784e-01,5.130853797733003242e-03,4.997745759052269143e+00
7.106502764359646784e-01,1.026170759546600648e-02,4.991872014502971133e+00
7.106502764359646784e-01,1.539256139319901059e-02,4.985506871073415169e+00
7.106502764359646784e-01,2.052341519093201297e-02,4.978656106972890072e+00
7.106502764359646784e-01,2.565426898866501534e-02,4.971327783296226599e+00
7.106502764359646784e-01,3.078512278639802119e-02,4.963532215731902397e+00
7.106502764359646784e-01,3.591597658413102356e-02,4.955281938338206515e+00
7.106502764359646784e-01,4.104683038186402594e-02,4.946591659500479743e+00
7.106502764359646784e-01,4.617768417959702831e-02,4.937478210206841744e+00
7.106502764359646784e-01,5.130853797733003069e-02,4.927960484803870500e+00
7.106502764359646784e-01,5.643939177506303306e-02,4.918059374417262042e+00
7.106502764359646784e-01,6.157024557279604238e-02,4.907797693245510295e+00
7.106502764359646784e-01,6.670109937052903781e-02,4.897200097957053799e+00
7.106502764359646784e-01,7.183195316826204713e-02,4.886293000443085788e+00
7.106502764359646784e-01,7.696280696599504256e-02,4.875104474199208227e+00
7.106502764359646784e-01,8.209366076372805188e-02,4.863664154629320002e+00
7.106502764359646784e-01,8.722451456146106119e-02,4.852003133584447347e+00
7.106502764359646784e-01,9.235536835919405663e-02,4.840153848467669384e+00
7.106502764359646784e-01,9.748622215692706594e-02,4.828149966253709735e+00
7.106502764359646784e-01,1.026170759546600614e-01,4.816026262788223100e+00
7.106502764359646784e-01,1.077479297523930707e-01,4.803818497747119665e+00
7.106502764359646784e-01,1.128787835501260661e-01,4.791563285650532578e+00
7.106502764359646784e-01,1.180096373478590754e-01,4.779297963339089961e+00
7.106502764359646784e-01,1.231404911455920848e-01,4.767060454332021635e+00
7.106502764359646784e-01,1.282713449433250941e-01,4.754889130497267580e+00
7.106502764359646784e-01,1.334021987410580756e-01,4.742822671473114760e+00
7.106502764359646784e-01,1.385330525387910849e-01,4.730899922288958948e+00
7.106502764359646784e-01,1.436639063365240943e-01,4.719159749639506352e+00
7.106502764359646784e-01,1.487947601342571036e-01,4.707640897272149516e+00
7.106502764359646784e-01,1.539256139319900851e-01,4.696381840951264763e+00
7.106502764359646784e-01,1.590564677297230944e-01,4.685420643465817214e+00
7.106502764359646784e-01,1.641873215274561038e-01,4.674794810147958835e+00
7.106502764359646784e-01,1.693181753251891131e-01,4.664541145370129094e+00
7.106502764359646784e-01,1.744490291229221224e-01,4.654695610486670354e+00
7.106502764359646784e-01,1.795798829206551039e-01,4.645293183683032900e+00
7.106502764359646784e-01,1.847107367183881133e-01,4.636367722191337748e+00
7.106502764359646784e-01,1.898415905161211226e-01,4.627951827325373912e+00
7.106502764359646784e-01,1.949724443138541319e-01,4.620076712781051143e+00
7.106502764359646784e-01,2.001032981115871134e-01,4.612772076639920726e+00
7.106502764359646784e-01,2.052341519093201228e-01,4.606065977503646991e+00
7.106502764359646784e-01,2.103650057070531321e-01,4.599984715176297811e+00
7.106502764359646784e-01,2.154958595047861414e-01,4.594552716298982986e+00
7.106502764359646784e-01,2.206267133025191507e-01,4.589792425327865466e+00
7.106502764359646784e-01,2.257575671002521323e-01,4.585724201231797359e+00
7.106502764359646784e-01,2.308884208979851416e-01,4.582366220269931567e+00
7.106502764359646784e-01,2.360192746957181509e-01,4.579734385192629986e+00
7.106502764359646784e-01,2.411501284934511602e-01,4.577842241190895223e+00
7.106502764359646784e-01,2.462809822911841695e-01,4.576700898900391223e+00
7.106502764359646784e-01,2.514118360889171511e-01,4.576318964746067586e+00
7.152987320674883964e-01,0.000000000000000000e+00,4.968206038942502900e+00
7.152987320674883964e-01,5.130853797733003242e-03,4.962827168325468108e+00
7.152987320674883964e-01,1.026170759546600648e-02,4.956953423776170098e+00
7.152987320674883964e-01,1.539256139319901059e-02,4.950588280346614134e+00
7.152987320674883964e-01,2.052341519093201297e-02,4.943737516246089037e+00
7.152987320674883964e-01,2.565426898866501534e-02,4.936409192569425564e+00
7.152987320674883964e-01,3.078512278639802119e-02,4.928613625005101362e+00
7.152987320674883964e-01,3.591597658413102356e-02,4.920363347611405480e+00
7.152987320674883964e-01,4.104683038186402594e-02,4.911673068773678708e+00
7.152987320674883964e-01,4.617768417959702831e-02,4.902559619480040709e+00
7.152987320674883964e-01,5.130853797733003069e-02,4.893041894077068577e+00
7.152987320674883964e-01,5.643939177506303306e-02,4.883140783690461006e+00
7.152987320674883964e-01,6.157024557279604238e-02,4.872879102518709260e+00
7.152987320674883964e-01,6.670109937052903781e-02,4.862281507230252764e+00
7.152987320674883964e-01,7.183195316826204713e-02,4.851374409716284752e+00
7.152987320674883964e-01,7.696280696599504256e-02,4.840185883472407191e+00
7.152987320674883964e-01,8.209366076372805188e-02,4.828745563902518967e+00
7.152987320674883964e-01,8.722451456146106119e-02,4.817084542857646312e+00
7.152987320674883964e-01,9.235536835919405663e-02,4.805235257740868349e+00
7.152987320674883964e-01,9.748622215692706594e-02,4.793231375526908700e+00
7.152987320674883964e-01,1.026170759546600614e-01,4.781107672061422065e+00
7.152987320674883964e-01,1.077479297523930707e-01,4.768899907020318629e+00
7.152987320674883964e-01,1.128787835501260661e-01,4.756644694923731542e+00
7.152987320674883964e-01,1.180096373478590754e-01,4.744379372612288925e+00
7.152987320674883964e-01,1.231404911455920848e-01,4.732141863605220600e+00
7.152987320674883964e-01,1.282713449433250941e-01,4.719970539770466544e+00
7.152987320674883964e-01,1.334021987410580756e-01,4.707904080746313724e+00
7.152987320674883964e-01,1.385330525387910849e-01,4.695981331562157912e+00
7.152987320674883964e-01,1.436639063365240943e-01,4.684241158912705316e+00
7.152987320674883964e-01,1.487947601342571036e-01,4.672722306545348481e+00
7.152987320674883964e-01,1.539256139319900851e-01,4.661463250224463728e+00
7.152987320674883964e-01,1.590564677297230944e-01,4.650502052739016179e+00
7.152987320674883964e-01,1.641873215274561038e-01,4.639876219421157799e+00
7.152987320674883964e-01,1.693181753251891131e-01,4.629622554643328058e+00
7.152987320674883964e-01,1.744490291229221224e-01,4.619777019759869319e+00
7.152987320674883964e-01,1.795798829206551039e-01,4.610374592956231865e+00
7.152987320674883964e-01,1.847107367183881133e-01,4.601449131464535824e+00
7.152987320674883964e-01,1.898415905161211226e-01,4.593033236598572877e+00
7.152987320674883964e-01,1.949724443138541319e-01,4.585158122054250107e+00
7.152987320674883964e-01,2.001032981115871134e-01,4.577853485913119691e+00
7.152987320674883964e-01,2.052341519093201228e-01,4.571147386776845956e+00
7.152987320674883964e-01,2.103650057070531321e-01,4.565066124449496776e+00
7.152987320674883964e-01,2.154958595047861414e-01,4.559634125572181951e+00
7.152987320674883964e-01,2.206267133025191507e-01,4.554873834601064431e+00
7.152987320674883964e-01,2.257575671002521323e-01,4.550805610504996324e+00
7.152987320674883964e-01,2.308884208979851416e-01,4.547447629543130532e+00
7.152987320674883964e-01,2.360192746957181509e-01,4.544815794465828951e+00
7.152987320674883964e-01,2.411501284934511602e-01,4.542923650464094187e+00
7.152987320674883964e-01,2.462809822911841695e-01,4.541782308173590188e+00
7.152987320674883964e-01,2.514118360889171511e-01,4.541400374019266550e+00
7.199471876990121144e-01,0.000000000000000000e+00,4.933529676518777052e+00
7.199471876990121144e-01,5.130853797733003242e-03,4.928150805901742260e+00
7.199471876990121144e-01,1.026170759546600648e-02,4.922277061352444250e+00
7.199471876990121144e-01,1.539256139319901059e-02,4.915911917922888286e+00
7.199471876990121144e-01,2.052341519093201297e-02,4.909061153822363188e+00
7.199471876990121144e-01,2.565426898866501534e-02,4.901732830145699715e+00
7.199471876990121144e-01,3.078512278639802119e-02,4.893937262581375514e+00
7.199471876990121144e-01,3.591597658413102356e-02,4.885686985187679632e+00
7.199471876990121144e-01,4.104683038186402594e-02,4.876996706349952859e+00
7.199471876990121144e-01,4.617768417959702831e-02,4.867883257056314861e+00
7.199471876990121144e-01,5.130853797733003069e-02,4.858365531653342728e+00
7.199471876990121144e-01,5.643939177506303306e-02,4.848464421266735158e+00
7.199471876990121144e-01,6.157024557279604238e-02,4.838202740094983412e+00
7.199471876990121144e-01,6.670109937052903781e-02,4.827605144806526916e+00
7.199471876990121144e-01,7.183195316826204713e-02,4.816698047292558904e+00
7.199471876990121144e-01,7.696280696599504256e-02,4.805509521048681343e+00
7.199471876990121144e-01,8.209366076372805188e-02,4.794069201478793119e+00
7.199471876990121144e-01,8.722451456146106119e-02,4.782408180433920464e+00
7.199471876990121144e-01,9.235536835919405663e-02,4.770558895317142500e+00
7.199471876990121144e-01,9.748622215692706594e-02,4.758555013103182851e+00
7.199471876990121144e-01,1.026170759546600614e-01,4.746431309637696216e+00
7.199471876990121144e-01,1.077479297523930707e-01,4.734223544596592781e+00
7.199471876990121144e-01,1.128787835501260661e-01,4.721968332500005694e+00
7.199471876990121144e-01,1.180096373478590754e-01,4.709703010188563077e+00
7.199471876990121144e-01,1.231404911455920848e-01,4.697465501181494751e+00
7.199471876990121144e-01,1.282713449433250941e-01,4.685294177346740696e+00
7.199471876990121144e-01,1.334021987410580756e-01,4.673227718322587876e+00
7.199471876990121144e-01,1.385330525387910849e-01,4.661304969138432064e+00
7.199471876990121144e-01,1.436639063365240943e-01,4.649564796488979468e+00
7.199471876990121144e-01,1.487947601342571036e-01,4.638045944121622632e+00
7.199471876990121144e-01,1.539256139319900851e-01,4.626786887800737880e+00
7.199471876990121144e-01,1.590564677297230944e-01,4.615825690315290331e+00
7.199471876990121144e-01,1.641873215274561038e-01,4.605199856997431951e+00
7.199471876990121144e-01,1.693181753251891131e-01,4.594946192219602210e+00
7.199471876990121144e-01,1.744490291229221224e-01,4.585100657336143470e+00
7.199471876990121144e-01,1.795798829206551039e-01,4.575698230532506017e+00
7.199471876990121144e-01,1.847107367183881133e-01,4.566772769040809976e+00
7.199471876990121144e-01,1.898415905161211226e-01,4.558356874174847029e+00
7.199471876990121144e-01,1.949724443138541319e-01,4.550481759630524259e+00
7.199471876990121144e-01,2.001032981115871134e-01,4.543177123489393843e+00
7.199471876990121144e-01,2.052341519093201228e-01,4.536471024353120107e+00
7.199471876990121144e-01,2.103650057070531321e-01,4.530389762025770928e+00
7.199471876990121144e-01,2.154958595047861414e-01,4.524957763148456102e+00
7.199471876990121144e-01,2.206267133025191507e-01,4.520197472177338582e+00
7.199471876990121144e-01,2.257575671002521323e-01,4.516129248081270475e+00
7.199471876990121144e-01,2.308884208979851416e-01,4.512771267119404683e+00
7.199471876990121144e-01,2.360192746957181509e-01,4.510139432042103103e+00
7.199471876990121144e-01,2.411501284934511602e-01,4.508247288040368339e+00
7.199471876990121144e-01,2.462809822911841695e-01,4.507105945749864340e+00
7.199471876990121144e-01,2.514118360889171511e-01,4.506724011595540702e+00
7.245956433305358324e-01,0.000000000000000000e+00,4.899161408759118430e+00
7.245956433305358324e-01,5.130853797733003242e-03,4.893782538142083638e+00
7.245956433305358324e-01,1.026170759546600648e-02,4.887908793592785628e+00
7.245956433305358324e-01,1.539256139319901059e-02,4.881543650163229664e+00
7.245956433305358324e-01,2.052341519093201297e-02,4.874692886062704567e+00
7.245956433305358324e-01,2.565426898866501534e-02,4.867364562386041094e+00
7.245956433305358324e-01,3.078512278639802119e-02,4.859568994821716892e+00
7.245956433305358324e-01,3.591597658413102356e-02,4.851318717428021010e+00
7.245956433305358324e-01,4.104683038186402594e-02,4.842628438590294238e+00
7.245956433305358324e-01,4.617768417959702831e-02,4.833514989296656239e+00
7.245956433305358324e-01,5.130853797733003069e-02,4.823997263893684107e+00
7.245956433305358324e-01,5.643939177506303306e-02,4.814096153507076536e+00
7.245956433305358324e-01,6.157024557279604238e-02,4.803834472335324790e+00
7.245956433305358324e-01,6.670109937052903781e-02,4.793236877046868294e+00
7.245956433305358324e-01,7.183195316826204713e-02,4.782329779532900282e+00
7.245956433305358324e-01,7.696280696599504256e-02,4.771141253289022721e+00
7.245956433305358324e-01,8.209366076372805188e-02,4.759700933719134497e+00
7.245956433305358324e-01,8.722451456146106119e-02,4.748039912674261842e+00
7.245956433305358324e-01,9.235536835919405663e-02,4.736190627557483879e+00
7.245956433305358324e-01,9.748622215692706594e-02,4.724186745343524230e+00
7.245956433305358324e-01,1.026170759546600614e-01,4.712063041878037595e+00
7.245956433305358324e-01,1.077479297523930707e-01,4.699855276836934159e+00
7.245956433305358324e-01,1.128787835501260661e-01,4.687600064740347072e+00
7.245956433305358324e-01,1.180096373478590754e-01,4.675334742428904455e+00
7.245956433305358324e-01,1.231404911455920848e-01,4.663097233421836130e+00
7.245956433305358324e-01,1.282713449433250941e-01,4.650925909587082074e+00
7.245956433305358324e-01,1.334021987410580756e-01,4.638859450562929254e+00
7.245956433305358324e-01,1.385330525387910849e-01,4.626936701378773442e+00
7.245956433305358324e-01,1.436639063365240943e-01,4.615196528729320846e+00
7.245956433305358324e-01,1.487947601342571036e-01,4.603677676361964011e+00
7.245956433305358324e-01,1.539256139319900851e-01,4.592418620041079258e+00
7.245956433305358324e-01,1.590564677297230944e-01,4.581457422555631709e+00
7.245956433305358324e-01,1.641873215274561038e-01,4.570831589237773329e+00
7.245956433305358324e-01,1.693181753251891131e-01,4.560577924459943588e+00
7.245956433305358324e-01,1.744490291229221224e-01,4.550732389576484849e+00
7.245956433305358324e-01,1.795798829206551039e-01,4.541329962772847395e+00
7.245956433305358324e-01,1.847107367183881133e-01,4.532404501281151354e+00
7.245956433305358324e-01,1.898415905161211226e-01,4.523988606415188407e+00
7.245956433305358324e-01,1.949724443138541319e-01,4.516113491870865637e+00
7.245956433305358324e-01,2.001032981115871134e-01,4.508808855729735221e+00
7.245956433305358324e-01,2.052341519093201228e-01,4.502102756593461486e+00
7.245956433305358324e-01,2.103650057070531321e-01,4.496021494266112306e+00
7.245956433305358324e-01,2.154958595047861414e-01,4.490589495388797481e+00
7.245956433305358324e-01,2.206267133025191507e-01,4.485829204417679961e+00
7.245956433305358324e-01,2.257575671002521323e-01,4.481760980321611854e+00
7.245956433305358324e-01,2.308884208979851416e-01,4.478402999359746062e+00
7.245956433305358324e-01,2.360192746957181509e-01,4.475771164282444481e+00
7.245956433305358324e-01,2.411501284934511602e-01,4.473879020280709717e+00
7.245956433305358324e-01,2.462809822911841695e-01,4.472737677990205718e+00
7.245956433305358324e-01,2.514118360889171511e-01,4.472355743835882080e+00
7.292440989620595504e-01,0.000000000000000000e+00,4.865167195697710056e+00
7.292440989620595504e-01,5.130853797733003242e-03,4.859788325080675264e+00
7.292440989620595504e-01,1.026170759546600648e-02,4.853914580531377254e+00
7.292440989620595504e-01,1.539256139319901059e-02,4.847549437101821290e+00
7.292440989620595504e-01,2.052341519093201297e-02,4.840698673001296193e+00
7.292440989620595504e-01,2.565426898866501534e-02,4.833370349324632720e+00
7.292440989620595504e-01,3.078512278639802119e-02,4.825574781760308518e+00
7.292440989620595504e-01,3.591597658413102356e-02,4.817324504366612636e+00
7.292440989620595504e-01,4.104683038186402594e-02,4.808634225528885864e+00
7.292440989620595504e-01,4.617768417959702831e-02,4.799520776235247865e+00
7.292440989620595504e-01,5.130853797733003069e-02,4.790003050832275733e+00
7.292440989620595504e-01,5.643939177506303306e-02,4.780101940445668163e+00
7.292440989620595504e-01,6.157024557279604238e-02,4.769840259273916416e+00
7.292440989620595504e-01,6.670109937052903781e-02,4.759242663985459920e+00
7.292440989620595504e-01,7.183195316826204713e-02,4.748335566471491909e+00
7.292440989620595504e-01,7.696280696599504256e-02,4.737147040227614347e+00
7.292440989620595504e-01,8.209366076372805188e-02,4.725706720657726123e+00
7.292440989620595504e-01,8.722451456146106119e-02,4.714045699612853468e+00
7.292440989620595504e-01,9.235536835919405663e-02,4.702196414496075505e+00
7.292440989620595504e-01,9.748622215692706594e-02,4.690192532282115856e+00
7.292440989620595504e-01,1.026170759546600614e-01,4.678068828816629221e+00
7.292440989620595504e-01,1.077479297523930707e-01,4.665861063775525786e+00
7.292440989620595504e-01,1.128787835501260661e-01,4.653605851678938699e+00
7.292440989620595504e-01,1.180096373478590754e-01,4.641340529367496082e+00
7.292440989620595504e-01,1.231404911455920848e-01,4.629103020360427756e+00
7.292440989620595504e-01,1.282713449433250941e-01,4.616931696525673701e+00
7.292440989620595504e-01,1.334021987410580756e-01,4.604865237501520880e+00
7.292440989620595504e-01,1.385330525387910849e-01,4.592942488317365068e+00
7.292440989620595504e-01,1.436639063365240943e-01,4.581202315667912472e+00
7.292440989620595504e-01,1.487947601342571036e-01,4.569683463300555637e+00
7.292440989620595504e-01,1.539256139319900851e-01,4.558424406979670884e+00
7.292440989620595504e-01,1.590564677297230944e-01,4.547463209494223335e+00
7.292440989620595504e-01,1.641873215274561038e-01,4.536837376176364955e+00
7.292440989620595504e-01,1.693181753251891131e-01,4.526583711398535215e+00
7.292440989620595504e-01,1.744490291229221224e-01,4.516738176515076475e+00
7.292440989620595504e-01,1.795798829206551039e-01,4.507335749711439021e+00
7.292440989620595504e-01,1.847107367183881133e-01,4.498410288219742981e+00
7.292440989620595504e-01,1.898415905161211226e-01,4.489994393353780033e+00
7.292440989620595504e-01,1.949724443138541319e-01,4.482119278809457263e+00
7.292440989620595504e-01,2.001032981115871134e-01,4.474814642668326847e+00
7.292440989620595504e-01,2.052341519093201228e-01,4.468108543532053112e+00
7.292440989620595504e-01,2.103650057070531321e-01,4.462027281204703932e+00
7.292440989620595504e-01,2.154958595047861414e-01,4.456595282327389107e+00
7.292440989620595504e-01,2.206267133025191507e-01,4.451834991356271587e+00
7.292440989620595504e-01,2.257575671002521323e-01,4.447766767260203480e+00
7.292440989620595504e-01,2.308884208979851416e-01,4.444408786298337688e+00
7.292440989620595504e-01,2.360192746957181509e-01,4.441776951221036107e+00
7.292440989620595504e-01,2.411501284934511602e-01,4.439884807219301344e+00
7.292440989620595504e-01,2.462809822911841695e-01,4.438743464928797344e+00
7.292440989620595504e-01,2.514118360889171511e-01,4.438361530774473707e+00
7.338925545935832684e-01,0.000000000000000000e+00,4.831612947331131558e+00
7.338925545935832684e-01,5.130853797733003242e-03,4.826234076714096766e+00
7.338925545935832684e-01,1.026170759546600648e-02,4.820360332164798756e+00
7.338925545935832684e-01,1.539256139319901059e-02,4.813995188735242792e+00
7.338925545935832684e-01,2.052341519093201297e-02,4.807144424634717694e+00
7.338925545935832684e-01,2.565426898866501534e-02,4.799816100958054221e+00
7.338925545935832684e-01,3.078512278639802119e-02,4.792020533393730020e+00
7.338925545935832684e-01,3.591597658413102356e-02,4.783770256000034138e+00
7.338925545935832684e-01,4.104683038186402594e-02,4.775079977162307365e+00
7.338925545935832684e-01,4.617768417959702831e-02,4.765966527868669367e+00
7.338925545935832684e-01,5.130853797733003069e-02,4.756448802465698122e+00
7.338925545935832684e-01,5.643939177506303306e-02,4.746547692079089664e+00
7.338925545935832684e-01,6.157024557279604238e-02,4.736286010907337918e+00
7.338925545935832684e-01,6.670109937052903781e-02,4.725688415618881422e+00
7.338925545935832684e-01,7.183195316826204713e-02,4.714781318104913410e+00
7.338925545935832684e-01,7.696280696599504256e-02,4.703592791861035849e+00
7.338925545935832684e-01,8.209366076372805188e-02,4.692152472291147625e+00
7.338925545935832684e-01,8.722451456146106119e-02,4.680491451246274970e+00
7.338925545935832684e-01,9.235536835919405663e-02,4.668642166129497006e+00
7.338925545935832684e-01,9.748622215692706594e-02,4.656638283915537357e+00
7.338925545935832684e-01,1.026170759546600614e-01,4.644514580450050723e+00
7.338925545935832684e-01,1.077479297523930707e-01,4.632306815408947287e+00
7.338925545935832684e-01,1.128787835501260661e-01,4.620051603312360200e+00
7.338925545935832684e-01,1.180096373478590754e-01,4.607786281000917583e+00
7.338925545935832684e-01,1.231404911455920848e-01,4.595548771993849257e+00
7.338925545935832684e-01,1.282713449433250941e-01,4.583377448159095202e+00
7.338925545935832684e-01,1.334021987410580756e-01,4.571310989134942382e+00
7.338925545935832684e-01,1.385330525387910849e-01,4.559388239950786570e+00
7.338925545935832684e-01,1.436639063365240943e-01,4.547648067301333974e+00
7.338925545935832684e-01,1.487947601342571036e-01,4.536129214933977138e+00
7.338925545935832684e-01,1.539256139319900851e-01,4.524870158613092386e+00
7.338925545935832684e-01,1.590564677297230944e-01,4.513908961127644837e+00
7.338925545935832684e-01,1.641873215274561038e-01,4.503283127809786457e+00
7.338925545935832684e-01,1.693181753251891131e-01,4.493029463031956716e+00
7.338925545935832684e-01,1.744490291229221224e-01,4.483183928148497976e+00
7.338925545935832684e-01,1.795798829206551039e-01,4.473781501344860523e+00
7.338925545935832684e-01,1.847107367183881133e-01,4.464856039853165370e+00
7.338925545935832684e-01,1.898415905161211226e-01,4.456440144987201535e+00
7.338925545935832684e-01,1.949724443138541319e-01,4.448565030442878765e+00
7.338925545935832684e-01,2.001032981115871134e-01,4.441260394301748349e+00
7.338925545935832684e-01,2.052341519093201228e-01,4.434554295165474613e+00
7.338925545935832684e-01,2.103650057070531321e-01,4.428473032838125434e+00
7.338925545935832684e-01,2.154958595047861414e-01,4.423041033960810609e+00
7.338925545935832684e-01,2.206267133025191507e-01,4.418280742989693088e+00
7.338925545935832684e-01,2.257575671002521323e-01,4.414212518893624981e+00
7.338925545935832684e-01,2.308884208979851416e-01,4.410854537931759189e+00
7.338925545935832684e-01,2.360192746957181509e-01,4.408222702854457609e+00
7.338925545935832684e-01,2.411501284934511602e-01,4.406330558852722845e+00
7.338925545935832684e-01,2.462809822911841695e-01,4.405189216562218846e+00
7.338925545935832684e-01,2.514118360889171511e-01,4.404807282407895208e+00
7.385410102251069864e-01,0.000000000000000000e+00,4.798564378722054435e+00
7.385410102251069864e-01,5.130853797733003242e-03,4.793185508105019643e+00
7.385410102251069864e-01,1.026170759546600648e-02,4.787311763555721633e+00
7.385410102251069864e-01,1.539256139319901059e-02,4.780946620126165669e+00
7.385410102251069864e-01,2.052341519093201297e-02,4.774095856025640572e+00
7.385410102251069864e-01,2.565426898866501534e-02,4.766767532348977099e+00
7.385410102251069864e-01,3.078512278639802119e-02,4.758971964784652897e+00
7.385410102251069864e-01,3.591597658413102356e-02,4.750721687390957015e+00
7.385410102251069864e-01,4.104683038186402594e-02,4.742031408553230243e+00
7.385410102251069864e-01,4.617768417959702831e-02,4.732917959259592244e+00
7.385410102251069864e-01,5.130853797733003069e-02,4.723400233856621000e+00
7.385410102251069864e-01,5.643939177506303306e-02,4.713499123470012542e+00
7.385410102251069864e-01,6.157024557279604238e-02,4.703237442298260795e+00
7.385410102251069864e-01,6.670109937052903781e-02,4.692639847009804299e+00
7.385410102251069864e-01,7.183195316826204713e-02,4.681732749495836288e+00
7.385410102251069864e-01,7.696280696599504256e-02,4.670544223251958726e+00
7.385410102251069864e-01,8.209366076372805188e-02,4.659103903682070502e+00
7.385410102251069864e-01,8.722451456146106119e-02,4.647442882637197847e+00
7.385410102251069864e-01,9.235536835919405663e-02,4.635593597520419884e+00
7.385410102251069864e-01,9.748622215692706594e-02,4.623589715306460235e+00
7.385410102251069864e-01,1.026170759546600614e-01,4.611466011840973600e+00
7.385410102251069864e-01,1.077479297523930707e-01,4.599258246799870165e+00
7.385410102251069864e-01,1.128787835501260661e-01,4.587003034703283078e+00
7.385410102251069864e-01,1.180096373478590754e-01,4.574737712391840461e+00
7.385410102251069864e-01,1.231404911455920848e-01,4.562500203384772135e+00
7.385410102251069864e-01,1.282713449433250941e-01,4.550328879550018080e+00
7.385410102251069864e-01,1.334021987410580756e-01,4.538262420525865259e+00
7.385410102251069864e-01,1.385330525387910849e-01,4.526339671341709447e+00
7.385410102251069864e-01,1.436639063365240943e-01,4.514599498692256851e+00
7.385410102251069864e-01,1.487947601342571036e-01,4.503080646324900016e+00
7.385410102251069864e-01,1.539256139319900851e-01,4.491821590004015263e+00
7.385410102251069864e-01,1.590564677297230944e-01,4.480860392518567714e+00
7.385410102251069864e-01,1.641873215274561038e-01,4.470234559200709334e+00
7.385410102251069864e-01,1.693181753251891131e-01,4.459980894422879594e+00
7.385410102251069864e-01,1.744490291229221224e-01,4.450135359539420854e+00
7.385410102251069864e-01,1.795798829206551039e-01,4.440732932735783400e+00
7.385410102251069864e-01,1.847107367183881133e-01,4.431807471244088248e+00
7.385410102251069864e-01,1.898415905161211226e-01,4.423391576378124412e+00
7.385410102251069864e-01,1.949724443138541319e-01,4.415516461833801642e+00
7.385410102251069864e-01,2.001032981115871134e-01,4.408211825692671226e+00
7.385410102251069864e-01,2.052341519093201228e-01,4.401505726556397491e+00
7.385410102251069864e-01,2.103650057070531321e-01,4.395424464229048311e+00
7.385410102251069864e-01,2.154958595047861414e-01,4.389992465351733486e+00
7.385410102251069864e-01,2.206267133025191507e-01,4.385232174380615966e+00
7.385410102251069864e-01,2.257575671002521323e-01,4.381163950284547859e+00
7.385410102251069864e-01,2.308884208979851416e-01,4.377805969322682067e+00
7.385410102251069864e-01,2.360192746957181509e-01,4.375174134245380486e+00
7.385410102251069864e-01,2.411501284934511602e-01,4.373281990243645723e+00
7.385410102251069864e-01,2.462809822911841695e-01,4.372140647953141723e+00
7.385410102251069864e-01,2.514118360889171511e-01,4.371758713798818086e+00
7.431894658566307044e-01,0.000000000000000000e+00,4.766086864230793196e+00
7.431894658566307044e-01,5.130853797733003242e-03,4.760707993613758404e+00
7.431894658566307044e-01,1.026170759546600648e-02,4.754834249064460394e+00
7.431894658566307044e-01,1.539256139319901059e-02,4.748469105634904430e+00
7.431894658566307044e-01,2.052341519093201297e-02,4.741618341534379333e+00
7.431894658566307044e-01,2.565426898866501534e-02,4.734290017857715860e+00
7.431894658566307044e-01,3.078512278639802119e-02,4.726494450293391658e+00
7.431894658566307044e-01,3.591597658413102356e-02,4.718244172899695776e+00
7.431894658566307044e-01,4.104683038186402594e-02,4.709553894061969004e+00
7.431894658566307044e-01,4.617768417959702831e-02,4.700440444768331005e+00
7.431894658566307044e-01,5.130853797733003069e-02,4.690922719365358873e+00
7.431894658566307044e-01,5.643939177506303306e-02,4.681021608978751303e+00
7.431894658566307044e-01,6.157024557279604238e-02,4.670759927806999556e+00
7.431894658566307044e-01,6.670109937052903781e-02,4.660162332518543060e+00
7.431894658566307044e-01,7.183195316826204713e-02,4.649255235004575049e+00
7.431894658566307044e-01,7.696280696599504256e-02,4.638066708760697487e+00
7.431894658566307044e-01,8.209366076372805188e-02,4.626626389190809263e+00
7.431894658566307044e-01,8.722451456146106119e-02,4.614965368145936608e+00
7.431894658566307044e-01,9.235536835919405663e-02,4.603116083029158645e+00
7.431894658566307044e-01,9.748622215692706594e-02,4.591112200815198996e+00
7.431894658566307044e-01,1.026170759546600614e-01,4.578988497349712361e+00
7.431894658566307044e-01,1.077479297523930707e-01,4.566780732308608926e+00
7.431894658566307044e-01,1.128787835501260661e-01,4.554525520212021839e+00
7.431894658566307044e-01,1.180096373478590754e-01,4.542260197900579222e+00
7.431894658566307044e-01,1.231404911455920848e-01,4.530022688893510896e+00
7.431894658566307044e-01,1.282713449433250941e-01,4.517851365058756841e+00
7.431894658566307044e-01,1.334021987410580756e-01,4.505784906034604020e+00
7.431894658566307044e-01,1.385330525387910849e-01,4.493862156850448208e+00
7.431894658566307044e-01,1.436639063365240943e-01,4.482121984200995612e+00
7.431894658566307044e-01,1.487947601342571036e-01,4.470603131833638777e+00
7.431894658566307044e-01,1.539256139319900851e-01,4.459344075512754024e+00
7.431894658566307044e-01,1.590564677297230944e-01,4.448382878027306475e+00
7.431894658566307044e-01,1.641873215274561038e-01,4.437757044709448095e+00
7.431894658566307044e-01,1.693181753251891131e-01,4.427503379931618355e+00
7.431894658566307044e-01,1.744490291229221224e-01,4.417657845048159615e+00
7.431894658566307044e-01,1.795798829206551039e-01,4.408255418244522161e+00
7.431894658566307044e-01,1.847107367183881133e-01,4.399329956752826121e+00
7.431894658566307044e-01,1.898415905161211226e-01,4.390914061886863173e+00
7.431894658566307044e-01,1.949724443138541319e-01,4.383038947342540403e+00
7.431894658566307044e-01,2.001032981115871134e-01,4.375734311201409987e+00
7.431894658566307044e-01,2.052341519093201228e-01,4.369028212065136252e+00
7.431894658566307044e-01,2.103650057070531321e-01,4.362946949737787072e+00
7.431894658566307044e-01,2.154958595047861414e-01,4.357514950860472247e+00
7.431894658566307044e-01,2.206267133025191507e-01,4.352754659889354727e+00
7.431894658566307044e-01,2.257575671002521323e-01,4.348686435793286620e+00
7.431894658566307044e-01,2.308884208979851416e-01,4.345328454831420828e+00
7.431894658566307044e-01,2.360192746957181509e-01,4.342696619754119247e+00
7.431894658566307044e-01,2.411501284934511602e-01,4.340804475752384484e+00
7.431894658566307044e-01,2.462809822911841695e-01,4.339663133461880484e+00
7.431894658566307044e-01,2.514118360889171511e-01,4.339281199307556847e+00
7.478379214881545334e-01,0.000000000000000000e+00,4.734245291192200611e+00
7.478379214881545334e-01,5.130853797733003242e-03,4.728866420575165819e+00
7.478379214881545334e-01,1.026170759546600648e-02,4.722992676025867809e+00
7.478379214881545334e-01,1.539256139319901059e-02,4.716627532596311845e+00
7.478379214881545334e-01,2.052341519093201297e-02,4.709776768495786747e+00
7.478379214881545334e-01,2.565426898866501534e-02,4.702448444819123274e+00
7.478379214881545334e-01,3.078512278639802119e-02,4.694652877254799073e+00
7.478379214881545334e-01,3.591597658413102356e-02,4.686402599861103191e+00
7.478379214881545334e-01,4.104683038186402594e-02,4.677712321023376418e+00
7.478379214881545334e-01,4.617768417959702831e-02,4.668598871729738420e+00
7.478379214881545334e-01,5.130853797733003069e-02,4.659081146326766287e+00
7.478379214881545334e-01,5.643939177506303306e-02,4.649180035940158717e+00
7.478379214881545334e-01,6.157024557279604238e-02,4.638918354768406971e+00
7.478379214881545334e-01,6.670109937052903781e-02,4.628320759479950475e+00
7.478379214881545334e-01,7.183195316826204713e-02,4.617413661965982463e+00
7.478379214881545334e-01,7.696280696599504256e-02,4.606225135722104902e+00
7.478379214881545334e-01,8.209366076372805188e-02,4.594784816152216678e+00
7.478379214881545334e-01,8.722451456146106119e-02,4.583123795107344023e+00
7.478379214881545334e-01,9.235536835919405663e-02,4.571274509990566060e+00
7.478379214881545334e-01,9.748622215692706594e-02,4.559270627776606410e+00
7.478379214881545334e-01,1.026170759546600614e-01,4.547146924311119776e+00
7.478379214881545334e-01,1.077479297523930707e-01,4.534939159270016340e+00
7.478379214881545334e-01,1.128787835501260661e-01,4.522683947173429253e+00
7.478379214881545334e-01,1.180096373478590754e-01,4.510418624861986636e+00
7.478379214881545334e-01,1.231404911455920848e-01,4.498181115854918311e+00
7.478379214881545334e-01,1.282713449433250941e-01,4.486009792020164255e+00
7.478379214881545334e-01,1.334021987410580756e-01,4.473943332996011435e+00
7.478379214881545334e-01,1.385330525387910849e-01,4.462020583811855623e+00
7.478379214881545334e-01,1.436639063365240943e-01,4.450280411162403027e+00
7.478379214881545334e-01,1.487947601342571036e-01,4.438761558795046192e+00
7.478379214881545334e-01,1.539256139319900851e-01,4.427502502474161439e+00
7.478379214881545334e-01,1.590564677297230944e-01,4.416541304988713890e+00
7.478379214881545334e-01,1.641873215274561038e-01,4.405915471670855510e+00
7.478379214881545334e-01,1.693181753251891131e-01,4.395661806893025769e+00
7.478379214881545334e-01,1.744490291229221224e-01,4.385816272009567029e+00
7.478379214881545334e-01,1.795798829206551039e-01,4.376413845205929576e+00
7.478379214881545334e-01,1.847107367183881133e-01,4.367488383714233535e+00
7.478379214881545334e-01,1.898415905161211226e-01,4.359072488848270588e+00
7.478379214881545334e-01,1.949724443138541319e-01,4.351197374303947818e+00
7.478379214881545334e-01,2.001032981115871134e-01,4.343892738162817402e+00
7.478379214881545334e-01,2.052341519093201228e-01,4.337186639026543666e+00
7.478379214881545334e-01,2.103650057070531321e-01,4.331105376699194487e+00
7.478379214881545334e-01,2.154958595047861414e-01,4.325673377821879662e+00
7.478379214881545334e-01,2.206267133025191507e-01,4.320913086850762141e+00
7.478379214881545334e-01,2.257575671002521323e-01,4.316844862754694034e+00
7.478379214881545334e-01,2.308884208979851416e-01,4.313486881792828243e+00
7.478379214881545334e-01,2.360192746957181509e-01,4.310855046715526662e+00
7.478379214881545334e-01,2.411501284934511602e-01,4.308962902713791898e+00
7.478379214881545334e-01,2.462809822911841695e-01,4.307821560423287899e+00
7.478379214881545334e-01,2.514118360889171511e-01,4.307439626268964261e+00
7.524863771196782514e-01,0.000000000000000000e+00,4.703103913358749111e+00
7.524863771196782514e-01,5.130853797733003242e-03,4.697725042741714319e+00
7.524863771196782514e-01,1.026170759546600648e-02,4.691851298192416309e+00
7.524863771196782514e-01,1.539256139319901059e-02,4.685486154762860345e+00
7.524863771196782514e-01,2.052341519093201297e-02,4.678635390662335247e+00
7.524863771196782514e-01,2.565426898866501534e-02,4.671307066985671774e+00
7.524863771196782514e-01,3.078512278639802119e-02,4.663511499421347573e+00
7.524863771196782514e-01,3.591597658413102356e-02,4.655261222027651691e+00
7.524863771196782514e-01,4.104683038186402594e-02,4.646570943189924918e+00
7.524863771196782514e-01,4.617768417959702831e-02,4.637457493896286920e+00
7.524863771196782514e-01,5.130853797733003069e-02,4.627939768493314787e+00
7.524863771196782514e-01,5.643939177506303306e-02,4.618038658106707217e+00
7.524863771196782514e-01,6.157024557279604238e-02,4.607776976934955471e+00
7.524863771196782514e-01,6.670109937052903781e-02,4.597179381646498975e+00
7.524863771196782514e-01,7.183195316826204713e-02,4.586272284132530963e+00
7.524863771196782514e-01,7.696280696599504256e-02,4.575083757888653402e+00
7.524863771196782514e-01,8.209366076372805188e-02,4.563643438318765178e+00
7.524863771196782514e-01,8.722451456146106119e-02,4.551982417273892523e+00
7.524863771196782514e-01,9.235536835919405663e-02,4.540133132157114559e+00
7.524863771196782514e-01,9.748622215692706594e-02,4.528129249943154910e+00
7.524863771196782514e-01,1.026170759546600614e-01,4.516005546477668275e+00
7.524863771196782514e-01,1.077479297523930707e-01,4.503797781436564840e+00
7.524863771196782514e-01,1.128787835501260661e-01,4.491542569339977753e+00
7.524863771196782514e-01,1.180096373478590754e-01,4.479277247028535136e+00
7.524863771196782514e-01,1.231404911455920848e-01,4.467039738021466810e+00
7.524863771196782514e-01,1.282713449433250941e-01,4.454868414186712755e+00
7.524863771196782514e-01,1.334021987410580756e-01,4.442801955162559935e+00
7.524863771196782514e-01,1.385330525387910849e-01,4.430879205978404123e+00
7.524863771196782514e-01,1.436639063365240943e-01,4.419139033328951527e+00
7.524863771196782514e-01,1.487947601342571036e-01,4.407620180961594691e+00
7.524863771196782514e-01,1.539256139319900851e-01,4.396361124640709939e+00
7.524863771196782514e-01,1.590564677297230944e-01,4.385399927155262390e+00
7.524863771196782514e-01,1.641873215274561038e-01,4.374774093837404010e+00
7.524863771196782514e-01,1.693181753251891131e-01,4.364520429059574269e+00
7.524863771196782514e-01,1.744490291229221224e-01,4.354674894176115529e+00
7.524863771196782514e-01,1.795798829206551039e-01,4.345272467372478076e+00
7.524863771196782514e-01,1.847107367183881133e-01,4.336347005880782035e+00
7.524863771196782514e-01,1.898415905161211226e-01,4.327931111014819088e+00
7.524863771196782514e-01,1.949724443138541319e-01,4.320055996470496318e+00
7.524863771196782514e-01,2.001032981115871134e-01,4.312751360329365902e+00
7.524863771196782514e-01,2.052341519093201228e-01,4.306045261193092166e+00
7.524863771196782514e-01,2.103650057070531321e-01,4.299963998865742987e+00
7.524863771196782514e-01,2.154958595047861414e-01,4.294531999988428161e+00
7.524863771196782514e-01,2.206267133025191507e-01,4.289771709017310641e+00
7.524863771196782514e-01,2.257575671002521323e-01,4.285703484921242534e+00
7.524863771196782514e-01,2.308884208979851416e-01,4.282345503959376742e+00
7.524863771196782514e-01,2.360192746957181509e-01,4.279713668882075162e+00
7.524863771196782514e-01,2.411501284934511602e-01,4.277821524880340398e+00
7.524863771196782514e-01,2.462809822911841695e-01,4.276680182589836399e+00
7.524863771196782514e-01,2.514118360889171511e-01,4.276298248435512761e+00
7.571348327512019694e-01,0.000000000000000000e+00,4.672726204433308439e+00
7.571348327512019694e-01,5.130853797733003242e-03,4.667347333816273647e+00
7.571348327512019694e-01,1.026170759546600648e-02,4.661473589266975637e+00
7.571348327512019694e-01,1.539256139319901059e-02,4.655108445837419673e+00
7.571348327512019694e-01,2.052341519093201297e-02,4.648257681736894575e+00
7.571348327512019694e-01,2.565426898866501534e-02,4.640929358060231102e+00
7.571348327512019694e-01,3.078512278639802119e-02,4.633133790495906901e+00
7.571348327512019694e-01,3.591597658413102356e-02,4.624883513102211019e+00
7.571348327512019694e-01,4.104683038186402594e-02,4.616193234264484246e+00
7.571348327512019694e-01,4.617768417959702831e-02,4.607079784970846248e+00
7.571348327512019694e-01,5.130853797733003069e-02,4.597562059567874115e+00
7.571348327512019694e-01,5.643939177506303306e-02,4.587660949181266545e+00
7.571348327512019694e-01,6.157024557279604238e-02,4.577399268009514799e+00
7.571348327512019694e-01,6.670109937052903781e-02,4.566801672721058303e+00
7.571348327512019694e-01,7.183195316826204713e-02,4.555894575207090291e+00
7.571348327512019694e-01,7.696280696599504256e-02,4.544706048963212730e+00
7.571348327512019694e-01,8.209366076372805188e-02,4.533265729393324506e+00
7.571348327512019694e-01,8.722451456146106119e-02,4.521604708348451851e+00
7.571348327512019694e-01,9.235536835919405663e-02,4.509755423231673888e+00
7.571348327512019694e-01,9.748622215692706594e-02,4.497751541017714239e+00
7.571348327512019694e-01,1.026170759546600614e-01,4.485627837552227604e+00
7.571348327512019694e-01,1.077479297523930707e-01,4.473420072511124168e+00
7.571348327512019694e-01,1.128787835501260661e-01,4.461164860414537081e+00
7.571348327512019694e-01,1.180096373478590754e-01,4.448899538103094464e+00
7.571348327512019694e-01,1.231404911455920848e-01,4.436662029096026139e+00
7.571348327512019694e-01,1.282713449433250941e-01,4.424490705261272083e+00
7.571348327512019694e-01,1.334021987410580756e-01,4.412424246237119263e+00
7.571348327512019694e-01,1.385330525387910849e-01,4.400501497052963451e+00
7.571348327512019694e-01,1.436639063365240943e-01,4.388761324403510855e+00
7.571348327512019694e-01,1.487947601342571036e-01,4.377242472036154020e+00
7.571348327512019694e-01,1.539256139319900851e-01,4.365983415715269267e+00
7.571348327512019694e-01,1.590564677297230944e-01,4.355022218229821718e+00
7.571348327512019694e-01,1.641873215274561038e-01,4.344396384911963338e+00
7.571348327512019694e-01,1.693181753251891131e-01,4.334142720134133597e+00
7.571348327512019694e-01,1.744490291229221224e-01,4.324297185250674858e+00
7.571348327512019694e-01,1.795798829206551039e-01,4.314894758447037404e+00
7.571348327512019694e-01,1.847107367183881133e-01,4.305969296955341363e+00
7.571348327512019694e-01,1.898415905161211226e-01,4.297553402089378416e+00
7.571348327512019694e-01,1.949724443138541319e-01,4.289678287545055646e+00
7.571348327512019694e-01,2.001032981115871134e-01,4.282373651403925230e+00
7.571348327512019694e-01,2.052341519093201228e-01,4.275667552267651494e+00
7.571348327512019694e-01,2.103650057070531321e-01,4.269586289940302315e+00
7.571348327512019694e-01,2.154958595047861414e-01,4.264154291062987490e+00
7.571348327512019694e-01,2.206267133025191507e-01,4.259394000091869970e+00
7.571348327512019694e-01,2.257575671002521323e-01,4.255325775995801862e+00
7.571348327512019694e-01,2.308884208979851416e-01,4.251967795033936071e+00
7.571348327512019694e-01,2.360192746957181509e-01,4.249335959956634490e+00
7.571348327512019694e-01,2.411501284934511602e-01,4.247443815954899726e+00
7.571348327512019694e-01,2.462809822911841695e-01,4.246302473664395727e+00
7.571348327512019694e-01,2.514118360889171511e-01,4.245920539510072089e+00
7.617832883827256873e-01,0.000000000000000000e+00,4.643174712017190231e+00
7.617832883827256873e-01,5.130853797733003242e-03,4.637795841400155439e+00
7.617832883827256873e-01,1.026170759546600648e-02,4.631922096850857429e+00
7.617832883827256873e-01,1.539256139319901059e-02,4.625556953421301465e+00
7.617832883827256873e-01,2.052341519093201297e-02,4.618706189320776367e+00
7.617832883827256873e-01,2.565426898866501534e-02,4.611377865644112894e+00
7.617832883827256873e-01,3.078512278639802119e-02,4.603582298079788693e+00
7.617832883827256873e-01,3.591597658413102356e-02,4.595332020686092811e+00
7.617832883827256873e-01,4.104683038186402594e-02,4.586641741848366038e+00
7.617832883827256873e-01,4.617768417959702831e-02,4.577528292554728040e+00
7.617832883827256873e-01,5.130853797733003069e-02,4.568010567151755907e+00
7.617832883827256873e-01,5.643939177506303306e-02,4.558109456765148337e+00
7.617832883827256873e-01,6.157024557279604238e-02,4.547847775593396591e+00
7.617832883827256873e-01,6.670109937052903781e-02,4.537250180304940095e+00
7.617832883827256873e-01,7.183195316826204713e-02,4.526343082790972083e+00
7.617832883827256873e-01,7.696280696599504256e-02,4.515154556547094522e+00
7.617832883827256873e-01,8.209366076372805188e-02,4.503714236977206298e+00
7.617832883827256873e-01,8.722451456146106119e-02,4.492053215932333643e+00
7.617832883827256873e-01,9.235536835919405663e-02,4.480203930815555680e+00
7.617832883827256873e-01,9.748622215692706594e-02,4.468200048601596031e+00
7.617832883827256873e-01,1.026170759546600614e-01,4.456076345136109396e+00
7.617832883827256873e-01,1.077479297523930707e-01,4.443868580095005960e+00
7.617832883827256873e-01,1.128787835501260661e-01,4.431613367998418873e+00
7.617832883827256873e-01,1.180096373478590754e-01,4.419348045686976256e+00
7.617832883827256873e-01,1.231404911455920848e-01,4.407110536679907931e+00
7.617832883827256873e-01,1.282713449433250941e-01,4.394939212845153875e+00
7.617832883827256873e-01,1.334021987410580756e-01,4.382872753821001055e+00
7.617832883827256873e-01,1.385330525387910849e-01,4.370950004636845243e+00
7.617832883827256873e-01,1.436639063365240943e-01,4.359209831987392647e+00
7.617832883827256873e-01,1.487947601342571036e-01,4.347690979620035812e+00
7.617832883827256873e-01,1.539256139319900851e-01,4.336431923299151059e+00
7.617832883827256873e-01,1.590564677297230944e-01,4.325470725813703510e+00
7.617832883827256873e-01,1.641873215274561038e-01,4.314844892495845130e+00
7.617832883827256873e-01,1.693181753251891131e-01,4.304591227718015389e+00
7.617832883827256873e-01,1.744490291229221224e-01,4.294745692834556650e+00
7.617832883827256873e-01,1.795798829206551039e-01,4.285343266030919196e+00
7.617832883827256873e-01,1.847107367183881133e-01,4.276417804539223155e+00
7.617832883827256873e-01,1.898415905161211226e-01,4.268001909673260208e+00
7.617832883827256873e-01,1.949724443138541319e-01,4.260126795128937438e+00
7.617832883827256873e-01,2.001032981115871134e-01,4.252822158987807022e+00
7.617832883827256873e-01,2.052341519093201228e-01,4.246116059851533286e+00
7.617832883827256873e-01,2.103650057070531321e-01,4.240034797524184107e+00
7.617832883827256873e-01,2.154958595047861414e-01,4.234602798646869282e+00
7.617832883827256873e-01,2.206267133025191507e-01,4.229842507675751762e+00
7.617832883827256873e-01,2.257575671002521323e-01,4.225774283579683654e+00
7.617832883827256873e-01,2.308884208979851416e-01,4.222416302617817863e+00
7.617832883827256873e-01,2.360192746957181509e-01,4.219784467540516282e+00
7.617832883827256873e-01,2.411501284934511602e-01,4.217892323538781518e+00
7.617832883827256873e-01,2.462809822911841695e-01,4.216750981248277519e+00
7.617832883827256873e-01,2.514118360889171511e-01,4.216369047093953881e+00
7.664317440142494053e-01,0.000000000000000000e+00,4.614510912300225698e+00
7.664317440142494053e-01,5.130853797733003242e-03,4.609132041683190906e+00
7.664317440142494053e-01,1.026170759546600648e-02,4.603258297133892896e+00
7.664317440142494053e-01,1.539256139319901059e-02,4.596893153704336932e+00
7.664317440142494053e-01,2.052341519093201297e-02,4.590042389603811834e+00
7.664317440142494053e-01,2.565426898866501534e-02,4.582714065927148361e+00
7.664317440142494053e-01,3.078512278639802119e-02,4.574918498362824160e+00
7.664317440142494053e-01,3.591597658413102356e-02,4.566668220969128278e+00
7.664317440142494053e-01,4.104683038186402594e-02,4.557977942131401505e+00
7.664317440142494053e-01,4.617768417959702831e-02,4.548864492837763507e+00
7.664317440142494053e-01,5.130853797733003069e-02,4.539346767434791374e+00
7.664317440142494053e-01,5.643939177506303306e-02,4.529445657048183804e+00
7.664317440142494053e-01,6.157024557279604238e-02,4.519183975876432058e+00
7.664317440142494053e-01,6.670109937052903781e-02,4.508586380587975562e+00
7.664317440142494053e-01,7.183195316826204713e-02,4.497679283074007550e+00
7.664317440142494053e-01,7.696280696599504256e-02,4.486490756830129989e+00
7.664317440142494053e-01,8.209366076372805188e-02,4.475050437260241765e+00
7.664317440142494053e-01,8.722451456146106119e-02,4.463389416215369110e+00
7.664317440142494053e-01,9.235536835919405663e-02,4.451540131098591146e+00
7.664317440142494053e-01,9.748622215692706594e-02,4.439536248884631497e+00
7.664317440142494053e-01,1.026170759546600614e-01,4.427412545419144863e+00
7.664317440142494053e-01,1.077479297523930707e-01,4.415204780378041427e+00
7.664317440142494053e-01,1.128787835501260661e-01,4.402949568281454340e+00
7.664317440142494053e-01,1.180096373478590754e-01,4.390684245970011723e+00
7.664317440142494053e-01,1.231404911455920848e-01,4.378446736962943397e+00
7.664317440142494053e-01,1.282713449433250941e-01,4.366275413128189342e+00
7.664317440142494053e-01,1.334021987410580756e-01,4.354208954104036522e+00
7.664317440142494053e-01,1.385330525387910849e-01,4.342286204919880710e+00
7.664317440142494053e-01,1.436639063365240943e-01,4.330546032270428114e+00
7.664317440142494053e-01,1.487947601342571036e-01,4.319027179903071278e+00
7.664317440142494053e-01,1.539256139319900851e-01,4.307768123582186526e+00
7.664317440142494053e-01,1.590564677297230944e-01,4.296806926096738977e+00
7.664317440142494053e-01,1.641873215274561038e-01,4.286181092778880597e+00
7.664317440142494053e-01,1.693181753251891131e-01,4.275927428001050856e+00
7.664317440142494053e-01,1.744490291229221224e-01,4.266081893117592116e+00
7.664317440142494053e-01,1.795798829206551039e-01,4.256679466313954663e+00
7.664317440142494053e-01,1.847107367183881133e-01,4.247754004822258622e+00
7.664317440142494053e-01,1.898415905161211226e-01,4.239338109956295675e+00
7.664317440142494053e-01,1.949724443138541319e-01,4.231462995411972905e+00
7.664317440142494053e-01,2.001032981115871134e-01,4.224158359270842489e+00
7.664317440142494053e-01,2.052341519093201228e-01,4.217452260134568753e+00
7.664317440142494053e-01,2.103650057070531321e-01,4.211370997807219574e+00
7.664317440142494053e-01,2.154958595047861414e-01,4.205938998929904749e+00
7.664317440142494053e-01,2.206267133025191507e-01,4.201178707958787228e+00
7.664317440142494053e-01,2.257575671002521323e-01,4.197110483862719121e+00
7.664317440142494053e-01,2.308884208979851416e-01,4.193752502900853329e+00
7.664317440142494053e-01,2.360192746957181509e-01,4.191120667823551749e+00
7.664317440142494053e-01,2.411501284934511602e-01,4.189228523821816985e+00
7.664317440142494053e-01,2.462809822911841695e-01,4.188087181531312986e+00
7.664317440142494053e-01,2.514118360889171511e-01,4.187705247376989348e+00
7.710801996457731233e-01,0.000000000000000000e+00,4.586795065820263417e+00
7.710801996457731233e-01,5.130853797733003242e-03,4.581416195203228625e+00
7.710801996457731233e-01,1.026170759546600648e-02,4.575542450653930615e+00
7.710801996457731233e-01,1.539256139319901059e-02,4.569177307224374651e+00
7.710801996457731233e-01,2.052341519093201297e-02,4.562326543123849554e+00
7.710801996457731233e-01,2.565426898866501534e-02,4.554998219447186081e+00
7.710801996457731233e-01,3.078512278639802119e-02,4.547202651882861879e+00
7.710801996457731233e-01,3.591597658413102356e-02,4.538952374489165997e+00
7.710801996457731233e-01,4.104683038186402594e-02,4.530262095651439225e+00
7.710801996457731233e-01,4.617768417959702831e-02,4.521148646357801226e+00
7.710801996457731233e-01,5.130853797733003069e-02,4.511630920954829094e+00
7.710801996457731233e-01,5.643939177506303306e-02,4.501729810568221524e+00
7.710801996457731233e-01,6.157024557279604238e-02,4.491468129396469777e+00
7.710801996457731233e-01,6.670109937052903781e-02,4.480870534108013281e+00
7.710801996457731233e-01,7.183195316826204713e-02,4.469963436594045270e+00
7.710801996457731233e-01,7.696280696599504256e-02,4.458774910350167708e+00
7.710801996457731233e-01,8.209366076372805188e-02,4.447334590780279484e+00
7.710801996457731233e-01,8.722451456146106119e-02,4.435673569735406829e+00
7.710801996457731233e-01,9.235536835919405663e-02,4.423824284618628866e+00
7.710801996457731233e-01,9.748622215692706594e-02,4.411820402404669217e+00
7.710801996457731233e-01,1.026170759546600614e-01,4.399696698939182582e+00
7.710801996457731233e-01,1.077479297523930707e-01,4.387488933898079146e+00
7.710801996457731233e-01,1.128787835501260661e-01,4.375233721801492059e+00
7.710801996457731233e-01,1.180096373478590754e-01,4.362968399490049443e+00
7.710801996457731233e-01,1.231404911455920848e-01,4.350730890482981117e+00
7.710801996457731233e-01,1.282713449433250941e-01,4.338559566648227062e+00
7.710801996457731233e-01,1.334021987410580756e-01,4.326493107624074241e+00
7.710801996457731233e-01,1.385330525387910849e-01,4.314570358439918429e+00
7.710801996457731233e-01,1.436639063365240943e-01,4.302830185790465833e+00
7.710801996457731233e-01,1.487947601342571036e-01,4.291311333423108998e+00
7.710801996457731233e-01,1.539256139319900851e-01,4.280052277102224245e+00
7.710801996457731233e-01,1.590564677297230944e-01,4.269091079616776696e+00
7.710801996457731233e-01,1.641873215274561038e-01,4.258465246298918316e+00
7.710801996457731233e-01,1.693181753251891131e-01,4.248211581521088576e+00
7.710801996457731233e-01,1.744490291229221224e-01,4.238366046637629836e+00
7.710801996457731233e-01,1.795798829206551039e-01,4.228963619833992382e+00
7.710801996457731233e-01,1.847107367183881133e-01,4.220038158342296342e+00
7.710801996457731233e-01,1.898415905161211226e-01,4.211622263476333394e+00
7.710801996457731233e-01,1.949724443138541319e-01,4.203747148932010624e+00
7.710801996457731233e-01,2.001032981115871134e-01,4.196442512790880208e+00
7.710801996457731233e-01,2.052341519093201228e-01,4.189736413654606473e+00
7.710801996457731233e-01,2.103650057070531321e-01,4.183655151327257293e+00
7.710801996457731233e-01,2.154958595047861414e-01,4.178223152449942468e+00
7.710801996457731233e-01,2.206267133025191507e-01,4.173462861478824948e+00
7.710801996457731233e-01,2.257575671002521323e-01,4.169394637382756841e+00
7.710801996457731233e-01,2.308884208979851416e-01,4.166036656420891049e+00
7.710801996457731233e-01,2.360192746957181509e-01,4.163404821343589468e+00
7.710801996457731233e-01,2.411501284934511602e-01,4.161512677341854705e+00
7.710801996457731233e-01,2.462809822911841695e-01,4.160371335051350705e+00
7.710801996457731233e-01,2.514118360889171511e-01,4.159989400897027068e+00
7.757286552772968413e-01,0.000000000000000000e+00,4.560086074619293939e+00
7.757286552772968413e-01,5.130853797733003242e-03,4.554707204002259147e+00
7.757286552772968413e-01,1.026170759546600648e-02,4.548833459452961137e+00
7.757286552772968413e-01,1.539256139319901059e-02,4.542468316023405173e+00
7.757286552772968413e-01,2.052341519093201297e-02,4.535617551922880075e+00
7.757286552772968413e-01,2.565426898866501534e-02,4.528289228246216602e+00
7.757286552772968413e-01,3.078512278639802119e-02,4.520493660681892401e+00
7.757286552772968413e-01,3.591597658413102356e-02,4.512243383288196519e+00
7.757286552772968413e-01,4.104683038186402594e-02,4.503553104450469746e+00
7.757286552772968413e-01,4.617768417959702831e-02,4.494439655156831748e+00
7.757286552772968413e-01,5.130853797733003069e-02,4.484921929753859615e+00
7.757286552772968413e-01,5.643939177506303306e-02,4.475020819367252045e+00
7.757286552772968413e-01,6.157024557279604238e-02,4.464759138195500299e+00
7.757286552772968413e-01,6.670109937052903781e-02,4.454161542907043803e+00
7.757286552772968413e-01,7.183195316826204713e-02,4.443254445393075791e+00
7.757286552772968413e-01,7.696280696599504256e-02,4.432065919149198230e+00
7.757286552772968413e-01,8.209366076372805188e-02,4.420625599579310006e+00
7.757286552772968413e-01,8.722451456146106119e-02,4.408964578534437351e+00
7.757286552772968413e-01,9.235536835919405663e-02,4.397115293417659387e+00
7.757286552772968413e-01,9.748622215692706594e-02,4.385111411203699738e+00
7.757286552772968413e-01,1.026170759546600614e-01,4.372987707738213103e+00
7.757286552772968413e-01,1.077479297523930707e-01,4.360779942697109668e+00
7.757286552772968413e-01,1.128787835501260661e-01,4.348524730600522581e+00
7.757286552772968413e-01,1.180096373478590754e-01,4.336259408289079964e+00
7.757286552772968413e-01,1.231404911455920848e-01,4.324021899282011638e+00
7.757286552772968413e-01,1.282713449433250941e-01,4.311850575447257583e+00
7.757286552772968413e-01,1.334021987410580756e-01,4.299784116423104763e+00
7.757286552772968413e-01,1.385330525387910849e-01,4.287861367238948951e+00
7.757286552772968413e-01,1.436639063365240943e-01,4.276121194589496355e+00
7.757286552772968413e-01,1.487947601342571036e-01,4.264602342222139519e+00
7.757286552772968413e-01,1.539256139319900851e-01,4.253343285901254767e+00
7.757286552772968413e-01,1.590564677297230944e-01,4.242382088415807218e+00
7.757286552772968413e-01,1.641873215274561038e-01,4.231756255097948838e+00
7.757286552772968413e-01,1.693181753251891131e-01,4.221502590320119097e+00
7.757286552772968413e-01,1.744490291229221224e-01,4.211657055436660357e+00
7.757286552772968413e-01,1.795798829206551039e-01,4.202254628633022904e+00
7.757286552772968413e-01,1.847107367183881133e-01,4.193329167141326863e+00
7.757286552772968413e-01,1.898415905161211226e-01,4.184913272275363916e+00
7.757286552772968413e-01,1.949724443138541319e-01,4.177038157731041146e+00
7.757286552772968413e-01,2.001032981115871134e-01,4.169733521589910730e+00
7.757286552772968413e-01,2.052341519093201228e-01,4.163027422453636994e+00
7.757286552772968413e-01,2.103650057070531321e-01,4.156946160126287815e+00
7.757286552772968413e-01,2.154958595047861414e-01,4.151514161248972989e+00
7.757286552772968413e-01,2.206267133025191507e-01,4.146753870277855469e+00
7.757286552772968413e-01,2.257575671002521323e-01,4.142685646181787362e+00
7.757286552772968413e-01,2.308884208979851416e-01,4.139327665219921570e+00
7.757286552772968413e-01,2.360192746957181509e-01,4.136695830142619990e+00
7.757286552772968413e-01,2.411501284934511602e-01,4.134803686140885226e+00
7.757286552772968413e-01,2.462809822911841695e-01,4.133662343850381227e+00
7.757286552772968413e-01,2.514118360889171511e-01,4.133280409696057589e+00
7.803771109088205593e-01,0.000000000000000000e+00,4.534441341122517066e+00
7.803771109088205593e-01,5.130853797733003242e-03,4.529062470505482274e+00
7.803771109088205593e-01,1.026170759546600648e-02,4.523188725956184264e+00
7.803771109088205593e-01,1.539256139319901059e-02,4.516823582526628300e+00
7.803771109088205593e-01,2.052341519093201297e-02,4.509972818426103203e+00
7.803771109088205593e-01,2.565426898866501534e-02,4.502644494749439730e+00
7.803771109088205593e-01,3.078512278639802119e-02,4.494848927185115528e+00
7.803771109088205593e-01,3.591597658413102356e-02,4.486598649791419646e+00
7.803771109088205593e-01,4.104683038186402594e-02,4.477908370953692874e+00
7.803771109088205593e-01,4.617768417959702831e-02,4.468794921660054875e+00
7.803771109088205593e-01,5.130853797733003069e-02,4.459277196257083631e+00
7.803771109088205593e-01,5.643939177506303306e-02,4.449376085870475173e+00
7.803771109088205593e-01,6.157024557279604238e-02,4.439114404698723426e+00
7.803771109088205593e-01,6.670109937052903781e-02,4.428516809410266930e+00
7.803771109088205593e-01,7.183195316826204713e-02,4.417609711896298919e+00
7.803771109088205593e-01,7.696280696599504256e-02,4.406421185652421357e+00
7.803771109088205593e-01,8.209366076372805188e-02,4.394980866082533133e+00
7.803771109088205593e-01,8.722451456146106119e-02,4.383319845037660478e+00
7.803771109088205593e-01,9.235536835919405663e-02,4.371470559920882515e+00
7.803771109088205593e-01,9.748622215692706594e-02,4.359466677706922866e+00
7.803771109088205593e-01,1.026170759546600614e-01,4.347342974241436231e+00
7.803771109088205593e-01,1.077479297523930707e-01,4.335135209200332795e+00
7.803771109088205593e-01,1.128787835501260661e-01,4.322879997103745708e+00
7.803771109088205593e-01,1.180096373478590754e-01,4.310614674792303092e+00
7.803771109088205593e-01,1.231404911455920848e-01,4.298377165785234766e+00
7.803771109088205593e-01,1.282713449433250941e-01,4.286205841950480711e+00
7.803771109088205593e-01,1.334021987410580756e-01,4.274139382926327890e+00
7.803771109088205593e-01,1.385330525387910849e-01,4.262216633742172078e+00
7.803771109088205593e-01,1.436639063365240943e-01,4.250476461092719482e+00
7.803771109088205593e-01,1.487947601342571036e-01,4.238957608725362647e+00
7.803771109088205593e-01,1.539256139319900851e-01,4.227698552404477894e+00
7.803771109088205593e-01,1.590564677297230944e-01,4.216737354919030345e+00
7.803771109088205593e-01,1.641873215274561038e-01,4.206111521601171965e+00
7.803771109088205593e-01,1.693181753251891131e-01,4.195857856823342225e+00
7.803771109088205593e-01,1.744490291229221224e-01,4.186012321939883485e+00
7.803771109088205593e-01,1.795798829206551039e-01,4.176609895136246031e+00
7.803771109088205593e-01,1.847107367183881133e-01,4.167684433644550879e+00
7.803771109088205593e-01,1.898415905161211226e-01,4.159268538778587043e+00
7.803771109088205593e-01,1.949724443138541319e-01,4.151393424234264273e+00
7.803771109088205593e-01,2.001032981115871134e-01,4.144088788093133857e+00
7.803771109088205593e-01,2.052341519093201228e-01,4.137382688956860122e+00
7.803771109088205593e-01,2.103650057070531321e-01,4.131301426629510942e+00
7.803771109088205593e-01,2.154958595047861414e-01,4.125869427752196117e+00
7.803771109088205593e-01,2.206267133025191507e-01,4.121109136781078597e+00
7.803771109088205593e-01,2.257575671002521323e-01,4.117040912685010490e+00
7.803771109088205593e-01,2.308884208979851416e-01,4.113682931723144698e+00
7.803771109088205593e-01,2.360192746957181509e-01,4.111051096645843117e+00
7.803771109088205593e-01,2.411501284934511602e-01,4.109158952644108354e+00
7.803771109088205593e-01,2.462809822911841695e-01,4.108017610353604354e+00
7.803771109088205593e-01,2.514118360889171511e-01,4.107635676199280717e+00
7.850255665403442773e-01,0.000000000000000000e+00,4.509916629065081395e+00
7.850255665403442773e-01,5.130853797733003242e-03,4.504537758448046603e+00
7.850255665403442773e-01,1.026170759546600648e-02,4.498664013898748593e+00
7.850255665403442773e-01,1.539256139319901059e-02,4.492298870469192629e+00
7.850255665403442773e-01,2.052341519093201297e-02,4.485448106368667531e+00
7.850255665403442773e-01,2.565426898866501534e-02,4.478119782692004058e+00
7.850255665403442773e-01,3.078512278639802119e-02,4.470324215127679857e+00
7.850255665403442773e-01,3.591597658413102356e-02,4.462073937733983975e+00
7.850255665403442773e-01,4.104683038186402594e-02,4.453383658896257202e+00
7.850255665403442773e-01,4.617768417959702831e-02,4.444270209602619204e+00
7.850255665403442773e-01,5.130853797733003069e-02,4.434752484199647071e+00
7.850255665403442773e-01,5.643939177506303306e-02,4.424851373813039501e+00
7.850255665403442773e-01,6.157024557279604238e-02,4.414589692641287755e+00
7.850255665403442773e-01,6.670109937052903781e-02,4.403992097352831259e+00
7.850255665403442773e-01,7.183195316826204713e-02,4.393084999838863247e+00
7.850255665403442773e-01,7.696280696599504256e-02,4.381896473594985686e+00
7.850255665403442773e-01,8.209366076372805188e-02,4.370456154025097462e+00
7.850255665403442773e-01,8.722451456146106119e-02,4.358795132980224807e+00
7.850255665403442773e-01,9.235536835919405663e-02,4.346945847863446843e+00
7.850255665403442773e-01,9.748622215692706594e-02,4.334941965649487194e+00
7.850255665403442773e-01,1.026170759546600614e-01,4.322818262184000560e+00
7.850255665403442773e-01,1.077479297523930707e-01,4.310610497142897124e+00
7.850255665403442773e-01,1.128787835501260661e-01,4.298355285046310037e+00
7.850255665403442773e-01,1.180096373478590754e-01,4.286089962734867420e+00
7.850255665403442773e-01,1.231404911455920848e-01,4.273852453727799094e+00
7.850255665403442773e-01,1.282713449433250941e-01,4.261681129893045039e+00
7.850255665403442773e-01,1.334021987410580756e-01,4.249614670868892219e+00
7.850255665403442773e-01,1.385330525387910849e-01,4.237691921684736407e+00
7.850255665403442773e-01,1.436639063365240943e-01,4.225951749035283811e+00
7.850255665403442773e-01,1.487947601342571036e-01,4.214432896667926975e+00
7.850255665403442773e-01,1.539256139319900851e-01,4.203173840347042223e+00
7.850255665403442773e-01,1.590564677297230944e-01,4.192212642861594674e+00
7.850255665403442773e-01,1.641873215274561038e-01,4.181586809543736294e+00
7.850255665403442773e-01,1.693181753251891131e-01,4.171333144765906553e+00
7.850255665403442773e-01,1.744490291229221224e-01,4.161487609882447813e+00
7.850255665403442773e-01,1.795798829206551039e-01,4.152085183078810360e+00
7.850255665403442773e-01,1.847107367183881133e-01,4.143159721587114319e+00
7.850255665403442773e-01,1.898415905161211226e-01,4.134743826721151372e+00
7.850255665403442773e-01,1.949724443138541319e-01,4.126868712176828602e+00
7.850255665403442773e-01,2.001032981115871134e-01,4.119564076035698186e+00
7.850255665403442773e-01,2.052341519093201228e-01,4.112857976899424450e+00
7.850255665403442773e-01,2.103650057070531321e-01,4.106776714572075271e+00
7.850255665403442773e-01,2.154958595047861414e-01,4.101344715694760446e+00
7.850255665403442773e-01,2.206267133025191507e-01,4.096584424723642925e+00
7.850255665403442773e-01,2.257575671002521323e-01,4.092516200627574818e+00
7.850255665403442773e-01,2.308884208979851416e-01,4.089158219665709026e+00
7.850255665403442773e-01,2.360192746957181509e-01,4.086526384588407446e+00
7.850255665403442773e-01,2.411501284934511602e-01,4.084634240586672682e+00
7.850255665403442773e-01,2.462809822911841695e-01,4.083492898296168683e+00
7.850255665403442773e-01,2.514118360889171511e-01,4.083110964141845045e+00
7.896740221718681063e-01,0.000000000000000000e+00,4.486565926788865788e+00
7.896740221718681063e-01,5.130853797733003242e-03,4.481187056171830996e+00
7.896740221718681063e-01,1.026170759546600648e-02,4.475313311622532986e+00
7.896740221718681063e-01,1.539256139319901059e-02,4.468948168192977022e+00
7.896740221718681063e-01,2.052341519093201297e-02,4.462097404092451924e+00
7.896740221718681063e-01,2.565426898866501534e-02,4.454769080415788451e+00
7.896740221718681063e-01,3.078512278639802119e-02,4.446973512851464250e+00
7.896740221718681063e-01,3.591597658413102356e-02,4.438723235457768368e+00
7.896740221718681063e-01,4.104683038186402594e-02,4.430032956620041595e+00
7.896740221718681063e-01,4.617768417959702831e-02,4.420919507326403597e+00
7.896740221718681063e-01,5.130853797733003069e-02,4.411401781923432353e+00
7.896740221718681063e-01,5.643939177506303306e-02,4.401500671536823894e+00
7.896740221718681063e-01,6.157024557279604238e-02,4.391238990365072148e+00
7.896740221718681063e-01,6.670109937052903781e-02,4.380641395076615652e+00
7.896740221718681063e-01,7.183195316826204713e-02,4.369734297562647640e+00
7.896740221718681063e-01,7.696280696599504256e-02,4.358545771318770079e+00
7.896740221718681063e-01,8.209366076372805188e-02,4.347105451748881855e+00
7.896740221718681063e-01,8.722451456146106119e-02,4.335444430704009200e+00
7.896740221718681063e-01,9.235536835919405663e-02,4.323595145587231237e+00
7.896740221718681063e-01,9.748622215692706594e-02,4.311591263373271588e+00
7.896740221718681063e-01,1.026170759546600614e-01,4.299467559907784953e+00
7.896740221718681063e-01,1.077479297523930707e-01,4.287259794866681517e+00
7.896740221718681063e-01,1.128787835501260661e-01,4.275004582770094430e+00
7.896740221718681063e-01,1.180096373478590754e-01,4.262739260458651813e+00
7.896740221718681063e-01,1.231404911455920848e-01,4.250501751451583488e+00
7.896740221718681063e-01,1.282713449433250941e-01,4.238330427616829432e+00
7.896740221718681063e-01,1.334021987410580756e-01,4.226263968592676612e+00
7.896740221718681063e-01,1.385330525387910849e-01,4.214341219408520800e+00
7.896740221718681063e-01,1.436639063365240943e-01,4.202601046759068204e+00
7.896740221718681063e-01,1.487947601342571036e-01,4.191082194391711369e+00
7.896740221718681063e-01,1.539256139319900851e-01,4.179823138070826616e+00
7.896740221718681063e-01,1.590564677297230944e-01,4.168861940585379067e+00
7.896740221718681063e-01,1.641873215274561038e-01,4.158236107267520687e+00
7.896740221718681063e-01,1.693181753251891131e-01,4.147982442489690946e+00
7.896740221718681063e-01,1.744490291229221224e-01,4.138136907606232207e+00
7.896740221718681063e-01,1.795798829206551039e-01,4.128734480802594753e+00
7.896740221718681063e-01,1.847107367183881133e-01,4.119809019310899600e+00
7.896740221718681063e-01,1.898415905161211226e-01,4.111393124444935765e+00
7.896740221718681063e-01,1.949724443138541319e-01,4.103518009900612995e+00
7.896740221718681063e-01,2.001032981115871134e-01,4.096213373759482579e+00
7.896740221718681063e-01,2.052341519093201228e-01,4.089507274623208843e+00
7.896740221718681063e-01,2.103650057070531321e-01,4.083426012295859664e+00
7.896740221718681063e-01,2.154958595047861414e-01,4.077994013418544839e+00
7.896740221718681063e-01,2.206267133025191507e-01,4.073233722447427319e+00
7.896740221718681063e-01,2.257575671002521323e-01,4.069165498351359211e+00
7.896740221718681063e-01,2.308884208979851416e-01,4.065807517389493420e+00
7.896740221718681063e-01,2.360192746957181509e-01,4.063175682312191839e+00
7.896740221718681063e-01,2.411501284934511602e-01,4.061283538310457075e+00
7.896740221718681063e-01,2.462809822911841695e-01,4.060142196019953076e+00
7.896740221718681063e-01,2.514118360889171511e-01,4.059760261865629438e+00
7.943224778033917133e-01,0.000000000000000000e+00,4.464441313228620700e+00
7.943224778033917133e-01,5.130853797733003242e-03,4.459062442611585908e+00
7.943224778033917133e-01,1.026170759546600648e-02,4.453188698062287898e+00
7.943224778033917133e-01,1.539256139319901059e-02,4.446823554632731934e+00
7.943224778033917133e-01,2.052341519093201297e-02,4.439972790532206837e+00
7.943224778033917133e-01,2.565426898866501534e-02,4.432644466855543364e+00
7.943224778033917133e-01,3.078512278639802119e-02,4.424848899291219162e+00
7.943224778033917133e-01,3.591597658413102356e-02,4.416598621897523280e+00
7.943224778033917133e-01,4.104683038186402594e-02,4.407908343059796508e+00
7.943224778033917133e-01,4.617768417959702831e-02,4.398794893766158509e+00
7.943224778033917133e-01,5.130853797733003069e-02,4.389277168363186377e+00
7.943224778033917133e-01,5.643939177506303306e-02,4.379376057976578807e+00
7.943224778033917133e-01,6.157024557279604238e-02,4.369114376804827060e+00
7.943224778033917133e-01,6.670109937052903781e-02,4.358516781516370564e+00
7.943224778033917133e-01,7.183195316826204713e-02,4.347609684002402552e+00
7.943224778033917133e-01,7.696280696599504256e-02,4.336421157758524991e+00
7.943224778033917133e-01,8.209366076372805188e-02,4.324980838188636767e+00
7.943224778033917133e-01,8.722451456146106119e-02,4.313319817143764112e+00
7.943224778033917133e-01,9.235536835919405663e-02,4.301470532026986149e+00
7.943224778033917133e-01,9.748622215692706594e-02,4.289466649813026500e+00
7.943224778033917133e-01,1.026170759546600614e-01,4.277342946347539865e+00
7.943224778033917133e-01,1.077479297523930707e-01,4.265135181306436429e+00
7.943224778033917133e-01,1.128787835501260661e-01,4.252879969209849342e+00
7.943224778033917133e-01,1.180096373478590754e-01,4.240614646898406725e+00
7.943224778033917133e-01,1.231404911455920848e-01,4.228377137891338400e+00
7.943224778033917133e-01,1.282713449433250941e-01,4.216205814056584344e+00
7.943224778033917133e-01,1.334021987410580756e-01,4.204139355032431524e+00
7.943224778033917133e-01,1.385330525387910849e-01,4.192216605848275712e+00
7.943224778033917133e-01,1.436639063365240943e-01,4.180476433198823116e+00
7.943224778033917133e-01,1.487947601342571036e-01,4.168957580831466281e+00
7.943224778033917133e-01,1.539256139319900851e-01,4.157698524510581528e+00
7.943224778033917133e-01,1.590564677297230944e-01,4.146737327025133979e+00
7.943224778033917133e-01,1.641873215274561038e-01,4.136111493707275599e+00
7.943224778033917133e-01,1.693181753251891131e-01,4.125857828929445859e+00
7.943224778033917133e-01,1.744490291229221224e-01,4.116012294045987119e+00
7.943224778033917133e-01,1.795798829206551039e-01,4.106609867242349665e+00
7.943224778033917133e-01,1.847107367183881133e-01,4.097684405750653625e+00
7.943224778033917133e-01,1.898415905161211226e-01,4.089268510884690677e+00
7.943224778033917133e-01,1.949724443138541319e-01,4.081393396340367907e+00
7.943224778033917133e-01,2.001032981115871134e-01,4.074088760199237491e+00
7.943224778033917133e-01,2.052341519093201228e-01,4.067382661062963756e+00
7.943224778033917133e-01,2.103650057070531321e-01,4.061301398735614576e+00
7.943224778033917133e-01,2.154958595047861414e-01,4.055869399858299751e+00
7.943224778033917133e-01,2.206267133025191507e-01,4.051109108887182231e+00
7.943224778033917133e-01,2.257575671002521323e-01,4.047040884791114124e+00
7.943224778033917133e-01,2.308884208979851416e-01,4.043682903829248332e+00
7.943224778033917133e-01,2.360192746957181509e-01,4.041051068751946751e+00
7.943224778033917133e-01,2.411501284934511602e-01,4.039158924750211987e+00
7.943224778033917133e-01,2.462809822911841695e-01,4.038017582459707988e+00
7.943224778033917133e-01,2.514118360889171511e-01,4.037635648305384350e+00
7.989709334349155423e-01,0.000000000000000000e+00,4.443592826903006276e+00
7.989709334349155423e-01,5.130853797733003242e-03,4.438213956285971484e+00
7.989709334349155423e-01,1.026170759546600648e-02,4.432340211736673474e+00
7.989709334349155423e-01,1.539256139319901059e-02,4.425975068307117510e+00
7.989709334349155423e-01,2.052341519093201297e-02,4.419124304206592413e+00
7.989709334349155423e-01,2.565426898866501534e-02,4.411795980529928940e+00
7.989709334349155423e-01,3.078512278639802119e-02,4.404000412965604738e+00
7.989709334349155423e-01,3.591597658413102356e-02,4.395750135571908856e+00
7.989709334349155423e-01,4.104683038186402594e-02,4.387059856734182084e+00
7.989709334349155423e-01,4.617768417959702831e-02,4.377946407440544085e+00
7.989709334349155423e-01,5.130853797733003069e-02,4.368428682037572841e+00
7.989709334349155423e-01,5.643939177506303306e-02,4.358527571650964383e+00
7.989709334349155423e-01,6.157024557279604238e-02,4.348265890479212636e+00
7.989709334349155423e-01,6.670109937052903781e-02,4.337668295190756140e+00
7.989709334349155423e-01,7.183195316826204713e-02,4.326761197676788129e+00
7.989709334349155423e-01,7.696280696599504256e-02,4.315572671432910568e+00
7.989709334349155423e-01,8.209366076372805188e-02,4.304132351863022343e+00
7.989709334349155423e-01,8.722451456146106119e-02,4.292471330818149688e+00
7.989709334349155423e-01,9.235536835919405663e-02,4.280622045701371725e+00
7.989709334349155423e-01,9.748622215692706594e-02,4.268618163487412076e+00
7.989709334349155423e-01,1.026170759546600614e-01,4.256494460021925441e+00
7.989709334349155423e-01,1.077479297523930707e-01,4.244286694980822006e+00
7.989709334349155423e-01,1.128787835501260661e-01,4.232031482884234919e+00
7.989709334349155423e-01,1.180096373478590754e-01,4.219766160572792302e+00
7.989709334349155423e-01,1.231404911455920848e-01,4.207528651565723976e+00
7.989709334349155423e-01,1.282713449433250941e-01,4.195357327730969921e+00
7.989709334349155423e-01,1.334021987410580756e-01,4.183290868706817101e+00
7.989709334349155423e-01,1.385330525387910849e-01,4.171368119522661289e+00
7.989709334349155423e-01,1.436639063365240943e-01,4.159627946873208693e+00
7.989709334349155423e-01,1.487947601342571036e-01,4.148109094505851857e+00
7.989709334349155423e-01,1.539256139319900851e-01,4.136850038184967104e+00
7.989709334349155423e-01,1.590564677297230944e-01,4.125888840699519555e+00
7.989709334349155423e-01,1.641873215274561038e-01,4.115263007381661176e+00
7.989709334349155423e-01,1.693181753251891131e-01,4.105009342603831435e+00
7.989709334349155423e-01,1.744490291229221224e-01,4.095163807720372695e+00
7.989709334349155423e-01,1.795798829206551039e-01,4.085761380916735241e+00
7.989709334349155423e-01,1.847107367183881133e-01,4.076835919425040089e+00
7.989709334349155423e-01,1.898415905161211226e-01,4.068420024559076253e+00
7.989709334349155423e-01,1.949724443138541319e-01,4.060544910014753484e+00
7.989709334349155423e-01,2.001032981115871134e-01,4.053240273873623067e+00
7.989709334349155423e-01,2.052341519093201228e-01,4.046534174737349332e+00
7.989709334349155423e-01,2.103650057070531321e-01,4.040452912410000152e+00
7.989709334349155423e-01,2.154958595047861414e-01,4.035020913532685327e+00
7.989709334349155423e-01,2.206267133025191507e-01,4.030260622561567807e+00
7.989709334349155423e-01,2.257575671002521323e-01,4.026192398465499700e+00
7.989709334349155423e-01,2.308884208979851416e-01,4.022834417503633908e+00
7.989709334349155423e-01,2.360192746957181509e-01,4.020202582426332327e+00
7.989709334349155423e-01,2.411501284934511602e-01,4.018310438424597564e+00
7.989709334349155423e-01,2.462809822911841695e-01,4.017169096134093564e+00
7.989709334349155423e-01,2.514118360889171511e-01,4.016787161979769927e+00
8.036193890664392603e-01,0.000000000000000000e+00,4.424068338221562868e+00
8.036193890664392603e-01,5.130853797733003242e-03,4.418689467604528076e+00
8.036193890664392603e-01,1.026170759546600648e-02,4.412815723055230066e+00
8.036193890664392603e-01,1.539256139319901059e-02,4.406450579625674102e+00
8.036193890664392603e-01,2.052341519093201297e-02,4.399599815525149005e+00
8.036193890664392603e-01,2.565426898866501534e-02,4.392271491848485532e+00
8.036193890664392603e-01,3.078512278639802119e-02,4.384475924284161330e+00
8.036193890664392603e-01,3.591597658413102356e-02,4.376225646890465448e+00
8.036193890664392603e-01,4.104683038186402594e-02,4.367535368052738676e+00
8.036193890664392603e-01,4.617768417959702831e-02,4.358421918759100677e+00
8.036193890664392603e-01,5.130853797733003069e-02,4.348904193356128545e+00
8.036193890664392603e-01,5.643939177506303306e-02,4.339003082969520975e+00
8.036193890664392603e-01,6.157024557279604238e-02,4.328741401797769228e+00
8.036193890664392603e-01,6.670109937052903781e-02,4.318143806509312732e+00
8.036193890664392603e-01,7.183195316826204713e-02,4.307236708995344721e+00
8.036193890664392603e-01,7.696280696599504256e-02,4.296048182751467159e+00
8.036193890664392603e-01,8.209366076372805188e-02,4.284607863181578935e+00
8.036193890664392603e-01,8.722451456146106119e-02,4.272946842136706280e+00
8.036193890664392603e-01,9.235536835919405663e-02,4.261097557019928317e+00
8.036193890664392603e-01,9.748622215692706594e-02,4.249093674805968668e+00
8.036193890664392603e-01,1.026170759546600614e-01,4.236969971340482033e+00
8.036193890664392603e-01,1.077479297523930707e-01,4.224762206299378597e+00
8.036193890664392603e-01,1.128787835501260661e-01,4.212506994202791510e+00
8.036193890664392603e-01,1.180096373478590754e-01,4.200241671891348894e+00
8.036193890664392603e-01,1.231404911455920848e-01,4.188004162884280568e+00
8.036193890664392603e-01,1.282713449433250941e-01,4.175832839049526513e+00
8.036193890664392603e-01,1.334021987410580756e-01,4.163766380025373692e+00
8.036193890664392603e-01,1.385330525387910849e-01,4.151843630841217880e+00
8.036193890664392603e-01,1.436639063365240943e-01,4.140103458191765284e+00
8.036193890664392603e-01,1.487947601342571036e-01,4.128584605824408449e+00
8.036193890664392603e-01,1.539256139319900851e-01,4.117325549503523696e+00
8.036193890664392603e-01,1.590564677297230944e-01,4.106364352018076147e+00
8.036193890664392603e-01,1.641873215274561038e-01,4.095738518700217767e+00
8.036193890664392603e-01,1.693181753251891131e-01,4.085484853922388027e+00
8.036193890664392603e-01,1.744490291229221224e-01,4.075639319038929287e+00
8.036193890664392603e-01,1.795798829206551039e-01,4.066236892235291833e+00
8.036193890664392603e-01,1.847107367183881133e-01,4.057311430743595793e+00
8.036193890664392603e-01,1.898415905161211226e-01,4.048895535877632845e+00
8.036193890664392603e-01,1.949724443138541319e-01,4.041020421333310075e+00
8.036193890664392603e-01,2.001032981115871134e-01,4.033715785192179659e+00
8.036193890664392603e-01,2.052341519093201228e-01,4.027009686055905924e+00
8.036193890664392603e-01,2.103650057070531321e-01,4.020928423728556744e+00
8.036193890664392603e-01,2.154958595047861414e-01,4.015496424851241919e+00
8.036193890664392603e-01,2.206267133025191507e-01,4.010736133880124399e+00
8.036193890664392603e-01,2.257575671002521323e-01,4.006667909784056292e+00
8.036193890664392603e-01,2.308884208979851416e-01,4.003309928822190500e+00
8.036193890664392603e-01,2.360192746957181509e-01,4.000678093744888919e+00
8.036193890664392603e-01,2.411501284934511602e-01,3.998785949743154156e+00
8.036193890664392603e-01,2.462809822911841695e-01,3.997644607452650156e+00
8.036193890664392603e-01,2.514118360889171511e-01,3.997262673298326519e+00
8.082678446979629783e-01,0.000000000000000000e+00,4.405913425413421791e+00
8.082678446979629783e-01,5.130853797733003242e-03,4.400534554796386999e+00
8.082678446979629783e-01,1.026170759546600648e-02,4.394660810247088989e+00
8.082678446979629783e-01,1.539256139319901059e-02,4.388295666817533025e+00
8.082678446979629783e-01,2.052341519093201297e-02,4.381444902717007928e+00
8.082678446979629783e-01,2.565426898866501534e-02,4.374116579040344455e+00
8.082678446979629783e-01,3.078512278639802119e-02,4.366321011476020253e+00
8.082678446979629783e-01,3.591597658413102356e-02,4.358070734082324371e+00
8.082678446979629783e-01,4.104683038186402594e-02,4.349380455244597599e+00
8.082678446979629783e-01,4.617768417959702831e-02,4.340267005950959600e+00
8.082678446979629783e-01,5.130853797733003069e-02,4.330749280547987468e+00
8.082678446979629783e-01,5.643939177506303306e-02,4.320848170161379898e+00
8.082678446979629783e-01,6.157024557279604238e-02,4.310586488989628151e+00
8.082678446979629783e-01,6.670109937052903781e-02,4.299988893701171655e+00
8.082678446979629783e-01,7.183195316826204713e-02,4.289081796187203643e+00
8.082678446979629783e-01,7.696280696599504256e-02,4.277893269943326082e+00
8.082678446979629783e-01,8.209366076372805188e-02,4.266452950373437858e+00
8.082678446979629783e-01,8.722451456146106119e-02,4.254791929328565203e+00
8.082678446979629783e-01,9.235536835919405663e-02,4.242942644211787240e+00
8.082678446979629783e-01,9.748622215692706594e-02,4.230938761997827591e+00
8.082678446979629783e-01,1.026170759546600614e-01,4.218815058532340956e+00
8.082678446979629783e-01,1.077479297523930707e-01,4.206607293491237520e+00
8.082678446979629783e-01,1.128787835501260661e-01,4.194352081394650433e+00
8.082678446979629783e-01,1.180096373478590754e-01,4.182086759083207816e+00
8.082678446979629783e-01,1.231404911455920848e-01,4.169849250076139491e+00
8.082678446979629783e-01,1.282713449433250941e-01,4.157677926241385435e+00
8.082678446979629783e-01,1.334021987410580756e-01,4.145611467217232615e+00
8.082678446979629783e-01,1.385330525387910849e-01,4.133688718033076803e+00
8.082678446979629783e-01,1.436639063365240943e-01,4.121948545383624207e+00
8.082678446979629783e-01,1.487947601342571036e-01,4.110429693016267372e+00
8.082678446979629783e-01,1.539256139319900851e-01,4.099170636695382619e+00
8.082678446979629783e-01,1.590564677297230944e-01,4.088209439209935070e+00
8.082678446979629783e-01,1.641873215274561038e-01,4.077583605892076690e+00
8.082678446979629783e-01,1.693181753251891131e-01,4.067329941114246949e+00
8.082678446979629783e-01,1.744490291229221224e-01,4.057484406230788210e+00
8.082678446979629783e-01,1.795798829206551039e-01,4.048081979427150756e+00
8.082678446979629783e-01,1.847107367183881133e-01,4.039156517935454715e+00
8.082678446979629783e-01,1.898415905161211226e-01,4.030740623069491768e+00
8.082678446979629783e-01,1.949724443138541319e-01,4.022865508525168998e+00
8.082678446979629783e-01,2.001032981115871134e-01,4.015560872384038582e+00
8.082678446979629783e-01,2.052341519093201228e-01,4.008854773247764847e+00
8.082678446979629783e-01,2.103650057070531321e-01,4.002773510920415667e+00
8.082678446979629783e-01,2.154958595047861414e-01,3.997341512043100842e+00
8.082678446979629783e-01,2.206267133025191507e-01,3.992581221071983322e+00
8.082678446979629783e-01,2.257575671002521323e-01,3.988512996975915659e+00
8.082678446979629783e-01,2.308884208979851416e-01,3.985155016014048979e+00
8.082678446979629783e-01,2.360192746957181509e-01,3.982523180936747842e+00
8.082678446979629783e-01,2.411501284934511602e-01,3.980631036935013078e+00
8.082678446979629783e-01,2.462809822911841695e-01,3.979489694644509079e+00
8.082678446979629783e-01,2.514118360889171511e-01,3.979107760490185441e+00
8.129163003294866963e-01,0.000000000000000000e+00,4.389171254377679965e+00
8.129163003294866963e-01,5.130853797733003242e-03,4.383792383760645173e+00
8.129163003294866963e-01,1.026170759546600648e-02,4.377918639211347163e+00
8.129163003294866963e-01,1.539256139319901059e-02,4.371553495781791199e+00
8.129163003294866963e-01,2.052341519093201297e-02,4.364702731681266101e+00
8.129163003294866963e-01,2.565426898866501534e-02,4.357374408004602628e+00
8.129163003294866963e-01,3.078512278639802119e-02,4.349578840440278427e+00
8.129163003294866963e-01,3.591597658413102356e-02,4.341328563046582545e+00
8.129163003294866963e-01,4.104683038186402594e-02,4.332638284208855772e+00
8.129163003294866963e-01,4.617768417959702831e-02,4.323524834915217774e+00
8.129163003294866963e-01,5.130853797733003069e-02,4.314007109512246529e+00
8.129163003294866963e-01,5.643939177506303306e-02,4.304105999125638071e+00
8.129163003294866963e-01,6.157024557279604238e-02,4.293844317953886325e+00
8.129163003294866963e-01,6.670109937052903781e-02,4.283246722665429829e+00
8.129163003294866963e-01,7.183195316826204713e-02,4.272339625151461817e+00
8.129163003294866963e-01,7.696280696599504256e-02,4.261151098907584256e+00
8.129163003294866963e-01,8.209366076372805188e-02,4.249710779337696032e+00
8.129163003294866963e-01,8.722451456146106119e-02,4.238049758292823377e+00
8.129163003294866963e-01,9.235536835919405663e-02,4.226200473176045413e+00
8.129163003294866963e-01,9.748622215692706594e-02,4.214196590962085764e+00
8.129163003294866963e-01,1.026170759546600614e-01,4.202072887496599130e+00
8.129163003294866963e-01,1.077479297523930707e-01,4.189865122455495694e+00
8.129163003294866963e-01,1.128787835501260661e-01,4.177609910358908607e+00
8.129163003294866963e-01,1.180096373478590754e-01,4.165344588047465990e+00
8.129163003294866963e-01,1.231404911455920848e-01,4.153107079040397664e+00
8.129163003294866963e-01,1.282713449433250941e-01,4.140935755205643609e+00
8.129163003294866963e-01,1.334021987410580756e-01,4.128869296181490789e+00
8.129163003294866963e-01,1.385330525387910849e-01,4.116946546997334977e+00
8.129163003294866963e-01,1.436639063365240943e-01,4.105206374347882381e+00
8.129163003294866963e-01,1.487947601342571036e-01,4.093687521980525545e+00
8.129163003294866963e-01,1.539256139319900851e-01,4.082428465659640793e+00
8.129163003294866963e-01,1.590564677297230944e-01,4.071467268174193244e+00
8.129163003294866963e-01,1.641873215274561038e-01,4.060841434856334864e+00
8.129163003294866963e-01,1.693181753251891131e-01,4.050587770078505123e+00
8.129163003294866963e-01,1.744490291229221224e-01,4.040742235195046383e+00
8.129163003294866963e-01,1.795798829206551039e-01,4.031339808391408930e+00
8.129163003294866963e-01,1.847107367183881133e-01,4.022414346899713777e+00
8.129163003294866963e-01,1.898415905161211226e-01,4.013998452033749942e+00
8.129163003294866963e-01,1.949724443138541319e-01,4.006123337489427172e+00
8.129163003294866963e-01,2.001032981115871134e-01,3.998818701348296756e+00
8.129163003294866963e-01,2.052341519093201228e-01,3.992112602212023020e+00
8.129163003294866963e-01,2.103650057070531321e-01,3.986031339884673841e+00
8.129163003294866963e-01,2.154958595047861414e-01,3.980599341007359016e+00
8.129163003294866963e-01,2.206267133025191507e-01,3.975839050036241495e+00
8.129163003294866963e-01,2.257575671002521323e-01,3.971770825940173832e+00
8.129163003294866963e-01,2.308884208979851416e-01,3.968412844978307152e+00
8.129163003294866963e-01,2.360192746957181509e-01,3.965781009901006016e+00
8.129163003294866963e-01,2.411501284934511602e-01,3.963888865899271252e+00
8.129163003294866963e-01,2.462809822911841695e-01,3.962747523608767253e+00
8.129163003294866963e-01,2.514118360889171511e-01,3.962365589454443615e+00
8.175647559610104143e-01,0.000000000000000000e+00,4.373882462748710509e+00
8.175647559610104143e-01,5.130853797733003242e-03,4.368503592131675717e+00
8.175647559610104143e-01,1.026170759546600648e-02,4.362629847582377707e+00
8.175647559610104143e-01,1.539256139319901059e-02,4.356264704152821743e+00
8.175647559610104143e-01,2.052341519093201297e-02,4.349413940052296645e+00
8.175647559610104143e-01,2.565426898866501534e-02,4.342085616375633172e+00
8.175647559610104143e-01,3.078512278639802119e-02,4.334290048811308971e+00
8.175647559610104143e-01,3.591597658413102356e-02,4.326039771417613089e+00
8.175647559610104143e-01,4.104683038186402594e-02,4.317349492579886316e+00
8.175647559610104143e-01,4.617768417959702831e-02,4.308236043286248318e+00
8.175647559610104143e-01,5.130853797733003069e-02,4.298718317883276185e+00
8.175647559610104143e-01,5.643939177506303306e-02,4.288817207496668615e+00
8.175647559610104143e-01,6.157024557279604238e-02,4.278555526324916869e+00
8.175647559610104143e-01,6.670109937052903781e-02,4.267957931036460373e+00
8.175647559610104143e-01,7.183195316826204713e-02,4.257050833522492361e+00
8.175647559610104143e-01,7.696280696599504256e-02,4.245862307278614800e+00
8.175647559610104143e-01,8.209366076372805188e-02,4.234421987708726576e+00
8.175647559610104143e-01,8.722451456146106119e-02,4.222760966663853921e+00
8.175647559610104143e-01,9.235536835919405663e-02,4.210911681547075958e+00
8.175647559610104143e-01,9.748622215692706594e-02,4.198907799333116309e+00
8.175647559610104143e-01,1.026170759546600614e-01,4.186784095867629674e+00
8.175647559610104143e-01,1.077479297523930707e-01,4.174576330826526238e+00
8.175647559610104143e-01,1.128787835501260661e-01,4.162321118729939151e+00
8.175647559610104143e-01,1.180096373478590754e-01,4.150055796418496534e+00
8.175647559610104143e-01,1.231404911455920848e-01,4.137818287411428209e+00
8.175647559610104143e-01,1.282713449433250941e-01,4.125646963576674153e+00
8.175647559610104143e-01,1.334021987410580756e-01,4.113580504552521333e+00
8.175647559610104143e-01,1.385330525387910849e-01,4.101657755368365521e+00
8.175647559610104143e-01,1.436639063365240943e-01,4.089917582718912925e+00
8.175647559610104143e-01,1.487947601342571036e-01,4.078398730351556090e+00
8.175647559610104143e-01,1.539256139319900851e-01,4.067139674030671337e+00
8.175647559610104143e-01,1.590564677297230944e-01,4.056178476545223788e+00
8.175647559610104143e-01,1.641873215274561038e-01,4.045552643227365408e+00
8.175647559610104143e-01,1.693181753251891131e-01,4.035298978449535667e+00
8.175647559610104143e-01,1.744490291229221224e-01,4.025453443566076928e+00
8.175647559610104143e-01,1.795798829206551039e-01,4.016051016762439474e+00
8.175647559610104143e-01,1.847107367183881133e-01,4.007125555270743433e+00
8.175647559610104143e-01,1.898415905161211226e-01,3.998709660404780042e+00
8.175647559610104143e-01,1.949724443138541319e-01,3.990834545860457716e+00
8.175647559610104143e-01,2.001032981115871134e-01,3.983529909719327300e+00
8.175647559610104143e-01,2.052341519093201228e-01,3.976823810583053564e+00
8.175647559610104143e-01,2.103650057070531321e-01,3.970742548255704385e+00
8.175647559610104143e-01,2.154958595047861414e-01,3.965310549378389560e+00
8.175647559610104143e-01,2.206267133025191507e-01,3.960550258407272040e+00
8.175647559610104143e-01,2.257575671002521323e-01,3.956482034311204377e+00
8.175647559610104143e-01,2.308884208979851416e-01,3.953124053349337697e+00
8.175647559610104143e-01,2.360192746957181509e-01,3.950492218272036560e+00
8.175647559610104143e-01,2.411501284934511602e-01,3.948600074270301796e+00
8.175647559610104143e-01,2.462809822911841695e-01,3.947458731979797797e+00
8.175647559610104143e-01,2.514118360889171511e-01,3.947076797825474159e+00
8.222132115925341322e-01,0.000000000000000000e+00,4.360085048462430279e+00
8.222132115925341322e-01,5.130853797733003242e-03,4.354706177845395487e+00
8.222132115925341322e-01,1.026170759546600648e-02,4.348832433296097477e+00
8.222132115925341322e-01,1.539256139319901059e-02,4.342467289866541513e+00
8.222132115925341322e-01,2.052341519093201297e-02,4.335616525766016416e+00
8.222132115925341322e-01,2.565426898866501534e-02,4.328288202089352943e+00
8.222132115925341322e-01,3.078512278639802119e-02,4.320492634525028741e+00
8.222132115925341322e-01,3.591597658413102356e-02,4.312242357131332859e+00
8.222132115925341322e-01,4.104683038186402594e-02,4.303552078293606087e+00
8.222132115925341322e-01,4.617768417959702831e-02,4.294438628999968088e+00
8.222132115925341322e-01,5.130853797733003069e-02,4.284920903596995956e+00
8.222132115925341322e-01,5.643939177506303306e-02,4.275019793210388386e+00
8.222132115925341322e-01,6.157024557279604238e-02,4.264758112038636639e+00
8.222132115925341322e-01,6.670109937052903781e-02,4.254160516750180143e+00
8.222132115925341322e-01,7.183195316826204713e-02,4.243253419236212132e+00
8.222132115925341322e-01,7.696280696599504256e-02,4.232064892992334570e+00
8.222132115925341322e-01,8.209366076372805188e-02,4.220624573422446346e+00
8.222132115925341322e-01,8.722451456146106119e-02,4.208963552377573691e+00
8.222132115925341322e-01,9.235536835919405663e-02,4.197114267260795728e+00
8.222132115925341322e-01,9.748622215692706594e-02,4.185110385046836079e+00
8.222132115925341322e-01,1.026170759546600614e-01,4.172986681581349444e+00
8.222132115925341322e-01,1.077479297523930707e-01,4.160778916540246009e+00
8.222132115925341322e-01,1.128787835501260661e-01,4.148523704443658922e+00
8.222132115925341322e-01,1.180096373478590754e-01,4.136258382132216305e+00
8.222132115925341322e-01,1.231404911455920848e-01,4.124020873125147979e+00
8.222132115925341322e-01,1.282713449433250941e-01,4.111849549290393924e+00
8.222132115925341322e-01,1.334021987410580756e-01,4.099783090266241103e+00
8.222132115925341322e-01,1.385330525387910849e-01,4.087860341082085291e+00
8.222132115925341322e-01,1.436639063365240943e-01,4.076120168432632695e+00
8.222132115925341322e-01,1.487947601342571036e-01,4.064601316065275860e+00
8.222132115925341322e-01,1.539256139319900851e-01,4.053342259744391107e+00
8.222132115925341322e-01,1.590564677297230944e-01,4.042381062258943558e+00
8.222132115925341322e-01,1.641873215274561038e-01,4.031755228941085178e+00
8.222132115925341322e-01,1.693181753251891131e-01,4.021501564163255438e+00
8.222132115925341322e-01,1.744490291229221224e-01,4.011656029279796698e+00
8.222132115925341322e-01,1.795798829206551039e-01,4.002253602476159244e+00
8.222132115925341322e-01,1.847107367183881133e-01,3.993328140984463648e+00
8.222132115925341322e-01,1.898415905161211226e-01,3.984912246118499812e+00
8.222132115925341322e-01,1.949724443138541319e-01,3.977037131574177486e+00
8.222132115925341322e-01,2.001032981115871134e-01,3.969732495433047070e+00
8.222132115925341322e-01,2.052341519093201228e-01,3.963026396296773335e+00
8.222132115925341322e-01,2.103650057070531321e-01,3.956945133969424155e+00
8.222132115925341322e-01,2.154958595047861414e-01,3.951513135092109330e+00
8.222132115925341322e-01,2.206267133025191507e-01,3.946752844120991810e+00
8.222132115925341322e-01,2.257575671002521323e-01,3.942684620024924147e+00
8.222132115925341322e-01,2.308884208979851416e-01,3.939326639063057467e+00
8.222132115925341322e-01,2.360192746957181509e-01,3.936694803985756330e+00
8.222132115925341322e-01,2.411501284934511602e-01,3.934802659984021567e+00
8.222132115925341322e-01,2.462809822911841695e-01,3.933661317693517567e+00
8.222132115925341322e-01,2.514118360889171511e-01,3.933279383539193930e+00
8.268616672240578502e-01,0.000000000000000000e+00,4.347814263101543730e+00
8.268616672240578502e-01,5.130853797733003242e-03,4.342435392484508938e+00
8.268616672240578502e-01,1.026170759546600648e-02,4.336561647935210928e+00
8.268616672240578502e-01,1.539256139319901059e-02,4.330196504505654964e+00
8.268616672240578502e-01,2.052341519093201297e-02,4.323345740405129867e+00
8.268616672240578502e-01,2.565426898866501534e-02,4.316017416728466394e+00
8.268616672240578502e-01,3.078512278639802119e-02,4.308221849164142192e+00
8.268616672240578502e-01,3.591597658413102356e-02,4.299971571770446310e+00
8.268616672240578502e-01,4.104683038186402594e-02,4.291281292932719538e+00
8.268616672240578502e-01,4.617768417959702831e-02,4.282167843639081539e+00
8.268616672240578502e-01,5.130853797733003069e-02,4.272650118236109407e+00
8.268616672240578502e-01,5.643939177506303306e-02,4.262749007849501837e+00
8.268616672240578502e-01,6.157024557279604238e-02,4.252487326677750090e+00
8.268616672240578502e-01,6.670109937052903781e-02,4.241889731389293594e+00
8.268616672240578502e-01,7.183195316826204713e-02,4.230982633875325583e+00
8.268616672240578502e-01,7.696280696599504256e-02,4.219794107631448021e+00
8.268616672240578502e-01,8.209366076372805188e-02,4.208353788061559797e+00
8.268616672240578502e-01,8.722451456146106119e-02,4.196692767016687142e+00
8.268616672240578502e-01,9.235536835919405663e-02,4.184843481899909179e+00
8.268616672240578502e-01,9.748622215692706594e-02,4.172839599685949530e+00
8.268616672240578502e-01,1.026170759546600614e-01,4.160715896220462895e+00
8.268616672240578502e-01,1.077479297523930707e-01,4.148508131179359459e+00
8.268616672240578502e-01,1.128787835501260661e-01,4.136252919082772372e+00
8.268616672240578502e-01,1.180096373478590754e-01,4.123987596771329756e+00
8.268616672240578502e-01,1.231404911455920848e-01,4.111750087764261430e+00
8.268616672240578502e-01,1.282713449433250941e-01,4.099578763929507375e+00
8.268616672240578502e-01,1.334021987410580756e-01,4.087512304905354554e+00
8.268616672240578502e-01,1.385330525387910849e-01,4.075589555721198742e+00
8.268616672240578502e-01,1.436639063365240943e-01,4.063849383071746146e+00
8.268616672240578502e-01,1.487947601342571036e-01,4.052330530704389311e+00
8.268616672240578502e-01,1.539256139319900851e-01,4.041071474383504558e+00
8.268616672240578502e-01,1.590564677297230944e-01,4.030110276898057009e+00
8.268616672240578502e-01,1.641873215274561038e-01,4.019484443580198629e+00
8.268616672240578502e-01,1.693181753251891131e-01,4.009230778802368889e+00
8.268616672240578502e-01,1.744490291229221224e-01,3.999385243918910593e+00
8.268616672240578502e-01,1.795798829206551039e-01,3.989982817115272695e+00
8.268616672240578502e-01,1.847107367183881133e-01,3.981057355623577099e+00
8.268616672240578502e-01,1.898415905161211226e-01,3.972641460757613263e+00
8.268616672240578502e-01,1.949724443138541319e-01,3.964766346213290937e+00
8.268616672240578502e-01,2.001032981115871134e-01,3.957461710072160521e+00
8.268616672240578502e-01,2.052341519093201228e-01,3.950755610935886786e+00
8.268616672240578502e-01,2.103650057070531321e-01,3.944674348608537606e+00
8.268616672240578502e-01,2.154958595047861414e-01,3.939242349731222781e+00
8.268616672240578502e-01,2.206267133025191507e-01,3.934482058760105261e+00
8.268616672240578502e-01,2.257575671002521323e-01,3.930413834664037598e+00
8.268616672240578502e-01,2.308884208979851416e-01,3.927055853702170918e+00
8.268616672240578502e-01,2.360192746957181509e-01,3.924424018624869781e+00
8.268616672240578502e-01,2.411501284934511602e-01,3.922531874623135018e+00
8.268616672240578502e-01,2.462809822911841695e-01,3.921390532332631018e+00
8.268616672240578502e-01,2.514118360889171511e-01,3.921008598178307381e+00
8.315101228555815682e-01,0.000000000000000000e+00,4.337102510289194690e+00
8.315101228555815682e-01,5.130853797733003242e-03,4.331723639672159898e+00
8.315101228555815682e-01,1.026170759546600648e-02,4.325849895122861888e+00
8.315101228555815682e-01,1.539256139319901059e-02,4.319484751693305924e+00
8.315101228555815682e-01,2.052341519093201297e-02,4.312633987592780827e+00
8.315101228555815682e-01,2.565426898866501534e-02,4.305305663916117354e+00
8.315101228555815682e-01,3.078512278639802119e-02,4.297510096351793152e+00
8.315101228555815682e-01,3.591597658413102356e-02,4.289259818958097270e+00
8.315101228555815682e-01,4.104683038186402594e-02,4.280569540120370498e+00
8.315101228555815682e-01,4.617768417959702831e-02,4.271456090826732499e+00
8.315101228555815682e-01,5.130853797733003069e-02,4.261938365423761255e+00
8.315101228555815682e-01,5.643939177506303306e-02,4.252037255037152796e+00
8.315101228555815682e-01,6.157024557279604238e-02,4.241775573865401050e+00
8.315101228555815682e-01,6.670109937052903781e-02,4.231177978576944554e+00
8.315101228555815682e-01,7.183195316826204713e-02,4.220270881062976542e+00
8.315101228555815682e-01,7.696280696599504256e-02,4.209082354819098981e+00
8.315101228555815682e-01,8.209366076372805188e-02,4.197642035249210757e+00
8.315101228555815682e-01,8.722451456146106119e-02,4.185981014204338102e+00
8.315101228555815682e-01,9.235536835919405663e-02,4.174131729087560139e+00
8.315101228555815682e-01,9.748622215692706594e-02,4.162127846873600490e+00
8.315101228555815682e-01,1.026170759546600614e-01,4.150004143408113855e+00
8.315101228555815682e-01,1.077479297523930707e-01,4.137796378367010419e+00
8.315101228555815682e-01,1.128787835501260661e-01,4.125541166270423332e+00
8.315101228555815682e-01,1.180096373478590754e-01,4.113275843958980715e+00
8.315101228555815682e-01,1.231404911455920848e-01,4.101038334951912390e+00
8.315101228555815682e-01,1.282713449433250941e-01,4.088867011117158334e+00
8.315101228555815682e-01,1.334021987410580756e-01,4.076800552093005514e+00
8.315101228555815682e-01,1.385330525387910849e-01,4.064877802908849702e+00
8.315101228555815682e-01,1.436639063365240943e-01,4.053137630259397106e+00
8.315101228555815682e-01,1.487947601342571036e-01,4.041618777892040271e+00
8.315101228555815682e-01,1.539256139319900851e-01,4.030359721571155518e+00
8.315101228555815682e-01,1.590564677297230944e-01,4.019398524085707969e+00
8.315101228555815682e-01,1.641873215274561038e-01,4.008772690767849589e+00
8.315101228555815682e-01,1.693181753251891131e-01,3.998519025990019848e+00
8.315101228555815682e-01,1.744490291229221224e-01,3.988673491106561553e+00
8.315101228555815682e-01,1.795798829206551039e-01,3.979271064302923655e+00
8.315101228555815682e-01,1.847107367183881133e-01,3.970345602811228058e+00
8.315101228555815682e-01,1.898415905161211226e-01,3.961929707945264223e+00
8.315101228555815682e-01,1.949724443138541319e-01,3.954054593400941897e+00
8.315101228555815682e-01,2.001032981115871134e-01,3.946749957259811481e+00
8.315101228555815682e-01,2.052341519093201228e-01,3.940043858123537746e+00
8.315101228555815682e-01,2.103650057070531321e-01,3.933962595796188566e+00
8.315101228555815682e-01,2.154958595047861414e-01,3.928530596918873741e+00
8.315101228555815682e-01,2.206267133025191507e-01,3.923770305947756221e+00
8.315101228555815682e-01,2.257575671002521323e-01,3.919702081851688558e+00
8.315101228555815682e-01,2.308884208979851416e-01,3.916344100889821878e+00
8.315101228555815682e-01,2.360192746957181509e-01,3.913712265812520741e+00
8.315101228555815682e-01,2.411501284934511602e-01,3.911820121810785977e+00
8.315101228555815682e-01,2.462809822911841695e-01,3.910678779520281978e+00
8.315101228555815682e-01,2.514118360889171511e-01,3.910296845365958340e+00
8.361585784871052862e-01,0.000000000000000000e+00,4.327979249391166405e+00
8.361585784871052862e-01,5.130853797733003242e-03,4.322600378774131613e+00
8.361585784871052862e-01,1.026170759546600648e-02,4.316726634224833603e+00
8.361585784871052862e-01,1.539256139319901059e-02,4.310361490795277639e+00
8.361585784871052862e-01,2.052341519093201297e-02,4.303510726694752542e+00
8.361585784871052862e-01,2.565426898866501534e-02,4.296182403018089069e+00
8.361585784871052862e-01,3.078512278639802119e-02,4.288386835453764867e+00
8.361585784871052862e-01,3.591597658413102356e-02,4.280136558060068985e+00
8.361585784871052862e-01,4.104683038186402594e-02,4.271446279222342213e+00
8.361585784871052862e-01,4.617768417959702831e-02,4.262332829928704214e+00
8.361585784871052862e-01,5.130853797733003069e-02,4.252815104525732082e+00
8.361585784871052862e-01,5.643939177506303306e-02,4.242913994139124512e+00
8.361585784871052862e-01,6.157024557279604238e-02,4.232652312967372765e+00
8.361585784871052862e-01,6.670109937052903781e-02,4.222054717678916269e+00
8.361585784871052862e-01,7.183195316826204713e-02,4.211147620164948258e+00
8.361585784871052862e-01,7.696280696599504256e-02,4.199959093921070696e+00
8.361585784871052862e-01,8.209366076372805188e-02,4.188518774351182472e+00
8.361585784871052862e-01,8.722451456146106119e-02,4.176857753306309817e+00
8.361585784871052862e-01,9.235536835919405663e-02,4.165008468189531854e+00
8.361585784871052862e-01,9.748622215692706594e-02,4.153004585975572205e+00
8.361585784871052862e-01,1.026170759546600614e-01,4.140880882510085570e+00
8.361585784871052862e-01,1.077479297523930707e-01,4.128673117468982134e+00
8.361585784871052862e-01,1.128787835501260661e-01,4.116417905372395047e+00
8.361585784871052862e-01,1.180096373478590754e-01,4.104152583060952431e+00
8.361585784871052862e-01,1.231404911455920848e-01,4.091915074053884105e+00
8.361585784871052862e-01,1.282713449433250941e-01,4.079743750219130050e+00
8.361585784871052862e-01,1.334021987410580756e-01,4.067677291194977229e+00
8.361585784871052862e-01,1.385330525387910849e-01,4.055754542010821417e+00
8.361585784871052862e-01,1.436639063365240943e-01,4.044014369361368821e+00
8.361585784871052862e-01,1.487947601342571036e-01,4.032495516994011986e+00
8.361585784871052862e-01,1.539256139319900851e-01,4.021236460673127233e+00
8.361585784871052862e-01,1.590564677297230944e-01,4.010275263187679684e+00
8.361585784871052862e-01,1.641873215274561038e-01,3.999649429869821304e+00
8.361585784871052862e-01,1.693181753251891131e-01,3.989395765091991564e+00
8.361585784871052862e-01,1.744490291229221224e-01,3.979550230208533268e+00
8.361585784871052862e-01,1.795798829206551039e-01,3.970147803404895370e+00
8.361585784871052862e-01,1.847107367183881133e-01,3.961222341913199774e+00
8.361585784871052862e-01,1.898415905161211226e-01,3.952806447047235938e+00
8.361585784871052862e-01,1.949724443138541319e-01,3.944931332502913612e+00
8.361585784871052862e-01,2.001032981115871134e-01,3.937626696361783196e+00
8.361585784871052862e-01,2.052341519093201228e-01,3.930920597225509461e+00
8.361585784871052862e-01,2.103650057070531321e-01,3.924839334898160281e+00
8.361585784871052862e-01,2.154958595047861414e-01,3.919407336020845456e+00
8.361585784871052862e-01,2.206267133025191507e-01,3.914647045049727936e+00
8.361585784871052862e-01,2.257575671002521323e-01,3.910578820953660273e+00
8.361585784871052862e-01,2.308884208979851416e-01,3.907220839991793593e+00
8.361585784871052862e-01,2.360192746957181509e-01,3.904589004914492456e+00
8.361585784871052862e-01,2.411501284934511602e-01,3.902696860912757693e+00
8.361585784871052862e-01,2.462809822911841695e-01,3.901555518622253693e+00
8.361585784871052862e-01,2.514118360889171511e-01,3.901173584467930056e+00
8.408070341186291152e-01,0.000000000000000000e+00,4.320470904776902543e+00
8.408070341186291152e-01,5.130853797733003242e-03,4.315092034159867751e+00
8.408070341186291152e-01,1.026170759546600648e-02,4.309218289610569741e+00
8.408070341186291152e-01,1.539256139319901059e-02,4.302853146181013777e+00
8.408070341186291152e-01,2.052341519093201297e-02,4.296002382080488680e+00
8.408070341186291152e-01,2.565426898866501534e-02,4.288674058403825207e+00
8.408070341186291152e-01,3.078512278639802119e-02,4.280878490839501005e+00
8.408070341186291152e-01,3.591597658413102356e-02,4.272628213445805123e+00
8.408070341186291152e-01,4.104683038186402594e-02,4.263937934608078351e+00
8.408070341186291152e-01,4.617768417959702831e-02,4.254824485314440352e+00
8.408070341186291152e-01,5.130853797733003069e-02,4.245306759911468220e+00
8.408070341186291152e-01,5.643939177506303306e-02,4.235405649524860650e+00
8.408070341186291152e-01,6.157024557279604238e-02,4.225143968353108903e+00
8.408070341186291152e-01,6.670109937052903781e-02,4.214546373064652407e+00
8.408070341186291152e-01,7.183195316826204713e-02,4.203639275550684395e+00
8.408070341186291152e-01,7.696280696599504256e-02,4.192450749306806834e+00
8.408070341186291152e-01,8.209366076372805188e-02,4.181010429736918610e+00
8.408070341186291152e-01,8.722451456146106119e-02,4.169349408692045955e+00
8.408070341186291152e-01,9.235536835919405663e-02,4.157500123575267992e+00
8.408070341186291152e-01,9.748622215692706594e-02,4.145496241361308343e+00
8.408070341186291152e-01,1.026170759546600614e-01,4.133372537895821708e+00
8.408070341186291152e-01,1.077479297523930707e-01,4.121164772854718272e+00
8.408070341186291152e-01,1.128787835501260661e-01,4.108909560758131185e+00
8.408070341186291152e-01,1.180096373478590754e-01,4.096644238446688568e+00
8.408070341186291152e-01,1.231404911455920848e-01,4.084406729439620243e+00
8.408070341186291152e-01,1.282713449433250941e-01,4.072235405604866187e+00
8.408070341186291152e-01,1.334021987410580756e-01,4.060168946580713367e+00
8.408070341186291152e-01,1.385330525387910849e-01,4.048246197396557555e+00
8.408070341186291152e-01,1.436639063365240943e-01,4.036506024747104959e+00
8.408070341186291152e-01,1.487947601342571036e-01,4.024987172379748124e+00
8.408070341186291152e-01,1.539256139319900851e-01,4.013728116058863371e+00
8.408070341186291152e-01,1.590564677297230944e-01,4.002766918573415822e+00
8.408070341186291152e-01,1.641873215274561038e-01,3.992141085255557442e+00
8.408070341186291152e-01,1.693181753251891131e-01,3.981887420477727701e+00
8.408070341186291152e-01,1.744490291229221224e-01,3.972041885594269406e+00
8.408070341186291152e-01,1.795798829206551039e-01,3.962639458790631508e+00
8.408070341186291152e-01,1.847107367183881133e-01,3.953713997298935912e+00
8.408070341186291152e-01,1.898415905161211226e-01,3.945298102432972076e+00
8.408070341186291152e-01,1.949724443138541319e-01,3.937422987888649750e+00
8.408070341186291152e-01,2.001032981115871134e-01,3.930118351747519334e+00
8.408070341186291152e-01,2.052341519093201228e-01,3.923412252611245599e+00
8.408070341186291152e-01,2.103650057070531321e-01,3.917330990283896419e+00
8.408070341186291152e-01,2.154958595047861414e-01,3.911898991406581594e+00
8.408070341186291152e-01,2.206267133025191507e-01,3.907138700435464074e+00
8.408070341186291152e-01,2.257575671002521323e-01,3.903070476339396411e+00
8.408070341186291152e-01,2.308884208979851416e-01,3.899712495377529731e+00
8.408070341186291152e-01,2.360192746957181509e-01,3.897080660300228594e+00
8.408070341186291152e-01,2.411501284934511602e-01,3.895188516298493830e+00
8.408070341186291152e-01,2.462809822911841695e-01,3.894047174007989831e+00
8.408070341186291152e-01,2.514118360889171511e-01,3.893665239853666193e+00
8.454554897501528332e-01,0.000000000000000000e+00,4.314600780879127129e+00
8.454554897501528332e-01,5.130853797733003242e-03,4.309221910262092337e+00
8.454554897501528332e-01,1.026170759546600648e-02,4.303348165712794327e+00
8.454554897501528332e-01,1.539256139319901059e-02,4.296983022283238363e+00
8.454554897501528332e-01,2.052341519093201297e-02,4.290132258182713265e+00
8.454554897501528332e-01,2.565426898866501534e-02,4.282803934506049792e+00
8.454554897501528332e-01,3.078512278639802119e-02,4.275008366941725590e+00
8.454554897501528332e-01,3.591597658413102356e-02,4.266758089548029709e+00
8.454554897501528332e-01,4.104683038186402594e-02,4.258067810710302936e+00
8.454554897501528332e-01,4.617768417959702831e-02,4.248954361416664938e+00
8.454554897501528332e-01,5.130853797733003069e-02,4.239436636013692805e+00
8.454554897501528332e-01,5.643939177506303306e-02,4.229535525627085235e+00
8.454554897501528332e-01,6.157024557279604238e-02,4.219273844455333489e+00
8.454554897501528332e-01,6.670109937052903781e-02,4.208676249166876993e+00
8.454554897501528332e-01,7.183195316826204713e-02,4.197769151652908981e+00
8.454554897501528332e-01,7.696280696599504256e-02,4.186580625409031420e+00
8.454554897501528332e-01,8.209366076372805188e-02,4.175140305839143195e+00
8.454554897501528332e-01,8.722451456146106119e-02,4.163479284794270541e+00
8.454554897501528332e-01,9.235536835919405663e-02,4.151629999677492577e+00
8.454554897501528332e-01,9.748622215692706594e-02,4.139626117463532928e+00
8.454554897501528332e-01,1.026170759546600614e-01,4.127502413998046293e+00
8.454554897501528332e-01,1.077479297523930707e-01,4.115294648956942858e+00
8.454554897501528332e-01,1.128787835501260661e-01,4.103039436860355771e+00
8.454554897501528332e-01,1.180096373478590754e-01,4.090774114548913154e+00
8.454554897501528332e-01,1.231404911455920848e-01,4.078536605541844828e+00
8.454554897501528332e-01,1.282713449433250941e-01,4.066365281707090773e+00
8.454554897501528332e-01,1.334021987410580756e-01,4.054298822682937953e+00
8.454554897501528332e-01,1.385330525387910849e-01,4.042376073498782141e+00
8.454554897501528332e-01,1.436639063365240943e-01,4.030635900849329545e+00
8.454554897501528332e-01,1.487947601342571036e-01,4.019117048481972709e+00
8.454554897501528332e-01,1.539256139319900851e-01,4.007857992161087957e+00
8.454554897501528332e-01,1.590564677297230944e-01,3.996896794675639963e+00
8.454554897501528332e-01,1.641873215274561038e-01,3.986270961357782028e+00
8.454554897501528332e-01,1.693181753251891131e-01,3.976017296579952287e+00
8.454554897501528332e-01,1.744490291229221224e-01,3.966171761696493991e+00
8.454554897501528332e-01,1.795798829206551039e-01,3.956769334892856094e+00
8.454554897501528332e-01,1.847107367183881133e-01,3.947843873401160497e+00
8.454554897501528332e-01,1.898415905161211226e-01,3.939427978535196662e+00
8.454554897501528332e-01,1.949724443138541319e-01,3.931552863990874336e+00
8.454554897501528332e-01,2.001032981115871134e-01,3.924248227849743920e+00
8.454554897501528332e-01,2.052341519093201228e-01,3.917542128713470184e+00
8.454554897501528332e-01,2.103650057070531321e-01,3.911460866386121005e+00
8.454554897501528332e-01,2.154958595047861414e-01,3.906028867508806179e+00
8.454554897501528332e-01,2.206267133025191507e-01,3.901268576537688659e+00
8.454554897501528332e-01,2.257575671002521323e-01,3.897200352441620996e+00
8.454554897501528332e-01,2.308884208979851416e-01,3.893842371479754316e+00
8.454554897501528332e-01,2.360192746957181509e-01,3.891210536402453180e+00
8.454554897501528332e-01,2.411501284934511602e-01,3.889318392400718416e+00
8.454554897501528332e-01,2.462809822911841695e-01,3.888177050110214417e+00
8.454554897501528332e-01,2.514118360889171511e-01,3.887795115955890779e+00
8.501039453816765512e-01,0.000000000000000000e+00,4.310388983280756037e+00
8.501039453816765512e-01,5.130853797733003242e-03,4.305010112663721245e+00
8.501039453816765512e-01,1.026170759546600648e-02,4.299136368114423234e+00
8.501039453816765512e-01,1.539256139319901059e-02,4.292771224684867271e+00
8.501039453816765512e-01,2.052341519093201297e-02,4.285920460584342173e+00
8.501039453816765512e-01,2.565426898866501534e-02,4.278592136907678700e+00
8.501039453816765512e-01,3.078512278639802119e-02,4.270796569343354498e+00
8.501039453816765512e-01,3.591597658413102356e-02,4.262546291949658617e+00
8.501039453816765512e-01,4.104683038186402594e-02,4.253856013111931844e+00
8.501039453816765512e-01,4.617768417959702831e-02,4.244742563818293846e+00
8.501039453816765512e-01,5.130853797733003069e-02,4.235224838415321713e+00
8.501039453816765512e-01,5.643939177506303306e-02,4.225323728028714143e+00
8.501039453816765512e-01,6.157024557279604238e-02,4.215062046856962397e+00
8.501039453816765512e-01,6.670109937052903781e-02,4.204464451568505901e+00
8.501039453816765512e-01,7.183195316826204713e-02,4.193557354054537889e+00
8.501039453816765512e-01,7.696280696599504256e-02,4.182368827810660328e+00
8.501039453816765512e-01,8.209366076372805188e-02,4.170928508240772103e+00
8.501039453816765512e-01,8.722451456146106119e-02,4.159267487195899449e+00
8.501039453816765512e-01,9.235536835919405663e-02,4.147418202079121485e+00
8.501039453816765512e-01,9.748622215692706594e-02,4.135414319865161836e+00
8.501039453816765512e-01,1.026170759546600614e-01,4.123290616399675201e+00
8.501039453816765512e-01,1.077479297523930707e-01,4.111082851358571766e+00
8.501039453816765512e-01,1.128787835501260661e-01,4.098827639261984679e+00
8.501039453816765512e-01,1.180096373478590754e-01,4.086562316950542062e+00
8.501039453816765512e-01,1.231404911455920848e-01,4.074324807943473736e+00
8.501039453816765512e-01,1.282713449433250941e-01,4.062153484108719681e+00
8.501039453816765512e-01,1.334021987410580756e-01,4.050087025084566861e+00
8.501039453816765512e-01,1.385330525387910849e-01,4.038164275900411049e+00
8.501039453816765512e-01,1.436639063365240943e-01,4.026424103250958453e+00
8.501039453816765512e-01,1.487947601342571036e-01,4.014905250883601617e+00
8.501039453816765512e-01,1.539256139319900851e-01,4.003646194562716865e+00
8.501039453816765512e-01,1.590564677297230944e-01,3.992684997077268871e+00
8.501039453816765512e-01,1.641873215274561038e-01,3.982059163759410936e+00
8.501039453816765512e-01,1.693181753251891131e-01,3.971805498981581195e+00
8.501039453816765512e-01,1.744490291229221224e-01,3.961959964098122899e+00
8.501039453816765512e-01,1.795798829206551039e-01,3.952557537294485002e+00
8.501039453816765512e-01,1.847107367183881133e-01,3.943632075802789405e+00
8.501039453816765512e-01,1.898415905161211226e-01,3.935216180936825570e+00
8.501039453816765512e-01,1.949724443138541319e-01,3.927341066392503244e+00
8.501039453816765512e-01,2.001032981115871134e-01,3.920036430251372828e+00
8.501039453816765512e-01,2.052341519093201228e-01,3.913330331115099092e+00
8.501039453816765512e-01,2.103650057070531321e-01,3.907249068787749913e+00
8.501039453816765512e-01,2.154958595047861414e-01,3.901817069910435087e+00
8.501039453816765512e-01,2.206267133025191507e-01,3.897056778939317567e+00
8.501039453816765512e-01,2.257575671002521323e-01,3.892988554843249904e+00
8.501039453816765512e-01,2.308884208979851416e-01,3.889630573881383224e+00
8.501039453816765512e-01,2.360192746957181509e-01,3.886998738804082087e+00
8.501039453816765512e-01,2.411501284934511602e-01,3.885106594802347324e+00
8.501039453816765512e-01,2.462809822911841695e-01,3.883965252511843325e+00
8.501039453816765512e-01,2.514118360889171511e-01,3.883583318357519687e+00
8.547524010132002692e-01,0.000000000000000000e+00,4.307852346046147751e+00
8.547524010132002692e-01,5.130853797733003242e-03,4.302473475429112959e+00
8.547524010132002692e-01,1.026170759546600648e-02,4.296599730879814949e+00
8.547524010132002692e-01,1.539256139319901059e-02,4.290234587450258985e+00
8.547524010132002692e-01,2.052341519093201297e-02,4.283383823349733888e+00
8.547524010132002692e-01,2.565426898866501534e-02,4.276055499673070415e+00
8.547524010132002692e-01,3.078512278639802119e-02,4.268259932108746213e+00
8.547524010132002692e-01,3.591597658413102356e-02,4.260009654715050331e+00
8.547524010132002692e-01,4.104683038186402594e-02,4.251319375877323559e+00
8.547524010132002692e-01,4.617768417959702831e-02,4.242205926583685560e+00
8.547524010132002692e-01,5.130853797733003069e-02,4.232688201180714316e+00
8.547524010132002692e-01,5.643939177506303306e-02,4.222787090794105858e+00
8.547524010132002692e-01,6.157024557279604238e-02,4.212525409622354111e+00
8.547524010132002692e-01,6.670109937052903781e-02,4.201927814333897615e+00
8.547524010132002692e-01,7.183195316826204713e-02,4.191020716819929604e+00
8.547524010132002692e-01,7.696280696599504256e-02,4.179832190576052042e+00
8.547524010132002692e-01,8.209366076372805188e-02,4.168391871006163818e+00
8.547524010132002692e-01,8.722451456146106119e-02,4.156730849961291163e+00
8.547524010132002692e-01,9.235536835919405663e-02,4.144881564844513200e+00
8.547524010132002692e-01,9.748622215692706594e-02,4.132877682630553551e+00
8.547524010132002692e-01,1.026170759546600614e-01,4.120753979165066916e+00
8.547524010132002692e-01,1.077479297523930707e-01,4.108546214123963480e+00
8.547524010132002692e-01,1.128787835501260661e-01,4.096291002027376393e+00
8.547524010132002692e-01,1.180096373478590754e-01,4.084025679715933776e+00
8.547524010132002692e-01,1.231404911455920848e-01,4.071788170708865451e+00
8.547524010132002692e-01,1.282713449433250941e-01,4.059616846874111395e+00
8.547524010132002692e-01,1.334021987410580756e-01,4.047550387849958575e+00
8.547524010132002692e-01,1.385330525387910849e-01,4.035627638665802763e+00
8.547524010132002692e-01,1.436639063365240943e-01,4.023887466016350167e+00
8.547524010132002692e-01,1.487947601342571036e-01,4.012368613648993332e+00
8.547524010132002692e-01,1.539256139319900851e-01,4.001109557328108579e+00
8.547524010132002692e-01,1.590564677297230944e-01,3.990148359842660586e+00
8.547524010132002692e-01,1.641873215274561038e-01,3.979522526524802650e+00
8.547524010132002692e-01,1.693181753251891131e-01,3.969268861746972910e+00
8.547524010132002692e-01,1.744490291229221224e-01,3.959423326863514614e+00
8.547524010132002692e-01,1.795798829206551039e-01,3.950020900059876716e+00
8.547524010132002692e-01,1.847107367183881133e-01,3.941095438568181120e+00
8.547524010132002692e-01,1.898415905161211226e-01,3.932679543702217284e+00
8.547524010132002692e-01,1.949724443138541319e-01,3.924804429157894958e+00
8.547524010132002692e-01,2.001032981115871134e-01,3.917499793016764542e+00
8.547524010132002692e-01,2.052341519093201228e-01,3.910793693880490807e+00
8.547524010132002692e-01,2.103650057070531321e-01,3.904712431553141627e+00
8.547524010132002692e-01,2.154958595047861414e-01,3.899280432675826802e+00
8.547524010132002692e-01,2.206267133025191507e-01,3.894520141704709282e+00
8.547524010132002692e-01,2.257575671002521323e-01,3.890451917608641619e+00
8.547524010132002692e-01,2.308884208979851416e-01,3.887093936646774939e+00
8.547524010132002692e-01,2.360192746957181509e-01,3.884462101569473802e+00
8.547524010132002692e-01,2.411501284934511602e-01,3.882569957567739038e+00
8.547524010132002692e-01,2.462809822911841695e-01,3.881428615277235039e+00
8.547524010132002692e-01,2.514118360889171511e-01,3.881046681122911401e+00
8.594008566447239872e-01,0.000000000000000000e+00,4.307004365501577503e+00
8.594008566447239872e-01,5.130853797733003242e-03,4.301625494884542711e+00
8.594008566447239872e-01,1.026170759546600648e-02,4.295751750335244701e+00
8.594008566447239872e-01,1.539256139319901059e-02,4.289386606905688737e+00
8.594008566447239872e-01,2.052341519093201297e-02,4.282535842805163639e+00
8.594008566447239872e-01,2.565426898866501534e-02,4.275207519128500167e+00
8.594008566447239872e-01,3.078512278639802119e-02,4.267411951564175965e+00
8.594008566447239872e-01,3.591597658413102356e-02,4.259161674170480083e+00
8.594008566447239872e-01,4.104683038186402594e-02,4.250471395332753310e+00
8.594008566447239872e-01,4.617768417959702831e-02,4.241357946039115312e+00
8.594008566447239872e-01,5.130853797733003069e-02,4.231840220636144068e+00
8.594008566447239872e-01,5.643939177506303306e-02,4.221939110249535609e+00
8.594008566447239872e-01,6.157024557279604238e-02,4.211677429077783863e+00
8.594008566447239872e-01,6.670109937052903781e-02,4.201079833789327367e+00
8.594008566447239872e-01,7.183195316826204713e-02,4.190172736275359355e+00
8.594008566447239872e-01,7.696280696599504256e-02,4.178984210031481794e+00
8.594008566447239872e-01,8.209366076372805188e-02,4.167543890461593570e+00
8.594008566447239872e-01,8.722451456146106119e-02,4.155882869416720915e+00
8.594008566447239872e-01,9.235536835919405663e-02,4.144033584299942952e+00
8.594008566447239872e-01,9.748622215692706594e-02,4.132029702085983303e+00
8.594008566447239872e-01,1.026170759546600614e-01,4.119905998620496668e+00
8.594008566447239872e-01,1.077479297523930707e-01,4.107698233579393232e+00
8.594008566447239872e-01,1.128787835501260661e-01,4.095443021482806145e+00
8.594008566447239872e-01,1.180096373478590754e-01,4.083177699171363528e+00
8.594008566447239872e-01,1.231404911455920848e-01,4.070940190164295203e+00
8.594008566447239872e-01,1.282713449433250941e-01,4.058768866329541147e+00
8.594008566447239872e-01,1.334021987410580756e-01,4.046702407305388327e+00
8.594008566447239872e-01,1.385330525387910849e-01,4.034779658121232515e+00
8.594008566447239872e-01,1.436639063365240943e-01,4.023039485471779919e+00
8.594008566447239872e-01,1.487947601342571036e-01,4.011520633104423084e+00
8.594008566447239872e-01,1.539256139319900851e-01,4.000261576783538331e+00
8.594008566447239872e-01,1.590564677297230944e-01,3.989300379298090338e+00
8.594008566447239872e-01,1.641873215274561038e-01,3.978674545980232402e+00
8.594008566447239872e-01,1.693181753251891131e-01,3.968420881202402661e+00
8.594008566447239872e-01,1.744490291229221224e-01,3.958575346318944366e+00
8.594008566447239872e-01,1.795798829206551039e-01,3.949172919515306468e+00
8.594008566447239872e-01,1.847107367183881133e-01,3.940247458023610871e+00
8.594008566447239872e-01,1.898415905161211226e-01,3.931831563157647036e+00
8.594008566447239872e-01,1.949724443138541319e-01,3.923956448613324710e+00
8.594008566447239872e-01,2.001032981115871134e-01,3.916651812472194294e+00
8.594008566447239872e-01,2.052341519093201228e-01,3.909945713335920559e+00
8.594008566447239872e-01,2.103650057070531321e-01,3.903864451008571379e+00
8.594008566447239872e-01,2.154958595047861414e-01,3.898432452131256554e+00
8.594008566447239872e-01,2.206267133025191507e-01,3.893672161160139034e+00
8.594008566447239872e-01,2.257575671002521323e-01,3.889603937064071371e+00
8.594008566447239872e-01,2.308884208979851416e-01,3.886245956102204691e+00
8.594008566447239872e-01,2.360192746957181509e-01,3.883614121024903554e+00
8.594008566447239872e-01,2.411501284934511602e-01,3.881721977023168790e+00
8.594008566447239872e-01,2.462809822911841695e-01,3.880580634732664791e+00
8.594008566447239872e-01,2.514118360889171511e-01,3.880198700578341153e+00
6.316265307000612506e-01,6.316265307000612506e-01,5.146388670153527300e+00
6.316265307000612506e-01,6.362749863315849685e-01,5.116688742966315040e+00
6.316265307000612506e-01,6.409234419631086865e-01,5.086253242055883916e+00
6.316265307000612506e-01,6.455718975946324045e-01,5.055126990887142568e+00
6.316265307000612506e-01,6.502203532261561225e-01,5.023356897028175005e+00
6.316265307000612506e-01,6.548688088576799515e-01,4.990991869625610811e+00
6.316265307000612506e-01,6.595172644892036695e-01,4.958082731568839385e+00
6.316265307000612506e-01,6.641657201207273875e-01,4.924682126500029788e+00
6.316265307000612506e-01,6.688141757522511055e-01,4.890844420839746576e+00
6.316265307000612506e-01,6.734626313837748235e-01,4.856625601010270188e+00
6.316265307000612506e-01,6.781110870152985415e-01,4.822083166050912695e+00
6.316265307000612506e-01,6.827595426468222595e-01,4.787276015831269049e+00
6.316265307000612506e-01,6.874079982783459775e-01,4.752264335079719793e+00
6.316265307000612506e-01,6.920564539098696955e-01,4.717109473455359137e+00
6.316265307000612506e-01,6.967049095413934134e-01,4.681873821902021504e+00
6.316265307000612506e-01,7.013533651729171314e-01,4.646620685533026318e+00
6.316265307000612506e-01,7.060018208044409604e-01,4.611414153304742136e+00
6.316265307000612506e-01,7.106502764359646784e-01,4.576318964746067586e+00
6.316265307000612506e-01,7.152987320674883964e-01,4.541400374019266550e+00
6.316265307000612506e-01,7.199471876990121144e-01,4.506724011595540702e+00
6.316265307000612506e-01,7.245956433305358324e-01,4.472355743835882080e+00
6.316265307000612506e-01,7.292440989620595504e-01,4.438361530774473707e+00
6.316265307000612506e-01,7.338925545935832684e-01,4.404807282407895208e+00
6.316265307000612506e-01,7.385410102251069864e-01,4.371758713798818086e+00
6.316265307000612506e-01,7.431894658566307044e-01,4.339281199307556847e+00
6.316265307000612506e-01,7.478379214881545334e-01,4.307439626268964261e+00
6.316265307000612506e-01,7.524863771196782514e-01,4.276298248435512761e+00
6.316265307000612506e-01,7.571348327512019694e-01,4.245920539510072089e+00
6.316265307000612506e-01,7.617832883827256873e-01,4.216369047093953881e+00
6.316265307000612506e-01,7.664317440142494053e-01,4.187705247376989348e+00
6.316265307000612506e-01,7.710801996457731233e-01,4.159989400897027068e+00
6.316265307000612506e-01,7.757286552772968413e-01,4.133280409696057589e+00
6.316265307000612506e-01,7.803771109088205593e-01,4.107635676199280717e+00
6.316265307000612506e-01,7.850255665403442773e-01,4.083110964141845045e+00
6.316265307000612506e-01,7.896740221718681063e-01,4.059760261865629438e+00
6.316265307000612506e-01,7.943224778033917133e-01,4.037635648305384350e+00
6.316265307000612506e-01,7.989709334349155423e-01,4.016787161979769927e+00
6.316265307000612506e-01,8.036193890664392603e-01,3.997262673298326519e+00
6.316265307000612506e-01,8.082678446979629783e-01,3.979107760490185886e+00
6.316265307000612506e-01,8.129163003294866963e-01,3.962365589454443615e+00
6.316265307000612506e-01,8.175647559610104143e-01,3.947076797825474159e+00
6.316265307000612506e-01,8.222132115925341322e-01,3.933279383539193930e+00
6.316265307000612506e-01,8.268616672240578502e-01,3.921008598178307381e+00
6.316265307000612506e-01,8.315101228555815682e-01,3.910296845365958340e+00
6.316265307000612506e-01,8.361585784871052862e-01,3.901173584467930056e+00
6.316265307000612506e-01,8.408070341186291152e-01,3.893665239853666193e+00
6.316265307000612506e-01,8.454554897501528332e-01,3.887795115955891223e+00
6.316265307000612506e-01,8.501039453816765512e-01,3.883583318357519687e+00
6.316265307000612506e-01,8.547524010132002692e-01,3.881046681122911401e+00
6.316265307000612506e-01,8.594008566447239872e-01,3.880198700578341153e+00
6.362749863315849685e-01,6.316265307000612506e-01,5.116688742966314152e+00
6.362749863315849685e-01,6.362749863315849685e-01,5.086988815779102779e+00
6.362749863315849685e-01,6.409234419631086865e-01,5.056553314868671656e+00
6.362749863315849685e-01,6.455718975946324045e-01,5.025427063699930308e+00
6.362749863315849685e-01,6.502203532261561225e-01,4.993656969840962745e+00
6.362749863315849685e-01,6.548688088576799515e-01,4.961291942438398550e+00
6.362749863315849685e-01,6.595172644892036695e-01,4.928382804381627125e+00
6.362749863315849685e-01,6.641657201207273875e-01,4.894982199312817528e+00
6.362749863315849685e-01,6.688141757522511055e-01,4.861144493652534315e+00
6.362749863315849685e-01,6.734626313837748235e-01,4.826925673823057927e+00
6.362749863315849685e-01,6.781110870152985415e-01,4.792383238863700434e+00
6.362749863315849685e-01,6.827595426468222595e-01,4.757576088644056789e+00
6.362749863315849685e-01,6.874079982783459775e-01,4.722564407892507532e+00
6.362749863315849685e-01,6.920564539098696955e-01,4.687409546268146876e+00
6.362749863315849685e-01,6.967049095413934134e-01,4.652173894714809244e+00
6.362749863315849685e-01,7.013533651729171314e-01,4.616920758345814058e+00
6.362749863315849685e-01,7.060018208044409604e-01,4.581714226117529876e+00
6.362749863315849685e-01,7.106502764359646784e-01,4.546619037558855325e+00
6.362749863315849685e-01,7.152987320674883964e-01,4.511700446832053402e+00
6.362749863315849685e-01,7.199471876990121144e-01,4.477024084408328441e+00
6.362749863315849685e-01,7.245956433305358324e-01,4.442655816648669820e+00
6.362749863315849685e-01,7.292440989620595504e-01,4.408661603587261446e+00
6.362749863315849685e-01,7.338925545935832684e-01,4.375107355220682948e+00
6.362749863315849685e-01,7.385410102251069864e-01,4.342058786611605825e+00
6.362749863315849685e-01,7.431894658566307044e-01,4.309581272120343698e+00
6.362749863315849685e-01,7.478379214881545334e-01,4.277739699081752889e+00
6.362749863315849685e-01,7.524863771196782514e-01,4.246598321248300500e+00
6.362749863315849685e-01,7.571348327512019694e-01,4.216220612322859829e+00
6.362749863315849685e-01,7.617832883827256873e-01,4.186669119906742509e+00
6.362749863315849685e-01,7.664317440142494053e-01,4.158005320189777088e+00
6.362749863315849685e-01,7.710801996457731233e-01,4.130289473709815695e+00
6.362749863315849685e-01,7.757286552772968413e-01,4.103580482508845328e+00
6.362749863315849685e-01,7.803771109088205593e-01,4.077935749012068456e+00
6.362749863315849685e-01,7.850255665403442773e-01,4.053411036954632785e+00
6.362749863315849685e-01,7.896740221718681063e-01,4.030060334678417178e+00
6.362749863315849685e-01,7.943224778033917133e-01,4.007935721118172090e+00
6.362749863315849685e-01,7.989709334349155423e-01,3.987087234792557666e+00
6.362749863315849685e-01,8.036193890664392603e-01,3.967562746111114258e+00
6.362749863315849685e-01,8.082678446979629783e-01,3.949407833302973625e+00
6.362749863315849685e-01,8.129163003294866963e-01,3.932665662267231355e+00
6.362749863315849685e-01,8.175647559610104143e-01,3.917376870638261899e+00
6.362749863315849685e-01,8.222132115925341322e-01,3.903579456351981669e+00
6.362749863315849685e-01,8.268616672240578502e-01,3.891308670991095120e+00
6.362749863315849685e-01,8.315101228555815682e-01,3.880596918178746080e+00
6.362749863315849685e-01,8.361585784871052862e-01,3.871473657280717795e+00
6.362749863315849685e-01,8.408070341186291152e-01,3.863965312666453933e+00
6.362749863315849685e-01,8.454554897501528332e-01,3.858095188768678963e+00
6.362749863315849685e-01,8.501039453816765512e-01,3.853883391170307426e+00
6.362749863315849685e-01,8.547524010132002692e-01,3.851346753935699141e+00
6.362749863315849685e-01,8.594008566447239872e-01,3.850498773391128893e+00
6.409234419631086865e-01,6.316265307000612506e-01,5.086253242055883916e+00
6.409234419631086865e-01,6.362749863315849685e-01,5.056553314868671656e+00
6.409234419631086865e-01,6.409234419631086865e-01,5.026117813958240532e+00
6.409234419631086865e-01,6.455718975946324045e-01,4.994991562789499184e+00
6.409234419631086865e-01,6.502203532261561225e-01,4.963221468930531621e+00
6.409234419631086865e-01,6.548688088576799515e-01,4.930856441527967426e+00
6.409234419631086865e-01,6.595172644892036695e-01,4.897947303471196001e+00
6.409234419631086865e-01,6.641657201207273875e-01,4.864546698402386404e+00
6.409234419631086865e-01,6.688141757522511055e-01,4.830708992742103192e+00
6.409234419631086865e-01,6.734626313837748235e-01,4.796490172912626804e+00
6.409234419631086865e-01,6.781110870152985415e-01,4.761947737953269311e+00
6.409234419631086865e-01,6.827595426468222595e-01,4.727140587733625665e+00
6.409234419631086865e-01,6.874079982783459775e-01,4.692128906982076408e+00
6.409234419631086865e-01,6.920564539098696955e-01,4.656974045357715752e+00
6.409234419631086865e-01,6.967049095413934134e-01,4.621738393804378120e+00
6.409234419631086865e-01,7.013533651729171314e-01,4.586485257435382934e+00
6.409234419631086865e-01,7.060018208044409604e-01,4.551278725207098752e+00
6.409234419631086865e-01,7.106502764359646784e-01,4.516183536648424202e+00
6.409234419631086865e-01,7.152987320674883964e-01,4.481264945921623166e+00
6.409234419631086865e-01,7.199471876990121144e-01,4.446588583497897318e+00
6.409234419631086865e-01,7.245956433305358324e-01,4.412220315738238696e+00
6.409234419631086865e-01,7.292440989620595504e-01,4.378226102676830322e+00
6.409234419631086865e-01,7.338925545935832684e-01,4.344671854310251824e+00
6.409234419631086865e-01,7.385410102251069864e-01,4.311623285701174702e+00
6.409234419631086865e-01,7.431894658566307044e-01,4.279145771209913462e+00
6.409234419631086865e-01,7.478379214881545334e-01,4.247304198171320877e+00
6.409234419631086865e-01,7.524863771196782514e-01,4.216162820337869377e+00
6.409234419631086865e-01,7.571348327512019694e-01,4.185785111412428705e+00
6.409234419631086865e-01,7.617832883827256873e-01,4.156233618996310497e+00
6.409234419631086865e-01,7.664317440142494053e-01,4.127569819279345964e+00
6.409234419631086865e-01,7.710801996457731233e-01,4.099853972799383683e+00
6.409234419631086865e-01,7.757286552772968413e-01,4.073144981598414205e+00
6.409234419631086865e-01,7.803771109088205593e-01,4.047500248101637332e+00
6.409234419631086865e-01,7.850255665403442773e-01,4.022975536044201661e+00
6.409234419631086865e-01,7.896740221718681063e-01,3.999624833767986054e+00
6.409234419631086865e-01,7.943224778033917133e-01,3.977500220207740966e+00
6.409234419631086865e-01,7.989709334349155423e-01,3.956651733882126543e+00
6.409234419631086865e-01,8.036193890664392603e-01,3.937127245200683134e+00
6.409234419631086865e-01,8.082678446979629783e-01,3.918972332392542501e+00
6.409234419631086865e-01,8.129163003294866963e-01,3.902230161356800231e+00
6.409234419631086865e-01,8.175647559610104143e-01,3.886941369727830775e+00
6.409234419631086865e-01,8.222132115925341322e-01,3.873143955441550546e+00
6.409234419631086865e-01,8.268616672240578502e-01,3.860873170080663996e+00
6.409234419631086865e-01,8.315101228555815682e-01,3.850161417268314956e+00
6.409234419631086865e-01,8.361585784871052862e-01,3.841038156370286671e+00
6.409234419631086865e-01,8.408070341186291152e-01,3.833529811756022809e+00
6.409234419631086865e-01,8.454554897501528332e-01,3.827659687858247839e+00
6.409234419631086865e-01,8.501039453816765512e-01,3.823447890259876303e+00
6.409234419631086865e-01,8.547524010132002692e-01,3.820911253025268017e+00
6.409234419631086865e-01,8.594008566447239872e-01,3.820063272480697769e+00
6.455718975946324045e-01,6.316265307000612506e-01,5.055126990887142568e+00
6.455718975946324045e-01,6.362749863315849685e-01,5.025427063699930308e+00
6.455718975946324045e-01,6.409234419631086865e-01,4.994991562789499184e+00
6.455718975946324045e-01,6.455718975946324045e-01,4.963865311620757836e+00
6.455718975946324045e-01,6.502203532261561225e-01,4.932095217761790273e+00
6.455718975946324045e-01,6.548688088576799515e-01,4.899730190359226079e+00
6.455718975946324045e-01,6.595172644892036695e-01,4.866821052302454653e+00
6.455718975946324045e-01,6.641657201207273875e-01,4.833420447233645056e+00
6.455718975946324045e-01,6.688141757522511055e-01,4.799582741573361844e+00
6.455718975946324045e-01,6.734626313837748235e-01,4.765363921743885456e+00
6.455718975946324045e-01,6.781110870152985415e-01,4.730821486784527963e+00
6.455718975946324045e-01,6.827595426468222595e-01,4.696014336564884317e+00
6.455718975946324045e-01,6.874079982783459775e-01,4.661002655813335060e+00
6.455718975946324045e-01,6.920564539098696955e-01,4.625847794188974405e+00
6.455718975946324045e-01,6.967049095413934134e-01,4.590612142635636772e+00
6.455718975946324045e-01,7.013533651729171314e-01,4.555359006266641586e+00
6.455718975946324045e-01,7.060018208044409604e-01,4.520152474038357404e+00
6.455718975946324045e-01,7.106502764359646784e-01,4.485057285479682854e+00
6.455718975946324045e-01,7.152987320674883964e-01,4.450138694752881818e+00
6.455718975946324045e-01,7.199471876990121144e-01,4.415462332329155970e+00
6.455718975946324045e-01,7.245956433305358324e-01,4.381094064569497348e+00
6.455718975946324045e-01,7.292440989620595504e-01,4.347099851508088975e+00
6.455718975946324045e-01,7.338925545935832684e-01,4.313545603141510476e+00
6.455718975946324045e-01,7.385410102251069864e-01,4.280497034532433354e+00
6.455718975946324045e-01,7.431894658566307044e-01,4.248019520041172115e+00
6.455718975946324045e-01,7.478379214881545334e-01,4.216177947002579529e+00
6.455718975946324045e-01,7.524863771196782514e-01,4.185036569169128029e+00
6.455718975946324045e-01,7.571348327512019694e-01,4.154658860243687357e+00
6.455718975946324045e-01,7.617832883827256873e-01,4.125107367827569149e+00
6.455718975946324045e-01,7.664317440142494053e-01,4.096443568110604616e+00
6.455718975946324045e-01,7.710801996457731233e-01,4.068727721630642336e+00
6.455718975946324045e-01,7.757286552772968413e-01,4.042018730429672857e+00
6.455718975946324045e-01,7.803771109088205593e-01,4.016373996932895984e+00
6.455718975946324045e-01,7.850255665403442773e-01,3.991849284875460313e+00
6.455718975946324045e-01,7.896740221718681063e-01,3.968498582599244706e+00
6.455718975946324045e-01,7.943224778033917133e-01,3.946373969038999618e+00
6.455718975946324045e-01,7.989709334349155423e-01,3.925525482713385195e+00
6.455718975946324045e-01,8.036193890664392603e-01,3.906000994031941786e+00
6.455718975946324045e-01,8.082678446979629783e-01,3.887846081223801153e+00
6.455718975946324045e-01,8.129163003294866963e-01,3.871103910188058883e+00
6.455718975946324045e-01,8.175647559610104143e-01,3.855815118559089427e+00
6.455718975946324045e-01,8.222132115925341322e-01,3.842017704272809198e+00
6.455718975946324045e-01,8.268616672240578502e-01,3.829746918911922648e+00
6.455718975946324045e-01,8.315101228555815682e-01,3.819035166099573608e+00
6.455718975946324045e-01,8.361585784871052862e-01,3.809911905201545324e+00
6.455718975946324045e-01,8.408070341186291152e-01,3.802403560587281461e+00
6.455718975946324045e-01,8.454554897501528332e-01,3.796533436689506491e+00
6.455718975946324045e-01,8.501039453816765512e-01,3.792321639091134955e+00
6.455718975946324045e-01,8.547524010132002692e-01,3.789785001856526669e+00
6.455718975946324045e-01,8.594008566447239872e-01,3.788937021311956421e+00
6.502203532261561225e-01,6.316265307000612506e-01,5.023356897028174117e+00
6.502203532261561225e-01,6.362749863315849685e-01,4.993656969840962745e+00
6.502203532261561225e-01,6.409234419631086865e-01,4.963221468930531621e+00
6.502203532261561225e-01,6.455718975946324045e-01,4.932095217761790273e+00
6.502203532261561225e-01,6.502203532261561225e-01,4.900325123902822710e+00
6.502203532261561225e-01,6.548688088576799515e-01,4.867960096500258516e+00
6.502203532261561225e-01,6.595172644892036695e-01,4.835050958443487090e+00
6.502203532261561225e-01,6.641657201207273875e-01,4.801650353374677493e+00
6.502203532261561225e-01,6.688141757522511055e-01,4.767812647714394281e+00
6.502203532261561225e-01,6.734626313837748235e-01,4.733593827884917893e+00
6.502203532261561225e-01,6.781110870152985415e-01,4.699051392925560400e+00
6.502203532261561225e-01,6.827595426468222595e-01,4.664244242705916754e+00
6.502203532261561225e-01,6.874079982783459775e-01,4.629232561954367497e+00
6.502203532261561225e-01,6.920564539098696955e-01,4.594077700330006842e+00
6.502203532261561225e-01,6.967049095413934134e-01,4.558842048776669209e+00
6.502203532261561225e-01,7.013533651729171314e-01,4.523588912407674023e+00
6.502203532261561225e-01,7.060018208044409604e-01,4.488382380179389841e+00
6.502203532261561225e-01,7.106502764359646784e-01,4.453287191620715291e+00
6.502203532261561225e-01,7.152987320674883964e-01,4.418368600893913367e+00
6.502203532261561225e-01,7.199471876990121144e-01,4.383692238470188407e+00
6.502203532261561225e-01,7.245956433305358324e-01,4.349323970710529785e+00
6.502203532261561225e-01,7.292440989620595504e-01,4.315329757649121412e+00
6.502203532261561225e-01,7.338925545935832684e-01,4.281775509282542913e+00
6.502203532261561225e-01,7.385410102251069864e-01,4.248726940673465791e+00
6.502203532261561225e-01,7.431894658566307044e-01,4.216249426182203663e+00
6.502203532261561225e-01,7.478379214881545334e-01,4.184407853143612854e+00
6.502203532261561225e-01,7.524863771196782514e-01,4.153266475310160466e+00
6.502203532261561225e-01,7.571348327512019694e-01,4.122888766384719794e+00
6.502203532261561225e-01,7.617832883827256873e-01,4.093337273968602474e+00
6.502203532261561225e-01,7.664317440142494053e-01,4.064673474251637053e+00
6.502203532261561225e-01,7.710801996457731233e-01,4.036957627771675661e+00
6.502203532261561225e-01,7.757286552772968413e-01,4.010248636570705294e+00
6.502203532261561225e-01,7.803771109088205593e-01,3.984603903073928421e+00
6.502203532261561225e-01,7.850255665403442773e-01,3.960079191016492750e+00
6.502203532261561225e-01,7.896740221718681063e-01,3.936728488740277143e+00
6.502203532261561225e-01,7.943224778033917133e-01,3.914603875180032055e+00
6.502203532261561225e-01,7.989709334349155423e-01,3.893755388854417632e+00
6.502203532261561225e-01,8.036193890664392603e-01,3.874230900172974223e+00
6.502203532261561225e-01,8.082678446979629783e-01,3.856075987364833590e+00
6.502203532261561225e-01,8.129163003294866963e-01,3.839333816329091320e+00
6.502203532261561225e-01,8.175647559610104143e-01,3.824045024700121864e+00
6.502203532261561225e-01,8.222132115925341322e-01,3.810247610413841635e+00
6.502203532261561225e-01,8.268616672240578502e-01,3.797976825052955085e+00
6.502203532261561225e-01,8.315101228555815682e-01,3.787265072240606045e+00
6.502203532261561225e-01,8.361585784871052862e-01,3.778141811342577761e+00
6.502203532261561225e-01,8.408070341186291152e-01,3.770633466728313898e+00
6.502203532261561225e-01,8.454554897501528332e-01,3.764763342830538928e+00
6.502203532261561225e-01,8.501039453816765512e-01,3.760551545232167392e+00
6.502203532261561225e-01,8.547524010132002692e-01,3.758014907997559106e+00
6.502203532261561225e-01,8.594008566447239872e-01,3.757166927452988858e+00
6.548688088576799515e-01,6.316265307000612506e-01,4.990991869625609922e+00
6.548688088576799515e-01,6.362749863315849685e-01,4.961291942438398550e+00
6.548688088576799515e-01,6.409234419631086865e-01,4.930856441527967426e+00
6.548688088576799515e-01,6.455718975946324045e-01,4.899730190359226079e+00
6.548688088576799515e-01,6.502203532261561225e-01,4.867960096500258516e+00
6.548688088576799515e-01,6.548688088576799515e-01,4.835595069097694321e+00
6.548688088576799515e-01,6.595172644892036695e-01,4.802685931040922895e+00
6.548688088576799515e-01,6.641657201207273875e-01,4.769285325972113299e+00
6.548688088576799515e-01,6.688141757522511055e-01,4.735447620311830086e+00
6.548688088576799515e-01,6.734626313837748235e-01,4.701228800482353698e+00
6.548688088576799515e-01,6.781110870152985415e-01,4.666686365522996205e+00
6.548688088576799515e-01,6.827595426468222595e-01,4.631879215303352559e+00
6.548688088576799515e-01,6.874079982783459775e-01,4.596867534551803303e+00
6.548688088576799515e-01,6.920564539098696955e-01,4.561712672927442647e+00
6.548688088576799515e-01,6.967049095413934134e-01,4.526477021374105014e+00
6.548688088576799515e-01,7.013533651729171314e-01,4.491223885005109828e+00
6.548688088576799515e-01,7.060018208044409604e-01,4.456017352776825646e+00
6.548688088576799515e-01,7.106502764359646784e-01,4.420922164218151096e+00
6.548688088576799515e-01,7.152987320674883964e-01,4.386003573491349172e+00
6.548688088576799515e-01,7.199471876990121144e-01,4.351327211067624212e+00
6.548688088576799515e-01,7.245956433305358324e-01,4.316958943307965590e+00
6.548688088576799515e-01,7.292440989620595504e-01,4.282964730246557217e+00
6.548688088576799515e-01,7.338925545935832684e-01,4.249410481879978718e+00
6.548688088576799515e-01,7.385410102251069864e-01,4.216361913270901596e+00
6.548688088576799515e-01,7.431894658566307044e-01,4.183884398779639469e+00
6.548688088576799515e-01,7.478379214881545334e-01,4.152042825741048659e+00
6.548688088576799515e-01,7.524863771196782514e-01,4.120901447907596271e+00
6.548688088576799515e-01,7.571348327512019694e-01,4.090523738982155599e+00
6.548688088576799515e-01,7.617832883827256873e-01,4.060972246566038280e+00
6.548688088576799515e-01,7.664317440142494053e-01,4.032308446849072858e+00
6.548688088576799515e-01,7.710801996457731233e-01,4.004592600369111466e+00
6.548688088576799515e-01,7.757286552772968413e-01,3.977883609168141099e+00
6.548688088576799515e-01,7.803771109088205593e-01,3.952238875671364227e+00
6.548688088576799515e-01,7.850255665403442773e-01,3.927714163613928555e+00
6.548688088576799515e-01,7.896740221718681063e-01,3.904363461337712948e+00
6.548688088576799515e-01,7.943224778033917133e-01,3.882238847777467861e+00
6.548688088576799515e-01,7.989709334349155423e-01,3.861390361451853437e+00
6.548688088576799515e-01,8.036193890664392603e-01,3.841865872770410029e+00
6.548688088576799515e-01,8.082678446979629783e-01,3.823710959962269396e+00
6.548688088576799515e-01,8.129163003294866963e-01,3.806968788926527125e+00
6.548688088576799515e-01,8.175647559610104143e-01,3.791679997297557669e+00
6.548688088576799515e-01,8.222132115925341322e-01,3.777882583011277440e+00
6.548688088576799515e-01,8.268616672240578502e-01,3.765611797650390891e+00
6.548688088576799515e-01,8.315101228555815682e-01,3.754900044838041850e+00
6.548688088576799515e-01,8.361585784871052862e-01,3.745776783940013566e+00
6.548688088576799515e-01,8.408070341186291152e-01,3.738268439325749704e+00
6.548688088576799515e-01,8.454554897501528332e-01,3.732398315427974733e+00
6.548688088576799515e-01,8.501039453816765512e-01,3.728186517829603197e+00
6.548688088576799515e-01,8.547524010132002692e-01,3.725649880594994912e+00
6.548688088576799515e-01,8.594008566447239872e-01,3.724801900050424663e+00
6.595172644892036695e-01,6.316265307000612506e-01,4.958082731568838497e+00
6.595172644892036695e-01,6.362749863315849685e-01,4.928382804381627125e+00
6.595172644892036695e-01,6.409234419631086865e-01,4.897947303471196001e+00
6.595172644892036695e-01,6.455718975946324045e-01,4.866821052302454653e+00
6.595172644892036695e-01,6.502203532261561225e-01,4.835050958443487090e+00
6.595172644892036695e-01,6.548688088576799515e-01,4.802685931040922895e+00
6.595172644892036695e-01,6.595172644892036695e-01,4.769776792984151470e+00
6.595172644892036695e-01,6.641657201207273875e-01,4.736376187915341873e+00
6.595172644892036695e-01,6.688141757522511055e-01,4.702538482255058661e+00
6.595172644892036695e-01,6.734626313837748235e-01,4.668319662425582273e+00
6.595172644892036695e-01,6.781110870152985415e-01,4.633777227466224780e+00
6.595172644892036695e-01,6.827595426468222595e-01,4.598970077246581134e+00
6.595172644892036695e-01,6.874079982783459775e-01,4.563958396495031877e+00
6.595172644892036695e-01,6.920564539098696955e-01,4.528803534870671221e+00
6.595172644892036695e-01,6.967049095413934134e-01,4.493567883317333589e+00
6.595172644892036695e-01,7.013533651729171314e-01,4.458314746948338403e+00
6.595172644892036695e-01,7.060018208044409604e-01,4.423108214720054221e+00
6.595172644892036695e-01,7.106502764359646784e-01,4.388013026161379670e+00
6.595172644892036695e-01,7.152987320674883964e-01,4.353094435434577747e+00
6.595172644892036695e-01,7.199471876990121144e-01,4.318418073010852787e+00
6.595172644892036695e-01,7.245956433305358324e-01,4.284049805251194165e+00
6.595172644892036695e-01,7.292440989620595504e-01,4.250055592189785791e+00
6.595172644892036695e-01,7.338925545935832684e-01,4.216501343823207293e+00
6.595172644892036695e-01,7.385410102251069864e-01,4.183452775214130170e+00
6.595172644892036695e-01,7.431894658566307044e-01,4.150975260722868043e+00
6.595172644892036695e-01,7.478379214881545334e-01,4.119133687684277234e+00
6.595172644892036695e-01,7.524863771196782514e-01,4.087992309850824846e+00
6.595172644892036695e-01,7.571348327512019694e-01,4.057614600925384174e+00
6.595172644892036695e-01,7.617832883827256873e-01,4.028063108509266854e+00
6.595172644892036695e-01,7.664317440142494053e-01,3.999399308792301433e+00
6.595172644892036695e-01,7.710801996457731233e-01,3.971683462312339596e+00
6.595172644892036695e-01,7.757286552772968413e-01,3.944974471111369674e+00
6.595172644892036695e-01,7.803771109088205593e-01,3.919329737614592801e+00
6.595172644892036695e-01,7.850255665403442773e-01,3.894805025557157130e+00
6.595172644892036695e-01,7.896740221718681063e-01,3.871454323280941523e+00
6.595172644892036695e-01,7.943224778033917133e-01,3.849329709720696435e+00
6.595172644892036695e-01,7.989709334349155423e-01,3.828481223395082012e+00
6.595172644892036695e-01,8.036193890664392603e-01,3.808956734713638603e+00
6.595172644892036695e-01,8.082678446979629783e-01,3.790801821905497970e+00
6.595172644892036695e-01,8.129163003294866963e-01,3.774059650869755700e+00
6.595172644892036695e-01,8.175647559610104143e-01,3.758770859240786244e+00
6.595172644892036695e-01,8.222132115925341322e-01,3.744973444954506014e+00
6.595172644892036695e-01,8.268616672240578502e-01,3.732702659593619465e+00
6.595172644892036695e-01,8.315101228555815682e-01,3.721990906781270425e+00
6.595172644892036695e-01,8.361585784871052862e-01,3.712867645883242140e+00
6.595172644892036695e-01,8.408070341186291152e-01,3.705359301268978278e+00
6.595172644892036695e-01,8.454554897501528332e-01,3.699489177371203308e+00
6.595172644892036695e-01,8.501039453816765512e-01,3.695277379772831772e+00
6.595172644892036695e-01,8.547524010132002692e-01,3.692740742538223486e+00
6.595172644892036695e-01,8.594008566447239872e-01,3.691892761993653238e+00
6.641657201207273875e-01,6.316265307000612506e-01,4.924682126500028900e+00
6.641657201207273875e-01,6.362749863315849685e-01,4.894982199312817528e+00
6.641657201207273875e-01,6.409234419631086865e-01,4.864546698402386404e+00
6.641657201207273875e-01,6.455718975946324045e-01,4.833420447233645056e+00
6.641657201207273875e-01,6.502203532261561225e-01,4.801650353374677493e+00
6.641657201207273875e-01,6.548688088576799515e-01,4.769285325972113299e+00
6.641657201207273875e-01,6.595172644892036695e-01,4.736376187915341873e+00
6.641657201207273875e-01,6.641657201207273875e-01,4.702975582846532276e+00
6.641657201207273875e-01,6.688141757522511055e-01,4.669137877186249064e+00
6.641657201207273875e-01,6.734626313837748235e-01,4.634919057356772676e+00
6.641657201207273875e-01,6.781110870152985415e-01,4.600376622397415183e+00
6.641657201207273875e-01,6.827595426468222595e-01,4.565569472177771537e+00
6.641657201207273875e-01,6.874079982783459775e-01,4.530557791426222281e+00
6.641657201207273875e-01,6.920564539098696955e-01,4.495402929801861625e+00
6.641657201207273875e-01,6.967049095413934134e-01,4.460167278248523992e+00
6.641657201207273875e-01,7.013533651729171314e-01,4.424914141879528806e+00
6.641657201207273875e-01,7.060018208044409604e-01,4.389707609651244624e+00
6.641657201207273875e-01,7.106502764359646784e-01,4.354612421092570074e+00
6.641657201207273875e-01,7.152987320674883964e-01,4.319693830365768150e+00
6.641657201207273875e-01,7.199471876990121144e-01,4.285017467942043190e+00
6.641657201207273875e-01,7.245956433305358324e-01,4.250649200182384568e+00
6.641657201207273875e-01,7.292440989620595504e-01,4.216654987120976195e+00
6.641657201207273875e-01,7.338925545935832684e-01,4.183100738754397696e+00
6.641657201207273875e-01,7.385410102251069864e-01,4.150052170145320574e+00
6.641657201207273875e-01,7.431894658566307044e-01,4.117574655654058446e+00
6.641657201207273875e-01,7.478379214881545334e-01,4.085733082615467637e+00
6.641657201207273875e-01,7.524863771196782514e-01,4.054591704782015249e+00
6.641657201207273875e-01,7.571348327512019694e-01,4.024213995856574577e+00
6.641657201207273875e-01,7.617832883827256873e-01,3.994662503440456813e+00
6.641657201207273875e-01,7.664317440142494053e-01,3.965998703723491836e+00
6.641657201207273875e-01,7.710801996457731233e-01,3.938282857243530000e+00
6.641657201207273875e-01,7.757286552772968413e-01,3.911573866042560077e+00
6.641657201207273875e-01,7.803771109088205593e-01,3.885929132545783204e+00
6.641657201207273875e-01,7.850255665403442773e-01,3.861404420488347533e+00
6.641657201207273875e-01,7.896740221718681063e-01,3.838053718212131926e+00
6.641657201207273875e-01,7.943224778033917133e-01,3.815929104651886838e+00
6.641657201207273875e-01,7.989709334349155423e-01,3.795080618326272415e+00
6.641657201207273875e-01,8.036193890664392603e-01,3.775556129644829007e+00
6.641657201207273875e-01,8.082678446979629783e-01,3.757401216836688373e+00
6.641657201207273875e-01,8.129163003294866963e-01,3.740659045800946103e+00
6.641657201207273875e-01,8.175647559610104143e-01,3.725370254171976647e+00
6.641657201207273875e-01,8.222132115925341322e-01,3.711572839885696418e+00
6.641657201207273875e-01,8.268616672240578502e-01,3.699302054524809868e+00
6.641657201207273875e-01,8.315101228555815682e-01,3.688590301712460828e+00
6.641657201207273875e-01,8.361585784871052862e-01,3.679467040814432544e+00
6.641657201207273875e-01,8.408070341186291152e-01,3.671958696200168681e+00
6.641657201207273875e-01,8.454554897501528332e-01,3.666088572302393711e+00
6.641657201207273875e-01,8.501039453816765512e-01,3.661876774704022175e+00
6.641657201207273875e-01,8.547524010132002692e-01,3.659340137469413889e+00
6.641657201207273875e-01,8.594008566447239872e-01,3.658492156924843641e+00
6.688141757522511055e-01,6.316265307000612506e-01,4.890844420839746576e+00
6.688141757522511055e-01,6.362749863315849685e-01,4.861144493652534315e+00
6.688141757522511055e-01,6.409234419631086865e-01,4.830708992742103192e+00
6.688141757522511055e-01,6.455718975946324045e-01,4.799582741573361844e+00
6.688141757522511055e-01,6.502203532261561225e-01,4.767812647714394281e+00
6.688141757522511055e-01,6.548688088576799515e-01,4.735447620311830086e+00
6.688141757522511055e-01,6.595172644892036695e-01,4.702538482255058661e+00
6.688141757522511055e-01,6.641657201207273875e-01,4.669137877186249064e+00
6.688141757522511055e-01,6.688141757522511055e-01,4.635300171525965851e+00
6.688141757522511055e-01,6.734626313837748235e-01,4.601081351696489463e+00
6.688141757522511055e-01,6.781110870152985415e-01,4.566538916737131970e+00
6.688141757522511055e-01,6.827595426468222595e-01,4.531731766517488325e+00
6.688141757522511055e-01,6.874079982783459775e-01,4.496720085765939068e+00
6.688141757522511055e-01,6.920564539098696955e-01,4.461565224141578412e+00
6.688141757522511055e-01,6.967049095413934134e-01,4.426329572588240779e+00
6.688141757522511055e-01,7.013533651729171314e-01,4.391076436219245593e+00
6.688141757522511055e-01,7.060018208044409604e-01,4.355869903990961411e+00
6.688141757522511055e-01,7.106502764359646784e-01,4.320774715432286861e+00
6.688141757522511055e-01,7.152987320674883964e-01,4.285856124705485826e+00
6.688141757522511055e-01,7.199471876990121144e-01,4.251179762281759977e+00
6.688141757522511055e-01,7.245956433305358324e-01,4.216811494522101356e+00
6.688141757522511055e-01,7.292440989620595504e-01,4.182817281460692982e+00
6.688141757522511055e-01,7.338925545935832684e-01,4.149263033094114483e+00
6.688141757522511055e-01,7.385410102251069864e-01,4.116214464485037361e+00
6.688141757522511055e-01,7.431894658566307044e-01,4.083736949993776122e+00
6.688141757522511055e-01,7.478379214881545334e-01,4.051895376955183536e+00
6.688141757522511055e-01,7.524863771196782514e-01,4.020753999121732036e+00
6.688141757522511055e-01,7.571348327512019694e-01,3.990376290196291365e+00
6.688141757522511055e-01,7.617832883827256873e-01,3.960824797780173601e+00
6.688141757522511055e-01,7.664317440142494053e-01,3.932160998063208623e+00
6.688141757522511055e-01,7.710801996457731233e-01,3.904445151583246787e+00
6.688141757522511055e-01,7.757286552772968413e-01,3.877736160382276864e+00
6.688141757522511055e-01,7.803771109088205593e-01,3.852091426885499992e+00
6.688141757522511055e-01,7.850255665403442773e-01,3.827566714828064320e+00
6.688141757522511055e-01,7.896740221718681063e-01,3.804216012551848713e+00
6.688141757522511055e-01,7.943224778033917133e-01,3.782091398991603626e+00
6.688141757522511055e-01,7.989709334349155423e-01,3.761242912665989202e+00
6.688141757522511055e-01,8.036193890664392603e-01,3.741718423984545794e+00
6.688141757522511055e-01,8.082678446979629783e-01,3.723563511176405161e+00
6.688141757522511055e-01,8.129163003294866963e-01,3.706821340140662890e+00
6.688141757522511055e-01,8.175647559610104143e-01,3.691532548511693435e+00
6.688141757522511055e-01,8.222132115925341322e-01,3.677735134225413205e+00
6.688141757522511055e-01,8.268616672240578502e-01,3.665464348864526656e+00
6.688141757522511055e-01,8.315101228555815682e-01,3.654752596052177616e+00
6.688141757522511055e-01,8.361585784871052862e-01,3.645629335154149331e+00
6.688141757522511055e-01,8.408070341186291152e-01,3.638120990539885469e+00
6.688141757522511055e-01,8.454554897501528332e-01,3.632250866642110498e+00
6.688141757522511055e-01,8.501039453816765512e-01,3.628039069043738962e+00
6.688141757522511055e-01,8.547524010132002692e-01,3.625502431809130677e+00
6.688141757522511055e-01,8.594008566447239872e-01,3.624654451264560429e+00
6.734626313837748235e-01,6.316265307000612506e-01,4.856625601010270188e+00
6.734626313837748235e-01,6.362749863315849685e-01,4.826925673823057927e+00
6.734626313837748235e-01,6.409234419631086865e-01,4.796490172912626804e+00
6.734626313837748235e-01,6.455718975946324045e-01,4.765363921743885456e+00
6.734626313837748235e-01,6.502203532261561225e-01,4.733593827884917893e+00
6.734626313837748235e-01,6.548688088576799515e-01,4.701228800482353698e+00
6.734626313837748235e-01,6.595172644892036695e-01,4.668319662425582273e+00
6.734626313837748235e-01,6.641657201207273875e-01,4.634919057356772676e+00
6.734626313837748235e-01,6.688141757522511055e-01,4.601081351696489463e+00
6.734626313837748235e-01,6.734626313837748235e-01,4.566862531867013075e+00
6.734626313837748235e-01,6.781110870152985415e-01,4.532320096907655582e+00
6.734626313837748235e-01,6.827595426468222595e-01,4.497512946688011937e+00
6.734626313837748235e-01,6.874079982783459775e-01,4.462501265936462680e+00
6.734626313837748235e-01,6.920564539098696955e-01,4.427346404312102024e+00
6.734626313837748235e-01,6.967049095413934134e-01,4.392110752758764392e+00
6.734626313837748235e-01,7.013533651729171314e-01,4.356857616389769206e+00
6.734626313837748235e-01,7.060018208044409604e-01,4.321651084161485024e+00
6.734626313837748235e-01,7.106502764359646784e-01,4.286555895602810473e+00
6.734626313837748235e-01,7.152987320674883964e-01,4.251637304876009438e+00
6.734626313837748235e-01,7.199471876990121144e-01,4.216960942452283589e+00
6.734626313837748235e-01,7.245956433305358324e-01,4.182592674692624968e+00
6.734626313837748235e-01,7.292440989620595504e-01,4.148598461631216594e+00
6.734626313837748235e-01,7.338925545935832684e-01,4.115044213264638095e+00
6.734626313837748235e-01,7.385410102251069864e-01,4.081995644655560973e+00
6.734626313837748235e-01,7.431894658566307044e-01,4.049518130164299734e+00
6.734626313837748235e-01,7.478379214881545334e-01,4.017676557125707149e+00
6.734626313837748235e-01,7.524863771196782514e-01,3.986535179292255648e+00
6.734626313837748235e-01,7.571348327512019694e-01,3.956157470366814977e+00
6.734626313837748235e-01,7.617832883827256873e-01,3.926605977950697213e+00
6.734626313837748235e-01,7.664317440142494053e-01,3.897942178233732236e+00
6.734626313837748235e-01,7.710801996457731233e-01,3.870226331753770399e+00
6.734626313837748235e-01,7.757286552772968413e-01,3.843517340552800476e+00
6.734626313837748235e-01,7.803771109088205593e-01,3.817872607056023604e+00
6.734626313837748235e-01,7.850255665403442773e-01,3.793347894998587932e+00
6.734626313837748235e-01,7.896740221718681063e-01,3.769997192722372326e+00
6.734626313837748235e-01,7.943224778033917133e-01,3.747872579162127238e+00
6.734626313837748235e-01,7.989709334349155423e-01,3.727024092836512814e+00
6.734626313837748235e-01,8.036193890664392603e-01,3.707499604155069406e+00
6.734626313837748235e-01,8.082678446979629783e-01,3.689344691346928773e+00
6.734626313837748235e-01,8.129163003294866963e-01,3.672602520311186503e+00
6.734626313837748235e-01,8.175647559610104143e-01,3.657313728682217047e+00
6.734626313837748235e-01,8.222132115925341322e-01,3.643516314395936817e+00
6.734626313837748235e-01,8.268616672240578502e-01,3.631245529035050268e+00
6.734626313837748235e-01,8.315101228555815682e-01,3.620533776222701228e+00
6.734626313837748235e-01,8.361585784871052862e-01,3.611410515324672943e+00
6.734626313837748235e-01,8.408070341186291152e-01,3.603902170710409081e+00
6.734626313837748235e-01,8.454554897501528332e-01,3.598032046812634110e+00
6.734626313837748235e-01,8.501039453816765512e-01,3.593820249214262574e+00
6.734626313837748235e-01,8.547524010132002692e-01,3.591283611979654289e+00
6.734626313837748235e-01,8.594008566447239872e-01,3.590435631435084041e+00
6.781110870152985415e-01,6.316265307000612506e-01,4.822083166050912695e+00
6.781110870152985415e-01,6.362749863315849685e-01,4.792383238863700434e+00
6.781110870152985415e-01,6.409234419631086865e-01,4.761947737953269311e+00
6.781110870152985415e-01,6.455718975946324045e-01,4.730821486784527963e+00
6.781110870152985415e-01,6.502203532261561225e-01,4.699051392925560400e+00
6.781110870152985415e-01,6.548688088576799515e-01,4.666686365522996205e+00
6.781110870152985415e-01,6.595172644892036695e-01,4.633777227466224780e+00
6.781110870152985415e-01,6.641657201207273875e-01,4.600376622397415183e+00
6.781110870152985415e-01,6.688141757522511055e-01,4.566538916737131970e+00
6.781110870152985415e-01,6.734626313837748235e-01,4.532320096907655582e+00
6.781110870152985415e-01,6.781110870152985415e-01,4.497777661948298089e+00
6.781110870152985415e-01,6.827595426468222595e-01,4.462970511728654444e+00
6.781110870152985415e-01,6.874079982783459775e-01,4.427958830977105187e+00
6.781110870152985415e-01,6.920564539098696955e-01,4.392803969352744531e+00
6.781110870152985415e-01,6.967049095413934134e-01,4.357568317799406898e+00
6.781110870152985415e-01,7.013533651729171314e-01,4.322315181430411712e+00
6.781110870152985415e-01,7.060018208044409604e-01,4.287108649202127530e+00
6.781110870152985415e-01,7.106502764359646784e-01,4.252013460643452980e+00
6.781110870152985415e-01,7.152987320674883964e-01,4.217094869916651945e+00
6.781110870152985415e-01,7.199471876990121144e-01,4.182418507492926096e+00
6.781110870152985415e-01,7.245956433305358324e-01,4.148050239733267475e+00
6.781110870152985415e-01,7.292440989620595504e-01,4.114056026671859101e+00
6.781110870152985415e-01,7.338925545935832684e-01,4.080501778305280602e+00
6.781110870152985415e-01,7.385410102251069864e-01,4.047453209696203480e+00
6.781110870152985415e-01,7.431894658566307044e-01,4.014975695204942241e+00
6.781110870152985415e-01,7.478379214881545334e-01,3.983134122166350100e+00
6.781110870152985415e-01,7.524863771196782514e-01,3.951992744332898155e+00
6.781110870152985415e-01,7.571348327512019694e-01,3.921615035407457484e+00
6.781110870152985415e-01,7.617832883827256873e-01,3.892063542991339720e+00
6.781110870152985415e-01,7.664317440142494053e-01,3.863399743274374742e+00
6.781110870152985415e-01,7.710801996457731233e-01,3.835683896794412906e+00
6.781110870152985415e-01,7.757286552772968413e-01,3.808974905593442983e+00
6.781110870152985415e-01,7.803771109088205593e-01,3.783330172096666111e+00
6.781110870152985415e-01,7.850255665403442773e-01,3.758805460039230439e+00
6.781110870152985415e-01,7.896740221718681063e-01,3.735454757763014833e+00
6.781110870152985415e-01,7.943224778033917133e-01,3.713330144202769745e+00
6.781110870152985415e-01,7.989709334349155423e-01,3.692481657877155321e+00
6.781110870152985415e-01,8.036193890664392603e-01,3.672957169195711913e+00
6.781110870152985415e-01,8.082678446979629783e-01,3.654802256387571280e+00
6.781110870152985415e-01,8.129163003294866963e-01,3.638060085351829009e+00
6.781110870152985415e-01,8.175647559610104143e-01,3.622771293722859554e+00
6.781110870152985415e-01,8.222132115925341322e-01,3.608973879436579324e+00
6.781110870152985415e-01,8.268616672240578502e-01,3.596703094075692775e+00
6.781110870152985415e-01,8.315101228555815682e-01,3.585991341263343735e+00
6.781110870152985415e-01,8.361585784871052862e-01,3.576868080365315450e+00
6.781110870152985415e-01,8.408070341186291152e-01,3.569359735751051588e+00
6.781110870152985415e-01,8.454554897501528332e-01,3.563489611853276617e+00
6.781110870152985415e-01,8.501039453816765512e-01,3.559277814254905081e+00
6.781110870152985415e-01,8.547524010132002692e-01,3.556741177020296796e+00
6.781110870152985415e-01,8.594008566447239872e-01,3.555893196475726548e+00
6.827595426468222595e-01,6.316265307000612506e-01,4.787276015831269049e+00
6.827595426468222595e-01,6.362749863315849685e-01,4.757576088644056789e+00
6.827595426468222595e-01,6.409234419631086865e-01,4.727140587733625665e+00
6.827595426468222595e-01,6.455718975946324045e-01,4.696014336564884317e+00
6.827595426468222595e-01,6.502203532261561225e-01,4.664244242705916754e+00
6.827595426468222595e-01,6.548688088576799515e-01,4.631879215303352559e+00
6.827595426468222595e-01,6.595172644892036695e-01,4.598970077246581134e+00
6.827595426468222595e-01,6.641657201207273875e-01,4.565569472177771537e+00
6.827595426468222595e-01,6.688141757522511055e-01,4.531731766517488325e+00
6.827595426468222595e-01,6.734626313837748235e-01,4.497512946688011937e+00
6.827595426468222595e-01,6.781110870152985415e-01,4.462970511728654444e+00
6.827595426468222595e-01,6.827595426468222595e-01,4.428163361509010798e+00
6.827595426468222595e-01,6.874079982783459775e-01,4.393151680757461541e+00
6.827595426468222595e-01,6.920564539098696955e-01,4.357996819133100885e+00
6.827595426468222595e-01,6.967049095413934134e-01,4.322761167579763253e+00
6.827595426468222595e-01,7.013533651729171314e-01,4.287508031210768067e+00
6.827595426468222595e-01,7.060018208044409604e-01,4.252301498982483885e+00
6.827595426468222595e-01,7.106502764359646784e-01,4.217206310423809335e+00
6.827595426468222595e-01,7.152987320674883964e-01,4.182287719697008299e+00
6.827595426468222595e-01,7.199471876990121144e-01,4.147611357273282451e+00
6.827595426468222595e-01,7.245956433305358324e-01,4.113243089513623829e+00
6.827595426468222595e-01,7.292440989620595504e-01,4.079248876452215455e+00
6.827595426468222595e-01,7.338925545935832684e-01,4.045694628085636957e+00
6.827595426468222595e-01,7.385410102251069864e-01,4.012646059476559834e+00
6.827595426468222595e-01,7.431894658566307044e-01,3.980168544985298151e+00
6.827595426468222595e-01,7.478379214881545334e-01,3.948326971946706454e+00
6.827595426468222595e-01,7.524863771196782514e-01,3.917185594113254510e+00
6.827595426468222595e-01,7.571348327512019694e-01,3.886807885187813838e+00
6.827595426468222595e-01,7.617832883827256873e-01,3.857256392771696074e+00
6.827595426468222595e-01,7.664317440142494053e-01,3.828592593054731097e+00
6.827595426468222595e-01,7.710801996457731233e-01,3.800876746574769260e+00
6.827595426468222595e-01,7.757286552772968413e-01,3.774167755373799338e+00
6.827595426468222595e-01,7.803771109088205593e-01,3.748523021877022465e+00
6.827595426468222595e-01,7.850255665403442773e-01,3.723998309819586794e+00
6.827595426468222595e-01,7.896740221718681063e-01,3.700647607543371187e+00
6.827595426468222595e-01,7.943224778033917133e-01,3.678522993983126099e+00
6.827595426468222595e-01,7.989709334349155423e-01,3.657674507657511676e+00
6.827595426468222595e-01,8.036193890664392603e-01,3.638150018976068267e+00
6.827595426468222595e-01,8.082678446979629783e-01,3.619995106167927634e+00
6.827595426468222595e-01,8.129163003294866963e-01,3.603252935132185364e+00
6.827595426468222595e-01,8.175647559610104143e-01,3.587964143503215908e+00
6.827595426468222595e-01,8.222132115925341322e-01,3.574166729216935678e+00
6.827595426468222595e-01,8.268616672240578502e-01,3.561895943856049129e+00
6.827595426468222595e-01,8.315101228555815682e-01,3.551184191043700089e+00
6.827595426468222595e-01,8.361585784871052862e-01,3.542060930145671804e+00
6.827595426468222595e-01,8.408070341186291152e-01,3.534552585531407942e+00
6.827595426468222595e-01,8.454554897501528332e-01,3.528682461633632972e+00
6.827595426468222595e-01,8.501039453816765512e-01,3.524470664035261436e+00
6.827595426468222595e-01,8.547524010132002692e-01,3.521934026800653150e+00
6.827595426468222595e-01,8.594008566447239872e-01,3.521086046256082902e+00
6.874079982783459775e-01,6.316265307000612506e-01,4.752264335079718904e+00
6.874079982783459775e-01,6.362749863315849685e-01,4.722564407892507532e+00
6.874079982783459775e-01,6.409234419631086865e-01,4.692128906982076408e+00
6.874079982783459775e-01,6.455718975946324045e-01,4.661002655813335060e+00
6.874079982783459775e-01,6.502203532261561225e-01,4.629232561954367497e+00
6.874079982783459775e-01,6.548688088576799515e-01,4.596867534551803303e+00
6.874079982783459775e-01,6.595172644892036695e-01,4.563958396495031877e+00
6.874079982783459775e-01,6.641657201207273875e-01,4.530557791426222281e+00
6.874079982783459775e-01,6.688141757522511055e-01,4.496720085765939068e+00
6.874079982783459775e-01,6.734626313837748235e-01,4.462501265936462680e+00
6.874079982783459775e-01,6.781110870152985415e-01,4.427958830977105187e+00
6.874079982783459775e-01,6.827595426468222595e-01,4.393151680757461541e+00
6.874079982783459775e-01,6.874079982783459775e-01,4.358140000005912285e+00
6.874079982783459775e-01,6.920564539098696955e-01,4.322985138381551629e+00
6.874079982783459775e-01,6.967049095413934134e-01,4.287749486828213996e+00
6.874079982783459775e-01,7.013533651729171314e-01,4.252496350459218810e+00
6.874079982783459775e-01,7.060018208044409604e-01,4.217289818230934628e+00
6.874079982783459775e-01,7.106502764359646784e-01,4.182194629672260078e+00
6.874079982783459775e-01,7.152987320674883964e-01,4.147276038945458154e+00
6.874079982783459775e-01,7.199471876990121144e-01,4.112599676521733194e+00
6.874079982783459775e-01,7.245956433305358324e-01,4.078231408762074572e+00
6.874079982783459775e-01,7.292440989620595504e-01,4.044237195700666199e+00
6.874079982783459775e-01,7.338925545935832684e-01,4.010682947334087700e+00
6.874079982783459775e-01,7.385410102251069864e-01,3.977634378725010578e+00
6.874079982783459775e-01,7.431894658566307044e-01,3.945156864233748895e+00
6.874079982783459775e-01,7.478379214881545334e-01,3.913315291195157197e+00
6.874079982783459775e-01,7.524863771196782514e-01,3.882173913361705253e+00
6.874079982783459775e-01,7.571348327512019694e-01,3.851796204436264581e+00
6.874079982783459775e-01,7.617832883827256873e-01,3.822244712020146817e+00
6.874079982783459775e-01,7.664317440142494053e-01,3.793580912303181840e+00
6.874079982783459775e-01,7.710801996457731233e-01,3.765865065823220004e+00
6.874079982783459775e-01,7.757286552772968413e-01,3.739156074622250081e+00
6.874079982783459775e-01,7.803771109088205593e-01,3.713511341125473209e+00
6.874079982783459775e-01,7.850255665403442773e-01,3.688986629068037537e+00
6.874079982783459775e-01,7.896740221718681063e-01,3.665635926791821930e+00
6.874079982783459775e-01,7.943224778033917133e-01,3.643511313231576842e+00
6.874079982783459775e-01,7.989709334349155423e-01,3.622662826905962419e+00
6.874079982783459775e-01,8.036193890664392603e-01,3.603138338224519011e+00
6.874079982783459775e-01,8.082678446979629783e-01,3.584983425416378378e+00
6.874079982783459775e-01,8.129163003294866963e-01,3.568241254380636107e+00
6.874079982783459775e-01,8.175647559610104143e-01,3.552952462751666651e+00
6.874079982783459775e-01,8.222132115925341322e-01,3.539155048465386422e+00
6.874079982783459775e-01,8.268616672240578502e-01,3.526884263104499873e+00
6.874079982783459775e-01,8.315101228555815682e-01,3.516172510292150832e+00
6.874079982783459775e-01,8.361585784871052862e-01,3.507049249394122548e+00
6.874079982783459775e-01,8.408070341186291152e-01,3.499540904779858685e+00
6.874079982783459775e-01,8.454554897501528332e-01,3.493670780882083715e+00
6.874079982783459775e-01,8.501039453816765512e-01,3.489458983283712179e+00
6.874079982783459775e-01,8.547524010132002692e-01,3.486922346049103894e+00
6.874079982783459775e-01,8.594008566447239872e-01,3.486074365504533645e+00
6.920564539098696955e-01,6.316265307000612506e-01,4.717109473455359137e+00
6.920564539098696955e-01,6.362749863315849685e-01,4.687409546268146876e+00
6.920564539098696955e-01,6.409234419631086865e-01,4.656974045357715752e+00
6.920564539098696955e-01,6.455718975946324045e-01,4.625847794188974405e+00
6.920564539098696955e-01,6.502203532261561225e-01,4.594077700330006842e+00
6.920564539098696955e-01,6.548688088576799515e-01,4.561712672927442647e+00
6.920564539098696955e-01,6.595172644892036695e-01,4.528803534870671221e+00
6.920564539098696955e-01,6.641657201207273875e-01,4.495402929801861625e+00
6.920564539098696955e-01,6.688141757522511055e-01,4.461565224141578412e+00
6.920564539098696955e-01,6.734626313837748235e-01,4.427346404312102024e+00
6.920564539098696955e-01,6.781110870152985415e-01,4.392803969352744531e+00
6.920564539098696955e-01,6.827595426468222595e-01,4.357996819133100885e+00
6.920564539098696955e-01,6.874079982783459775e-01,4.322985138381551629e+00
6.920564539098696955e-01,6.920564539098696955e-01,4.287830276757190973e+00
6.920564539098696955e-01,6.967049095413934134e-01,4.252594625203853340e+00
6.920564539098696955e-01,7.013533651729171314e-01,4.217341488834858154e+00
6.920564539098696955e-01,7.060018208044409604e-01,4.182134956606573972e+00
6.920564539098696955e-01,7.106502764359646784e-01,4.147039768047899422e+00
6.920564539098696955e-01,7.152987320674883964e-01,4.112121177321098386e+00
6.920564539098696955e-01,7.199471876990121144e-01,4.077444814897372538e+00
6.920564539098696955e-01,7.245956433305358324e-01,4.043076547137713916e+00
6.920564539098696955e-01,7.292440989620595504e-01,4.009082334076305543e+00
6.920564539098696955e-01,7.338925545935832684e-01,3.975528085709727044e+00
6.920564539098696955e-01,7.385410102251069864e-01,3.942479517100649922e+00
6.920564539098696955e-01,7.431894658566307044e-01,3.910002002609388239e+00
6.920564539098696955e-01,7.478379214881545334e-01,3.878160429570796541e+00
6.920564539098696955e-01,7.524863771196782514e-01,3.847019051737344597e+00
6.920564539098696955e-01,7.571348327512019694e-01,3.816641342811903925e+00
6.920564539098696955e-01,7.617832883827256873e-01,3.787089850395786161e+00
6.920564539098696955e-01,7.664317440142494053e-01,3.758426050678821184e+00
6.920564539098696955e-01,7.710801996457731233e-01,3.730710204198859348e+00
6.920564539098696955e-01,7.757286552772968413e-01,3.704001212997889425e+00
6.920564539098696955e-01,7.803771109088205593e-01,3.678356479501112553e+00
6.920564539098696955e-01,7.850255665403442773e-01,3.653831767443676881e+00
6.920564539098696955e-01,7.896740221718681063e-01,3.630481065167461274e+00
6.920564539098696955e-01,7.943224778033917133e-01,3.608356451607216187e+00
6.920564539098696955e-01,7.989709334349155423e-01,3.587507965281601763e+00
6.920564539098696955e-01,8.036193890664392603e-01,3.567983476600158355e+00
6.920564539098696955e-01,8.082678446979629783e-01,3.549828563792017722e+00
6.920564539098696955e-01,8.129163003294866963e-01,3.533086392756275451e+00
6.920564539098696955e-01,8.175647559610104143e-01,3.517797601127305995e+00
6.920564539098696955e-01,8.222132115925341322e-01,3.504000186841025766e+00
6.920564539098696955e-01,8.268616672240578502e-01,3.491729401480139217e+00
6.920564539098696955e-01,8.315101228555815682e-01,3.481017648667790176e+00
6.920564539098696955e-01,8.361585784871052862e-01,3.471894387769761892e+00
6.920564539098696955e-01,8.408070341186291152e-01,3.464386043155498029e+00
6.920564539098696955e-01,8.454554897501528332e-01,3.458515919257723059e+00
6.920564539098696955e-01,8.501039453816765512e-01,3.454304121659351523e+00
6.920564539098696955e-01,8.547524010132002692e-01,3.451767484424743238e+00
6.920564539098696955e-01,8.594008566447239872e-01,3.450919503880172989e+00
6.967049095413934134e-01,6.316265307000612506e-01,4.681873821902021504e+00
6.967049095413934134e-01,6.362749863315849685e-01,4.652173894714809244e+00
6.967049095413934134e-01,6.409234419631086865e-01,4.621738393804378120e+00
6.967049095413934134e-01,6.455718975946324045e-01,4.590612142635636772e+00
6.967049095413934134e-01,6.502203532261561225e-01,4.558842048776669209e+00
6.967049095413934134e-01,6.548688088576799515e-01,4.526477021374105014e+00
6.967049095413934134e-01,6.595172644892036695e-01,4.493567883317333589e+00
6.967049095413934134e-01,6.641657201207273875e-01,4.460167278248523992e+00
6.967049095413934134e-01,6.688141757522511055e-01,4.426329572588240779e+00
6.967049095413934134e-01,6.734626313837748235e-01,4.392110752758764392e+00
6.967049095413934134e-01,6.781110870152985415e-01,4.357568317799406898e+00
6.967049095413934134e-01,6.827595426468222595e-01,4.322761167579763253e+00
6.967049095413934134e-01,6.874079982783459775e-01,4.287749486828213996e+00
6.967049095413934134e-01,6.920564539098696955e-01,4.252594625203853340e+00
6.967049095413934134e-01,6.967049095413934134e-01,4.217358973650515708e+00
6.967049095413934134e-01,7.013533651729171314e-01,4.182105837281520522e+00
6.967049095413934134e-01,7.060018208044409604e-01,4.146899305053236340e+00
6.967049095413934134e-01,7.106502764359646784e-01,4.111804116494561789e+00
6.967049095413934134e-01,7.152987320674883964e-01,4.076885525767760754e+00
6.967049095413934134e-01,7.199471876990121144e-01,4.042209163344034906e+00
6.967049095413934134e-01,7.245956433305358324e-01,4.007840895584376284e+00
6.967049095413934134e-01,7.292440989620595504e-01,3.973846682522967910e+00
6.967049095413934134e-01,7.338925545935832684e-01,3.940292434156389412e+00
6.967049095413934134e-01,7.385410102251069864e-01,3.907243865547312289e+00
6.967049095413934134e-01,7.431894658566307044e-01,3.874766351056050606e+00
6.967049095413934134e-01,7.478379214881545334e-01,3.842924778017458909e+00
6.967049095413934134e-01,7.524863771196782514e-01,3.811783400184006965e+00
6.967049095413934134e-01,7.571348327512019694e-01,3.781405691258566293e+00
6.967049095413934134e-01,7.617832883827256873e-01,3.751854198842448529e+00
6.967049095413934134e-01,7.664317440142494053e-01,3.723190399125483552e+00
6.967049095413934134e-01,7.710801996457731233e-01,3.695474552645521715e+00
6.967049095413934134e-01,7.757286552772968413e-01,3.668765561444551793e+00
6.967049095413934134e-01,7.803771109088205593e-01,3.643120827947774920e+00
6.967049095413934134e-01,7.850255665403442773e-01,3.618596115890339249e+00
6.967049095413934134e-01,7.896740221718681063e-01,3.595245413614123642e+00
6.967049095413934134e-01,7.943224778033917133e-01,3.573120800053878554e+00
6.967049095413934134e-01,7.989709334349155423e-01,3.552272313728264130e+00
6.967049095413934134e-01,8.036193890664392603e-01,3.532747825046820722e+00
6.967049095413934134e-01,8.082678446979629783e-01,3.514592912238680089e+00
6.967049095413934134e-01,8.129163003294866963e-01,3.497850741202937819e+00
6.967049095413934134e-01,8.175647559610104143e-01,3.482561949573968363e+00
6.967049095413934134e-01,8.222132115925341322e-01,3.468764535287688133e+00
6.967049095413934134e-01,8.268616672240578502e-01,3.456493749926801584e+00
6.967049095413934134e-01,8.315101228555815682e-01,3.445781997114452544e+00
6.967049095413934134e-01,8.361585784871052862e-01,3.436658736216424259e+00
6.967049095413934134e-01,8.408070341186291152e-01,3.429150391602160397e+00
6.967049095413934134e-01,8.454554897501528332e-01,3.423280267704385427e+00
6.967049095413934134e-01,8.501039453816765512e-01,3.419068470106013891e+00
6.967049095413934134e-01,8.547524010132002692e-01,3.416531832871405605e+00
6.967049095413934134e-01,8.594008566447239872e-01,3.415683852326835357e+00
7.013533651729171314e-01,6.316265307000612506e-01,4.646620685533026318e+00
7.013533651729171314e-01,6.362749863315849685e-01,4.616920758345814058e+00
7.013533651729171314e-01,6.409234419631086865e-01,4.586485257435382934e+00
7.013533651729171314e-01,6.455718975946324045e-01,4.555359006266641586e+00
7.013533651729171314e-01,6.502203532261561225e-01,4.523588912407674023e+00
7.013533651729171314e-01,6.548688088576799515e-01,4.491223885005109828e+00
7.013533651729171314e-01,6.595172644892036695e-01,4.458314746948338403e+00
7.013533651729171314e-01,6.641657201207273875e-01,4.424914141879528806e+00
7.013533651729171314e-01,6.688141757522511055e-01,4.391076436219245593e+00
7.013533651729171314e-01,6.734626313837748235e-01,4.356857616389769206e+00
7.013533651729171314e-01,6.781110870152985415e-01,4.322315181430411712e+00
7.013533651729171314e-01,6.827595426468222595e-01,4.287508031210768067e+00
7.013533651729171314e-01,6.874079982783459775e-01,4.252496350459218810e+00
7.013533651729171314e-01,6.920564539098696955e-01,4.217341488834858154e+00
7.013533651729171314e-01,6.967049095413934134e-01,4.182105837281520522e+00
7.013533651729171314e-01,7.013533651729171314e-01,4.146852700912525336e+00
7.013533651729171314e-01,7.060018208044409604e-01,4.111646168684241154e+00
7.013533651729171314e-01,7.106502764359646784e-01,4.076550980125566603e+00
7.013533651729171314e-01,7.152987320674883964e-01,4.041632389398765568e+00
7.013533651729171314e-01,7.199471876990121144e-01,4.006956026975039720e+00
7.013533651729171314e-01,7.245956433305358324e-01,3.972587759215381098e+00
7.013533651729171314e-01,7.292440989620595504e-01,3.938593546153972724e+00
7.013533651729171314e-01,7.338925545935832684e-01,3.905039297787394226e+00
7.013533651729171314e-01,7.385410102251069864e-01,3.871990729178317103e+00
7.013533651729171314e-01,7.431894658566307044e-01,3.839513214687055420e+00
7.013533651729171314e-01,7.478379214881545334e-01,3.807671641648463723e+00
7.013533651729171314e-01,7.524863771196782514e-01,3.776530263815011779e+00
7.013533651729171314e-01,7.571348327512019694e-01,3.746152554889571107e+00
7.013533651729171314e-01,7.617832883827256873e-01,3.716601062473453343e+00
7.013533651729171314e-01,7.664317440142494053e-01,3.687937262756488366e+00
7.013533651729171314e-01,7.710801996457731233e-01,3.660221416276526529e+00
7.013533651729171314e-01,7.757286552772968413e-01,3.633512425075556607e+00
7.013533651729171314e-01,7.803771109088205593e-01,3.607867691578779734e+00
7.013533651729171314e-01,7.850255665403442773e-01,3.583342979521344063e+00
7.013533651729171314e-01,7.896740221718681063e-01,3.559992277245128456e+00
7.013533651729171314e-01,7.943224778033917133e-01,3.537867663684883368e+00
7.013533651729171314e-01,7.989709334349155423e-01,3.517019177359268944e+00
7.013533651729171314e-01,8.036193890664392603e-01,3.497494688677825536e+00
7.013533651729171314e-01,8.082678446979629783e-01,3.479339775869684903e+00
7.013533651729171314e-01,8.129163003294866963e-01,3.462597604833942633e+00
7.013533651729171314e-01,8.175647559610104143e-01,3.447308813204973177e+00
7.013533651729171314e-01,8.222132115925341322e-01,3.433511398918692947e+00
7.013533651729171314e-01,8.268616672240578502e-01,3.421240613557806398e+00
7.013533651729171314e-01,8.315101228555815682e-01,3.410528860745457358e+00
7.013533651729171314e-01,8.361585784871052862e-01,3.401405599847429073e+00
7.013533651729171314e-01,8.408070341186291152e-01,3.393897255233165211e+00
7.013533651729171314e-01,8.454554897501528332e-01,3.388027131335390241e+00
7.013533651729171314e-01,8.501039453816765512e-01,3.383815333737018705e+00
7.013533651729171314e-01,8.547524010132002692e-01,3.381278696502410419e+00
7.013533651729171314e-01,8.594008566447239872e-01,3.380430715957840171e+00
7.060018208044409604e-01,6.316265307000612506e-01,4.611414153304741248e+00
7.060018208044409604e-01,6.362749863315849685e-01,4.581714226117529876e+00
7.060018208044409604e-01,6.409234419631086865e-01,4.551278725207098752e+00
7.060018208044409604e-01,6.455718975946324045e-01,4.520152474038357404e+00
7.060018208044409604e-01,6.502203532261561225e-01,4.488382380179389841e+00
7.060018208044409604e-01,6.548688088576799515e-01,4.456017352776825646e+00
7.060018208044409604e-01,6.595172644892036695e-01,4.423108214720054221e+00
7.060018208044409604e-01,6.641657201207273875e-01,4.389707609651244624e+00
7.060018208044409604e-01,6.688141757522511055e-01,4.355869903990961411e+00
7.060018208044409604e-01,6.734626313837748235e-01,4.321651084161485024e+00
7.060018208044409604e-01,6.781110870152985415e-01,4.287108649202127530e+00
7.060018208044409604e-01,6.827595426468222595e-01,4.252301498982483885e+00
7.060018208044409604e-01,6.874079982783459775e-01,4.217289818230934628e+00
7.060018208044409604e-01,6.920564539098696955e-01,4.182134956606573972e+00
7.060018208044409604e-01,6.967049095413934134e-01,4.146899305053236340e+00
7.060018208044409604e-01,7.013533651729171314e-01,4.111646168684241154e+00
7.060018208044409604e-01,7.060018208044409604e-01,4.076439636455956972e+00
7.060018208044409604e-01,7.106502764359646784e-01,4.041344447897282421e+00
7.060018208044409604e-01,7.152987320674883964e-01,4.006425857170480498e+00
7.060018208044409604e-01,7.199471876990121144e-01,3.971749494746755538e+00
7.060018208044409604e-01,7.245956433305358324e-01,3.937381226987096916e+00
7.060018208044409604e-01,7.292440989620595504e-01,3.903387013925688542e+00
7.060018208044409604e-01,7.338925545935832684e-01,3.869832765559110044e+00
7.060018208044409604e-01,7.385410102251069864e-01,3.836784196950032921e+00
7.060018208044409604e-01,7.431894658566307044e-01,3.804306682458771238e+00
7.060018208044409604e-01,7.478379214881545334e-01,3.772465109420179541e+00
7.060018208044409604e-01,7.524863771196782514e-01,3.741323731586727597e+00
7.060018208044409604e-01,7.571348327512019694e-01,3.710946022661286925e+00
7.060018208044409604e-01,7.617832883827256873e-01,3.681394530245169161e+00
7.060018208044409604e-01,7.664317440142494053e-01,3.652730730528204184e+00
7.060018208044409604e-01,7.710801996457731233e-01,3.625014884048242347e+00
7.060018208044409604e-01,7.757286552772968413e-01,3.598305892847272425e+00
7.060018208044409604e-01,7.803771109088205593e-01,3.572661159350495552e+00
7.060018208044409604e-01,7.850255665403442773e-01,3.548136447293059881e+00
7.060018208044409604e-01,7.896740221718681063e-01,3.524785745016844274e+00
7.060018208044409604e-01,7.943224778033917133e-01,3.502661131456599186e+00
7.060018208044409604e-01,7.989709334349155423e-01,3.481812645130984762e+00
7.060018208044409604e-01,8.036193890664392603e-01,3.462288156449541354e+00
7.060018208044409604e-01,8.082678446979629783e-01,3.444133243641400721e+00
7.060018208044409604e-01,8.129163003294866963e-01,3.427391072605658451e+00
7.060018208044409604e-01,8.175647559610104143e-01,3.412102280976688995e+00
7.060018208044409604e-01,8.222132115925341322e-01,3.398304866690408765e+00
7.060018208044409604e-01,8.268616672240578502e-01,3.386034081329522216e+00
7.060018208044409604e-01,8.315101228555815682e-01,3.375322328517173176e+00
7.060018208044409604e-01,8.361585784871052862e-01,3.366199067619144891e+00
7.060018208044409604e-01,8.408070341186291152e-01,3.358690723004881029e+00
7.060018208044409604e-01,8.454554897501528332e-01,3.352820599107106059e+00
7.060018208044409604e-01,8.501039453816765512e-01,3.348608801508734523e+00
7.060018208044409604e-01,8.547524010132002692e-01,3.346072164274126237e+00
7.060018208044409604e-01,8.594008566447239872e-01,3.345224183729555989e+00
7.106502764359646784e-01,6.316265307000612506e-01,4.576318964746066698e+00
7.106502764359646784e-01,6.362749863315849685e-01,4.546619037558855325e+00
7.106502764359646784e-01,6.409234419631086865e-01,4.516183536648424202e+00
7.106502764359646784e-01,6.455718975946324045e-01,4.485057285479682854e+00
7.106502764359646784e-01,6.502203532261561225e-01,4.453287191620715291e+00
7.106502764359646784e-01,6.548688088576799515e-01,4.420922164218151096e+00
7.106502764359646784e-01,6.595172644892036695e-01,4.388013026161379670e+00
7.106502764359646784e-01,6.641657201207273875e-01,4.354612421092570074e+00
7.106502764359646784e-01,6.688141757522511055e-01,4.320774715432286861e+00
7.106502764359646784e-01,6.734626313837748235e-01,4.286555895602810473e+00
7.106502764359646784e-01,6.781110870152985415e-01,4.252013460643452980e+00
7.106502764359646784e-01,6.827595426468222595e-01,4.217206310423809335e+00
7.106502764359646784e-01,6.874079982783459775e-01,4.182194629672260078e+00
7.106502764359646784e-01,6.920564539098696955e-01,4.147039768047899422e+00
7.106502764359646784e-01,6.967049095413934134e-01,4.111804116494561789e+00
7.106502764359646784e-01,7.013533651729171314e-01,4.076550980125566603e+00
7.106502764359646784e-01,7.060018208044409604e-01,4.041344447897282421e+00
7.106502764359646784e-01,7.106502764359646784e-01,4.006249259338607871e+00
7.106502764359646784e-01,7.152987320674883964e-01,3.971330668611806392e+00
7.106502764359646784e-01,7.199471876990121144e-01,3.936654306188080987e+00
7.106502764359646784e-01,7.245956433305358324e-01,3.902286038428422366e+00
7.106502764359646784e-01,7.292440989620595504e-01,3.868291825367013992e+00
7.106502764359646784e-01,7.338925545935832684e-01,3.834737577000435493e+00
7.106502764359646784e-01,7.385410102251069864e-01,3.801689008391358371e+00
7.106502764359646784e-01,7.431894658566307044e-01,3.769211493900096688e+00
7.106502764359646784e-01,7.478379214881545334e-01,3.737369920861504990e+00
7.106502764359646784e-01,7.524863771196782514e-01,3.706228543028053046e+00
7.106502764359646784e-01,7.571348327512019694e-01,3.675850834102612374e+00
7.106502764359646784e-01,7.617832883827256873e-01,3.646299341686494611e+00
7.106502764359646784e-01,7.664317440142494053e-01,3.617635541969529633e+00
7.106502764359646784e-01,7.710801996457731233e-01,3.589919695489567797e+00
7.106502764359646784e-01,7.757286552772968413e-01,3.563210704288597874e+00
7.106502764359646784e-01,7.803771109088205593e-01,3.537565970791821002e+00
7.106502764359646784e-01,7.850255665403442773e-01,3.513041258734385330e+00
7.106502764359646784e-01,7.896740221718681063e-01,3.489690556458169723e+00
7.106502764359646784e-01,7.943224778033917133e-01,3.467565942897924636e+00
7.106502764359646784e-01,7.989709334349155423e-01,3.446717456572310212e+00
7.106502764359646784e-01,8.036193890664392603e-01,3.427192967890866804e+00
7.106502764359646784e-01,8.082678446979629783e-01,3.409038055082726171e+00
7.106502764359646784e-01,8.129163003294866963e-01,3.392295884046983900e+00
7.106502764359646784e-01,8.175647559610104143e-01,3.377007092418014444e+00
7.106502764359646784e-01,8.222132115925341322e-01,3.363209678131734215e+00
7.106502764359646784e-01,8.268616672240578502e-01,3.350938892770847666e+00
7.106502764359646784e-01,8.315101228555815682e-01,3.340227139958498626e+00
7.106502764359646784e-01,8.361585784871052862e-01,3.331103879060470341e+00
7.106502764359646784e-01,8.408070341186291152e-01,3.323595534446206479e+00
7.106502764359646784e-01,8.454554897501528332e-01,3.317725410548431508e+00
7.106502764359646784e-01,8.501039453816765512e-01,3.313513612950059972e+00
7.106502764359646784e-01,8.547524010132002692e-01,3.310976975715451687e+00
7.106502764359646784e-01,8.594008566447239872e-01,3.310128995170881439e+00
7.152987320674883964e-01,6.316265307000612506e-01,4.541400374019266550e+00
7.152987320674883964e-01,6.362749863315849685e-01,4.511700446832054290e+00
7.152987320674883964e-01,6.409234419631086865e-01,4.481264945921623166e+00
7.152987320674883964e-01,6.455718975946324045e-01,4.450138694752881818e+00
7.152987320674883964e-01,6.502203532261561225e-01,4.418368600893914255e+00
7.152987320674883964e-01,6.548688088576799515e-01,4.386003573491350060e+00
7.152987320674883964e-01,6.595172644892036695e-01,4.353094435434578635e+00
7.152987320674883964e-01,6.641657201207273875e-01,4.319693830365769038e+00
7.152987320674883964e-01,6.688141757522511055e-01,4.285856124705485826e+00
7.152987320674883964e-01,6.734626313837748235e-01,4.251637304876009438e+00
7.152987320674883964e-01,6.781110870152985415e-01,4.217094869916651945e+00
7.152987320674883964e-01,6.827595426468222595e-01,4.182287719697008299e+00
7.152987320674883964e-01,6.874079982783459775e-01,4.147276038945459042e+00
7.152987320674883964e-01,6.920564539098696955e-01,4.112121177321098386e+00
7.152987320674883964e-01,6.967049095413934134e-01,4.076885525767760754e+00
7.152987320674883964e-01,7.013533651729171314e-01,4.041632389398765568e+00
7.152987320674883964e-01,7.060018208044409604e-01,4.006425857170481386e+00
7.152987320674883964e-01,7.106502764359646784e-01,3.971330668611806392e+00
7.152987320674883964e-01,7.152987320674883964e-01,3.936412077885005356e+00
7.152987320674883964e-01,7.199471876990121144e-01,3.901735715461279952e+00
7.152987320674883964e-01,7.245956433305358324e-01,3.867367447701621330e+00
7.152987320674883964e-01,7.292440989620595504e-01,3.833373234640212956e+00
7.152987320674883964e-01,7.338925545935832684e-01,3.799818986273634458e+00
7.152987320674883964e-01,7.385410102251069864e-01,3.766770417664557336e+00
7.152987320674883964e-01,7.431894658566307044e-01,3.734292903173295652e+00
7.152987320674883964e-01,7.478379214881545334e-01,3.702451330134703955e+00
7.152987320674883964e-01,7.524863771196782514e-01,3.671309952301252011e+00
7.152987320674883964e-01,7.571348327512019694e-01,3.640932243375811339e+00
7.152987320674883964e-01,7.617832883827256873e-01,3.611380750959693575e+00
7.152987320674883964e-01,7.664317440142494053e-01,3.582716951242728598e+00
7.152987320674883964e-01,7.710801996457731233e-01,3.555001104762766762e+00
7.152987320674883964e-01,7.757286552772968413e-01,3.528292113561796839e+00
7.152987320674883964e-01,7.803771109088205593e-01,3.502647380065019966e+00
7.152987320674883964e-01,7.850255665403442773e-01,3.478122668007584295e+00
7.152987320674883964e-01,7.896740221718681063e-01,3.454771965731368688e+00
7.152987320674883964e-01,7.943224778033917133e-01,3.432647352171123600e+00
7.152987320674883964e-01,7.989709334349155423e-01,3.411798865845509177e+00
7.152987320674883964e-01,8.036193890664392603e-01,3.392274377164065768e+00
7.152987320674883964e-01,8.082678446979629783e-01,3.374119464355925135e+00
7.152987320674883964e-01,8.129163003294866963e-01,3.357377293320182865e+00
7.152987320674883964e-01,8.175647559610104143e-01,3.342088501691213409e+00
7.152987320674883964e-01,8.222132115925341322e-01,3.328291087404933180e+00
7.152987320674883964e-01,8.268616672240578502e-01,3.316020302044046630e+00
7.152987320674883964e-01,8.315101228555815682e-01,3.305308549231697590e+00
7.152987320674883964e-01,8.361585784871052862e-01,3.296185288333669305e+00
7.152987320674883964e-01,8.408070341186291152e-01,3.288676943719405443e+00
7.152987320674883964e-01,8.454554897501528332e-01,3.282806819821630473e+00
7.152987320674883964e-01,8.501039453816765512e-01,3.278595022223258937e+00
7.152987320674883964e-01,8.547524010132002692e-01,3.276058384988650651e+00
7.152987320674883964e-01,8.594008566447239872e-01,3.275210404444080403e+00
7.199471876990121144e-01,6.316265307000612506e-01,4.506724011595540702e+00
7.199471876990121144e-01,6.362749863315849685e-01,4.477024084408328441e+00
7.199471876990121144e-01,6.409234419631086865e-01,4.446588583497897318e+00
7.199471876990121144e-01,6.455718975946324045e-01,4.415462332329155970e+00
7.199471876990121144e-01,6.502203532261561225e-01,4.383692238470188407e+00
7.199471876990121144e-01,6.548688088576799515e-01,4.351327211067624212e+00
7.199471876990121144e-01,6.595172644892036695e-01,4.318418073010852787e+00
7.199471876990121144e-01,6.641657201207273875e-01,4.285017467942043190e+00
7.199471876990121144e-01,6.688141757522511055e-01,4.251179762281759977e+00
7.199471876990121144e-01,6.734626313837748235e-01,4.216960942452283589e+00
7.199471876990121144e-01,6.781110870152985415e-01,4.182418507492926096e+00
7.199471876990121144e-01,6.827595426468222595e-01,4.147611357273282451e+00
7.199471876990121144e-01,6.874079982783459775e-01,4.112599676521733194e+00
7.199471876990121144e-01,6.920564539098696955e-01,4.077444814897372538e+00
7.199471876990121144e-01,6.967049095413934134e-01,4.042209163344034906e+00
7.199471876990121144e-01,7.013533651729171314e-01,4.006956026975039720e+00
7.199471876990121144e-01,7.060018208044409604e-01,3.971749494746755982e+00
7.199471876990121144e-01,7.106502764359646784e-01,3.936654306188080543e+00
7.199471876990121144e-01,7.152987320674883964e-01,3.901735715461279508e+00
7.199471876990121144e-01,7.199471876990121144e-01,3.867059353037554104e+00
7.199471876990121144e-01,7.245956433305358324e-01,3.832691085277895482e+00
7.199471876990121144e-01,7.292440989620595504e-01,3.798696872216487108e+00
7.199471876990121144e-01,7.338925545935832684e-01,3.765142623849908610e+00
7.199471876990121144e-01,7.385410102251069864e-01,3.732094055240831487e+00
7.199471876990121144e-01,7.431894658566307044e-01,3.699616540749569804e+00
7.199471876990121144e-01,7.478379214881545334e-01,3.667774967710978107e+00
7.199471876990121144e-01,7.524863771196782514e-01,3.636633589877526163e+00
7.199471876990121144e-01,7.571348327512019694e-01,3.606255880952085491e+00
7.199471876990121144e-01,7.617832883827256873e-01,3.576704388535967727e+00
7.199471876990121144e-01,7.664317440142494053e-01,3.548040588819002750e+00
7.199471876990121144e-01,7.710801996457731233e-01,3.520324742339040913e+00
7.199471876990121144e-01,7.757286552772968413e-01,3.493615751138070991e+00
7.199471876990121144e-01,7.803771109088205593e-01,3.467971017641294118e+00
7.199471876990121144e-01,7.850255665403442773e-01,3.443446305583858447e+00
7.199471876990121144e-01,7.896740221718681063e-01,3.420095603307642840e+00
7.199471876990121144e-01,7.943224778033917133e-01,3.397970989747397752e+00
7.199471876990121144e-01,7.989709334349155423e-01,3.377122503421783328e+00
7.199471876990121144e-01,8.036193890664392603e-01,3.357598014740339920e+00
7.199471876990121144e-01,8.082678446979629783e-01,3.339443101932199287e+00
7.199471876990121144e-01,8.129163003294866963e-01,3.322700930896457017e+00
7.199471876990121144e-01,8.175647559610104143e-01,3.307412139267487561e+00
7.199471876990121144e-01,8.222132115925341322e-01,3.293614724981207331e+00
7.199471876990121144e-01,8.268616672240578502e-01,3.281343939620320782e+00
7.199471876990121144e-01,8.315101228555815682e-01,3.270632186807971742e+00
7.199471876990121144e-01,8.361585784871052862e-01,3.261508925909943457e+00
7.199471876990121144e-01,8.408070341186291152e-01,3.254000581295679595e+00
7.199471876990121144e-01,8.454554897501528332e-01,3.248130457397904625e+00
7.199471876990121144e-01,8.501039453816765512e-01,3.243918659799533089e+00
7.199471876990121144e-01,8.547524010132002692e-01,3.241382022564924803e+00
7.199471876990121144e-01,8.594008566447239872e-01,3.240534042020354555e+00
7.245956433305358324e-01,6.316265307000612506e-01,4.472355743835882080e+00
7.245956433305358324e-01,6.362749863315849685e-01,4.442655816648669820e+00
7.245956433305358324e-01,6.409234419631086865e-01,4.412220315738238696e+00
7.245956433305358324e-01,6.455718975946324045e-01,4.381094064569497348e+00
7.245956433305358324e-01,6.502203532261561225e-01,4.349323970710529785e+00
7.245956433305358324e-01,6.548688088576799515e-01,4.316958943307965590e+00
7.245956433305358324e-01,6.595172644892036695e-01,4.284049805251194165e+00
7.245956433305358324e-01,6.641657201207273875e-01,4.250649200182384568e+00
7.245956433305358324e-01,6.688141757522511055e-01,4.216811494522101356e+00
7.245956433305358324e-01,6.734626313837748235e-01,4.182592674692624968e+00
7.245956433305358324e-01,6.781110870152985415e-01,4.148050239733267475e+00
7.245956433305358324e-01,6.827595426468222595e-01,4.113243089513623829e+00
7.245956433305358324e-01,6.874079982783459775e-01,4.078231408762074572e+00
7.245956433305358324e-01,6.920564539098696955e-01,4.043076547137713916e+00
7.245956433305358324e-01,6.967049095413934134e-01,4.007840895584376284e+00
7.245956433305358324e-01,7.013533651729171314e-01,3.972587759215380654e+00
7.245956433305358324e-01,7.060018208044409604e-01,3.937381226987097360e+00
7.245956433305358324e-01,7.106502764359646784e-01,3.902286038428421922e+00
7.245956433305358324e-01,7.152987320674883964e-01,3.867367447701620886e+00
7.245956433305358324e-01,7.199471876990121144e-01,3.832691085277895482e+00
7.245956433305358324e-01,7.245956433305358324e-01,3.798322817518236860e+00
7.245956433305358324e-01,7.292440989620595504e-01,3.764328604456828486e+00
7.245956433305358324e-01,7.338925545935832684e-01,3.730774356090249988e+00
7.245956433305358324e-01,7.385410102251069864e-01,3.697725787481172866e+00
7.245956433305358324e-01,7.431894658566307044e-01,3.665248272989911182e+00
7.245956433305358324e-01,7.478379214881545334e-01,3.633406699951319485e+00
7.245956433305358324e-01,7.524863771196782514e-01,3.602265322117867541e+00
7.245956433305358324e-01,7.571348327512019694e-01,3.571887613192426869e+00
7.245956433305358324e-01,7.617832883827256873e-01,3.542336120776309105e+00
7.245956433305358324e-01,7.664317440142494053e-01,3.513672321059344128e+00
7.245956433305358324e-01,7.710801996457731233e-01,3.485956474579382292e+00
7.245956433305358324e-01,7.757286552772968413e-01,3.459247483378412369e+00
7.245956433305358324e-01,7.803771109088205593e-01,3.433602749881635496e+00
7.245956433305358324e-01,7.850255665403442773e-01,3.409078037824199825e+00
7.245956433305358324e-01,7.896740221718681063e-01,3.385727335547984218e+00
7.245956433305358324e-01,7.943224778033917133e-01,3.363602721987739130e+00
7.245956433305358324e-01,7.989709334349155423e-01,3.342754235662124707e+00
7.245956433305358324e-01,8.036193890664392603e-01,3.323229746980681298e+00
7.245956433305358324e-01,8.082678446979629783e-01,3.305074834172540665e+00
7.245956433305358324e-01,8.129163003294866963e-01,3.288332663136798395e+00
7.245956433305358324e-01,8.175647559610104143e-01,3.273043871507828939e+00
7.245956433305358324e-01,8.222132115925341322e-01,3.259246457221548710e+00
7.245956433305358324e-01,8.268616672240578502e-01,3.246975671860662160e+00
7.245956433305358324e-01,8.315101228555815682e-01,3.236263919048313120e+00
7.245956433305358324e-01,8.361585784871052862e-01,3.227140658150284835e+00
7.245956433305358324e-01,8.408070341186291152e-01,3.219632313536020973e+00
7.245956433305358324e-01,8.454554897501528332e-01,3.213762189638246003e+00
7.245956433305358324e-01,8.501039453816765512e-01,3.209550392039874467e+00
7.245956433305358324e-01,8.547524010132002692e-01,3.207013754805266181e+00
7.245956433305358324e-01,8.594008566447239872e-01,3.206165774260695933e+00
7.292440989620595504e-01,6.316265307000612506e-01,4.438361530774473707e+00
7.292440989620595504e-01,6.362749863315849685e-01,4.408661603587261446e+00
7.292440989620595504e-01,6.409234419631086865e-01,4.378226102676830322e+00
7.292440989620595504e-01,6.455718975946324045e-01,4.347099851508088975e+00
7.292440989620595504e-01,6.502203532261561225e-01,4.315329757649121412e+00
7.292440989620595504e-01,6.548688088576799515e-01,4.282964730246557217e+00
7.292440989620595504e-01,6.595172644892036695e-01,4.250055592189785791e+00
7.292440989620595504e-01,6.641657201207273875e-01,4.216654987120976195e+00
7.292440989620595504e-01,6.688141757522511055e-01,4.182817281460692982e+00
7.292440989620595504e-01,6.734626313837748235e-01,4.148598461631216594e+00
7.292440989620595504e-01,6.781110870152985415e-01,4.114056026671859101e+00
7.292440989620595504e-01,6.827595426468222595e-01,4.079248876452215455e+00
7.292440989620595504e-01,6.874079982783459775e-01,4.044237195700666199e+00
7.292440989620595504e-01,6.920564539098696955e-01,4.009082334076305543e+00
7.292440989620595504e-01,6.967049095413934134e-01,3.973846682522967466e+00
7.292440989620595504e-01,7.013533651729171314e-01,3.938593546153972280e+00
7.292440989620595504e-01,7.060018208044409604e-01,3.903387013925688986e+00
7.292440989620595504e-01,7.106502764359646784e-01,3.868291825367013548e+00
7.292440989620595504e-01,7.152987320674883964e-01,3.833373234640212512e+00
7.292440989620595504e-01,7.199471876990121144e-01,3.798696872216487108e+00
7.292440989620595504e-01,7.245956433305358324e-01,3.764328604456828486e+00
7.292440989620595504e-01,7.292440989620595504e-01,3.730334391395420113e+00
7.292440989620595504e-01,7.338925545935832684e-01,3.696780143028841614e+00
7.292440989620595504e-01,7.385410102251069864e-01,3.663731574419764492e+00
7.292440989620595504e-01,7.431894658566307044e-01,3.631254059928502809e+00
7.292440989620595504e-01,7.478379214881545334e-01,3.599412486889911111e+00
7.292440989620595504e-01,7.524863771196782514e-01,3.568271109056459167e+00
7.292440989620595504e-01,7.571348327512019694e-01,3.537893400131018495e+00
7.292440989620595504e-01,7.617832883827256873e-01,3.508341907714900731e+00
7.292440989620595504e-01,7.664317440142494053e-01,3.479678107997935754e+00
7.292440989620595504e-01,7.710801996457731233e-01,3.451962261517973918e+00
7.292440989620595504e-01,7.757286552772968413e-01,3.425253270317003995e+00
7.292440989620595504e-01,7.803771109088205593e-01,3.399608536820227123e+00
7.292440989620595504e-01,7.850255665403442773e-01,3.375083824762791451e+00
7.292440989620595504e-01,7.896740221718681063e-01,3.351733122486575844e+00
7.292440989620595504e-01,7.943224778033917133e-01,3.329608508926330757e+00
7.292440989620595504e-01,7.989709334349155423e-01,3.308760022600716333e+00
7.292440989620595504e-01,8.036193890664392603e-01,3.289235533919272925e+00
7.292440989620595504e-01,8.082678446979629783e-01,3.271080621111132292e+00
7.292440989620595504e-01,8.129163003294866963e-01,3.254338450075390021e+00
7.292440989620595504e-01,8.175647559610104143e-01,3.239049658446420565e+00
7.292440989620595504e-01,8.222132115925341322e-01,3.225252244160140336e+00
7.292440989620595504e-01,8.268616672240578502e-01,3.212981458799253787e+00
7.292440989620595504e-01,8.315101228555815682e-01,3.202269705986904746e+00
7.292440989620595504e-01,8.361585784871052862e-01,3.193146445088876462e+00
7.292440989620595504e-01,8.408070341186291152e-01,3.185638100474612600e+00
7.292440989620595504e-01,8.454554897501528332e-01,3.179767976576837629e+00
7.292440989620595504e-01,8.501039453816765512e-01,3.175556178978466093e+00
7.292440989620595504e-01,8.547524010132002692e-01,3.173019541743857808e+00
7.292440989620595504e-01,8.594008566447239872e-01,3.172171561199287559e+00
7.338925545935832684e-01,6.316265307000612506e-01,4.404807282407894320e+00
7.338925545935832684e-01,6.362749863315849685e-01,4.375107355220682948e+00
7.338925545935832684e-01,6.409234419631086865e-01,4.344671854310251824e+00
7.338925545935832684e-01,6.455718975946324045e-01,4.313545603141510476e+00
7.338925545935832684e-01,6.502203532261561225e-01,4.281775509282542913e+00
7.338925545935832684e-01,6.548688088576799515e-01,4.249410481879978718e+00
7.338925545935832684e-01,6.595172644892036695e-01,4.216501343823207293e+00
7.338925545935832684e-01,6.641657201207273875e-01,4.183100738754397696e+00
7.338925545935832684e-01,6.688141757522511055e-01,4.149263033094114483e+00
7.338925545935832684e-01,6.734626313837748235e-01,4.115044213264638095e+00
7.338925545935832684e-01,6.781110870152985415e-01,4.080501778305280602e+00
7.338925545935832684e-01,6.827595426468222595e-01,4.045694628085636957e+00
7.338925545935832684e-01,6.874079982783459775e-01,4.010682947334087700e+00
7.338925545935832684e-01,6.920564539098696955e-01,3.975528085709726600e+00
7.338925545935832684e-01,6.967049095413934134e-01,3.940292434156388968e+00
7.338925545935832684e-01,7.013533651729171314e-01,3.905039297787393782e+00
7.338925545935832684e-01,7.060018208044409604e-01,3.869832765559110488e+00
7.338925545935832684e-01,7.106502764359646784e-01,3.834737577000435049e+00
7.338925545935832684e-01,7.152987320674883964e-01,3.799818986273634014e+00
7.338925545935832684e-01,7.199471876990121144e-01,3.765142623849908610e+00
7.338925545935832684e-01,7.245956433305358324e-01,3.730774356090249988e+00
7.338925545935832684e-01,7.292440989620595504e-01,3.696780143028841614e+00
7.338925545935832684e-01,7.338925545935832684e-01,3.663225894662263116e+00
7.338925545935832684e-01,7.385410102251069864e-01,3.630177326053185993e+00
7.338925545935832684e-01,7.431894658566307044e-01,3.597699811561924310e+00
7.338925545935832684e-01,7.478379214881545334e-01,3.565858238523332613e+00
7.338925545935832684e-01,7.524863771196782514e-01,3.534716860689880669e+00
7.338925545935832684e-01,7.571348327512019694e-01,3.504339151764439997e+00
7.338925545935832684e-01,7.617832883827256873e-01,3.474787659348322233e+00
7.338925545935832684e-01,7.664317440142494053e-01,3.446123859631357256e+00
7.338925545935832684e-01,7.710801996457731233e-01,3.418408013151395419e+00
7.338925545935832684e-01,7.757286552772968413e-01,3.391699021950425497e+00
7.338925545935832684e-01,7.803771109088205593e-01,3.366054288453648624e+00
7.338925545935832684e-01,7.850255665403442773e-01,3.341529576396212953e+00
7.338925545935832684e-01,7.896740221718681063e-01,3.318178874119997346e+00
7.338925545935832684e-01,7.943224778033917133e-01,3.296054260559752258e+00
7.338925545935832684e-01,7.989709334349155423e-01,3.275205774234137834e+00
7.338925545935832684e-01,8.036193890664392603e-01,3.255681285552694426e+00
7.338925545935832684e-01,8.082678446979629783e-01,3.237526372744553793e+00
7.338925545935832684e-01,8.129163003294866963e-01,3.220784201708811523e+00
7.338925545935832684e-01,8.175647559610104143e-01,3.205495410079842067e+00
7.338925545935832684e-01,8.222132115925341322e-01,3.191697995793561837e+00
7.338925545935832684e-01,8.268616672240578502e-01,3.179427210432675288e+00
7.338925545935832684e-01,8.315101228555815682e-01,3.168715457620326248e+00
7.338925545935832684e-01,8.361585784871052862e-01,3.159592196722297963e+00
7.338925545935832684e-01,8.408070341186291152e-01,3.152083852108034101e+00
7.338925545935832684e-01,8.454554897501528332e-01,3.146213728210259131e+00
7.338925545935832684e-01,8.501039453816765512e-01,3.142001930611887595e+00
7.338925545935832684e-01,8.547524010132002692e-01,3.139465293377279309e+00
7.338925545935832684e-01,8.594008566447239872e-01,3.138617312832709061e+00
7.385410102251069864e-01,6.316265307000612506e-01,4.371758713798817197e+00
7.385410102251069864e-01,6.362749863315849685e-01,4.342058786611605825e+00
7.385410102251069864e-01,6.409234419631086865e-01,4.311623285701174702e+00
7.385410102251069864e-01,6.455718975946324045e-01,4.280497034532433354e+00
7.385410102251069864e-01,6.502203532261561225e-01,4.248726940673465791e+00
7.385410102251069864e-01,6.548688088576799515e-01,4.216361913270901596e+00
7.385410102251069864e-01,6.595172644892036695e-01,4.183452775214130170e+00
7.385410102251069864e-01,6.641657201207273875e-01,4.150052170145320574e+00
7.385410102251069864e-01,6.688141757522511055e-01,4.116214464485037361e+00
7.385410102251069864e-01,6.734626313837748235e-01,4.081995644655560973e+00
7.385410102251069864e-01,6.781110870152985415e-01,4.047453209696203480e+00
7.385410102251069864e-01,6.827595426468222595e-01,4.012646059476559834e+00
7.385410102251069864e-01,6.874079982783459775e-01,3.977634378725010578e+00
7.385410102251069864e-01,6.920564539098696955e-01,3.942479517100649478e+00
7.385410102251069864e-01,6.967049095413934134e-01,3.907243865547311845e+00
7.385410102251069864e-01,7.013533651729171314e-01,3.871990729178316659e+00
7.385410102251069864e-01,7.060018208044409604e-01,3.836784196950033365e+00
7.385410102251069864e-01,7.106502764359646784e-01,3.801689008391357927e+00
7.385410102251069864e-01,7.152987320674883964e-01,3.766770417664556891e+00
7.385410102251069864e-01,7.199471876990121144e-01,3.732094055240831487e+00
7.385410102251069864e-01,7.245956433305358324e-01,3.697725787481172866e+00
7.385410102251069864e-01,7.292440989620595504e-01,3.663731574419764492e+00
7.385410102251069864e-01,7.338925545935832684e-01,3.630177326053185993e+00
7.385410102251069864e-01,7.385410102251069864e-01,3.597128757444108871e+00
7.385410102251069864e-01,7.431894658566307044e-01,3.564651242952847188e+00
7.385410102251069864e-01,7.478379214881545334e-01,3.532809669914255490e+00
7.385410102251069864e-01,7.524863771196782514e-01,3.501668292080803546e+00
7.385410102251069864e-01,7.571348327512019694e-01,3.471290583155362874e+00
7.385410102251069864e-01,7.617832883827256873e-01,3.441739090739245110e+00
7.385410102251069864e-01,7.664317440142494053e-01,3.413075291022280133e+00
7.385410102251069864e-01,7.710801996457731233e-01,3.385359444542318297e+00
7.385410102251069864e-01,7.757286552772968413e-01,3.358650453341348374e+00
7.385410102251069864e-01,7.803771109088205593e-01,3.333005719844571502e+00
7.385410102251069864e-01,7.850255665403442773e-01,3.308481007787135830e+00
7.385410102251069864e-01,7.896740221718681063e-01,3.285130305510920223e+00
7.385410102251069864e-01,7.943224778033917133e-01,3.263005691950675136e+00
7.385410102251069864e-01,7.989709334349155423e-01,3.242157205625060712e+00
7.385410102251069864e-01,8.036193890664392603e-01,3.222632716943617304e+00
7.385410102251069864e-01,8.082678446979629783e-01,3.204477804135476671e+00
7.385410102251069864e-01,8.129163003294866963e-01,3.187735633099734400e+00
7.385410102251069864e-01,8.175647559610104143e-01,3.172446841470764944e+00
7.385410102251069864e-01,8.222132115925341322e-01,3.158649427184484715e+00
7.385410102251069864e-01,8.268616672240578502e-01,3.146378641823598166e+00
7.385410102251069864e-01,8.315101228555815682e-01,3.135666889011249125e+00
7.385410102251069864e-01,8.361585784871052862e-01,3.126543628113220841e+00
7.385410102251069864e-01,8.408070341186291152e-01,3.119035283498956979e+00
7.385410102251069864e-01,8.454554897501528332e-01,3.113165159601182008e+00
7.385410102251069864e-01,8.501039453816765512e-01,3.108953362002810472e+00
7.385410102251069864e-01,8.547524010132002692e-01,3.106416724768202187e+00
7.385410102251069864e-01,8.594008566447239872e-01,3.105568744223631938e+00
7.431894658566307044e-01,6.316265307000612506e-01,4.339281199307556847e+00
7.431894658566307044e-01,6.362749863315849685e-01,4.309581272120344586e+00
7.431894658566307044e-01,6.409234419631086865e-01,4.279145771209913462e+00
7.431894658566307044e-01,6.455718975946324045e-01,4.248019520041172115e+00
7.431894658566307044e-01,6.502203532261561225e-01,4.216249426182204552e+00
7.431894658566307044e-01,6.548688088576799515e-01,4.183884398779640357e+00
7.431894658566307044e-01,6.595172644892036695e-01,4.150975260722868931e+00
7.431894658566307044e-01,6.641657201207273875e-01,4.117574655654059335e+00
7.431894658566307044e-01,6.688141757522511055e-01,4.083736949993776122e+00
7.431894658566307044e-01,6.734626313837748235e-01,4.049518130164299734e+00
7.431894658566307044e-01,6.781110870152985415e-01,4.014975695204942241e+00
7.431894658566307044e-01,6.827595426468222595e-01,3.980168544985299039e+00
7.431894658566307044e-01,6.874079982783459775e-01,3.945156864233749339e+00
7.431894658566307044e-01,6.920564539098696955e-01,3.910002002609388239e+00
7.431894658566307044e-01,6.967049095413934134e-01,3.874766351056050606e+00
7.431894658566307044e-01,7.013533651729171314e-01,3.839513214687055420e+00
7.431894658566307044e-01,7.060018208044409604e-01,3.804306682458772126e+00
7.431894658566307044e-01,7.106502764359646784e-01,3.769211493900096688e+00
7.431894658566307044e-01,7.152987320674883964e-01,3.734292903173295652e+00
7.431894658566307044e-01,7.199471876990121144e-01,3.699616540749570248e+00
7.431894658566307044e-01,7.245956433305358324e-01,3.665248272989911626e+00
7.431894658566307044e-01,7.292440989620595504e-01,3.631254059928503253e+00
7.431894658566307044e-01,7.338925545935832684e-01,3.597699811561924754e+00
7.431894658566307044e-01,7.385410102251069864e-01,3.564651242952847632e+00
7.431894658566307044e-01,7.431894658566307044e-01,3.532173728461585949e+00
7.431894658566307044e-01,7.478379214881545334e-01,3.500332155422994251e+00
7.431894658566307044e-01,7.524863771196782514e-01,3.469190777589542307e+00
7.431894658566307044e-01,7.571348327512019694e-01,3.438813068664101635e+00
7.431894658566307044e-01,7.617832883827256873e-01,3.409261576247983871e+00
7.431894658566307044e-01,7.664317440142494053e-01,3.380597776531018894e+00
7.431894658566307044e-01,7.710801996457731233e-01,3.352881930051057058e+00
7.431894658566307044e-01,7.757286552772968413e-01,3.326172938850087135e+00
7.431894658566307044e-01,7.803771109088205593e-01,3.300528205353310263e+00
7.431894658566307044e-01,7.850255665403442773e-01,3.276003493295874591e+00
7.431894658566307044e-01,7.896740221718681063e-01,3.252652791019658984e+00
7.431894658566307044e-01,7.943224778033917133e-01,3.230528177459413897e+00
7.431894658566307044e-01,7.989709334349155423e-01,3.209679691133799473e+00
7.431894658566307044e-01,8.036193890664392603e-01,3.190155202452356065e+00
7.431894658566307044e-01,8.082678446979629783e-01,3.172000289644215432e+00
7.431894658566307044e-01,8.129163003294866963e-01,3.155258118608473161e+00
7.431894658566307044e-01,8.175647559610104143e-01,3.139969326979503705e+00
7.431894658566307044e-01,8.222132115925341322e-01,3.126171912693223476e+00
7.431894658566307044e-01,8.268616672240578502e-01,3.113901127332336927e+00
7.431894658566307044e-01,8.315101228555815682e-01,3.103189374519987886e+00
7.431894658566307044e-01,8.361585784871052862e-01,3.094066113621959602e+00
7.431894658566307044e-01,8.408070341186291152e-01,3.086557769007695740e+00
7.431894658566307044e-01,8.454554897501528332e-01,3.080687645109920769e+00
7.431894658566307044e-01,8.501039453816765512e-01,3.076475847511549233e+00
7.431894658566307044e-01,8.547524010132002692e-01,3.073939210276940948e+00
7.431894658566307044e-01,8.594008566447239872e-01,3.073091229732370699e+00
7.478379214881545334e-01,6.316265307000612506e-01,4.307439626268964261e+00
7.478379214881545334e-01,6.362749863315849685e-01,4.277739699081752001e+00
7.478379214881545334e-01,6.409234419631086865e-01,4.247304198171320877e+00
7.478379214881545334e-01,6.455718975946324045e-01,4.216177947002579529e+00
7.478379214881545334e-01,6.502203532261561225e-01,4.184407853143611966e+00
7.478379214881545334e-01,6.548688088576799515e-01,4.152042825741047771e+00
7.478379214881545334e-01,6.595172644892036695e-01,4.119133687684276346e+00
7.478379214881545334e-01,6.641657201207273875e-01,4.085733082615466749e+00
7.478379214881545334e-01,6.688141757522511055e-01,4.051895376955183536e+00
7.478379214881545334e-01,6.734626313837748235e-01,4.017676557125707149e+00
7.478379214881545334e-01,6.781110870152985415e-01,3.983134122166349655e+00
7.478379214881545334e-01,6.827595426468222595e-01,3.948326971946706454e+00
7.478379214881545334e-01,6.874079982783459775e-01,3.913315291195156753e+00
7.478379214881545334e-01,6.920564539098696955e-01,3.878160429570795653e+00
7.478379214881545334e-01,6.967049095413934134e-01,3.842924778017458021e+00
7.478379214881545334e-01,7.013533651729171314e-01,3.807671641648462835e+00
7.478379214881545334e-01,7.060018208044409604e-01,3.772465109420179541e+00
7.478379214881545334e-01,7.106502764359646784e-01,3.737369920861504102e+00
7.478379214881545334e-01,7.152987320674883964e-01,3.702451330134703067e+00
7.478379214881545334e-01,7.199471876990121144e-01,3.667774967710977663e+00
7.478379214881545334e-01,7.245956433305358324e-01,3.633406699951319041e+00
7.478379214881545334e-01,7.292440989620595504e-01,3.599412486889910667e+00
7.478379214881545334e-01,7.338925545935832684e-01,3.565858238523332169e+00
7.478379214881545334e-01,7.385410102251069864e-01,3.532809669914255046e+00
7.478379214881545334e-01,7.431894658566307044e-01,3.500332155422993363e+00
7.478379214881545334e-01,7.478379214881545334e-01,3.468490582384401666e+00
7.478379214881545334e-01,7.524863771196782514e-01,3.437349204550949722e+00
7.478379214881545334e-01,7.571348327512019694e-01,3.406971495625509050e+00
7.478379214881545334e-01,7.617832883827256873e-01,3.377420003209391286e+00
7.478379214881545334e-01,7.664317440142494053e-01,3.348756203492426309e+00
7.478379214881545334e-01,7.710801996457731233e-01,3.321040357012464472e+00
7.478379214881545334e-01,7.757286552772968413e-01,3.294331365811494550e+00
7.478379214881545334e-01,7.803771109088205593e-01,3.268686632314717677e+00
7.478379214881545334e-01,7.850255665403442773e-01,3.244161920257282006e+00
7.478379214881545334e-01,7.896740221718681063e-01,3.220811217981066399e+00
7.478379214881545334e-01,7.943224778033917133e-01,3.198686604420821311e+00
7.478379214881545334e-01,7.989709334349155423e-01,3.177838118095206887e+00
7.478379214881545334e-01,8.036193890664392603e-01,3.158313629413763479e+00
7.478379214881545334e-01,8.082678446979629783e-01,3.140158716605622846e+00
7.478379214881545334e-01,8.129163003294866963e-01,3.123416545569880576e+00
7.478379214881545334e-01,8.175647559610104143e-01,3.108127753940911120e+00
7.478379214881545334e-01,8.222132115925341322e-01,3.094330339654630890e+00
7.478379214881545334e-01,8.268616672240578502e-01,3.082059554293744341e+00
7.478379214881545334e-01,8.315101228555815682e-01,3.071347801481395301e+00
7.478379214881545334e-01,8.361585784871052862e-01,3.062224540583367016e+00
7.478379214881545334e-01,8.408070341186291152e-01,3.054716195969103154e+00
7.478379214881545334e-01,8.454554897501528332e-01,3.048846072071328184e+00
7.478379214881545334e-01,8.501039453816765512e-01,3.044634274472956648e+00
7.478379214881545334e-01,8.547524010132002692e-01,3.042097637238348362e+00
7.478379214881545334e-01,8.594008566447239872e-01,3.041249656693778114e+00
7.524863771196782514e-01,6.316265307000612506e-01,4.276298248435512761e+00
7.524863771196782514e-01,6.362749863315849685e-01,4.246598321248300500e+00
7.524863771196782514e-01,6.409234419631086865e-01,4.216162820337869377e+00
7.524863771196782514e-01,6.455718975946324045e-01,4.185036569169128029e+00
7.524863771196782514e-01,6.502203532261561225e-01,4.153266475310160466e+00
7.524863771196782514e-01,6.548688088576799515e-01,4.120901447907596271e+00
7.524863771196782514e-01,6.595172644892036695e-01,4.087992309850824846e+00
7.524863771196782514e-01,6.641657201207273875e-01,4.054591704782015249e+00
7.524863771196782514e-01,6.688141757522511055e-01,4.020753999121732036e+00
7.524863771196782514e-01,6.734626313837748235e-01,3.986535179292255204e+00
7.524863771196782514e-01,6.781110870152985415e-01,3.951992744332898155e+00
7.524863771196782514e-01,6.827595426468222595e-01,3.917185594113254954e+00
7.524863771196782514e-01,6.874079982783459775e-01,3.882173913361705253e+00
7.524863771196782514e-01,6.920564539098696955e-01,3.847019051737344153e+00
7.524863771196782514e-01,6.967049095413934134e-01,3.811783400184006521e+00
7.524863771196782514e-01,7.013533651729171314e-01,3.776530263815011335e+00
7.524863771196782514e-01,7.060018208044409604e-01,3.741323731586728041e+00
7.524863771196782514e-01,7.106502764359646784e-01,3.706228543028052602e+00
7.524863771196782514e-01,7.152987320674883964e-01,3.671309952301251567e+00
7.524863771196782514e-01,7.199471876990121144e-01,3.636633589877526163e+00
7.524863771196782514e-01,7.245956433305358324e-01,3.602265322117867541e+00
7.524863771196782514e-01,7.292440989620595504e-01,3.568271109056459167e+00
7.524863771196782514e-01,7.338925545935832684e-01,3.534716860689880669e+00
7.524863771196782514e-01,7.385410102251069864e-01,3.501668292080803546e+00
7.524863771196782514e-01,7.431894658566307044e-01,3.469190777589541863e+00
7.524863771196782514e-01,7.478379214881545334e-01,3.437349204550950166e+00
7.524863771196782514e-01,7.524863771196782514e-01,3.406207826717498222e+00
7.524863771196782514e-01,7.571348327512019694e-01,3.375830117792057550e+00
7.524863771196782514e-01,7.617832883827256873e-01,3.346278625375939786e+00
7.524863771196782514e-01,7.664317440142494053e-01,3.317614825658974809e+00
7.524863771196782514e-01,7.710801996457731233e-01,3.289898979179012972e+00
7.524863771196782514e-01,7.757286552772968413e-01,3.263189987978043050e+00
7.524863771196782514e-01,7.803771109088205593e-01,3.237545254481266177e+00
7.524863771196782514e-01,7.850255665403442773e-01,3.213020542423830506e+00
7.524863771196782514e-01,7.896740221718681063e-01,3.189669840147614899e+00
7.524863771196782514e-01,7.943224778033917133e-01,3.167545226587369811e+00
7.524863771196782514e-01,7.989709334349155423e-01,3.146696740261755387e+00
7.524863771196782514e-01,8.036193890664392603e-01,3.127172251580311979e+00
7.524863771196782514e-01,8.082678446979629783e-01,3.109017338772171346e+00
7.524863771196782514e-01,8.129163003294866963e-01,3.092275167736429076e+00
7.524863771196782514e-01,8.175647559610104143e-01,3.076986376107459620e+00
7.524863771196782514e-01,8.222132115925341322e-01,3.063188961821179390e+00
7.524863771196782514e-01,8.268616672240578502e-01,3.050918176460292841e+00
7.524863771196782514e-01,8.315101228555815682e-01,3.040206423647943801e+00
7.524863771196782514e-01,8.361585784871052862e-01,3.031083162749915516e+00
7.524863771196782514e-01,8.408070341186291152e-01,3.023574818135651654e+00
7.524863771196782514e-01,8.454554897501528332e-01,3.017704694237876684e+00
7.524863771196782514e-01,8.501039453816765512e-01,3.013492896639505148e+00
7.524863771196782514e-01,8.547524010132002692e-01,3.010956259404896862e+00
7.524863771196782514e-01,8.594008566447239872e-01,3.010108278860326614e+00
7.571348327512019694e-01,6.316265307000612506e-01,4.245920539510072089e+00
7.571348327512019694e-01,6.362749863315849685e-01,4.216220612322859829e+00
7.571348327512019694e-01,6.409234419631086865e-01,4.185785111412428705e+00
7.571348327512019694e-01,6.455718975946324045e-01,4.154658860243687357e+00
7.571348327512019694e-01,6.502203532261561225e-01,4.122888766384719794e+00
7.571348327512019694e-01,6.548688088576799515e-01,4.090523738982155599e+00
7.571348327512019694e-01,6.595172644892036695e-01,4.057614600925384174e+00
7.571348327512019694e-01,6.641657201207273875e-01,4.024213995856574577e+00
7.571348327512019694e-01,6.688141757522511055e-01,3.990376290196291365e+00
7.571348327512019694e-01,6.734626313837748235e-01,3.956157470366814533e+00
7.571348327512019694e-01,6.781110870152985415e-01,3.921615035407457484e+00
7.571348327512019694e-01,6.827595426468222595e-01,3.886807885187814282e+00
7.571348327512019694e-01,6.874079982783459775e-01,3.851796204436264581e+00
7.571348327512019694e-01,6.920564539098696955e-01,3.816641342811903481e+00
7.571348327512019694e-01,6.967049095413934134e-01,3.781405691258565849e+00
7.571348327512019694e-01,7.013533651729171314e-01,3.746152554889570663e+00
7.571348327512019694e-01,7.060018208044409604e-01,3.710946022661287369e+00
7.571348327512019694e-01,7.106502764359646784e-01,3.675850834102611930e+00
7.571348327512019694e-01,7.152987320674883964e-01,3.640932243375810895e+00
7.571348327512019694e-01,7.199471876990121144e-01,3.606255880952085491e+00
7.571348327512019694e-01,7.245956433305358324e-01,3.571887613192426869e+00
7.571348327512019694e-01,7.292440989620595504e-01,3.537893400131018495e+00
7.571348327512019694e-01,7.338925545935832684e-01,3.504339151764439997e+00
7.571348327512019694e-01,7.385410102251069864e-01,3.471290583155362874e+00
7.571348327512019694e-01,7.431894658566307044e-01,3.438813068664101191e+00
7.571348327512019694e-01,7.478379214881545334e-01,3.406971495625509494e+00
7.571348327512019694e-01,7.524863771196782514e-01,3.375830117792057550e+00
7.571348327512019694e-01,7.571348327512019694e-01,3.345452408866616878e+00
7.571348327512019694e-01,7.617832883827256873e-01,3.315900916450499114e+00
7.571348327512019694e-01,7.664317440142494053e-01,3.287237116733534137e+00
7.571348327512019694e-01,7.710801996457731233e-01,3.259521270253572300e+00
7.571348327512019694e-01,7.757286552772968413e-01,3.232812279052602378e+00
7.571348327512019694e-01,7.803771109088205593e-01,3.207167545555825505e+00
7.571348327512019694e-01,7.850255665403442773e-01,3.182642833498389834e+00
7.571348327512019694e-01,7.896740221718681063e-01,3.159292131222174227e+00
7.571348327512019694e-01,7.943224778033917133e-01,3.137167517661929139e+00
7.571348327512019694e-01,7.989709334349155423e-01,3.116319031336314715e+00
7.571348327512019694e-01,8.036193890664392603e-01,3.096794542654871307e+00
7.571348327512019694e-01,8.082678446979629783e-01,3.078639629846730674e+00
7.571348327512019694e-01,8.129163003294866963e-01,3.061897458810988404e+00
7.571348327512019694e-01,8.175647559610104143e-01,3.046608667182018948e+00
7.571348327512019694e-01,8.222132115925341322e-01,3.032811252895738718e+00
7.571348327512019694e-01,8.268616672240578502e-01,3.020540467534852169e+00
7.571348327512019694e-01,8.315101228555815682e-01,3.009828714722503129e+00
7.571348327512019694e-01,8.361585784871052862e-01,3.000705453824474844e+00
7.571348327512019694e-01,8.408070341186291152e-01,2.993197109210210982e+00
7.571348327512019694e-01,8.454554897501528332e-01,2.987326985312436012e+00
7.571348327512019694e-01,8.501039453816765512e-01,2.983115187714064476e+00
7.571348327512019694e-01,8.547524010132002692e-01,2.980578550479456190e+00
7.571348327512019694e-01,8.594008566447239872e-01,2.979730569934885942e+00
7.617832883827256873e-01,6.316265307000612506e-01,4.216369047093953881e+00
7.617832883827256873e-01,6.362749863315849685e-01,4.186669119906741621e+00
7.617832883827256873e-01,6.409234419631086865e-01,4.156233618996310497e+00
7.617832883827256873e-01,6.455718975946324045e-01,4.125107367827569149e+00
7.617832883827256873e-01,6.502203532261561225e-01,4.093337273968601586e+00
7.617832883827256873e-01,6.548688088576799515e-01,4.060972246566037391e+00
7.617832883827256873e-01,6.595172644892036695e-01,4.028063108509265966e+00
7.617832883827256873e-01,6.641657201207273875e-01,3.994662503440456369e+00
7.617832883827256873e-01,6.688141757522511055e-01,3.960824797780173157e+00
7.617832883827256873e-01,6.734626313837748235e-01,3.926605977950696325e+00
7.617832883827256873e-01,6.781110870152985415e-01,3.892063542991339276e+00
7.617832883827256873e-01,6.827595426468222595e-01,3.857256392771696074e+00
7.617832883827256873e-01,6.874079982783459775e-01,3.822244712020146373e+00
7.617832883827256873e-01,6.920564539098696955e-01,3.787089850395785273e+00
7.617832883827256873e-01,6.967049095413934134e-01,3.751854198842447641e+00
7.617832883827256873e-01,7.013533651729171314e-01,3.716601062473452455e+00
7.617832883827256873e-01,7.060018208044409604e-01,3.681394530245169161e+00
7.617832883827256873e-01,7.106502764359646784e-01,3.646299341686493722e+00
7.617832883827256873e-01,7.152987320674883964e-01,3.611380750959692687e+00
7.617832883827256873e-01,7.199471876990121144e-01,3.576704388535967283e+00
7.617832883827256873e-01,7.245956433305358324e-01,3.542336120776308661e+00
7.617832883827256873e-01,7.292440989620595504e-01,3.508341907714900287e+00
7.617832883827256873e-01,7.338925545935832684e-01,3.474787659348321789e+00
7.617832883827256873e-01,7.385410102251069864e-01,3.441739090739244666e+00
7.617832883827256873e-01,7.431894658566307044e-01,3.409261576247982983e+00
7.617832883827256873e-01,7.478379214881545334e-01,3.377420003209391286e+00
7.617832883827256873e-01,7.524863771196782514e-01,3.346278625375939342e+00
7.617832883827256873e-01,7.571348327512019694e-01,3.315900916450498670e+00
7.617832883827256873e-01,7.617832883827256873e-01,3.286349424034380906e+00
7.617832883827256873e-01,7.664317440142494053e-01,3.257685624317415929e+00
7.617832883827256873e-01,7.710801996457731233e-01,3.229969777837454092e+00
7.617832883827256873e-01,7.757286552772968413e-01,3.203260786636484170e+00
7.617832883827256873e-01,7.803771109088205593e-01,3.177616053139707297e+00
7.617832883827256873e-01,7.850255665403442773e-01,3.153091341082271626e+00
7.617832883827256873e-01,7.896740221718681063e-01,3.129740638806056019e+00
7.617832883827256873e-01,7.943224778033917133e-01,3.107616025245810931e+00
7.617832883827256873e-01,7.989709334349155423e-01,3.086767538920196507e+00
7.617832883827256873e-01,8.036193890664392603e-01,3.067243050238753099e+00
7.617832883827256873e-01,8.082678446979629783e-01,3.049088137430612466e+00
7.617832883827256873e-01,8.129163003294866963e-01,3.032345966394870196e+00
7.617832883827256873e-01,8.175647559610104143e-01,3.017057174765900740e+00
7.617832883827256873e-01,8.222132115925341322e-01,3.003259760479620510e+00
7.617832883827256873e-01,8.268616672240578502e-01,2.990988975118733961e+00
7.617832883827256873e-01,8.315101228555815682e-01,2.980277222306384921e+00
7.617832883827256873e-01,8.361585784871052862e-01,2.971153961408356636e+00
7.617832883827256873e-01,8.408070341186291152e-01,2.963645616794092774e+00
7.617832883827256873e-01,8.454554897501528332e-01,2.957775492896317804e+00
7.617832883827256873e-01,8.501039453816765512e-01,2.953563695297946268e+00
7.617832883827256873e-01,8.547524010132002692e-01,2.951027058063337982e+00
7.617832883827256873e-01,8.594008566447239872e-01,2.950179077518767734e+00
7.664317440142494053e-01,6.316265307000612506e-01,4.187705247376989348e+00
7.664317440142494053e-01,6.362749863315849685e-01,4.158005320189777088e+00
7.664317440142494053e-01,6.409234419631086865e-01,4.127569819279345964e+00
7.664317440142494053e-01,6.455718975946324045e-01,4.096443568110604616e+00
7.664317440142494053e-01,6.502203532261561225e-01,4.064673474251637053e+00
7.664317440142494053e-01,6.548688088576799515e-01,4.032308446849072858e+00
7.664317440142494053e-01,6.595172644892036695e-01,3.999399308792300989e+00
7.664317440142494053e-01,6.641657201207273875e-01,3.965998703723491836e+00
7.664317440142494053e-01,6.688141757522511055e-01,3.932160998063208623e+00
7.664317440142494053e-01,6.734626313837748235e-01,3.897942178233731791e+00
7.664317440142494053e-01,6.781110870152985415e-01,3.863399743274374742e+00
7.664317440142494053e-01,6.827595426468222595e-01,3.828592593054731541e+00
7.664317440142494053e-01,6.874079982783459775e-01,3.793580912303181840e+00
7.664317440142494053e-01,6.920564539098696955e-01,3.758426050678820740e+00
7.664317440142494053e-01,6.967049095413934134e-01,3.723190399125483108e+00
7.664317440142494053e-01,7.013533651729171314e-01,3.687937262756487922e+00
7.664317440142494053e-01,7.060018208044409604e-01,3.652730730528204628e+00
7.664317440142494053e-01,7.106502764359646784e-01,3.617635541969529189e+00
7.664317440142494053e-01,7.152987320674883964e-01,3.582716951242728154e+00
7.664317440142494053e-01,7.199471876990121144e-01,3.548040588819002750e+00
7.664317440142494053e-01,7.245956433305358324e-01,3.513672321059344128e+00
7.664317440142494053e-01,7.292440989620595504e-01,3.479678107997935754e+00
7.664317440142494053e-01,7.338925545935832684e-01,3.446123859631357256e+00
7.664317440142494053e-01,7.385410102251069864e-01,3.413075291022280133e+00
7.664317440142494053e-01,7.431894658566307044e-01,3.380597776531018450e+00
7.664317440142494053e-01,7.478379214881545334e-01,3.348756203492426753e+00
7.664317440142494053e-01,7.524863771196782514e-01,3.317614825658974809e+00
7.664317440142494053e-01,7.571348327512019694e-01,3.287237116733534137e+00
7.664317440142494053e-01,7.617832883827256873e-01,3.257685624317416373e+00
7.664317440142494053e-01,7.664317440142494053e-01,3.229021824600451396e+00
7.664317440142494053e-01,7.710801996457731233e-01,3.201305978120489559e+00
7.664317440142494053e-01,7.757286552772968413e-01,3.174596986919519637e+00
7.664317440142494053e-01,7.803771109088205593e-01,3.148952253422742764e+00
7.664317440142494053e-01,7.850255665403442773e-01,3.124427541365307093e+00
7.664317440142494053e-01,7.896740221718681063e-01,3.101076839089091486e+00
7.664317440142494053e-01,7.943224778033917133e-01,3.078952225528846398e+00
7.664317440142494053e-01,7.989709334349155423e-01,3.058103739203231974e+00
7.664317440142494053e-01,8.036193890664392603e-01,3.038579250521788566e+00
7.664317440142494053e-01,8.082678446979629783e-01,3.020424337713647933e+00
7.664317440142494053e-01,8.129163003294866963e-01,3.003682166677905663e+00
7.664317440142494053e-01,8.175647559610104143e-01,2.988393375048936207e+00
7.664317440142494053e-01,8.222132115925341322e-01,2.974595960762655977e+00
7.664317440142494053e-01,8.268616672240578502e-01,2.962325175401769428e+00
7.664317440142494053e-01,8.315101228555815682e-01,2.951613422589420388e+00
7.664317440142494053e-01,8.361585784871052862e-01,2.942490161691392103e+00
7.664317440142494053e-01,8.408070341186291152e-01,2.934981817077128241e+00
7.664317440142494053e-01,8.454554897501528332e-01,2.929111693179353271e+00
7.664317440142494053e-01,8.501039453816765512e-01,2.924899895580981735e+00
7.664317440142494053e-01,8.547524010132002692e-01,2.922363258346373449e+00
7.664317440142494053e-01,8.594008566447239872e-01,2.921515277801803201e+00
7.710801996457731233e-01,6.316265307000612506e-01,4.159989400897027068e+00
7.710801996457731233e-01,6.362749863315849685e-01,4.130289473709814807e+00
7.710801996457731233e-01,6.409234419631086865e-01,4.099853972799383683e+00
7.710801996457731233e-01,6.455718975946324045e-01,4.068727721630642336e+00
7.710801996457731233e-01,6.502203532261561225e-01,4.036957627771674773e+00
7.710801996457731233e-01,6.548688088576799515e-01,4.004592600369110578e+00
7.710801996457731233e-01,6.595172644892036695e-01,3.971683462312338708e+00
7.710801996457731233e-01,6.641657201207273875e-01,3.938282857243529556e+00
7.710801996457731233e-01,6.688141757522511055e-01,3.904445151583246343e+00
7.710801996457731233e-01,6.734626313837748235e-01,3.870226331753769511e+00
7.710801996457731233e-01,6.781110870152985415e-01,3.835683896794412462e+00
7.710801996457731233e-01,6.827595426468222595e-01,3.800876746574769260e+00
7.710801996457731233e-01,6.874079982783459775e-01,3.765865065823219560e+00
7.710801996457731233e-01,6.920564539098696955e-01,3.730710204198858460e+00
7.710801996457731233e-01,6.967049095413934134e-01,3.695474552645520827e+00
7.710801996457731233e-01,7.013533651729171314e-01,3.660221416276525641e+00
7.710801996457731233e-01,7.060018208044409604e-01,3.625014884048242347e+00
7.710801996457731233e-01,7.106502764359646784e-01,3.589919695489566909e+00
7.710801996457731233e-01,7.152987320674883964e-01,3.555001104762765873e+00
7.710801996457731233e-01,7.199471876990121144e-01,3.520324742339040469e+00
7.710801996457731233e-01,7.245956433305358324e-01,3.485956474579381847e+00
7.710801996457731233e-01,7.292440989620595504e-01,3.451962261517973474e+00
7.710801996457731233e-01,7.338925545935832684e-01,3.418408013151394975e+00
7.710801996457731233e-01,7.385410102251069864e-01,3.385359444542317853e+00
7.710801996457731233e-01,7.431894658566307044e-01,3.352881930051056170e+00
7.710801996457731233e-01,7.478379214881545334e-01,3.321040357012464472e+00
7.710801996457731233e-01,7.524863771196782514e-01,3.289898979179012528e+00
7.710801996457731233e-01,7.571348327512019694e-01,3.259521270253571856e+00
7.710801996457731233e-01,7.617832883827256873e-01,3.229969777837454092e+00
7.710801996457731233e-01,7.664317440142494053e-01,3.201305978120489115e+00
7.710801996457731233e-01,7.710801996457731233e-01,3.173590131640527279e+00
7.710801996457731233e-01,7.757286552772968413e-01,3.146881140439557356e+00
7.710801996457731233e-01,7.803771109088205593e-01,3.121236406942780484e+00
7.710801996457731233e-01,7.850255665403442773e-01,3.096711694885344812e+00
7.710801996457731233e-01,7.896740221718681063e-01,3.073360992609129205e+00
7.710801996457731233e-01,7.943224778033917133e-01,3.051236379048884118e+00
7.710801996457731233e-01,7.989709334349155423e-01,3.030387892723269694e+00
7.710801996457731233e-01,8.036193890664392603e-01,3.010863404041826286e+00
7.710801996457731233e-01,8.082678446979629783e-01,2.992708491233685653e+00
7.710801996457731233e-01,8.129163003294866963e-01,2.975966320197943382e+00
7.710801996457731233e-01,8.175647559610104143e-01,2.960677528568973926e+00
7.710801996457731233e-01,8.222132115925341322e-01,2.946880114282693697e+00
7.710801996457731233e-01,8.268616672240578502e-01,2.934609328921807148e+00
7.710801996457731233e-01,8.315101228555815682e-01,2.923897576109458107e+00
7.710801996457731233e-01,8.361585784871052862e-01,2.914774315211429823e+00
7.710801996457731233e-01,8.408070341186291152e-01,2.907265970597165960e+00
7.710801996457731233e-01,8.454554897501528332e-01,2.901395846699390990e+00
7.710801996457731233e-01,8.501039453816765512e-01,2.897184049101019454e+00
7.710801996457731233e-01,8.547524010132002692e-01,2.894647411866411169e+00
7.710801996457731233e-01,8.594008566447239872e-01,2.893799431321840920e+00
7.757286552772968413e-01,6.316265307000612506e-01,4.133280409696057589e+00
7.757286552772968413e-01,6.362749863315849685e-01,4.103580482508845328e+00
7.757286552772968413e-01,6.409234419631086865e-01,4.073144981598414205e+00
7.757286552772968413e-01,6.455718975946324045e-01,4.042018730429672857e+00
7.757286552772968413e-01,6.502203532261561225e-01,4.010248636570705294e+00
7.757286552772968413e-01,6.548688088576799515e-01,3.977883609168141099e+00
7.757286552772968413e-01,6.595172644892036695e-01,3.944974471111369230e+00
7.757286552772968413e-01,6.641657201207273875e-01,3.911573866042560077e+00
7.757286552772968413e-01,6.688141757522511055e-01,3.877736160382276864e+00
7.757286552772968413e-01,6.734626313837748235e-01,3.843517340552800032e+00
7.757286552772968413e-01,6.781110870152985415e-01,3.808974905593442983e+00
7.757286552772968413e-01,6.827595426468222595e-01,3.774167755373799782e+00
7.757286552772968413e-01,6.874079982783459775e-01,3.739156074622250081e+00
7.757286552772968413e-01,6.920564539098696955e-01,3.704001212997888981e+00
7.757286552772968413e-01,6.967049095413934134e-01,3.668765561444551349e+00
7.757286552772968413e-01,7.013533651729171314e-01,3.633512425075556163e+00
7.757286552772968413e-01,7.060018208044409604e-01,3.598305892847272869e+00
7.757286552772968413e-01,7.106502764359646784e-01,3.563210704288597430e+00
7.757286552772968413e-01,7.152987320674883964e-01,3.528292113561796395e+00
7.757286552772968413e-01,7.199471876990121144e-01,3.493615751138070991e+00
7.757286552772968413e-01,7.245956433305358324e-01,3.459247483378412369e+00
7.757286552772968413e-01,7.292440989620595504e-01,3.425253270317003995e+00
7.757286552772968413e-01,7.338925545935832684e-01,3.391699021950425497e+00
7.757286552772968413e-01,7.385410102251069864e-01,3.358650453341348374e+00
7.757286552772968413e-01,7.431894658566307044e-01,3.326172938850086691e+00
7.757286552772968413e-01,7.478379214881545334e-01,3.294331365811494994e+00
7.757286552772968413e-01,7.524863771196782514e-01,3.263189987978043050e+00
7.757286552772968413e-01,7.571348327512019694e-01,3.232812279052602378e+00
7.757286552772968413e-01,7.617832883827256873e-01,3.203260786636484614e+00
7.757286552772968413e-01,7.664317440142494053e-01,3.174596986919519637e+00
7.757286552772968413e-01,7.710801996457731233e-01,3.146881140439557800e+00
7.757286552772968413e-01,7.757286552772968413e-01,3.120172149238587878e+00
7.757286552772968413e-01,7.803771109088205593e-01,3.094527415741811005e+00
7.757286552772968413e-01,7.850255665403442773e-01,3.070002703684375334e+00
7.757286552772968413e-01,7.896740221718681063e-01,3.046652001408159727e+00
7.757286552772968413e-01,7.943224778033917133e-01,3.024527387847914639e+00
7.757286552772968413e-01,7.989709334349155423e-01,3.003678901522300215e+00
7.757286552772968413e-01,8.036193890664392603e-01,2.984154412840856807e+00
7.757286552772968413e-01,8.082678446979629783e-01,2.965999500032716174e+00
7.757286552772968413e-01,8.129163003294866963e-01,2.949257328996973904e+00
7.757286552772968413e-01,8.175647559610104143e-01,2.933968537368004448e+00
7.757286552772968413e-01,8.222132115925341322e-01,2.920171123081724218e+00
7.757286552772968413e-01,8.268616672240578502e-01,2.907900337720837669e+00
7.757286552772968413e-01,8.315101228555815682e-01,2.897188584908488629e+00
7.757286552772968413e-01,8.361585784871052862e-01,2.888065324010460344e+00
7.757286552772968413e-01,8.408070341186291152e-01,2.880556979396196482e+00
7.757286552772968413e-01,8.454554897501528332e-01,2.874686855498421512e+00
7.757286552772968413e-01,8.501039453816765512e-01,2.870475057900049976e+00
7.757286552772968413e-01,8.547524010132002692e-01,2.867938420665441690e+00
7.757286552772968413e-01,8.594008566447239872e-01,2.867090440120871442e+00
7.803771109088205593e-01,6.316265307000612506e-01,4.107635676199279828e+00
7.803771109088205593e-01,6.362749863315849685e-01,4.077935749012068456e+00
7.803771109088205593e-01,6.409234419631086865e-01,4.047500248101637332e+00
7.803771109088205593e-01,6.455718975946324045e-01,4.016373996932895984e+00
7.803771109088205593e-01,6.502203532261561225e-01,3.984603903073928421e+00
7.803771109088205593e-01,6.548688088576799515e-01,3.952238875671364227e+00
7.803771109088205593e-01,6.595172644892036695e-01,3.919329737614592357e+00
7.803771109088205593e-01,6.641657201207273875e-01,3.885929132545783204e+00
7.803771109088205593e-01,6.688141757522511055e-01,3.852091426885499992e+00
7.803771109088205593e-01,6.734626313837748235e-01,3.817872607056023160e+00
7.803771109088205593e-01,6.781110870152985415e-01,3.783330172096666111e+00
7.803771109088205593e-01,6.827595426468222595e-01,3.748523021877022909e+00
7.803771109088205593e-01,6.874079982783459775e-01,3.713511341125473209e+00
7.803771109088205593e-01,6.920564539098696955e-01,3.678356479501112108e+00
7.803771109088205593e-01,6.967049095413934134e-01,3.643120827947774476e+00
7.803771109088205593e-01,7.013533651729171314e-01,3.607867691578779290e+00
7.803771109088205593e-01,7.060018208044409604e-01,3.572661159350495996e+00
7.803771109088205593e-01,7.106502764359646784e-01,3.537565970791820558e+00
7.803771109088205593e-01,7.152987320674883964e-01,3.502647380065019522e+00
7.803771109088205593e-01,7.199471876990121144e-01,3.467971017641294118e+00
7.803771109088205593e-01,7.245956433305358324e-01,3.433602749881635496e+00
7.803771109088205593e-01,7.292440989620595504e-01,3.399608536820227123e+00
7.803771109088205593e-01,7.338925545935832684e-01,3.366054288453648624e+00
7.803771109088205593e-01,7.385410102251069864e-01,3.333005719844571502e+00
7.803771109088205593e-01,7.431894658566307044e-01,3.300528205353309819e+00
7.803771109088205593e-01,7.478379214881545334e-01,3.268686632314718121e+00
7.803771109088205593e-01,7.524863771196782514e-01,3.237545254481266177e+00
7.803771109088205593e-01,7.571348327512019694e-01,3.207167545555825505e+00
7.803771109088205593e-01,7.617832883827256873e-01,3.177616053139707741e+00
7.803771109088205593e-01,7.664317440142494053e-01,3.148952253422742764e+00
7.803771109088205593e-01,7.710801996457731233e-01,3.121236406942780928e+00
7.803771109088205593e-01,7.757286552772968413e-01,3.094527415741811005e+00
7.803771109088205593e-01,7.803771109088205593e-01,3.068882682245034133e+00
7.803771109088205593e-01,7.850255665403442773e-01,3.044357970187598461e+00
7.803771109088205593e-01,7.896740221718681063e-01,3.021007267911382854e+00
7.803771109088205593e-01,7.943224778033917133e-01,2.998882654351137766e+00
7.803771109088205593e-01,7.989709334349155423e-01,2.978034168025523343e+00
7.803771109088205593e-01,8.036193890664392603e-01,2.958509679344079935e+00
7.803771109088205593e-01,8.082678446979629783e-01,2.940354766535939302e+00
7.803771109088205593e-01,8.129163003294866963e-01,2.923612595500197031e+00
7.803771109088205593e-01,8.175647559610104143e-01,2.908323803871227575e+00
7.803771109088205593e-01,8.222132115925341322e-01,2.894526389584947346e+00
7.803771109088205593e-01,8.268616672240578502e-01,2.882255604224060797e+00
7.803771109088205593e-01,8.315101228555815682e-01,2.871543851411711756e+00
7.803771109088205593e-01,8.361585784871052862e-01,2.862420590513683472e+00
7.803771109088205593e-01,8.408070341186291152e-01,2.854912245899419609e+00
7.803771109088205593e-01,8.454554897501528332e-01,2.849042122001644639e+00
7.803771109088205593e-01,8.501039453816765512e-01,2.844830324403273103e+00
7.803771109088205593e-01,8.547524010132002692e-01,2.842293687168664817e+00
7.803771109088205593e-01,8.594008566447239872e-01,2.841445706624094569e+00
7.850255665403442773e-01,6.316265307000612506e-01,4.083110964141845045e+00
7.850255665403442773e-01,6.362749863315849685e-01,4.053411036954632785e+00
7.850255665403442773e-01,6.409234419631086865e-01,4.022975536044201661e+00
7.850255665403442773e-01,6.455718975946324045e-01,3.991849284875460313e+00
7.850255665403442773e-01,6.502203532261561225e-01,3.960079191016492750e+00
7.850255665403442773e-01,6.548688088576799515e-01,3.927714163613928555e+00
7.850255665403442773e-01,6.595172644892036695e-01,3.894805025557156686e+00
7.850255665403442773e-01,6.641657201207273875e-01,3.861404420488347533e+00
7.850255665403442773e-01,6.688141757522511055e-01,3.827566714828064320e+00
7.850255665403442773e-01,6.734626313837748235e-01,3.793347894998587488e+00
7.850255665403442773e-01,6.781110870152985415e-01,3.758805460039230439e+00
7.850255665403442773e-01,6.827595426468222595e-01,3.723998309819587238e+00
7.850255665403442773e-01,6.874079982783459775e-01,3.688986629068037537e+00
7.850255665403442773e-01,6.920564539098696955e-01,3.653831767443676437e+00
7.850255665403442773e-01,6.967049095413934134e-01,3.618596115890338805e+00
7.850255665403442773e-01,7.013533651729171314e-01,3.583342979521343619e+00
7.850255665403442773e-01,7.060018208044409604e-01,3.548136447293060325e+00
7.850255665403442773e-01,7.106502764359646784e-01,3.513041258734384886e+00
7.850255665403442773e-01,7.152987320674883964e-01,3.478122668007583851e+00
7.850255665403442773e-01,7.199471876990121144e-01,3.443446305583858447e+00
7.850255665403442773e-01,7.245956433305358324e-01,3.409078037824199825e+00
7.850255665403442773e-01,7.292440989620595504e-01,3.375083824762791451e+00
7.850255665403442773e-01,7.338925545935832684e-01,3.341529576396212953e+00
7.850255665403442773e-01,7.385410102251069864e-01,3.308481007787135830e+00
7.850255665403442773e-01,7.431894658566307044e-01,3.276003493295874147e+00
7.850255665403442773e-01,7.478379214881545334e-01,3.244161920257282450e+00
7.850255665403442773e-01,7.524863771196782514e-01,3.213020542423830506e+00
7.850255665403442773e-01,7.571348327512019694e-01,3.182642833498389834e+00
7.850255665403442773e-01,7.617832883827256873e-01,3.153091341082272070e+00
7.850255665403442773e-01,7.664317440142494053e-01,3.124427541365307093e+00
7.850255665403442773e-01,7.710801996457731233e-01,3.096711694885345256e+00
7.850255665403442773e-01,7.757286552772968413e-01,3.070002703684375334e+00
7.850255665403442773e-01,7.803771109088205593e-01,3.044357970187598461e+00
7.850255665403442773e-01,7.850255665403442773e-01,3.019833258130162790e+00
7.850255665403442773e-01,7.896740221718681063e-01,2.996482555853947183e+00
7.850255665403442773e-01,7.943224778033917133e-01,2.974357942293702095e+00
7.850255665403442773e-01,7.989709334349155423e-01,2.953509455968087671e+00
7.850255665403442773e-01,8.036193890664392603e-01,2.933984967286644263e+00
7.850255665403442773e-01,8.082678446979629783e-01,2.915830054478503630e+00
7.850255665403442773e-01,8.129163003294866963e-01,2.899087883442761360e+00
7.850255665403442773e-01,8.175647559610104143e-01,2.883799091813791904e+00
7.850255665403442773e-01,8.222132115925341322e-01,2.870001677527511674e+00
7.850255665403442773e-01,8.268616672240578502e-01,2.857730892166625125e+00
7.850255665403442773e-01,8.315101228555815682e-01,2.847019139354276085e+00
7.850255665403442773e-01,8.361585784871052862e-01,2.837895878456247800e+00
7.850255665403442773e-01,8.408070341186291152e-01,2.830387533841983938e+00
7.850255665403442773e-01,8.454554897501528332e-01,2.824517409944208968e+00
7.850255665403442773e-01,8.501039453816765512e-01,2.820305612345837432e+00
7.850255665403442773e-01,8.547524010132002692e-01,2.817768975111229146e+00
7.850255665403442773e-01,8.594008566447239872e-01,2.816920994566658898e+00
7.896740221718681063e-01,6.316265307000612506e-01,4.059760261865628550e+00
7.896740221718681063e-01,6.362749863315849685e-01,4.030060334678417178e+00
7.896740221718681063e-01,6.409234419631086865e-01,3.999624833767986054e+00
7.896740221718681063e-01,6.455718975946324045e-01,3.968498582599244706e+00
7.896740221718681063e-01,6.502203532261561225e-01,3.936728488740277143e+00
7.896740221718681063e-01,6.548688088576799515e-01,3.904363461337712948e+00
7.896740221718681063e-01,6.595172644892036695e-01,3.871454323280941079e+00
7.896740221718681063e-01,6.641657201207273875e-01,3.838053718212131926e+00
7.896740221718681063e-01,6.688141757522511055e-01,3.804216012551848713e+00
7.896740221718681063e-01,6.734626313837748235e-01,3.769997192722371882e+00
7.896740221718681063e-01,6.781110870152985415e-01,3.735454757763014833e+00
7.896740221718681063e-01,6.827595426468222595e-01,3.700647607543371631e+00
7.896740221718681063e-01,6.874079982783459775e-01,3.665635926791821930e+00
7.896740221718681063e-01,6.920564539098696955e-01,3.630481065167460830e+00
7.896740221718681063e-01,6.967049095413934134e-01,3.595245413614123198e+00
7.896740221718681063e-01,7.013533651729171314e-01,3.559992277245128012e+00
7.896740221718681063e-01,7.060018208044409604e-01,3.524785745016844718e+00
7.896740221718681063e-01,7.106502764359646784e-01,3.489690556458169279e+00
7.896740221718681063e-01,7.152987320674883964e-01,3.454771965731368244e+00
7.896740221718681063e-01,7.199471876990121144e-01,3.420095603307642840e+00
7.896740221718681063e-01,7.245956433305358324e-01,3.385727335547984218e+00
7.896740221718681063e-01,7.292440989620595504e-01,3.351733122486575844e+00
7.896740221718681063e-01,7.338925545935832684e-01,3.318178874119997346e+00
7.896740221718681063e-01,7.385410102251069864e-01,3.285130305510920223e+00
7.896740221718681063e-01,7.431894658566307044e-01,3.252652791019658540e+00
7.896740221718681063e-01,7.478379214881545334e-01,3.220811217981066843e+00
7.896740221718681063e-01,7.524863771196782514e-01,3.189669840147614899e+00
7.896740221718681063e-01,7.571348327512019694e-01,3.159292131222174227e+00
7.896740221718681063e-01,7.617832883827256873e-01,3.129740638806056463e+00
7.896740221718681063e-01,7.664317440142494053e-01,3.101076839089091486e+00
7.896740221718681063e-01,7.710801996457731233e-01,3.073360992609129649e+00
7.896740221718681063e-01,7.757286552772968413e-01,3.046652001408159727e+00
7.896740221718681063e-01,7.803771109088205593e-01,3.021007267911382854e+00
7.896740221718681063e-01,7.850255665403442773e-01,2.996482555853947183e+00
7.896740221718681063e-01,7.896740221718681063e-01,2.973131853577731576e+00
7.896740221718681063e-01,7.943224778033917133e-01,2.951007240017486488e+00
7.896740221718681063e-01,7.989709334349155423e-01,2.930158753691872064e+00
7.896740221718681063e-01,8.036193890664392603e-01,2.910634265010428656e+00
7.896740221718681063e-01,8.082678446979629783e-01,2.892479352202288023e+00
7.896740221718681063e-01,8.129163003294866963e-01,2.875737181166545753e+00
7.896740221718681063e-01,8.175647559610104143e-01,2.860448389537576297e+00
7.896740221718681063e-01,8.222132115925341322e-01,2.846650975251296067e+00
7.896740221718681063e-01,8.268616672240578502e-01,2.834380189890409518e+00
7.896740221718681063e-01,8.315101228555815682e-01,2.823668437078060478e+00
7.896740221718681063e-01,8.361585784871052862e-01,2.814545176180032193e+00
7.896740221718681063e-01,8.408070341186291152e-01,2.807036831565768331e+00
7.896740221718681063e-01,8.454554897501528332e-01,2.801166707667993361e+00
7.896740221718681063e-01,8.501039453816765512e-01,2.796954910069621825e+00
7.896740221718681063e-01,8.547524010132002692e-01,2.794418272835013539e+00
7.896740221718681063e-01,8.594008566447239872e-01,2.793570292290443291e+00
7.943224778033917133e-01,6.316265307000612506e-01,4.037635648305384350e+00
7.943224778033917133e-01,6.362749863315849685e-01,4.007935721118172090e+00
7.943224778033917133e-01,6.409234419631086865e-01,3.977500220207740966e+00
7.943224778033917133e-01,6.455718975946324045e-01,3.946373969038999618e+00
7.943224778033917133e-01,6.502203532261561225e-01,3.914603875180032055e+00
7.943224778033917133e-01,6.548688088576799515e-01,3.882238847777467861e+00
7.943224778033917133e-01,6.595172644892036695e-01,3.849329709720695991e+00
7.943224778033917133e-01,6.641657201207273875e-01,3.815929104651886838e+00
7.943224778033917133e-01,6.688141757522511055e-01,3.782091398991603626e+00
7.943224778033917133e-01,6.734626313837748235e-01,3.747872579162126794e+00
7.943224778033917133e-01,6.781110870152985415e-01,3.713330144202769745e+00
7.943224778033917133e-01,6.827595426468222595e-01,3.678522993983126543e+00
7.943224778033917133e-01,6.874079982783459775e-01,3.643511313231576842e+00
7.943224778033917133e-01,6.920564539098696955e-01,3.608356451607215742e+00
7.943224778033917133e-01,6.967049095413934134e-01,3.573120800053878110e+00
7.943224778033917133e-01,7.013533651729171314e-01,3.537867663684882924e+00
7.943224778033917133e-01,7.060018208044409604e-01,3.502661131456599630e+00
7.943224778033917133e-01,7.106502764359646784e-01,3.467565942897924192e+00
7.943224778033917133e-01,7.152987320674883964e-01,3.432647352171123156e+00
7.943224778033917133e-01,7.199471876990121144e-01,3.397970989747397752e+00
7.943224778033917133e-01,7.245956433305358324e-01,3.363602721987739130e+00
7.943224778033917133e-01,7.292440989620595504e-01,3.329608508926330757e+00
7.943224778033917133e-01,7.338925545935832684e-01,3.296054260559752258e+00
7.943224778033917133e-01,7.385410102251069864e-01,3.263005691950675136e+00
7.943224778033917133e-01,7.431894658566307044e-01,3.230528177459413453e+00
7.943224778033917133e-01,7.478379214881545334e-01,3.198686604420821755e+00
7.943224778033917133e-01,7.524863771196782514e-01,3.167545226587369811e+00
7.943224778033917133e-01,7.571348327512019694e-01,3.137167517661929139e+00
7.943224778033917133e-01,7.617832883827256873e-01,3.107616025245811375e+00
7.943224778033917133e-01,7.664317440142494053e-01,3.078952225528846398e+00
7.943224778033917133e-01,7.710801996457731233e-01,3.051236379048884562e+00
7.943224778033917133e-01,7.757286552772968413e-01,3.024527387847914639e+00
7.943224778033917133e-01,7.803771109088205593e-01,2.998882654351137766e+00
7.943224778033917133e-01,7.850255665403442773e-01,2.974357942293702095e+00
7.943224778033917133e-01,7.896740221718681063e-01,2.951007240017486488e+00
7.943224778033917133e-01,7.943224778033917133e-01,2.928882626457241400e+00
7.943224778033917133e-01,7.989709334349155423e-01,2.908034140131626977e+00
7.943224778033917133e-01,8.036193890664392603e-01,2.888509651450183568e+00
7.943224778033917133e-01,8.082678446979629783e-01,2.870354738642042935e+00
7.943224778033917133e-01,8.129163003294866963e-01,2.853612567606300665e+00
7.943224778033917133e-01,8.175647559610104143e-01,2.838323775977331209e+00
7.943224778033917133e-01,8.222132115925341322e-01,2.824526361691050980e+00
7.943224778033917133e-01,8.268616672240578502e-01,2.812255576330164430e+00
7.943224778033917133e-01,8.315101228555815682e-01,2.801543823517815390e+00
7.943224778033917133e-01,8.361585784871052862e-01,2.792420562619787106e+00
7.943224778033917133e-01,8.408070341186291152e-01,2.784912218005523243e+00
7.943224778033917133e-01,8.454554897501528332e-01,2.779042094107748273e+00
7.943224778033917133e-01,8.501039453816765512e-01,2.774830296509376737e+00
7.943224778033917133e-01,8.547524010132002692e-01,2.772293659274768451e+00
7.943224778033917133e-01,8.594008566447239872e-01,2.771445678730198203e+00
7.989709334349155423e-01,6.316265307000612506e-01,4.016787161979769039e+00
7.989709334349155423e-01,6.362749863315849685e-01,3.987087234792557666e+00
7.989709334349155423e-01,6.409234419631086865e-01,3.956651733882126543e+00
7.989709334349155423e-01,6.455718975946324045e-01,3.925525482713385195e+00
7.989709334349155423e-01,6.502203532261561225e-01,3.893755388854417632e+00
7.989709334349155423e-01,6.548688088576799515e-01,3.861390361451853437e+00
7.989709334349155423e-01,6.595172644892036695e-01,3.828481223395081567e+00
7.989709334349155423e-01,6.641657201207273875e-01,3.795080618326272415e+00
7.989709334349155423e-01,6.688141757522511055e-01,3.761242912665989202e+00
7.989709334349155423e-01,6.734626313837748235e-01,3.727024092836512370e+00
7.989709334349155423e-01,6.781110870152985415e-01,3.692481657877155321e+00
7.989709334349155423e-01,6.827595426468222595e-01,3.657674507657512120e+00
7.989709334349155423e-01,6.874079982783459775e-01,3.622662826905962419e+00
7.989709334349155423e-01,6.920564539098696955e-01,3.587507965281601319e+00
7.989709334349155423e-01,6.967049095413934134e-01,3.552272313728263686e+00
7.989709334349155423e-01,7.013533651729171314e-01,3.517019177359268500e+00
7.989709334349155423e-01,7.060018208044409604e-01,3.481812645130985207e+00
7.989709334349155423e-01,7.106502764359646784e-01,3.446717456572309768e+00
7.989709334349155423e-01,7.152987320674883964e-01,3.411798865845508733e+00
7.989709334349155423e-01,7.199471876990121144e-01,3.377122503421783328e+00
7.989709334349155423e-01,7.245956433305358324e-01,3.342754235662124707e+00
7.989709334349155423e-01,7.292440989620595504e-01,3.308760022600716333e+00
7.989709334349155423e-01,7.338925545935832684e-01,3.275205774234137834e+00
7.989709334349155423e-01,7.385410102251069864e-01,3.242157205625060712e+00
7.989709334349155423e-01,7.431894658566307044e-01,3.209679691133799029e+00
7.989709334349155423e-01,7.478379214881545334e-01,3.177838118095207331e+00
7.989709334349155423e-01,7.524863771196782514e-01,3.146696740261755387e+00
7.989709334349155423e-01,7.571348327512019694e-01,3.116319031336314715e+00
7.989709334349155423e-01,7.617832883827256873e-01,3.086767538920196952e+00
7.989709334349155423e-01,7.664317440142494053e-01,3.058103739203231974e+00
7.989709334349155423e-01,7.710801996457731233e-01,3.030387892723270138e+00
7.989709334349155423e-01,7.757286552772968413e-01,3.003678901522300215e+00
7.989709334349155423e-01,7.803771109088205593e-01,2.978034168025523343e+00
7.989709334349155423e-01,7.850255665403442773e-01,2.953509455968087671e+00
7.989709334349155423e-01,7.896740221718681063e-01,2.930158753691872064e+00
7.989709334349155423e-01,7.943224778033917133e-01,2.908034140131626977e+00
7.989709334349155423e-01,7.989709334349155423e-01,2.887185653806012553e+00
7.989709334349155423e-01,8.036193890664392603e-01,2.867661165124569145e+00
7.989709334349155423e-01,8.082678446979629783e-01,2.849506252316428512e+00
7.989709334349155423e-01,8.129163003294866963e-01,2.832764081280686241e+00
7.989709334349155423e-01,8.175647559610104143e-01,2.817475289651716785e+00
7.989709334349155423e-01,8.222132115925341322e-01,2.803677875365436556e+00
7.989709334349155423e-01,8.268616672240578502e-01,2.791407090004550007e+00
7.989709334349155423e-01,8.315101228555815682e-01,2.780695337192200967e+00
7.989709334349155423e-01,8.361585784871052862e-01,2.771572076294172682e+00
7.989709334349155423e-01,8.408070341186291152e-01,2.764063731679908820e+00
7.989709334349155423e-01,8.454554897501528332e-01,2.758193607782133849e+00
7.989709334349155423e-01,8.501039453816765512e-01,2.753981810183762313e+00
7.989709334349155423e-01,8.547524010132002692e-01,2.751445172949154028e+00
7.989709334349155423e-01,8.594008566447239872e-01,2.750597192404583780e+00
8.036193890664392603e-01,6.316265307000612506e-01,3.997262673298326074e+00
8.036193890664392603e-01,6.362749863315849685e-01,3.967562746111114258e+00
8.036193890664392603e-01,6.409234419631086865e-01,3.937127245200683134e+00
8.036193890664392603e-01,6.455718975946324045e-01,3.906000994031941786e+00
8.036193890664392603e-01,6.502203532261561225e-01,3.874230900172974223e+00
8.036193890664392603e-01,6.548688088576799515e-01,3.841865872770410029e+00
8.036193890664392603e-01,6.595172644892036695e-01,3.808956734713638159e+00
8.036193890664392603e-01,6.641657201207273875e-01,3.775556129644829007e+00
8.036193890664392603e-01,6.688141757522511055e-01,3.741718423984545794e+00
8.036193890664392603e-01,6.734626313837748235e-01,3.707499604155068962e+00
8.036193890664392603e-01,6.781110870152985415e-01,3.672957169195711913e+00
8.036193890664392603e-01,6.827595426468222595e-01,3.638150018976068711e+00
8.036193890664392603e-01,6.874079982783459775e-01,3.603138338224519011e+00
8.036193890664392603e-01,6.920564539098696955e-01,3.567983476600157910e+00
8.036193890664392603e-01,6.967049095413934134e-01,3.532747825046820278e+00
8.036193890664392603e-01,7.013533651729171314e-01,3.497494688677825092e+00
8.036193890664392603e-01,7.060018208044409604e-01,3.462288156449541798e+00
8.036193890664392603e-01,7.106502764359646784e-01,3.427192967890866360e+00
8.036193890664392603e-01,7.152987320674883964e-01,3.392274377164065324e+00
8.036193890664392603e-01,7.199471876990121144e-01,3.357598014740339920e+00
8.036193890664392603e-01,7.245956433305358324e-01,3.323229746980681298e+00
8.036193890664392603e-01,7.292440989620595504e-01,3.289235533919272925e+00
8.036193890664392603e-01,7.338925545935832684e-01,3.255681285552694426e+00
8.036193890664392603e-01,7.385410102251069864e-01,3.222632716943617304e+00
8.036193890664392603e-01,7.431894658566307044e-01,3.190155202452355621e+00
8.036193890664392603e-01,7.478379214881545334e-01,3.158313629413763923e+00
8.036193890664392603e-01,7.524863771196782514e-01,3.127172251580311979e+00
8.036193890664392603e-01,7.571348327512019694e-01,3.096794542654871307e+00
8.036193890664392603e-01,7.617832883827256873e-01,3.067243050238753543e+00
8.036193890664392603e-01,7.664317440142494053e-01,3.038579250521788566e+00
8.036193890664392603e-01,7.710801996457731233e-01,3.010863404041826730e+00
8.036193890664392603e-01,7.757286552772968413e-01,2.984154412840856807e+00
8.036193890664392603e-01,7.803771109088205593e-01,2.958509679344079935e+00
8.036193890664392603e-01,7.850255665403442773e-01,2.933984967286644263e+00
8.036193890664392603e-01,7.896740221718681063e-01,2.910634265010428656e+00
8.036193890664392603e-01,7.943224778033917133e-01,2.888509651450183568e+00
8.036193890664392603e-01,7.989709334349155423e-01,2.867661165124569145e+00
8.036193890664392603e-01,8.036193890664392603e-01,2.848136676443125737e+00
8.036193890664392603e-01,8.082678446979629783e-01,2.829981763634985104e+00
8.036193890664392603e-01,8.129163003294866963e-01,2.813239592599242833e+00
8.036193890664392603e-01,8.175647559610104143e-01,2.797950800970273377e+00
8.036193890664392603e-01,8.222132115925341322e-01,2.784153386683993148e+00
8.036193890664392603e-01,8.268616672240578502e-01,2.771882601323106599e+00
8.036193890664392603e-01,8.315101228555815682e-01,2.761170848510757558e+00
8.036193890664392603e-01,8.361585784871052862e-01,2.752047587612729274e+00
8.036193890664392603e-01,8.408070341186291152e-01,2.744539242998465411e+00
8.036193890664392603e-01,8.454554897501528332e-01,2.738669119100690441e+00
8.036193890664392603e-01,8.501039453816765512e-01,2.734457321502318905e+00
8.036193890664392603e-01,8.547524010132002692e-01,2.731920684267710620e+00
8.036193890664392603e-01,8.594008566447239872e-01,2.731072703723140371e+00
8.082678446979629783e-01,6.316265307000612506e-01,3.979107760490184997e+00
8.082678446979629783e-01,6.362749863315849685e-01,3.949407833302973181e+00
8.082678446979629783e-01,6.409234419631086865e-01,3.918972332392542057e+00
8.082678446979629783e-01,6.455718975946324045e-01,3.887846081223800709e+00
8.082678446979629783e-01,6.502203532261561225e-01,3.856075987364833146e+00
8.082678446979629783e-01,6.548688088576799515e-01,3.823710959962268952e+00
8.082678446979629783e-01,6.595172644892036695e-01,3.790801821905497082e+00
8.082678446979629783e-01,6.641657201207273875e-01,3.757401216836687929e+00
8.082678446979629783e-01,6.688141757522511055e-01,3.723563511176404717e+00
8.082678446979629783e-01,6.734626313837748235e-01,3.689344691346927885e+00
8.082678446979629783e-01,6.781110870152985415e-01,3.654802256387570836e+00
8.082678446979629783e-01,6.827595426468222595e-01,3.619995106167927634e+00
8.082678446979629783e-01,6.874079982783459775e-01,3.584983425416377933e+00
8.082678446979629783e-01,6.920564539098696955e-01,3.549828563792016833e+00
8.082678446979629783e-01,6.967049095413934134e-01,3.514592912238679201e+00
8.082678446979629783e-01,7.013533651729171314e-01,3.479339775869684015e+00
8.082678446979629783e-01,7.060018208044409604e-01,3.444133243641400721e+00
8.082678446979629783e-01,7.106502764359646784e-01,3.409038055082725283e+00
8.082678446979629783e-01,7.152987320674883964e-01,3.374119464355924247e+00
8.082678446979629783e-01,7.199471876990121144e-01,3.339443101932198843e+00
8.082678446979629783e-01,7.245956433305358324e-01,3.305074834172540221e+00
8.082678446979629783e-01,7.292440989620595504e-01,3.271080621111131848e+00
8.082678446979629783e-01,7.338925545935832684e-01,3.237526372744553349e+00
8.082678446979629783e-01,7.385410102251069864e-01,3.204477804135476227e+00
8.082678446979629783e-01,7.431894658566307044e-01,3.172000289644214543e+00
8.082678446979629783e-01,7.478379214881545334e-01,3.140158716605622846e+00
8.082678446979629783e-01,7.524863771196782514e-01,3.109017338772170902e+00
8.082678446979629783e-01,7.571348327512019694e-01,3.078639629846730230e+00
8.082678446979629783e-01,7.617832883827256873e-01,3.049088137430612466e+00
8.082678446979629783e-01,7.664317440142494053e-01,3.020424337713647489e+00
8.082678446979629783e-01,7.710801996457731233e-01,2.992708491233685653e+00
8.082678446979629783e-01,7.757286552772968413e-01,2.965999500032715730e+00
8.082678446979629783e-01,7.803771109088205593e-01,2.940354766535938857e+00
8.082678446979629783e-01,7.850255665403442773e-01,2.915830054478503186e+00
8.082678446979629783e-01,7.896740221718681063e-01,2.892479352202287579e+00
8.082678446979629783e-01,7.943224778033917133e-01,2.870354738642042491e+00
8.082678446979629783e-01,7.989709334349155423e-01,2.849506252316428068e+00
8.082678446979629783e-01,8.036193890664392603e-01,2.829981763634984659e+00
8.082678446979629783e-01,8.082678446979629783e-01,2.811826850826844026e+00
8.082678446979629783e-01,8.129163003294866963e-01,2.795084679791101756e+00
8.082678446979629783e-01,8.175647559610104143e-01,2.779795888162132300e+00
8.082678446979629783e-01,8.222132115925341322e-01,2.765998473875852071e+00
8.082678446979629783e-01,8.268616672240578502e-01,2.753727688514965521e+00
8.082678446979629783e-01,8.315101228555815682e-01,2.743015935702616481e+00
8.082678446979629783e-01,8.361585784871052862e-01,2.733892674804588196e+00
8.082678446979629783e-01,8.408070341186291152e-01,2.726384330190324334e+00
8.082678446979629783e-01,8.454554897501528332e-01,2.720514206292549364e+00
8.082678446979629783e-01,8.501039453816765512e-01,2.716302408694177828e+00
8.082678446979629783e-01,8.547524010132002692e-01,2.713765771459569542e+00
8.082678446979629783e-01,8.594008566447239872e-01,2.712917790914999294e+00
8.129163003294866963e-01,6.316265307000612506e-01,3.962365589454443171e+00
8.129163003294866963e-01,6.362749863315849685e-01,3.932665662267231355e+00
8.129163003294866963e-01,6.409234419631086865e-01,3.902230161356800231e+00
8.129163003294866963e-01,6.455718975946324045e-01,3.871103910188058883e+00
8.129163003294866963e-01,6.502203532261561225e-01,3.839333816329091320e+00
8.129163003294866963e-01,6.548688088576799515e-01,3.806968788926527125e+00
8.129163003294866963e-01,6.595172644892036695e-01,3.774059650869755256e+00
8.129163003294866963e-01,6.641657201207273875e-01,3.740659045800946103e+00
8.129163003294866963e-01,6.688141757522511055e-01,3.706821340140662890e+00
8.129163003294866963e-01,6.734626313837748235e-01,3.672602520311186058e+00
8.129163003294866963e-01,6.781110870152985415e-01,3.638060085351829009e+00
8.129163003294866963e-01,6.827595426468222595e-01,3.603252935132185808e+00
8.129163003294866963e-01,6.874079982783459775e-01,3.568241254380636107e+00
8.129163003294866963e-01,6.920564539098696955e-01,3.533086392756275007e+00
8.129163003294866963e-01,6.967049095413934134e-01,3.497850741202937375e+00
8.129163003294866963e-01,7.013533651729171314e-01,3.462597604833942189e+00
8.129163003294866963e-01,7.060018208044409604e-01,3.427391072605658895e+00
8.129163003294866963e-01,7.106502764359646784e-01,3.392295884046983456e+00
8.129163003294866963e-01,7.152987320674883964e-01,3.357377293320182421e+00
8.129163003294866963e-01,7.199471876990121144e-01,3.322700930896457017e+00
8.129163003294866963e-01,7.245956433305358324e-01,3.288332663136798395e+00
8.129163003294866963e-01,7.292440989620595504e-01,3.254338450075390021e+00
8.129163003294866963e-01,7.338925545935832684e-01,3.220784201708811523e+00
8.129163003294866963e-01,7.385410102251069864e-01,3.187735633099734400e+00
8.129163003294866963e-01,7.431894658566307044e-01,3.155258118608472717e+00
8.129163003294866963e-01,7.478379214881545334e-01,3.123416545569881020e+00
8.129163003294866963e-01,7.524863771196782514e-01,3.092275167736429076e+00
8.129163003294866963e-01,7.571348327512019694e-01,3.061897458810988404e+00
8.129163003294866963e-01,7.617832883827256873e-01,3.032345966394870640e+00
8.129163003294866963e-01,7.664317440142494053e-01,3.003682166677905663e+00
8.129163003294866963e-01,7.710801996457731233e-01,2.975966320197943826e+00
8.129163003294866963e-01,7.757286552772968413e-01,2.949257328996973904e+00
8.129163003294866963e-01,7.803771109088205593e-01,2.923612595500197031e+00
8.129163003294866963e-01,7.850255665403442773e-01,2.899087883442761360e+00
8.129163003294866963e-01,7.896740221718681063e-01,2.875737181166545753e+00
8.129163003294866963e-01,7.943224778033917133e-01,2.853612567606300665e+00
8.129163003294866963e-01,7.989709334349155423e-01,2.832764081280686241e+00
8.129163003294866963e-01,8.036193890664392603e-01,2.813239592599242833e+00
8.129163003294866963e-01,8.082678446979629783e-01,2.795084679791102200e+00
8.129163003294866963e-01,8.129163003294866963e-01,2.778342508755359930e+00
8.129163003294866963e-01,8.175647559610104143e-01,2.763053717126390474e+00
8.129163003294866963e-01,8.222132115925341322e-01,2.749256302840110244e+00
8.129163003294866963e-01,8.268616672240578502e-01,2.736985517479223695e+00
8.129163003294866963e-01,8.315101228555815682e-01,2.726273764666874655e+00
8.129163003294866963e-01,8.361585784871052862e-01,2.717150503768846370e+00
8.129163003294866963e-01,8.408070341186291152e-01,2.709642159154582508e+00
8.129163003294866963e-01,8.454554897501528332e-01,2.703772035256807538e+00
8.129163003294866963e-01,8.501039453816765512e-01,2.699560237658436002e+00
8.129163003294866963e-01,8.547524010132002692e-01,2.697023600423827716e+00
8.129163003294866963e-01,8.594008566447239872e-01,2.696175619879257468e+00
8.175647559610104143e-01,6.316265307000612506e-01,3.947076797825473715e+00
8.175647559610104143e-01,6.362749863315849685e-01,3.917376870638261899e+00
8.175647559610104143e-01,6.409234419631086865e-01,3.886941369727830775e+00
8.175647559610104143e-01,6.455718975946324045e-01,3.855815118559089427e+00
8.175647559610104143e-01,6.502203532261561225e-01,3.824045024700121864e+00
8.175647559610104143e-01,6.548688088576799515e-01,3.791679997297557669e+00
8.175647559610104143e-01,6.595172644892036695e-01,3.758770859240785800e+00
8.175647559610104143e-01,6.641657201207273875e-01,3.725370254171976647e+00
8.175647559610104143e-01,6.688141757522511055e-01,3.691532548511693435e+00
8.175647559610104143e-01,6.734626313837748235e-01,3.657313728682216603e+00
8.175647559610104143e-01,6.781110870152985415e-01,3.622771293722859554e+00
8.175647559610104143e-01,6.827595426468222595e-01,3.587964143503216352e+00
8.175647559610104143e-01,6.874079982783459775e-01,3.552952462751666651e+00
8.175647559610104143e-01,6.920564539098696955e-01,3.517797601127305551e+00
8.175647559610104143e-01,6.967049095413934134e-01,3.482561949573967919e+00
8.175647559610104143e-01,7.013533651729171314e-01,3.447308813204972733e+00
8.175647559610104143e-01,7.060018208044409604e-01,3.412102280976689439e+00
8.175647559610104143e-01,7.106502764359646784e-01,3.377007092418014000e+00
8.175647559610104143e-01,7.152987320674883964e-01,3.342088501691212965e+00
8.175647559610104143e-01,7.199471876990121144e-01,3.307412139267487561e+00
8.175647559610104143e-01,7.245956433305358324e-01,3.273043871507828939e+00
8.175647559610104143e-01,7.292440989620595504e-01,3.239049658446420565e+00
8.175647559610104143e-01,7.338925545935832684e-01,3.205495410079842067e+00
8.175647559610104143e-01,7.385410102251069864e-01,3.172446841470764944e+00
8.175647559610104143e-01,7.431894658566307044e-01,3.139969326979503261e+00
8.175647559610104143e-01,7.478379214881545334e-01,3.108127753940911564e+00
8.175647559610104143e-01,7.524863771196782514e-01,3.076986376107459620e+00
8.175647559610104143e-01,7.571348327512019694e-01,3.046608667182018948e+00
8.175647559610104143e-01,7.617832883827256873e-01,3.017057174765901184e+00
8.175647559610104143e-01,7.664317440142494053e-01,2.988393375048936207e+00
8.175647559610104143e-01,7.710801996457731233e-01,2.960677528568974370e+00
8.175647559610104143e-01,7.757286552772968413e-01,2.933968537368004448e+00
8.175647559610104143e-01,7.803771109088205593e-01,2.908323803871227575e+00
8.175647559610104143e-01,7.850255665403442773e-01,2.883799091813791904e+00
8.175647559610104143e-01,7.896740221718681063e-01,2.860448389537576297e+00
8.175647559610104143e-01,7.943224778033917133e-01,2.838323775977331209e+00
8.175647559610104143e-01,7.989709334349155423e-01,2.817475289651716785e+00
8.175647559610104143e-01,8.036193890664392603e-01,2.797950800970273377e+00
8.175647559610104143e-01,8.082678446979629783e-01,2.779795888162132744e+00
8.175647559610104143e-01,8.129163003294866963e-01,2.763053717126390474e+00
8.175647559610104143e-01,8.175647559610104143e-01,2.747764925497421018e+00
8.175647559610104143e-01,8.222132115925341322e-01,2.733967511211140788e+00
8.175647559610104143e-01,8.268616672240578502e-01,2.721696725850254239e+00
8.175647559610104143e-01,8.315101228555815682e-01,2.710984973037905199e+00
8.175647559610104143e-01,8.361585784871052862e-01,2.701861712139876914e+00
8.175647559610104143e-01,8.408070341186291152e-01,2.694353367525613052e+00
8.175647559610104143e-01,8.454554897501528332e-01,2.688483243627838082e+00
8.175647559610104143e-01,8.501039453816765512e-01,2.684271446029466546e+00
8.175647559610104143e-01,8.547524010132002692e-01,2.681734808794858260e+00
8.175647559610104143e-01,8.594008566447239872e-01,2.680886828250288012e+00
8.222132115925341322e-01,6.316265307000612506e-01,3.933279383539193486e+00
8.222132115925341322e-01,6.362749863315849685e-01,3.903579456351981669e+00
8.222132115925341322e-01,6.409234419631086865e-01,3.873143955441550546e+00
8.222132115925341322e-01,6.455718975946324045e-01,3.842017704272809198e+00
8.222132115925341322e-01,6.502203532261561225e-01,3.810247610413841635e+00
8.222132115925341322e-01,6.548688088576799515e-01,3.777882583011277440e+00
8.222132115925341322e-01,6.595172644892036695e-01,3.744973444954505570e+00
8.222132115925341322e-01,6.641657201207273875e-01,3.711572839885696418e+00
8.222132115925341322e-01,6.688141757522511055e-01,3.677735134225413205e+00
8.222132115925341322e-01,6.734626313837748235e-01,3.643516314395936373e+00
8.222132115925341322e-01,6.781110870152985415e-01,3.608973879436579324e+00
8.222132115925341322e-01,6.827595426468222595e-01,3.574166729216936123e+00
8.222132115925341322e-01,6.874079982783459775e-01,3.539155048465386422e+00
8.222132115925341322e-01,6.920564539098696955e-01,3.504000186841025322e+00
8.222132115925341322e-01,6.967049095413934134e-01,3.468764535287687689e+00
8.222132115925341322e-01,7.013533651729171314e-01,3.433511398918692503e+00
8.222132115925341322e-01,7.060018208044409604e-01,3.398304866690409209e+00
8.222132115925341322e-01,7.106502764359646784e-01,3.363209678131733771e+00
8.222132115925341322e-01,7.152987320674883964e-01,3.328291087404932735e+00
8.222132115925341322e-01,7.199471876990121144e-01,3.293614724981207331e+00
8.222132115925341322e-01,7.245956433305358324e-01,3.259246457221548710e+00
8.222132115925341322e-01,7.292440989620595504e-01,3.225252244160140336e+00
8.222132115925341322e-01,7.338925545935832684e-01,3.191697995793561837e+00
8.222132115925341322e-01,7.385410102251069864e-01,3.158649427184484715e+00
8.222132115925341322e-01,7.431894658566307044e-01,3.126171912693223032e+00
8.222132115925341322e-01,7.478379214881545334e-01,3.094330339654631334e+00
8.222132115925341322e-01,7.524863771196782514e-01,3.063188961821179390e+00
8.222132115925341322e-01,7.571348327512019694e-01,3.032811252895738718e+00
8.222132115925341322e-01,7.617832883827256873e-01,3.003259760479620954e+00
8.222132115925341322e-01,7.664317440142494053e-01,2.974595960762655977e+00
8.222132115925341322e-01,7.710801996457731233e-01,2.946880114282694141e+00
8.222132115925341322e-01,7.757286552772968413e-01,2.920171123081724218e+00
8.222132115925341322e-01,7.803771109088205593e-01,2.894526389584947346e+00
8.222132115925341322e-01,7.850255665403442773e-01,2.870001677527511674e+00
8.222132115925341322e-01,7.896740221718681063e-01,2.846650975251296067e+00
8.222132115925341322e-01,7.943224778033917133e-01,2.824526361691050980e+00
8.222132115925341322e-01,7.989709334349155423e-01,2.803677875365436556e+00
8.222132115925341322e-01,8.036193890664392603e-01,2.784153386683993148e+00
8.222132115925341322e-01,8.082678446979629783e-01,2.765998473875852515e+00
8.222132115925341322e-01,8.129163003294866963e-01,2.749256302840110244e+00
8.222132115925341322e-01,8.175647559610104143e-01,2.733967511211140788e+00
8.222132115925341322e-01,8.222132115925341322e-01,2.720170096924860559e+00
8.222132115925341322e-01,8.268616672240578502e-01,2.707899311563974010e+00
8.222132115925341322e-01,8.315101228555815682e-01,2.697187558751624969e+00
8.222132115925341322e-01,8.361585784871052862e-01,2.688064297853596685e+00
8.222132115925341322e-01,8.408070341186291152e-01,2.680555953239332823e+00
8.222132115925341322e-01,8.454554897501528332e-01,2.674685829341557852e+00
8.222132115925341322e-01,8.501039453816765512e-01,2.670474031743186316e+00
8.222132115925341322e-01,8.547524010132002692e-01,2.667937394508578031e+00
8.222132115925341322e-01,8.594008566447239872e-01,2.667089413964007782e+00
8.268616672240578502e-01,6.316265307000612506e-01,3.921008598178306936e+00
8.268616672240578502e-01,6.362749863315849685e-01,3.891308670991095120e+00
8.268616672240578502e-01,6.409234419631086865e-01,3.860873170080663996e+00
8.268616672240578502e-01,6.455718975946324045e-01,3.829746918911922648e+00
8.268616672240578502e-01,6.502203532261561225e-01,3.797976825052955085e+00
8.268616672240578502e-01,6.548688088576799515e-01,3.765611797650390891e+00
8.268616672240578502e-01,6.595172644892036695e-01,3.732702659593619021e+00
8.268616672240578502e-01,6.641657201207273875e-01,3.699302054524809868e+00
8.268616672240578502e-01,6.688141757522511055e-01,3.665464348864526656e+00
8.268616672240578502e-01,6.734626313837748235e-01,3.631245529035049824e+00
8.268616672240578502e-01,6.781110870152985415e-01,3.596703094075692775e+00
8.268616672240578502e-01,6.827595426468222595e-01,3.561895943856049573e+00
8.268616672240578502e-01,6.874079982783459775e-01,3.526884263104499873e+00
8.268616672240578502e-01,6.920564539098696955e-01,3.491729401480138772e+00
8.268616672240578502e-01,6.967049095413934134e-01,3.456493749926801140e+00
8.268616672240578502e-01,7.013533651729171314e-01,3.421240613557805954e+00
8.268616672240578502e-01,7.060018208044409604e-01,3.386034081329522660e+00
8.268616672240578502e-01,7.106502764359646784e-01,3.350938892770847222e+00
8.268616672240578502e-01,7.152987320674883964e-01,3.316020302044046186e+00
8.268616672240578502e-01,7.199471876990121144e-01,3.281343939620320782e+00
8.268616672240578502e-01,7.245956433305358324e-01,3.246975671860662160e+00
8.268616672240578502e-01,7.292440989620595504e-01,3.212981458799253787e+00
8.268616672240578502e-01,7.338925545935832684e-01,3.179427210432675288e+00
8.268616672240578502e-01,7.385410102251069864e-01,3.146378641823598166e+00
8.268616672240578502e-01,7.431894658566307044e-01,3.113901127332336483e+00
8.268616672240578502e-01,7.478379214881545334e-01,3.082059554293744785e+00
8.268616672240578502e-01,7.524863771196782514e-01,3.050918176460292841e+00
8.268616672240578502e-01,7.571348327512019694e-01,3.020540467534852169e+00
8.268616672240578502e-01,7.617832883827256873e-01,2.990988975118734405e+00
8.268616672240578502e-01,7.664317440142494053e-01,2.962325175401769428e+00
8.268616672240578502e-01,7.710801996457731233e-01,2.934609328921807592e+00
8.268616672240578502e-01,7.757286552772968413e-01,2.907900337720837669e+00
8.268616672240578502e-01,7.803771109088205593e-01,2.882255604224060797e+00
8.268616672240578502e-01,7.850255665403442773e-01,2.857730892166625125e+00
8.268616672240578502e-01,7.896740221718681063e-01,2.834380189890409518e+00
8.268616672240578502e-01,7.943224778033917133e-01,2.812255576330164430e+00
8.268616672240578502e-01,7.989709334349155423e-01,2.791407090004550007e+00
8.268616672240578502e-01,8.036193890664392603e-01,2.771882601323106599e+00
8.268616672240578502e-01,8.082678446979629783e-01,2.753727688514965966e+00
8.268616672240578502e-01,8.129163003294866963e-01,2.736985517479223695e+00
8.268616672240578502e-01,8.175647559610104143e-01,2.721696725850254239e+00
8.268616672240578502e-01,8.222132115925341322e-01,2.707899311563974010e+00
8.268616672240578502e-01,8.268616672240578502e-01,2.695628526203087461e+00
8.268616672240578502e-01,8.315101228555815682e-01,2.684916773390738420e+00
8.268616672240578502e-01,8.361585784871052862e-01,2.675793512492710136e+00
8.268616672240578502e-01,8.408070341186291152e-01,2.668285167878446273e+00
8.268616672240578502e-01,8.454554897501528332e-01,2.662415043980671303e+00
8.268616672240578502e-01,8.501039453816765512e-01,2.658203246382299767e+00
8.268616672240578502e-01,8.547524010132002692e-01,2.655666609147691481e+00
8.268616672240578502e-01,8.594008566447239872e-01,2.654818628603121233e+00
8.315101228555815682e-01,6.316265307000612506e-01,3.910296845365957896e+00
8.315101228555815682e-01,6.362749863315849685e-01,3.880596918178746080e+00
8.315101228555815682e-01,6.409234419631086865e-01,3.850161417268314956e+00
8.315101228555815682e-01,6.455718975946324045e-01,3.819035166099573608e+00
8.315101228555815682e-01,6.502203532261561225e-01,3.787265072240606045e+00
8.315101228555815682e-01,6.548688088576799515e-01,3.754900044838041850e+00
8.315101228555815682e-01,6.595172644892036695e-01,3.721990906781269981e+00
8.315101228555815682e-01,6.641657201207273875e-01,3.688590301712460828e+00
8.315101228555815682e-01,6.688141757522511055e-01,3.654752596052177616e+00
8.315101228555815682e-01,6.734626313837748235e-01,3.620533776222700784e+00
8.315101228555815682e-01,6.781110870152985415e-01,3.585991341263343735e+00
8.315101228555815682e-01,6.827595426468222595e-01,3.551184191043700533e+00
8.315101228555815682e-01,6.874079982783459775e-01,3.516172510292150832e+00
8.315101228555815682e-01,6.920564539098696955e-01,3.481017648667789732e+00
8.315101228555815682e-01,6.967049095413934134e-01,3.445781997114452100e+00
8.315101228555815682e-01,7.013533651729171314e-01,3.410528860745456914e+00
8.315101228555815682e-01,7.060018208044409604e-01,3.375322328517173620e+00
8.315101228555815682e-01,7.106502764359646784e-01,3.340227139958498181e+00
8.315101228555815682e-01,7.152987320674883964e-01,3.305308549231697146e+00
8.315101228555815682e-01,7.199471876990121144e-01,3.270632186807971742e+00
8.315101228555815682e-01,7.245956433305358324e-01,3.236263919048313120e+00
8.315101228555815682e-01,7.292440989620595504e-01,3.202269705986904746e+00
8.315101228555815682e-01,7.338925545935832684e-01,3.168715457620326248e+00
8.315101228555815682e-01,7.385410102251069864e-01,3.135666889011249125e+00
8.315101228555815682e-01,7.431894658566307044e-01,3.103189374519987442e+00
8.315101228555815682e-01,7.478379214881545334e-01,3.071347801481395745e+00
8.315101228555815682e-01,7.524863771196782514e-01,3.040206423647943801e+00
8.315101228555815682e-01,7.571348327512019694e-01,3.009828714722503129e+00
8.315101228555815682e-01,7.617832883827256873e-01,2.980277222306385365e+00
8.315101228555815682e-01,7.664317440142494053e-01,2.951613422589420388e+00
8.315101228555815682e-01,7.710801996457731233e-01,2.923897576109458551e+00
8.315101228555815682e-01,7.757286552772968413e-01,2.897188584908488629e+00
8.315101228555815682e-01,7.803771109088205593e-01,2.871543851411711756e+00
8.315101228555815682e-01,7.850255665403442773e-01,2.847019139354276085e+00
8.315101228555815682e-01,7.896740221718681063e-01,2.823668437078060478e+00
8.315101228555815682e-01,7.943224778033917133e-01,2.801543823517815390e+00
8.315101228555815682e-01,7.989709334349155423e-01,2.780695337192200967e+00
8.315101228555815682e-01,8.036193890664392603e-01,2.761170848510757558e+00
8.315101228555815682e-01,8.082678446979629783e-01,2.743015935702616925e+00
8.315101228555815682e-01,8.129163003294866963e-01,2.726273764666874655e+00
8.315101228555815682e-01,8.175647559610104143e-01,2.710984973037905199e+00
8.315101228555815682e-01,8.222132115925341322e-01,2.697187558751624969e+00
8.315101228555815682e-01,8.268616672240578502e-01,2.684916773390738420e+00
8.315101228555815682e-01,8.315101228555815682e-01,2.674205020578389380e+00
8.315101228555815682e-01,8.361585784871052862e-01,2.665081759680361095e+00
8.315101228555815682e-01,8.408070341186291152e-01,2.657573415066097233e+00
8.315101228555815682e-01,8.454554897501528332e-01,2.651703291168322263e+00
8.315101228555815682e-01,8.501039453816765512e-01,2.647491493569950727e+00
8.315101228555815682e-01,8.547524010132002692e-01,2.644954856335342441e+00
8.315101228555815682e-01,8.594008566447239872e-01,2.644106875790772193e+00
8.361585784871052862e-01,6.316265307000612506e-01,3.901173584467929611e+00
8.361585784871052862e-01,6.362749863315849685e-01,3.871473657280717795e+00
8.361585784871052862e-01,6.409234419631086865e-01,3.841038156370286671e+00
8.361585784871052862e-01,6.455718975946324045e-01,3.809911905201545324e+00
8.361585784871052862e-01,6.502203532261561225e-01,3.778141811342577761e+00
8.361585784871052862e-01,6.548688088576799515e-01,3.745776783940013566e+00
8.361585784871052862e-01,6.595172644892036695e-01,3.712867645883241696e+00
8.361585784871052862e-01,6.641657201207273875e-01,3.679467040814432544e+00
8.361585784871052862e-01,6.688141757522511055e-01,3.645629335154149331e+00
8.361585784871052862e-01,6.734626313837748235e-01,3.611410515324672499e+00
8.361585784871052862e-01,6.781110870152985415e-01,3.576868080365315450e+00
8.361585784871052862e-01,6.827595426468222595e-01,3.542060930145672248e+00
8.361585784871052862e-01,6.874079982783459775e-01,3.507049249394122548e+00
8.361585784871052862e-01,6.920564539098696955e-01,3.471894387769761448e+00
8.361585784871052862e-01,6.967049095413934134e-01,3.436658736216423815e+00
8.361585784871052862e-01,7.013533651729171314e-01,3.401405599847428629e+00
8.361585784871052862e-01,7.060018208044409604e-01,3.366199067619145335e+00
8.361585784871052862e-01,7.106502764359646784e-01,3.331103879060469897e+00
8.361585784871052862e-01,7.152987320674883964e-01,3.296185288333668861e+00
8.361585784871052862e-01,7.199471876990121144e-01,3.261508925909943457e+00
8.361585784871052862e-01,7.245956433305358324e-01,3.227140658150284835e+00
8.361585784871052862e-01,7.292440989620595504e-01,3.193146445088876462e+00
8.361585784871052862e-01,7.338925545935832684e-01,3.159592196722297963e+00
8.361585784871052862e-01,7.385410102251069864e-01,3.126543628113220841e+00
8.361585784871052862e-01,7.431894658566307044e-01,3.094066113621959158e+00
8.361585784871052862e-01,7.478379214881545334e-01,3.062224540583367460e+00
8.361585784871052862e-01,7.524863771196782514e-01,3.031083162749915516e+00
8.361585784871052862e-01,7.571348327512019694e-01,3.000705453824474844e+00
8.361585784871052862e-01,7.617832883827256873e-01,2.971153961408357080e+00
8.361585784871052862e-01,7.664317440142494053e-01,2.942490161691392103e+00
8.361585784871052862e-01,7.710801996457731233e-01,2.914774315211430267e+00
8.361585784871052862e-01,7.757286552772968413e-01,2.888065324010460344e+00
8.361585784871052862e-01,7.803771109088205593e-01,2.862420590513683472e+00
8.361585784871052862e-01,7.850255665403442773e-01,2.837895878456247800e+00
8.361585784871052862e-01,7.896740221718681063e-01,2.814545176180032193e+00
8.361585784871052862e-01,7.943224778033917133e-01,2.792420562619787106e+00
8.361585784871052862e-01,7.989709334349155423e-01,2.771572076294172682e+00
8.361585784871052862e-01,8.036193890664392603e-01,2.752047587612729274e+00
8.361585784871052862e-01,8.082678446979629783e-01,2.733892674804588641e+00
8.361585784871052862e-01,8.129163003294866963e-01,2.717150503768846370e+00
8.361585784871052862e-01,8.175647559610104143e-01,2.701861712139876914e+00
8.361585784871052862e-01,8.222132115925341322e-01,2.688064297853596685e+00
8.361585784871052862e-01,8.268616672240578502e-01,2.675793512492710136e+00
8.361585784871052862e-01,8.315101228555815682e-01,2.665081759680361095e+00
8.361585784871052862e-01,8.361585784871052862e-01,2.655958498782332811e+00
8.361585784871052862e-01,8.408070341186291152e-01,2.648450154168068948e+00
8.361585784871052862e-01,8.454554897501528332e-01,2.642580030270293978e+00
8.361585784871052862e-01,8.501039453816765512e-01,2.638368232671922442e+00
8.361585784871052862e-01,8.547524010132002692e-01,2.635831595437314157e+00
8.361585784871052862e-01,8.594008566447239872e-01,2.634983614892743908e+00
8.408070341186291152e-01,6.316265307000612506e-01,3.893665239853665749e+00
8.408070341186291152e-01,6.362749863315849685e-01,3.863965312666453933e+00
8.408070341186291152e-01,6.409234419631086865e-01,3.833529811756022809e+00
8.408070341186291152e-01,6.455718975946324045e-01,3.802403560587281461e+00
8.408070341186291152e-01,6.502203532261561225e-01,3.770633466728313898e+00
8.408070341186291152e-01,6.548688088576799515e-01,3.738268439325749704e+00
8.408070341186291152e-01,6.595172644892036695e-01,3.705359301268977834e+00
8.408070341186291152e-01,6.641657201207273875e-01,3.671958696200168681e+00
8.408070341186291152e-01,6.688141757522511055e-01,3.638120990539885469e+00
8.408070341186291152e-01,6.734626313837748235e-01,3.603902170710408637e+00
8.408070341186291152e-01,6.781110870152985415e-01,3.569359735751051588e+00
8.408070341186291152e-01,6.827595426468222595e-01,3.534552585531408386e+00
8.408070341186291152e-01,6.874079982783459775e-01,3.499540904779858685e+00
8.408070341186291152e-01,6.920564539098696955e-01,3.464386043155497585e+00
8.408070341186291152e-01,6.967049095413934134e-01,3.429150391602159953e+00
8.408070341186291152e-01,7.013533651729171314e-01,3.393897255233164767e+00
8.408070341186291152e-01,7.060018208044409604e-01,3.358690723004881473e+00
8.408070341186291152e-01,7.106502764359646784e-01,3.323595534446206035e+00
8.408070341186291152e-01,7.152987320674883964e-01,3.288676943719404999e+00
8.408070341186291152e-01,7.199471876990121144e-01,3.254000581295679595e+00
8.408070341186291152e-01,7.245956433305358324e-01,3.219632313536020973e+00
8.408070341186291152e-01,7.292440989620595504e-01,3.185638100474612600e+00
8.408070341186291152e-01,7.338925545935832684e-01,3.152083852108034101e+00
8.408070341186291152e-01,7.385410102251069864e-01,3.119035283498956979e+00
8.408070341186291152e-01,7.431894658566307044e-01,3.086557769007695295e+00
8.408070341186291152e-01,7.478379214881545334e-01,3.054716195969103598e+00
8.408070341186291152e-01,7.524863771196782514e-01,3.023574818135651654e+00
8.408070341186291152e-01,7.571348327512019694e-01,2.993197109210210982e+00
8.408070341186291152e-01,7.617832883827256873e-01,2.963645616794093218e+00
8.408070341186291152e-01,7.664317440142494053e-01,2.934981817077128241e+00
8.408070341186291152e-01,7.710801996457731233e-01,2.907265970597166405e+00
8.408070341186291152e-01,7.757286552772968413e-01,2.880556979396196482e+00
8.408070341186291152e-01,7.803771109088205593e-01,2.854912245899419609e+00
8.408070341186291152e-01,7.850255665403442773e-01,2.830387533841983938e+00
8.408070341186291152e-01,7.896740221718681063e-01,2.807036831565768331e+00
8.408070341186291152e-01,7.943224778033917133e-01,2.784912218005523243e+00
8.408070341186291152e-01,7.989709334349155423e-01,2.764063731679908820e+00
8.408070341186291152e-01,8.036193890664392603e-01,2.744539242998465411e+00
8.408070341186291152e-01,8.082678446979629783e-01,2.726384330190324778e+00
8.408070341186291152e-01,8.129163003294866963e-01,2.709642159154582508e+00
8.408070341186291152e-01,8.175647559610104143e-01,2.694353367525613052e+00
8.408070341186291152e-01,8.222132115925341322e-01,2.680555953239332823e+00
8.408070341186291152e-01,8.268616672240578502e-01,2.668285167878446273e+00
8.408070341186291152e-01,8.315101228555815682e-01,2.657573415066097233e+00
8.408070341186291152e-01,8.361585784871052862e-01,2.648450154168068948e+00
8.408070341186291152e-01,8.408070341186291152e-01,2.640941809553805086e+00
8.408070341186291152e-01,8.454554897501528332e-01,2.635071685656030116e+00
8.408070341186291152e-01,8.501039453816765512e-01,2.630859888057658580e+00
8.408070341186291152e-01,8.547524010132002692e-01,2.628323250823050294e+00
8.408070341186291152e-01,8.594008566447239872e-01,2.627475270278480046e+00
8.454554897501528332e-01,6.316265307000612506e-01,3.887795115955890335e+00
8.454554897501528332e-01,6.362749863315849685e-01,3.858095188768678518e+00
8.454554897501528332e-01,6.409234419631086865e-01,3.827659687858247395e+00
8.454554897501528332e-01,6.455718975946324045e-01,3.796533436689506047e+00
8.454554897501528332e-01,6.502203532261561225e-01,3.764763342830538484e+00
8.454554897501528332e-01,6.548688088576799515e-01,3.732398315427974289e+00
8.454554897501528332e-01,6.595172644892036695e-01,3.699489177371202420e+00
8.454554897501528332e-01,6.641657201207273875e-01,3.666088572302393267e+00
8.454554897501528332e-01,6.688141757522511055e-01,3.632250866642110054e+00
8.454554897501528332e-01,6.734626313837748235e-01,3.598032046812633222e+00
8.454554897501528332e-01,6.781110870152985415e-01,3.563489611853276173e+00
8.454554897501528332e-01,6.827595426468222595e-01,3.528682461633632972e+00
8.454554897501528332e-01,6.874079982783459775e-01,3.493670780882083271e+00
8.454554897501528332e-01,6.920564539098696955e-01,3.458515919257722171e+00
8.454554897501528332e-01,6.967049095413934134e-01,3.423280267704384539e+00
8.454554897501528332e-01,7.013533651729171314e-01,3.388027131335389353e+00
8.454554897501528332e-01,7.060018208044409604e-01,3.352820599107106059e+00
8.454554897501528332e-01,7.106502764359646784e-01,3.317725410548430620e+00
8.454554897501528332e-01,7.152987320674883964e-01,3.282806819821629585e+00
8.454554897501528332e-01,7.199471876990121144e-01,3.248130457397904181e+00
8.454554897501528332e-01,7.245956433305358324e-01,3.213762189638245559e+00
8.454554897501528332e-01,7.292440989620595504e-01,3.179767976576837185e+00
8.454554897501528332e-01,7.338925545935832684e-01,3.146213728210258687e+00
8.454554897501528332e-01,7.385410102251069864e-01,3.113165159601181564e+00
8.454554897501528332e-01,7.431894658566307044e-01,3.080687645109919881e+00
8.454554897501528332e-01,7.478379214881545334e-01,3.048846072071328184e+00
8.454554897501528332e-01,7.524863771196782514e-01,3.017704694237876240e+00
8.454554897501528332e-01,7.571348327512019694e-01,2.987326985312435568e+00
8.454554897501528332e-01,7.617832883827256873e-01,2.957775492896317804e+00
8.454554897501528332e-01,7.664317440142494053e-01,2.929111693179352827e+00
8.454554897501528332e-01,7.710801996457731233e-01,2.901395846699390990e+00
8.454554897501528332e-01,7.757286552772968413e-01,2.874686855498421068e+00
8.454554897501528332e-01,7.803771109088205593e-01,2.849042122001644195e+00
8.454554897501528332e-01,7.850255665403442773e-01,2.824517409944208524e+00
8.454554897501528332e-01,7.896740221718681063e-01,2.801166707667992917e+00
8.454554897501528332e-01,7.943224778033917133e-01,2.779042094107747829e+00
8.454554897501528332e-01,7.989709334349155423e-01,2.758193607782133405e+00
8.454554897501528332e-01,8.036193890664392603e-01,2.738669119100689997e+00
8.454554897501528332e-01,8.082678446979629783e-01,2.720514206292549364e+00
8.454554897501528332e-01,8.129163003294866963e-01,2.703772035256807094e+00
8.454554897501528332e-01,8.175647559610104143e-01,2.688483243627837638e+00
8.454554897501528332e-01,8.222132115925341322e-01,2.674685829341557408e+00
8.454554897501528332e-01,8.268616672240578502e-01,2.662415043980670859e+00
8.454554897501528332e-01,8.315101228555815682e-01,2.651703291168321819e+00
8.454554897501528332e-01,8.361585784871052862e-01,2.642580030270293534e+00
8.454554897501528332e-01,8.408070341186291152e-01,2.635071685656029672e+00
8.454554897501528332e-01,8.454554897501528332e-01,2.629201561758254702e+00
8.454554897501528332e-01,8.501039453816765512e-01,2.624989764159883165e+00
8.454554897501528332e-01,8.547524010132002692e-01,2.622453126925274880e+00
8.454554897501528332e-01,8.594008566447239872e-01,2.621605146380704632e+00
8.501039453816765512e-01,6.316265307000612506e-01,3.883583318357519243e+00
8.501039453816765512e-01,6.362749863315849685e-01,3.853883391170307426e+00
8.501039453816765512e-01,6.409234419631086865e-01,3.823447890259876303e+00
8.501039453816765512e-01,6.455718975946324045e-01,3.792321639091134955e+00
8.501039453816765512e-01,6.502203532261561225e-01,3.760551545232167392e+00
8.501039453816765512e-01,6.548688088576799515e-01,3.728186517829603197e+00
8.501039453816765512e-01,6.595172644892036695e-01,3.695277379772831328e+00
8.501039453816765512e-01,6.641657201207273875e-01,3.661876774704022175e+00
8.501039453816765512e-01,6.688141757522511055e-01,3.628039069043738962e+00
8.501039453816765512e-01,6.734626313837748235e-01,3.593820249214262130e+00
8.501039453816765512e-01,6.781110870152985415e-01,3.559277814254905081e+00
8.501039453816765512e-01,6.827595426468222595e-01,3.524470664035261880e+00
8.501039453816765512e-01,6.874079982783459775e-01,3.489458983283712179e+00
8.501039453816765512e-01,6.920564539098696955e-01,3.454304121659351079e+00
8.501039453816765512e-01,6.967049095413934134e-01,3.419068470106013446e+00
8.501039453816765512e-01,7.013533651729171314e-01,3.383815333737018261e+00
8.501039453816765512e-01,7.060018208044409604e-01,3.348608801508734967e+00
8.501039453816765512e-01,7.106502764359646784e-01,3.313513612950059528e+00
8.501039453816765512e-01,7.152987320674883964e-01,3.278595022223258493e+00
8.501039453816765512e-01,7.199471876990121144e-01,3.243918659799533089e+00
8.501039453816765512e-01,7.245956433305358324e-01,3.209550392039874467e+00
8.501039453816765512e-01,7.292440989620595504e-01,3.175556178978466093e+00
8.501039453816765512e-01,7.338925545935832684e-01,3.142001930611887595e+00
8.501039453816765512e-01,7.385410102251069864e-01,3.108953362002810472e+00
8.501039453816765512e-01,7.431894658566307044e-01,3.076475847511548789e+00
8.501039453816765512e-01,7.478379214881545334e-01,3.044634274472957092e+00
8.501039453816765512e-01,7.524863771196782514e-01,3.013492896639505148e+00
8.501039453816765512e-01,7.571348327512019694e-01,2.983115187714064476e+00
8.501039453816765512e-01,7.617832883827256873e-01,2.953563695297946712e+00
8.501039453816765512e-01,7.664317440142494053e-01,2.924899895580981735e+00
8.501039453816765512e-01,7.710801996457731233e-01,2.897184049101019898e+00
8.501039453816765512e-01,7.757286552772968413e-01,2.870475057900049976e+00
8.501039453816765512e-01,7.803771109088205593e-01,2.844830324403273103e+00
8.501039453816765512e-01,7.850255665403442773e-01,2.820305612345837432e+00
8.501039453816765512e-01,7.896740221718681063e-01,2.796954910069621825e+00
8.501039453816765512e-01,7.943224778033917133e-01,2.774830296509376737e+00
8.501039453816765512e-01,7.989709334349155423e-01,2.753981810183762313e+00
8.501039453816765512e-01,8.036193890664392603e-01,2.734457321502318905e+00
8.501039453816765512e-01,8.082678446979629783e-01,2.716302408694178272e+00
8.501039453816765512e-01,8.129163003294866963e-01,2.699560237658436002e+00
8.501039453816765512e-01,8.175647559610104143e-01,2.684271446029466546e+00
8.501039453816765512e-01,8.222132115925341322e-01,2.670474031743186316e+00
8.501039453816765512e-01,8.268616672240578502e-01,2.658203246382299767e+00
8.501039453816765512e-01,8.315101228555815682e-01,2.647491493569950727e+00
8.501039453816765512e-01,8.361585784871052862e-01,2.638368232671922442e+00
8.501039453816765512e-01,8.408070341186291152e-01,2.630859888057658580e+00
8.501039453816765512e-01,8.454554897501528332e-01,2.624989764159883610e+00
8.501039453816765512e-01,8.501039453816765512e-01,2.620777966561512073e+00
8.501039453816765512e-01,8.547524010132002692e-01,2.618241329326903788e+00
8.501039453816765512e-01,8.594008566447239872e-01,2.617393348782333540e+00
8.547524010132002692e-01,6.316265307000612506e-01,3.881046681122910957e+00
8.547524010132002692e-01,6.362749863315849685e-01,3.851346753935699141e+00
8.547524010132002692e-01,6.409234419631086865e-01,3.820911253025268017e+00
8.547524010132002692e-01,6.455718975946324045e-01,3.789785001856526669e+00
8.547524010132002692e-01,6.502203532261561225e-01,3.758014907997559106e+00
8.547524010132002692e-01,6.548688088576799515e-01,3.725649880594994912e+00
8.547524010132002692e-01,6.595172644892036695e-01,3.692740742538223042e+00
8.547524010132002692e-01,6.641657201207273875e-01,3.659340137469413889e+00
8.547524010132002692e-01,6.688141757522511055e-01,3.625502431809130677e+00
8.547524010132002692e-01,6.734626313837748235e-01,3.591283611979653845e+00
8.547524010132002692e-01,6.781110870152985415e-01,3.556741177020296796e+00
8.547524010132002692e-01,6.827595426468222595e-01,3.521934026800653594e+00
8.547524010132002692e-01,6.874079982783459775e-01,3.486922346049103894e+00
8.547524010132002692e-01,6.920564539098696955e-01,3.451767484424742793e+00
8.547524010132002692e-01,6.967049095413934134e-01,3.416531832871405161e+00
8.547524010132002692e-01,7.013533651729171314e-01,3.381278696502409975e+00
8.547524010132002692e-01,7.060018208044409604e-01,3.346072164274126681e+00
8.547524010132002692e-01,7.106502764359646784e-01,3.310976975715451243e+00
8.547524010132002692e-01,7.152987320674883964e-01,3.276058384988650207e+00
8.547524010132002692e-01,7.199471876990121144e-01,3.241382022564924803e+00
8.547524010132002692e-01,7.245956433305358324e-01,3.207013754805266181e+00
8.547524010132002692e-01,7.292440989620595504e-01,3.173019541743857808e+00
8.547524010132002692e-01,7.338925545935832684e-01,3.139465293377279309e+00
8.547524010132002692e-01,7.385410102251069864e-01,3.106416724768202187e+00
8.547524010132002692e-01,7.431894658566307044e-01,3.073939210276940504e+00
8.547524010132002692e-01,7.478379214881545334e-01,3.042097637238348806e+00
8.547524010132002692e-01,7.524863771196782514e-01,3.010956259404896862e+00
8.547524010132002692e-01,7.571348327512019694e-01,2.980578550479456190e+00
8.547524010132002692e-01,7.617832883827256873e-01,2.951027058063338426e+00
8.547524010132002692e-01,7.664317440142494053e-01,2.922363258346373449e+00
8.547524010132002692e-01,7.710801996457731233e-01,2.894647411866411613e+00
8.547524010132002692e-01,7.757286552772968413e-01,2.867938420665441690e+00
8.547524010132002692e-01,7.803771109088205593e-01,2.842293687168664817e+00
8.547524010132002692e-01,7.850255665403442773e-01,2.817768975111229146e+00
8.547524010132002692e-01,7.896740221718681063e-01,2.794418272835013539e+00
8.547524010132002692e-01,7.943224778033917133e-01,2.772293659274768451e+00
8.547524010132002692e-01,7.989709334349155423e-01,2.751445172949154028e+00
8.547524010132002692e-01,8.036193890664392603e-01,2.731920684267710620e+00
8.547524010132002692e-01,8.082678446979629783e-01,2.713765771459569986e+00
8.547524010132002692e-01,8.129163003294866963e-01,2.697023600423827716e+00
8.547524010132002692e-01,8.175647559610104143e-01,2.681734808794858260e+00
8.547524010132002692e-01,8.222132115925341322e-01,2.667937394508578031e+00
8.547524010132002692e-01,8.268616672240578502e-01,2.655666609147691481e+00
8.547524010132002692e-01,8.315101228555815682e-01,2.644954856335342441e+00
8.547524010132002692e-01,8.361585784871052862e-01,2.635831595437314157e+00
8.547524010132002692e-01,8.408070341186291152e-01,2.628323250823050294e+00
8.547524010132002692e-01,8.454554897501528332e-01,2.622453126925275324e+00
8.547524010132002692e-01,8.501039453816765512e-01,2.618241329326903788e+00
8.547524010132002692e-01,8.547524010132002692e-01,2.615704692092295502e+00
8.547524010132002692e-01,8.594008566447239872e-01,2.614856711547725254e+00
8.594008566447239872e-01,6.316265307000612506e-01,3.880198700578340709e+00
8.594008566447239872e-01,6.362749863315849685e-01,3.850498773391128893e+00
8.594008566447239872e-01,6.409234419631086865e-01,3.820063272480697769e+00
8.594008566447239872e-01,6.455718975946324045e-01,3.788937021311956421e+00
8.594008566447239872e-01,6.502203532261561225e-01,3.757166927452988858e+00
8.594008566447239872e-01,6.548688088576799515e-01,3.724801900050424663e+00
8.594008566447239872e-01,6.595172644892036695e-01,3.691892761993652794e+00
8.594008566447239872e-01,6.641657201207273875e-01,3.658492156924843641e+00
8.594008566447239872e-01,6.688141757522511055e-01,3.624654451264560429e+00
8.594008566447239872e-01,6.734626313837748235e-01,3.590435631435083597e+00
8.594008566447239872e-01,6.781110870152985415e-01,3.555893196475726548e+00
8.594008566447239872e-01,6.827595426468222595e-01,3.521086046256083346e+00
8.594008566447239872e-01,6.874079982783459775e-01,3.486074365504533645e+00
8.594008566447239872e-01,6.920564539098696955e-01,3.450919503880172545e+00
8.594008566447239872e-01,6.967049095413934134e-01,3.415683852326834913e+00
8.594008566447239872e-01,7.013533651729171314e-01,3.380430715957839727e+00
8.594008566447239872e-01,7.060018208044409604e-01,3.345224183729556433e+00
8.594008566447239872e-01,7.106502764359646784e-01,3.310128995170880994e+00
8.594008566447239872e-01,7.152987320674883964e-01,3.275210404444079959e+00
8.594008566447239872e-01,7.199471876990121144e-01,3.240534042020354555e+00
8.594008566447239872e-01,7.245956433305358324e-01,3.206165774260695933e+00
8.594008566447239872e-01,7.292440989620595504e-01,3.172171561199287559e+00
8.594008566447239872e-01,7.338925545935832684e-01,3.138617312832709061e+00
8.594008566447239872e-01,7.385410102251069864e-01,3.105568744223631938e+00
8.594008566447239872e-01,7.431894658566307044e-01,3.073091229732370255e+00
8.594008566447239872e-01,7.478379214881545334e-01,3.041249656693778558e+00
8.594008566447239872e-01,7.524863771196782514e-01,3.010108278860326614e+00
8.594008566447239872e-01,7.571348327512019694e-01,2.979730569934885942e+00
8.594008566447239872e-01,7.617832883827256873e-01,2.950179077518768178e+00
8.594008566447239872e-01,7.664317440142494053e-01,2.921515277801803201e+00
8.594008566447239872e-01,7.710801996457731233e-01,2.893799431321841364e+00
8.594008566447239872e-01,7.757286552772968413e-01,2.867090440120871442e+00
8.594008566447239872e-01,7.803771109088205593e-01,2.841445706624094569e+00
8.594008566447239872e-01,7.850255665403442773e-01,2.816920994566658898e+00
8.594008566447239872e-01,7.896740221718681063e-01,2.793570292290443291e+00
8.594008566447239872e-01,7.943224778033917133e-01,2.771445678730198203e+00
8.594008566447239872e-01,7.989709334349155423e-01,2.750597192404583780e+00
8.594008566447239872e-01,8.036193890664392603e-01,2.731072703723140371e+00
8.594008566447239872e-01,8.082678446979629783e-01,2.712917790914999738e+00
8.594008566447239872e-01,8.129163003294866963e-01,2.696175619879257468e+00
8.594008566447239872e-01,8.175647559610104143e-01,2.680886828250288012e+00
8.594008566447239872e-01,8.222132115925341322e-01,2.667089413964007782e+00
8.594008566447239872e-01,8.268616672240578502e-01,2.654818628603121233e+00
8.594008566447239872e-01,8.315101228555815682e-01,2.644106875790772193e+00
8.594008566447239872e-01,8.361585784871052862e-01,2.634983614892743908e+00
8.594008566447239872e-01,8.408070341186291152e-01,2.627475270278480046e+00
8.594008566447239872e-01,8.454554897501528332e-01,2.621605146380705076e+00
8.594008566447239872e-01,8.501039453816765512e-01,2.617393348782333540e+00
8.594008566447239872e-01,8.547524010132002692e-01,2.614856711547725254e+00
8.594008566447239872e-01,8.594008566447239872e-01,2.614008731003155006e+00
