f1,f2
0.000000000000000000e+00,1.000000000000000000e+00
1.000100010001000133e-04,9.999999899979996609e-01
2.000200020002000265e-04,9.999999599919987547e-01
3.000300030003000534e-04,9.999999099819972814e-01
4.000400040004000531e-04,9.999998399679952410e-01
5.000500050005000528e-04,9.999997499499925224e-01
6.000600060006001067e-04,9.999996399279892367e-01
7.000700070007000522e-04,9.999995099019852729e-01
8.000800080008001062e-04,9.999993598719807419e-01
9.000900090009001601e-04,9.999991898379756439e-01
1.000100010001000106e-03,9.999989997999699787e-01
1.100110011001100051e-03,9.999987897579637464e-01
1.200120012001200213e-03,9.999985597119568359e-01
1.300130013001300159e-03,9.999983096619492473e-01
1.400140014001400104e-03,9.999980396079412026e-01
1.500150015001500267e-03,9.999977495499324798e-01
1.600160016001600212e-03,9.999974394879231898e-01
1.700170017001700158e-03,9.999971094219133327e-01
1.800180018001800320e-03,9.999967593519027975e-01
1.900190019001900266e-03,9.999963892778916952e-01
2.000200020002000211e-03,9.999959991998800257e-01
2.100210021002100157e-03,9.999955891178676781e-01
2.200220022002200102e-03,9.999951590318547634e-01
2.300230023002300481e-03,9.999947089418412816e-01
2.400240024002400427e-03,9.999942388478271216e-01
2.500250025002500372e-03,9.999937487498125055e-01
2.600260026002600318e-03,9.999932386477972113e-01
2.700270027002700263e-03,9.999927085417812389e-01
2.800280028002800209e-03,9.999921584317648104e-01
2.900290029002900588e-03,9.999915883177477038e-01
3.000300030003000534e-03,9.999909981997299191e-01
3.100310031003100479e-03,9.999903880777116782e-01
3.200320032003200425e-03,9.999897579516927593e-01
3.300330033003300370e-03,9.999891078216732732e-01
3.400340034003400316e-03,9.999884376876531089e-01
3.500350035003500261e-03,9.999877475496324886e-01
3.600360036003600640e-03,9.999870374076111901e-01
3.700370037003700586e-03,9.999863072615892134e-01
3.800380038003800531e-03,9.999855571115667807e-01
3.900390039003900477e-03,9.999847869575436698e-01
4.000400040004000422e-03,9.999839967995198808e-01
4.100410041004100802e-03,9.999831866374956357e-01
4.200420042004200313e-03,9.999823564714707125e-01
4.300430043004300693e-03,9.999815063014452221e-01
4.400440044004400204e-03,9.999806361274191646e-01
4.500450045004500584e-03,9.999797459493924290e-01
4.600460046004600963e-03,9.999788357673651262e-01
4.700470047004700475e-03,9.999779055813372564e-01
4.800480048004800854e-03,9.999769553913087083e-01
4.900490049004900366e-03,9.999759851972795932e-01
5.000500050005000745e-03,9.999749949992499110e-01
5.100510051005100257e-03,9.999739847972195506e-01
5.200520052005200636e-03,9.999729545911887341e-01
5.300530053005301015e-03,9.999719043811572394e-01
5.400540054005400527e-03,9.999708341671250666e-01
5.500550055005500906e-03,9.999697439490923268e-01
5.600560056005600418e-03,9.999686337270590197e-01
5.700570057005700797e-03,9.999675035010251456e-01
5.800580058005801176e-03,9.999663532709907043e-01
5.900590059005900688e-03,9.999651830369555849e-01
6.000600060006001067e-03,9.999639927989198984e-01
6.100610061006100579e-03,9.999627825568835338e-01
6.200620062006200958e-03,9.999615523108466020e-01
6.300630063006300470e-03,9.999603020608091031e-01
6.400640064006400849e-03,9.999590318067710371e-01
6.500650065006501228e-03,9.999577415487322929e-01
6.600660066006600740e-03,9.999564312866929816e-01
6.700670067006701119e-03,9.999551010206531032e-01
6.800680068006800631e-03,9.999537507506126577e-01
6.900690069006901010e-03,9.999523804765715340e-01
7.000700070007000522e-03,9.999509901985298432e-01
7.100710071007100901e-03,9.999495799164874743e-01
7.200720072007201281e-03,9.999481496304445383e-01
7.300730073007300792e-03,9.999466993404010351e-01
7.400740074007401172e-03,9.999452290463569648e-01
7.500750075007500683e-03,9.999437387483123274e-01
7.600760076007601063e-03,9.999422284462670119e-01
7.700770077007701442e-03,9.999406981402210182e-01
7.800780078007800954e-03,9.999391478301745684e-01
7.900790079007900465e-03,9.999375775161274404e-01
8.000800080008000845e-03,9.999359871980797454e-01
8.100810081008101224e-03,9.999343768760314832e-01
8.200820082008201603e-03,9.999327465499825429e-01
8.300830083008300248e-03,9.999310962199330355e-01
8.400840084008400627e-03,9.999294258858829609e-01
8.500850085008501006e-03,9.999277355478322082e-01
8.600860086008601385e-03,9.999260252057808884e-01
8.700870087008701764e-03,9.999242948597290015e-01
8.800880088008800409e-03,9.999225445096764364e-01
8.900890089008900788e-03,9.999207741556234152e-01
9.000900090009001167e-03,9.999189837975697159e-01
9.100910091009101546e-03,9.999171734355153385e-01
9.200920092009201925e-03,9.999153430694605049e-01
9.300930093009300570e-03,9.999134926994049932e-01
9.400940094009400949e-03,9.999116223253488034e-01
9.500950095009501328e-03,9.999097319472921575e-01
9.600960096009601707e-03,9.999078215652348334e-01
9.700970097009702087e-03,9.999058911791769422e-01
9.800980098009800731e-03,9.999039407891183728e-01
9.900990099009901110e-03,9.999019703950593474e-01
1.000100010001000149e-02,9.998999799969996438e-01
1.010101010101010187e-02,9.998979695949392621e-01
1.020102010201020051e-02,9.998959391888784243e-01
1.030103010301030089e-02,9.998938887788169083e-01
1.040104010401040127e-02,9.998918183647547142e-01
1.050105010501050165e-02,9.998897279466920640e-01
1.060106010601060203e-02,9.998876175246287357e-01
1.070107010701070067e-02,9.998854870985648402e-01
1.080108010801080105e-02,9.998833366685003776e-01
1.090109010901090143e-02,9.998811662344352369e-01
1.100110011001100181e-02,9.998789757963695290e-01
1.110111011101110219e-02,9.998767653543032541e-01
1.120112011201120084e-02,9.998745349082363010e-01
1.130113011301130121e-02,9.998722844581687808e-01
1.140114011401140159e-02,9.998700140041006934e-01
1.150115011501150197e-02,9.998677235460319279e-01
1.160116011601160235e-02,9.998654130839627063e-01
1.170117011701170100e-02,9.998630826178928066e-01
1.180118011801180138e-02,9.998607321478222287e-01
1.190119011901190176e-02,9.998583616737510837e-01
1.200120012001200213e-02,9.998559711956793716e-01
1.210121012101210078e-02,9.998535607136070924e-01
1.220122012201220116e-02,9.998511302275342461e-01
1.230123012301230154e-02,9.998486797374607216e-01
1.240124012401240192e-02,9.998462092433866300e-01
1.250125012501250230e-02,9.998437187453118602e-01
1.260126012601260094e-02,9.998412082432365233e-01
1.270127012701270132e-02,9.998386777371606193e-01
1.280128012801280170e-02,9.998361272270841482e-01
1.290129012901290208e-02,9.998335567130069990e-01
1.300130013001300246e-02,9.998309661949292826e-01
1.310131013101310110e-02,9.998283556728509991e-01
1.320132013201320148e-02,9.998257251467721485e-01
1.330133013301330186e-02,9.998230746166926197e-01
1.340134013401340224e-02,9.998204040826125238e-01
1.350135013501350262e-02,9.998177135445317498e-01
1.360136013601360126e-02,9.998150030024504087e-01
1.370137013701370164e-02,9.998122724563685004e-01
1.380138013801380202e-02,9.998095219062860251e-01
1.390139013901390240e-02,9.998067513522028715e-01
1.400140014001400104e-02,9.998039607941192619e-01
1.410141014101410142e-02,9.998011502320348631e-01
1.420142014201420180e-02,9.997983196659500083e-01
1.430143014301430218e-02,9.997954690958644752e-01
1.440144014401440256e-02,9.997925985217783751e-01
1.450145014501450121e-02,9.997897079436917078e-01
1.460146014601460158e-02,9.997867973616043624e-01
1.470147014701470196e-02,9.997838667755164499e-01
1.480148014801480234e-02,9.997809161854279703e-01
1.490149014901490272e-02,9.997779455913388125e-01
1.500150015001500137e-02,9.997749549932490876e-01
1.510151015101510175e-02,9.997719443911587955e-01
1.520152015201520213e-02,9.997689137850678254e-01
1.530153015301530250e-02,9.997658631749763991e-01
1.540154015401540288e-02,9.997627925608842947e-01
1.550155015501550153e-02,9.997597019427915122e-01
1.560156015601560191e-02,9.997565913206982735e-01
1.570157015701570055e-02,9.997534606946043567e-01
1.580158015801580093e-02,9.997503100645097618e-01
1.590159015901590131e-02,9.997471394304147108e-01
1.600160016001600169e-02,9.997439487923189816e-01
1.610161016101610207e-02,9.997407381502226853e-01
1.620162016201620245e-02,9.997375075041257109e-01
1.630163016301630283e-02,9.997342568540282803e-01
1.640164016401640321e-02,9.997309861999301717e-01
1.650165016501650359e-02,9.997276955418313849e-01
1.660166016601660050e-02,9.997243848797321419e-01
1.670167016701670087e-02,9.997210542136322209e-01
1.680168016801680125e-02,9.997177035435316217e-01
1.690169016901690163e-02,9.997143328694305664e-01
1.700170017001700201e-02,9.997109421913288330e-01
1.710171017101710239e-02,9.997075315092265324e-01
1.720172017201720277e-02,9.997041008231236647e-01
1.730173017301730315e-02,9.997006501330201189e-01
1.740174017401740353e-02,9.996971794389160060e-01
1.750175017501750391e-02,9.996936887408113259e-01
1.760176017601760082e-02,9.996901780387059677e-01
1.770177017701770120e-02,9.996866473326000424e-01
1.780178017801780158e-02,9.996830966224935500e-01
1.790179017901790195e-02,9.996795259083863794e-01
1.800180018001800233e-02,9.996759351902787527e-01
1.810181018101810271e-02,9.996723244681703369e-01
1.820182018201820309e-02,9.996686937420614649e-01
1.830183018301830347e-02,9.996650430119519148e-01
1.840184018401840385e-02,9.996613722778417976e-01
1.850185018501850076e-02,9.996576815397311133e-01
1.860186018601860114e-02,9.996539707976198619e-01
1.870187018701870152e-02,9.996502400515079323e-01
1.880188018801880190e-02,9.996464893013954356e-01
1.890189018901890228e-02,9.996427185472822607e-01
1.900190019001900266e-02,9.996389277891685188e-01
1.910191019101910304e-02,9.996351170270542097e-01
1.920192019201920341e-02,9.996312862609393335e-01
1.930193019301930379e-02,9.996274354908237791e-01
1.940194019401940417e-02,9.996235647167076577e-01
1.950195019501950108e-02,9.996196739385909691e-01
1.960196019601960146e-02,9.996157631564737134e-01
1.970197019701970184e-02,9.996118323703557795e-01
1.980198019801980222e-02,9.996078815802372786e-01
1.990199019901990260e-02,9.996039107861180995e-01
2.000200020002000298e-02,9.995999199879983532e-01
2.010201020102010336e-02,9.995959091858780399e-01
2.020202020202020374e-02,9.995918783797571594e-01
2.030203020302030412e-02,9.995878275696356008e-01
2.040204020402040103e-02,9.995837567555135861e-01
2.050205020502050141e-02,9.995796659373907822e-01
2.060206020602060178e-02,9.995755551152675222e-01
2.070207020702070216e-02,9.995714242891435841e-01
2.080208020802080254e-02,9.995672734590190789e-01
2.090209020902090292e-02,9.995631026248940065e-01
2.100210021002100330e-02,9.995589117867682560e-01
2.110211021102110368e-02,9.995547009446419384e-01
2.120212021202120406e-02,9.995504700985150537e-01
2.130213021302130444e-02,9.995462192483874908e-01
2.140214021402140135e-02,9.995419483942593608e-01
2.150215021502150173e-02,9.995376575361306637e-01
2.160216021602160211e-02,9.995333466740012884e-01
2.170217021702170249e-02,9.995290158078714571e-01
2.180218021802180287e-02,9.995246649377409476e-01
2.190219021902190324e-02,9.995202940636097599e-01
2.200220022002200362e-02,9.995159031854781162e-01
2.210221022102210400e-02,9.995114923033457943e-01
2.220222022202220438e-02,9.995070614172127943e-01
2.230223022302230129e-02,9.995026105270793382e-01
2.240224022402240167e-02,9.994981396329452039e-01
2.250225022502250205e-02,9.994936487348105025e-01
2.260226022602260243e-02,9.994891378326751230e-01
2.270227022702270281e-02,9.994846069265392874e-01
2.280228022802280319e-02,9.994800560164027736e-01
2.290229022902290357e-02,9.994754851022655817e-01
2.300230023002300395e-02,9.994708941841279337e-01
2.310231023102310433e-02,9.994662832619896076e-01
2.320232023202320470e-02,9.994616523358506033e-01
2.330233023302330161e-02,9.994570014057111429e-01
2.340234023402340199e-02,9.994523304715710044e-01
2.350235023502350237e-02,9.994476395334302987e-01
2.360236023602360275e-02,9.994429285912890260e-01
2.370237023702370313e-02,9.994381976451470750e-01
2.380238023802380351e-02,9.994334466950045570e-01
2.390239023902390389e-02,9.994286757408613608e-01
2.400240024002400427e-02,9.994238847827177086e-01
2.410241024102410465e-02,9.994190738205733782e-01
2.420242024202420156e-02,9.994142428544284806e-01
2.430243024302430194e-02,9.994093918842829050e-01
2.440244024402440232e-02,9.994045209101368732e-01
2.450245024502450270e-02,9.993996299319900523e-01
2.460246024602460307e-02,9.993947189498427752e-01
2.470247024702470345e-02,9.993897879636948200e-01
2.480248024802480383e-02,9.993848369735462978e-01
2.490249024902490421e-02,9.993798659793972083e-01
2.500250025002500459e-02,9.993748749812475518e-01
2.510251025102510497e-02,9.993698639790972171e-01
2.520252025202520188e-02,9.993648329729462043e-01
2.530253025302530226e-02,9.993597819627947354e-01
2.540254025402540264e-02,9.993547109486425883e-01
2.550255025502550302e-02,9.993496199304898742e-01
2.560256025602560340e-02,9.993445089083365929e-01
2.570257025702570378e-02,9.993393778821826334e-01
2.580258025802580416e-02,9.993342268520281069e-01
2.590259025902590453e-02,9.993290558178730132e-01
2.600260026002600491e-02,9.993238647797172414e-01
2.610261026102610182e-02,9.993186537375610135e-01
2.620262026202620220e-02,9.993134226914041074e-01
2.630263026302630258e-02,9.993081716412465232e-01
2.640264026402640296e-02,9.993029005870883719e-01
2.650265026502650334e-02,9.992976095289296534e-01
2.660266026602660372e-02,9.992922984667703679e-01
2.670267026702670410e-02,9.992869674006104042e-01
2.680268026802680448e-02,9.992816163304498733e-01
2.690269026902690486e-02,9.992762452562887754e-01
2.700270027002700524e-02,9.992708541781271103e-01
2.710271027102710215e-02,9.992654430959647671e-01
2.720272027202720252e-02,9.992600120098018568e-01
2.730273027302730290e-02,9.992545609196382683e-01
2.740274027402740328e-02,9.992490898254742238e-01
2.750275027502750366e-02,9.992435987273095011e-01
2.760276027602760404e-02,9.992380876251441002e-01
2.770277027702770442e-02,9.992325565189782433e-01
2.780278027802780480e-02,9.992270054088117082e-01
2.790279027902790518e-02,9.992214342946446060e-01
2.800280028002800209e-02,9.992158431764768256e-01
2.810281028102810247e-02,9.992102320543085892e-01
2.820282028202820285e-02,9.992046009281395635e-01
2.830283028302830323e-02,9.991989497979700818e-01
2.840284028402840361e-02,9.991932786637999220e-01
2.850285028502850398e-02,9.991875875256293060e-01
2.860286028602860436e-02,9.991818763834579009e-01
2.870287028702870474e-02,9.991761452372860397e-01
2.880288028802880512e-02,9.991703940871135003e-01
2.890289028902890550e-02,9.991646229329403939e-01
2.900290029002900241e-02,9.991588317747666093e-01
2.910291029102910279e-02,9.991530206125922575e-01
2.920292029202920317e-02,9.991471894464173387e-01
2.930293029302930355e-02,9.991413382762418527e-01
2.940294029402940393e-02,9.991354671020656886e-01
2.950295029502950431e-02,9.991295759238890684e-01
2.960296029602960469e-02,9.991236647417116590e-01
2.970297029702970507e-02,9.991177335555337935e-01
2.980298029802980544e-02,9.991117823653552499e-01
2.990299029902990235e-02,9.991058111711761391e-01
3.000300030003000273e-02,9.990998199729963503e-01
3.010301030103010311e-02,9.990938087708161053e-01
3.020302030203020349e-02,9.990877775646351822e-01
3.030303030303030387e-02,9.990817263544535809e-01
3.040304030403040425e-02,9.990756551402715235e-01
3.050305030503050463e-02,9.990695639220887880e-01
3.060306030603060501e-02,9.990634526999054854e-01
3.070307030703070539e-02,9.990573214737215046e-01
3.080308030803080577e-02,9.990511702435369568e-01
3.090309030903090268e-02,9.990449990093518418e-01
3.100310031003100306e-02,9.990388077711661596e-01
3.110311031103110344e-02,9.990325965289797994e-01
3.120312031203120381e-02,9.990263652827928720e-01
3.130313031303130072e-02,9.990201140326053775e-01
3.140314031403140110e-02,9.990138427784172048e-01
3.150315031503150148e-02,9.990075515202285761e-01
3.160316031603160186e-02,9.990012402580391582e-01
3.170317031703170224e-02,9.989949089918492842e-01
3.180318031803180262e-02,9.989885577216587320e-01
3.190319031903190300e-02,9.989821864474676127e-01
3.200320032003200338e-02,9.989757951692759264e-01
3.210321032103210376e-02,9.989693838870835618e-01
3.220322032203220414e-02,9.989629526008906302e-01
3.230323032303230452e-02,9.989565013106971314e-01
3.240324032403240490e-02,9.989500300165029545e-01
3.250325032503250527e-02,9.989435387183083215e-01
3.260326032603260565e-02,9.989370274161128993e-01
3.270327032703270603e-02,9.989304961099170210e-01
3.280328032803280641e-02,9.989239447997204646e-01
3.290329032903290679e-02,9.989173734855233411e-01
3.300330033003300717e-02,9.989107821673256504e-01
3.310331033103310755e-02,9.989041708451272816e-01
3.320332033203320099e-02,9.988975395189283457e-01
3.330333033303330137e-02,9.988908881887288427e-01
3.340334033403340175e-02,9.988842168545287725e-01
3.350335033503350213e-02,9.988775255163280242e-01
3.360336033603360251e-02,9.988708141741267088e-01
3.370337033703370289e-02,9.988640828279247152e-01
3.380338033803380327e-02,9.988573314777222656e-01
3.390339033903390364e-02,9.988505601235191378e-01
3.400340034003400402e-02,9.988437687653153318e-01
3.410341034103410440e-02,9.988369574031110698e-01
3.420342034203420478e-02,9.988301260369061296e-01
3.430343034303430516e-02,9.988232746667006223e-01
3.440344034403440554e-02,9.988164032924944369e-01
3.450345034503450592e-02,9.988095119142876843e-01
3.460346034603460630e-02,9.988026005320803646e-01
3.470347034703470668e-02,9.987956691458724778e-01
3.480348034803480706e-02,9.987887177556639129e-01
3.490349034903490744e-02,9.987817463614547808e-01
3.500350035003500782e-02,9.987747549632450816e-01
3.510351035103510126e-02,9.987677435610348153e-01
3.520352035203520163e-02,9.987607121548238709e-01
3.530353035303530201e-02,9.987536607446123593e-01
3.540354035403540239e-02,9.987465893304001696e-01
3.550355035503550277e-02,9.987394979121874128e-01
3.560356035603560315e-02,9.987323864899740888e-01
3.570357035703570353e-02,9.987252550637601978e-01
3.580358035803580391e-02,9.987181036335456286e-01
3.590359035903590429e-02,9.987109321993304922e-01
3.600360036003600467e-02,9.987037407611147888e-01
3.610361036103610505e-02,9.986965293188985182e-01
3.620362036203620543e-02,9.986892978726815695e-01
3.630363036303630581e-02,9.986820464224640537e-01
3.640364036403640619e-02,9.986747749682458597e-01
3.650365036503650656e-02,9.986674835100272096e-01
3.660366036603660694e-02,9.986601720478078814e-01
3.670367036703670732e-02,9.986528405815878751e-01
3.680368036803680770e-02,9.986454891113674126e-01
3.690369036903690808e-02,9.986381176371462720e-01
3.700370037003700152e-02,9.986307261589245643e-01
3.710371037103710190e-02,9.986233146767021784e-01
3.720372037203720228e-02,9.986158831904792255e-01
3.730373037303730266e-02,9.986084317002557054e-01
3.740374037403740304e-02,9.986009602060316181e-01
3.750375037503750342e-02,9.985934687078068528e-01
3.760376037603760380e-02,9.985859572055815203e-01
3.770377037703770418e-02,9.985784256993556207e-01
3.780378037803780455e-02,9.985708741891290430e-01
3.790379037903790493e-02,9.985633026749018981e-01
3.800380038003800531e-02,9.985557111566741861e-01
3.810381038103810569e-02,9.985480996344459070e-01
3.820382038203820607e-02,9.985404681082169498e-01
3.830383038303830645e-02,9.985328165779874254e-01
3.840384038403840683e-02,9.985251450437573340e-01
3.850385038503850721e-02,9.985174535055265643e-01
3.860386038603860759e-02,9.985097419632952276e-01
3.870387038703870797e-02,9.985020104170633237e-01
3.880388038803880835e-02,9.984942588668307417e-01
3.890389038903890179e-02,9.984864873125975926e-01
3.900390039003900217e-02,9.984786957543638763e-01
3.910391039103910255e-02,9.984708841921295930e-01
3.920392039203920292e-02,9.984630526258946315e-01
3.930393039303930330e-02,9.984552010556591028e-01
3.940394039403940368e-02,9.984473294814230071e-01
3.950395039503950406e-02,9.984394379031862332e-01
3.960396039603960444e-02,9.984315263209488922e-01
3.970397039703970482e-02,9.984235947347109841e-01
3.980398039803980520e-02,9.984156431444725088e-01
3.990399039903990558e-02,9.984076715502333554e-01
4.000400040004000596e-02,9.983996799519936349e-01
4.010401040104010634e-02,9.983916683497532363e-01
4.020402040204020672e-02,9.983836367435123815e-01
4.030403040304030710e-02,9.983755851332708486e-01
4.040404040404040747e-02,9.983675135190286376e-01
4.050405040504050785e-02,9.983594219007859705e-01
4.060406040604060823e-02,9.983513102785426252e-01
4.070407040704070861e-02,9.983431786522987128e-01
4.080408040804080205e-02,9.983350270220541223e-01
4.090409040904090243e-02,9.983268553878089646e-01
4.100410041004100281e-02,9.983186637495632398e-01
4.110411041104110319e-02,9.983104521073169479e-01
4.120412041204120357e-02,9.983022204610699779e-01
4.130413041304130395e-02,9.982939688108224408e-01
4.140414041404140433e-02,9.982856971565743365e-01
4.150415041504150471e-02,9.982774054983256651e-01
4.160416041604160509e-02,9.982690938360763155e-01
4.170417041704170547e-02,9.982607621698262879e-01
4.180418041804180584e-02,9.982524104995758041e-01
4.190419041904190622e-02,9.982440388253246422e-01
4.200420042004200660e-02,9.982356471470729131e-01
4.210421042104210698e-02,9.982272354648206170e-01
4.220422042204220736e-02,9.982188037785676427e-01
4.230423042304230774e-02,9.982103520883141012e-01
4.240424042404240812e-02,9.982018803940599927e-01
4.250425042504250850e-02,9.981933886958053170e-01
4.260426042604260888e-02,9.981848769935499632e-01
4.270427042704270232e-02,9.981763452872940423e-01
4.280428042804280270e-02,9.981677935770374432e-01
4.290429042904290308e-02,9.981592218627803881e-01
4.300430043004300346e-02,9.981506301445226548e-01
4.310431043104310384e-02,9.981420184222642433e-01
4.320432043204320421e-02,9.981333866960053758e-01
4.330433043304330459e-02,9.981247349657458301e-01
4.340434043404340497e-02,9.981160632314857173e-01
4.350435043504350535e-02,9.981073714932249263e-01
4.360436043604360573e-02,9.980986597509635683e-01
4.370437043704370611e-02,9.980899280047016431e-01
4.380438043804380649e-02,9.980811762544391508e-01
4.390439043904390687e-02,9.980724045001759803e-01
4.400440044004400725e-02,9.980636127419122428e-01
4.410441044104410763e-02,9.980548009796479381e-01
4.420442044204420801e-02,9.980459692133829552e-01
4.430443044304430839e-02,9.980371174431174053e-01
4.440444044404440876e-02,9.980282456688512882e-01
4.450445044504450914e-02,9.980193538905846040e-01
4.460446044604460258e-02,9.980104421083172417e-01
4.470447044704470296e-02,9.980015103220493122e-01
4.480448044804480334e-02,9.979925585317808157e-01
4.490449044904490372e-02,9.979835867375116409e-01
4.500450045004500410e-02,9.979745949392418991e-01
4.510451045104510448e-02,9.979655831369715902e-01
4.520452045204520486e-02,9.979565513307006031e-01
4.530453045304530524e-02,9.979474995204290488e-01
4.540454045404540562e-02,9.979384277061569275e-01
4.550455045504550600e-02,9.979293358878842390e-01
4.560456045604560638e-02,9.979202240656108724e-01
4.570457045704570676e-02,9.979110922393369387e-01
4.580458045804580713e-02,9.979019404090624379e-01
4.590459045904590751e-02,9.978927685747872589e-01
4.600460046004600789e-02,9.978835767365115128e-01
4.610461046104610827e-02,9.978743648942351996e-01
4.620462046204620865e-02,9.978651330479582082e-01
4.630463046304630903e-02,9.978558811976807608e-01
4.640464046404640941e-02,9.978466093434026352e-01
4.650465046504650285e-02,9.978373174851238314e-01
4.660466046604660323e-02,9.978280056228444606e-01
4.670467046704670361e-02,9.978186737565645226e-01
4.680468046804680399e-02,9.978093218862840175e-01
4.690469046904690437e-02,9.977999500120029452e-01
4.700470047004700475e-02,9.977905581337211949e-01
4.710471047104710512e-02,9.977811462514388774e-01
4.720472047204720550e-02,9.977717143651558818e-01
4.730473047304730588e-02,9.977622624748723190e-01
4.740474047404740626e-02,9.977527905805881892e-01
4.750475047504750664e-02,9.977432986823034922e-01
4.760476047604760702e-02,9.977337867800181170e-01
4.770477047704770740e-02,9.977242548737321748e-01
4.780478047804780778e-02,9.977147029634456654e-01
4.790479047904790816e-02,9.977051310491584779e-01
4.800480048004800854e-02,9.976955391308708343e-01
4.810481048104810892e-02,9.976859272085824015e-01
4.820482048204820930e-02,9.976762952822935127e-01
4.830483048304830968e-02,9.976666433520039456e-01
4.840484048404840312e-02,9.976569714177138115e-01
4.850485048504850349e-02,9.976472794794231103e-01
4.860486048604860387e-02,9.976375675371317309e-01
4.870487048704870425e-02,9.976278355908397844e-01
4.880488048804880463e-02,9.976180836405472707e-01
4.890489048904890501e-02,9.976083116862540789e-01
4.900490049004900539e-02,9.975985197279604311e-01
4.910491049104910577e-02,9.975887077656661051e-01
4.920492049204920615e-02,9.975788757993711009e-01
4.930493049304930653e-02,9.975690238290755296e-01
4.940494049404940691e-02,9.975591518547793912e-01
4.950495049504950729e-02,9.975492598764826857e-01
4.960496049604960767e-02,9.975393478941854131e-01
4.970497049704970804e-02,9.975294159078874623e-01
4.980498049804980842e-02,9.975194639175888334e-01
4.990499049904990880e-02,9.975094919232897483e-01
5.000500050005000918e-02,9.974994999249899852e-01
5.010501050105010956e-02,9.974894879226896549e-01
5.020502050205020994e-02,9.974794559163887575e-01
5.030503050305030338e-02,9.974694039060871820e-01
5.040504050405040376e-02,9.974593318917850393e-01
5.050505050505050414e-02,9.974492398734823295e-01
5.060506050605060452e-02,9.974391278511789416e-01
5.070507050705070490e-02,9.974289958248749866e-01
5.080508050805080528e-02,9.974188437945704644e-01
5.090509050905090566e-02,9.974086717602653751e-01
5.100510051005100604e-02,9.973984797219596077e-01
5.110511051105110641e-02,9.973882676796532731e-01
5.120512051205120679e-02,9.973780356333462604e-01
5.130513051305130717e-02,9.973677835830387917e-01
5.140514051405140755e-02,9.973575115287306447e-01
5.150515051505150793e-02,9.973472194704219307e-01
5.160516051605160831e-02,9.973369074081125385e-01
5.170517051705170869e-02,9.973265753418025792e-01
5.180518051805180907e-02,9.973162232714920528e-01
5.190519051905190945e-02,9.973058511971809592e-01
5.200520052005200983e-02,9.972954591188691875e-01
5.210521052105211021e-02,9.972850470365568487e-01
5.220522052205220365e-02,9.972746149502439428e-01
5.230523052305230403e-02,9.972641628599303587e-01
5.240524052405240440e-02,9.972536907656162075e-01
5.250525052505250478e-02,9.972431986673014892e-01
5.260526052605260516e-02,9.972326865649860927e-01
5.270527052705270554e-02,9.972221544586702402e-01
5.280528052805280592e-02,9.972116023483535985e-01
5.290529052905290630e-02,9.972010302340365007e-01
5.300530053005300668e-02,9.971904381157187247e-01
5.310531053105310706e-02,9.971798259934003816e-01
5.320532053205320744e-02,9.971691938670814714e-01
5.330533053305330782e-02,9.971585417367618831e-01
5.340534053405340820e-02,9.971478696024418387e-01
5.350535053505350858e-02,9.971371774641210051e-01
5.360536053605360896e-02,9.971264653217997154e-01
5.370537053705370933e-02,9.971157331754777475e-01
5.380538053805380971e-02,9.971049810251552126e-01
5.390539053905391009e-02,9.970942088708321105e-01
5.400540054005401047e-02,9.970834167125083303e-01
5.410541054105410391e-02,9.970726045501839829e-01
5.420542054205420429e-02,9.970617723838590685e-01
5.430543054305430467e-02,9.970509202135334759e-01
5.440544054405440505e-02,9.970400480392073161e-01
5.450545054505450543e-02,9.970291558608805893e-01
5.460546054605460581e-02,9.970182436785532953e-01
5.470547054705470619e-02,9.970073114922253232e-01
5.480548054805480657e-02,9.969963593018967840e-01
5.490549054905490695e-02,9.969853871075676777e-01
5.500550055005500732e-02,9.969743949092378932e-01
5.510551055105510770e-02,9.969633827069075416e-01
5.520552055205520808e-02,9.969523505005766228e-01
5.530553055305530846e-02,9.969412982902450260e-01
5.540554055405540884e-02,9.969302260759129730e-01
5.550555055505550922e-02,9.969191338575801309e-01
5.560556055605560960e-02,9.969080216352468327e-01
5.570557055705570998e-02,9.968968894089128563e-01
5.580558055805581036e-02,9.968857371785783128e-01
5.590559055905591074e-02,9.968745649442432022e-01
5.600560056005600418e-02,9.968633727059074134e-01
5.610561056105610456e-02,9.968521604635710576e-01
5.620562056205620494e-02,9.968409282172341346e-01
5.630563056305630532e-02,9.968296759668966445e-01
5.640564056405640569e-02,9.968184037125584762e-01
5.650565056505650607e-02,9.968071114542197408e-01
5.660566056605660645e-02,9.967957991918804384e-01
5.670567056705670683e-02,9.967844669255404577e-01
5.680568056805680721e-02,9.967731146551999100e-01
5.690569056905690759e-02,9.967617423808587951e-01
5.700570057005700797e-02,9.967503501025170021e-01
5.710571057105710835e-02,9.967389378201746419e-01
5.720572057205720873e-02,9.967275055338317147e-01
5.730573057305730911e-02,9.967160532434882203e-01
5.740574057405740949e-02,9.967045809491440478e-01
5.750575057505750987e-02,9.966930886507993081e-01
5.760576057605761024e-02,9.966815763484538904e-01
5.770577057705771062e-02,9.966700440421080165e-01
5.780578057805781100e-02,9.966584917317614645e-01
5.790579057905790444e-02,9.966469194174142343e-01
5.800580058005800482e-02,9.966353270990665481e-01
5.810581058105810520e-02,9.966237147767181836e-01
5.820582058205820558e-02,9.966120824503692521e-01
5.830583058305830596e-02,9.966004301200197535e-01
5.840584058405840634e-02,9.965887577856695767e-01
5.850585058505850672e-02,9.965770654473188328e-01
5.860586058605860710e-02,9.965653531049674108e-01
5.870587058705870748e-02,9.965536207586155326e-01
5.880588058805880786e-02,9.965418684082629763e-01
5.890589058905890824e-02,9.965300960539098529e-01
5.900590059005900861e-02,9.965183036955560514e-01
5.910591059105910899e-02,9.965064913332016827e-01
5.920592059205920937e-02,9.964946589668467469e-01
5.930593059305930975e-02,9.964828065964912440e-01
5.940594059405941013e-02,9.964709342221350630e-01
5.950595059505951051e-02,9.964590418437783148e-01
5.960596059605961089e-02,9.964471294614209995e-01
5.970597059705971127e-02,9.964351970750630061e-01
5.980598059805980471e-02,9.964232446847044455e-01
5.990599059905990509e-02,9.964112722903453179e-01
6.000600060006000547e-02,9.963992798919856231e-01
6.010601060106010585e-02,9.963872674896252501e-01
6.020602060206020623e-02,9.963752350832643101e-01
6.030603060306030661e-02,9.963631826729028029e-01
6.040604060406040698e-02,9.963511102585406176e-01
6.050605060506050736e-02,9.963390178401778652e-01
6.060606060606060774e-02,9.963269054178145456e-01
6.070607060706070812e-02,9.963147729914505479e-01
6.080608060806080850e-02,9.963026205610859831e-01
6.090609060906090888e-02,9.962904481267208512e-01
6.100610061006100926e-02,9.962782556883551521e-01
6.110611061106110964e-02,9.962660432459887749e-01
6.120612061206121002e-02,9.962538107996218306e-01
6.130613061306131040e-02,9.962415583492543192e-01
6.140614061406141078e-02,9.962292858948861296e-01
6.150615061506151116e-02,9.962169934365173729e-01
6.160616061606161153e-02,9.962046809741480491e-01
6.170617061706170497e-02,9.961923485077780471e-01
6.180618061806180535e-02,9.961799960374074780e-01
6.190619061906190573e-02,9.961676235630363418e-01
6.200620062006200611e-02,9.961552310846646385e-01
6.210621062106210649e-02,9.961428186022922571e-01
6.220622062206220687e-02,9.961303861159193085e-01
6.230623062306230725e-02,9.961179336255457928e-01
6.240624062406240763e-02,9.961054611311715989e-01
6.250625062506251495e-02,9.960929686327968380e-01
6.260626062606260145e-02,9.960804561304215099e-01
6.270627062706270183e-02,9.960679236240456147e-01
6.280628062806280221e-02,9.960553711136690413e-01
6.290629062906290259e-02,9.960427985992919009e-01
6.300630063006300297e-02,9.960302060809140823e-01
6.310631063106310334e-02,9.960175935585358076e-01
6.320632063206320372e-02,9.960049610321568547e-01
6.330633063306330410e-02,9.959923085017772237e-01
6.340634063406340448e-02,9.959796359673971367e-01
6.350635063506350486e-02,9.959669434290163714e-01
6.360636063606360524e-02,9.959542308866350391e-01
6.370637063706370562e-02,9.959414983402530286e-01
6.380638063806380600e-02,9.959287457898705620e-01
6.390639063906390638e-02,9.959159732354874173e-01
6.400640064006400676e-02,9.959031806771035944e-01
6.410641064106410714e-02,9.958903681147193154e-01
6.420642064206420752e-02,9.958775355483343583e-01
6.430643064306430789e-02,9.958646829779487231e-01
6.440644064406440827e-02,9.958518104035626317e-01
6.450645064506450865e-02,9.958389178251758622e-01
6.460646064606460903e-02,9.958260052427885256e-01
6.470647064706470941e-02,9.958130726564005109e-01
6.480648064806480979e-02,9.958001200660120400e-01
6.490649064906491017e-02,9.957871474716228910e-01
6.500650065006501055e-02,9.957741548732330639e-01
6.510651065106511093e-02,9.957611422708427806e-01
6.520652065206521131e-02,9.957481096644518193e-01
6.530653065306531169e-02,9.957350570540602908e-01
6.540654065406541207e-02,9.957219844396680841e-01
6.550655065506551245e-02,9.957088918212753104e-01
6.560656065606561282e-02,9.956957791988819695e-01
6.570657065706571320e-02,9.956826465724880615e-01
6.580658065806581358e-02,9.956694939420934753e-01
6.590659065906591396e-02,9.956563213076983221e-01
6.600660066006601434e-02,9.956431286693026017e-01
6.610661066106611472e-02,9.956299160269062032e-01
6.620662066206621510e-02,9.956166833805092375e-01
6.630663066306631548e-02,9.956034307301117048e-01
6.640664066406640198e-02,9.955901580757136049e-01
6.650665066506650236e-02,9.955768654173148269e-01
6.660666066606660274e-02,9.955635527549154817e-01
6.670667066706670312e-02,9.955502200885154584e-01
6.680668066806680350e-02,9.955368674181149791e-01
6.690669066906690388e-02,9.955234947437138215e-01
6.700670067006700426e-02,9.955101020653120969e-01
6.710671067106710463e-02,9.954966893829096941e-01
6.720672067206720501e-02,9.954832566965067242e-01
6.730673067306730539e-02,9.954698040061031872e-01
6.740674067406740577e-02,9.954563313116989720e-01
6.750675067506750615e-02,9.954428386132943007e-01
6.760676067606760653e-02,9.954293259108889513e-01
6.770677067706770691e-02,9.954157932044829238e-01
6.780678067806780729e-02,9.954022404940764401e-01
6.790679067906790767e-02,9.953886677796692783e-01
6.800680068006800805e-02,9.953750750612615494e-01
6.810681068106810843e-02,9.953614623388531424e-01
6.820682068206820881e-02,9.953478296124441682e-01
6.830683068306830918e-02,9.953341768820346269e-01
6.840684068406840956e-02,9.953205041476245185e-01
6.850685068506850994e-02,9.953068114092137320e-01
6.860686068606861032e-02,9.952930986668023783e-01
6.870687068706871070e-02,9.952793659203904575e-01
6.880688068806881108e-02,9.952656131699778586e-01
6.890689068906891146e-02,9.952518404155646925e-01
6.900690069006901184e-02,9.952380476571509593e-01
6.910691069106911222e-02,9.952242348947365480e-01
6.920692069206921260e-02,9.952104021283216806e-01
6.930693069306931298e-02,9.951965493579061350e-01
6.940694069406941336e-02,9.951826765834899113e-01
6.950695069506951373e-02,9.951687838050731205e-01
6.960696069606961411e-02,9.951548710226558736e-01
6.970697069706971449e-02,9.951409382362378375e-01
6.980698069806981487e-02,9.951269854458193453e-01
6.990699069906991525e-02,9.951130126514001750e-01
7.000700070007001563e-02,9.950990198529804376e-01
7.010701070107011601e-02,9.950850070505600220e-01
7.020702070207020251e-02,9.950709742441390393e-01
7.030703070307030289e-02,9.950569214337174895e-01
7.040704070407040327e-02,9.950428486192953725e-01
7.050705070507050365e-02,9.950287558008725775e-01
7.060706070607060403e-02,9.950146429784492152e-01
7.070707070707070441e-02,9.950005101520252859e-01
7.080708070807080479e-02,9.949863573216007895e-01
7.090709070907090517e-02,9.949721844871756149e-01
7.100710071007100554e-02,9.949579916487498732e-01
7.110711071107110592e-02,9.949437788063234533e-01
7.120712071207120630e-02,9.949295459598964664e-01
7.130713071307130668e-02,9.949152931094689123e-01
7.140714071407140706e-02,9.949010202550407911e-01
7.150715071507150744e-02,9.948867273966121028e-01
7.160716071607160782e-02,9.948724145341827363e-01
7.170717071707170820e-02,9.948580816677526917e-01
7.180718071807180858e-02,9.948437287973221910e-01
7.190719071907190896e-02,9.948293559228910121e-01
7.200720072007200934e-02,9.948149630444592662e-01
7.210721072107210972e-02,9.948005501620269531e-01
7.220722072207221010e-02,9.947861172755939618e-01
7.230723072307231047e-02,9.947716643851604035e-01
7.240724072407241085e-02,9.947571914907262780e-01
7.250725072507251123e-02,9.947426985922914744e-01
7.260726072607261161e-02,9.947281856898561037e-01
7.270727072707271199e-02,9.947136527834201658e-01
7.280728072807281237e-02,9.946990998729835498e-01
7.290729072907291275e-02,9.946845269585464777e-01
7.300730073007301313e-02,9.946699340401087275e-01
7.310731073107311351e-02,9.946553211176702991e-01
7.320732073207321389e-02,9.946406881912314146e-01
7.330733073307331427e-02,9.946260352607918520e-01
7.340734073407341465e-02,9.946113623263516113e-01
7.350735073507351502e-02,9.945966693879109144e-01
7.360736073607361540e-02,9.945819564454695394e-01
7.370737073707371578e-02,9.945672234990275973e-01
7.380738073807381616e-02,9.945524705485849770e-01
7.390739073907391654e-02,9.945376975941419007e-01
7.400740074007400304e-02,9.945229046356981462e-01
7.410741074107410342e-02,9.945080916732537135e-01
7.420742074207420380e-02,9.944932587068088248e-01
7.430743074307430418e-02,9.944784057363632579e-01
7.440744074407440456e-02,9.944635327619170129e-01
7.450745074507450494e-02,9.944486397834703117e-01
7.460746074607460532e-02,9.944337268010229325e-01
7.470747074707470570e-02,9.944187938145749861e-01
7.480748074807480608e-02,9.944038408241264726e-01
7.490749074907490646e-02,9.943888678296772810e-01
7.500750075007500683e-02,9.943738748312275222e-01
7.510751075107510721e-02,9.943588618287770853e-01
7.520752075207520759e-02,9.943438288223261923e-01
7.530753075307530797e-02,9.943287758118746211e-01
7.540754075407540835e-02,9.943137027974224829e-01
7.550755075507550873e-02,9.942986097789696665e-01
7.560756075607560911e-02,9.942834967565162829e-01
7.570757075707570949e-02,9.942683637300623323e-01
7.580758075807580987e-02,9.942532106996078145e-01
7.590759075907591025e-02,9.942380376651526186e-01
7.600760076007601063e-02,9.942228446266968556e-01
7.610761076107611101e-02,9.942076315842405254e-01
7.620762076207621138e-02,9.941923985377835171e-01
7.630763076307631176e-02,9.941771454873260527e-01
7.640764076407641214e-02,9.941618724328677992e-01
7.650765076507651252e-02,9.941465793744090895e-01
7.660766076607661290e-02,9.941312663119497017e-01
7.670767076707671328e-02,9.941159332454897468e-01
7.680768076807681366e-02,9.941005801750292248e-01
7.690769076907691404e-02,9.940852071005680246e-01
7.700770077007701442e-02,9.940698140221062573e-01
7.710771077107711480e-02,9.940544009396439229e-01
7.720772077207721518e-02,9.940389678531809103e-01
7.730773077307731556e-02,9.940235147627174417e-01
7.740774077407741594e-02,9.940080416682531839e-01
7.750775077507751631e-02,9.939925485697884699e-01
7.760776077607761669e-02,9.939770354673230779e-01
7.770777077707771707e-02,9.939615023608571187e-01
7.780778077807780357e-02,9.939459492503905924e-01
7.790779077907790395e-02,9.939303761359233880e-01
7.800780078007800433e-02,9.939147830174556164e-01
7.810781078107810471e-02,9.938991698949872777e-01
7.820782078207820509e-02,9.938835367685183719e-01
7.830783078307830547e-02,9.938678836380487880e-01
7.840784078407840585e-02,9.938522105035786369e-01
7.850785078507850623e-02,9.938365173651078077e-01
7.860786078607860661e-02,9.938208042226365224e-01
7.870787078707870699e-02,9.938050710761645590e-01
7.880788078807880737e-02,9.937893179256919174e-01
7.890789078907890775e-02,9.937735447712188197e-01
7.900790079007900812e-02,9.937577516127450439e-01
7.910791079107910850e-02,9.937419384502707009e-01
7.920792079207920888e-02,9.937261052837956798e-01
7.930793079307930926e-02,9.937102521133200916e-01
7.940794079407940964e-02,9.936943789388439363e-01
7.950795079507951002e-02,9.936784857603672139e-01
7.960796079607961040e-02,9.936625725778898133e-01
7.970797079707971078e-02,9.936466393914118456e-01
7.980798079807981116e-02,9.936306862009333107e-01
7.990799079907991154e-02,9.936147130064542088e-01
8.000800080008001192e-02,9.935987198079744287e-01
8.010801080108011230e-02,9.935827066054940815e-01
8.020802080208021267e-02,9.935666733990130561e-01
8.030803080308031305e-02,9.935506201885314637e-01
8.040804080408041343e-02,9.935345469740493041e-01
8.050805080508051381e-02,9.935184537555665774e-01
8.060806080608061419e-02,9.935023405330831725e-01
8.070807080708071457e-02,9.934862073065992005e-01
8.080808080808081495e-02,9.934700540761146614e-01
8.090809080908091533e-02,9.934538808416295552e-01
8.100810081008101571e-02,9.934376876031437709e-01
8.110811081108111609e-02,9.934214743606574194e-01
8.120812081208121647e-02,9.934052411141703898e-01
8.130813081308131685e-02,9.933889878636829041e-01
8.140814081408141722e-02,9.933727146091947402e-01
8.150815081508151760e-02,9.933564213507058982e-01
8.160816081608160411e-02,9.933401080882166001e-01
8.170817081708170448e-02,9.933237748217266239e-01
8.180818081808180486e-02,9.933074215512360805e-01
8.190819081908190524e-02,9.932910482767448590e-01
8.200820082008200562e-02,9.932746549982530704e-01
8.210821082108210600e-02,9.932582417157607146e-01
8.220822082208220638e-02,9.932418084292677918e-01
8.230823082308230676e-02,9.932253551387741908e-01
8.240824082408240714e-02,9.932088818442800227e-01
8.250825082508250752e-02,9.931923885457852874e-01
8.260826082608260790e-02,9.931758752432898740e-01
8.270827082708270828e-02,9.931593419367938935e-01
8.280828082808280866e-02,9.931427886262973459e-01
8.290829082908290903e-02,9.931262153118002312e-01
8.300830083008300941e-02,9.931096219933024383e-01
8.310831083108310979e-02,9.930930086708040783e-01
8.320832083208321017e-02,9.930763753443051511e-01
8.330833083308331055e-02,9.930597220138055459e-01
8.340834083408341093e-02,9.930430486793053735e-01
8.350835083508351131e-02,9.930263553408046340e-01
8.360836083608361169e-02,9.930096419983032163e-01
8.370837083708371207e-02,9.929929086518012316e-01
8.380838083808381245e-02,9.929761553012986797e-01
8.390839083908391283e-02,9.929593819467955607e-01
8.400840084008401321e-02,9.929425885882917635e-01
8.410841084108411358e-02,9.929257752257873992e-01
8.420842084208421396e-02,9.929089418592824678e-01
8.430843084308431434e-02,9.928920884887768583e-01
8.440844084408441472e-02,9.928752151142706817e-01
8.450845084508451510e-02,9.928583217357639379e-01
8.460846084608461548e-02,9.928414083532565160e-01
8.470847084708471586e-02,9.928244749667486380e-01
8.480848084808481624e-02,9.928075215762400818e-01
8.490849084908491662e-02,9.927905481817308475e-01
8.500850085008501700e-02,9.927735547832210461e-01
8.510851085108511738e-02,9.927565413807106776e-01
8.520852085208521776e-02,9.927395079741997419e-01
8.530853085308531814e-02,9.927224545636882391e-01
8.540854085408540464e-02,9.927053811491760582e-01
8.550855085508550502e-02,9.926882877306633102e-01
8.560856085608560540e-02,9.926711743081498840e-01
8.570857085708570577e-02,9.926540408816358907e-01
8.580858085808580615e-02,9.926368874511213303e-01
8.590859085908590653e-02,9.926197140166062027e-01
8.600860086008600691e-02,9.926025205780903971e-01
8.610861086108610729e-02,9.925853071355740243e-01
8.620862086208620767e-02,9.925680736890570843e-01
8.630863086308630805e-02,9.925508202385394663e-01
8.640864086408640843e-02,9.925335467840212811e-01
8.650865086508650881e-02,9.925162533255025288e-01
8.660866086608660919e-02,9.924989398629832094e-01
8.670867086708670957e-02,9.924816063964632118e-01
8.680868086808680995e-02,9.924642529259426471e-01
8.690869086908691032e-02,9.924468794514215153e-01
8.700870087008701070e-02,9.924294859728997054e-01
8.710871087108711108e-02,9.924120724903773283e-01
8.720872087208721146e-02,9.923946390038543841e-01
8.730873087308731184e-02,9.923771855133307618e-01
8.740874087408741222e-02,9.923597120188066834e-01
8.750875087508751260e-02,9.923422185202818158e-01
8.760876087608761298e-02,9.923247050177564921e-01
8.770877087708771336e-02,9.923071715112304902e-01
8.780878087808781374e-02,9.922896180007039213e-01
8.790879087908791412e-02,9.922720444861767852e-01
8.800880088008801450e-02,9.922544509676489710e-01
8.810881088108811487e-02,9.922368374451207007e-01
8.820882088208821525e-02,9.922192039185916412e-01
8.830883088308831563e-02,9.922015503880621257e-01
8.840884088408841601e-02,9.921838768535319319e-01
8.850885088508851639e-02,9.921661833150011711e-01
8.860886088608861677e-02,9.921484697724698432e-01
8.870887088708871715e-02,9.921307362259378371e-01
8.880888088808881753e-02,9.921129826754052639e-01
8.890889088908891791e-02,9.920952091208721235e-01
8.900890089008901829e-02,9.920774155623383050e-01
8.910891089108911867e-02,9.920596019998039194e-01
8.920892089208920517e-02,9.920417684332689667e-01
8.930893089308930555e-02,9.920239148627334469e-01
8.940894089408940593e-02,9.920060412881972489e-01
8.950895089508950631e-02,9.919881477096604838e-01
8.960896089608960668e-02,9.919702341271230406e-01
8.970897089708970706e-02,9.919523005405851412e-01
8.980898089808980744e-02,9.919343469500465638e-01
8.990899089908990782e-02,9.919163733555074192e-01
9.000900090009000820e-02,9.918983797569675964e-01
9.010901090109010858e-02,9.918803661544272066e-01
9.020902090209020896e-02,9.918623325478862496e-01
9.030903090309030934e-02,9.918442789373447255e-01
9.040904090409040972e-02,9.918262053228025232e-01
9.050905090509051010e-02,9.918081117042597539e-01
9.060906090609061048e-02,9.917899980817164174e-01
9.070907090709071086e-02,9.917718644551724028e-01
9.080908090809081123e-02,9.917537108246278210e-01
9.090909090909091161e-02,9.917355371900826722e-01
9.100910091009101199e-02,9.917173435515368451e-01
9.110911091109111237e-02,9.916991299089904510e-01
9.120912091209121275e-02,9.916808962624434898e-01
9.130913091309131313e-02,9.916626426118959614e-01
9.140914091409141351e-02,9.916443689573477549e-01
9.150915091509151389e-02,9.916260752987989813e-01
9.160916091609161427e-02,9.916077616362496405e-01
9.170917091709171465e-02,9.915894279696996216e-01
9.180918091809181503e-02,9.915710742991490356e-01
9.190919091909191541e-02,9.915527006245978825e-01
9.200920092009201579e-02,9.915343069460461622e-01
9.210921092109211616e-02,9.915158932634937639e-01
9.220922092209221654e-02,9.914974595769407983e-01
9.230923092309231692e-02,9.914790058863872657e-01
9.240924092409241730e-02,9.914605321918330549e-01
9.250925092509251768e-02,9.914420384932782770e-01
9.260926092609261806e-02,9.914235247907229320e-01
9.270927092709271844e-02,9.914049910841669089e-01
9.280928092809281882e-02,9.913864373736103186e-01
9.290929092909291920e-02,9.913678636590531612e-01
9.300930093009300570e-02,9.913492699404954367e-01
9.310931093109310608e-02,9.913306562179370340e-01
9.320932093209320646e-02,9.913120224913780643e-01
9.330933093309330684e-02,9.912933687608185274e-01
9.340934093409340722e-02,9.912746950262583123e-01
9.350935093509350760e-02,9.912560012876975302e-01
9.360936093609360797e-02,9.912372875451361809e-01
9.370937093709370835e-02,9.912185537985741535e-01
9.380938093809380873e-02,9.911998000480115589e-01
9.390939093909390911e-02,9.911810262934483973e-01
9.400940094009400949e-02,9.911622325348846685e-01
9.410941094109410987e-02,9.911434187723202616e-01
9.420942094209421025e-02,9.911245850057552875e-01
9.430943094309431063e-02,9.911057312351897464e-01
9.440944094409441101e-02,9.910868574606235271e-01
9.450945094509451139e-02,9.910679636820567406e-01
9.460946094609461177e-02,9.910490498994893871e-01
9.470947094709471215e-02,9.910301161129214664e-01
9.480948094809481252e-02,9.910111623223528676e-01
9.490949094909491290e-02,9.909921885277837017e-01
9.500950095009501328e-02,9.909731947292138576e-01
9.510951095109511366e-02,9.909541809266435575e-01
9.520952095209521404e-02,9.909351471200725792e-01
9.530953095309531442e-02,9.909160933095009227e-01
9.540954095409541480e-02,9.908970194949288102e-01
9.550955095509551518e-02,9.908779256763560195e-01
9.560956095609561556e-02,9.908588118537826617e-01
9.570957095709571594e-02,9.908396780272086257e-01
9.580958095809581632e-02,9.908205241966341337e-01
9.590959095909591670e-02,9.908013503620588525e-01
9.600960096009601707e-02,9.907821565234831152e-01
9.610961096109611745e-02,9.907629426809066997e-01
9.620962096209621783e-02,9.907437088343298282e-01
9.630963096309631821e-02,9.907244549837521674e-01
9.640964096409641859e-02,9.907051811291740506e-01
9.650965096509651897e-02,9.906858872705952557e-01
9.660966096609661935e-02,9.906665734080158936e-01
9.670967096709671973e-02,9.906472395414358534e-01
9.680968096809680623e-02,9.906278856708553571e-01
9.690969096909690661e-02,9.906085117962741826e-01
9.700970097009700699e-02,9.905891179176923300e-01
9.710971097109710737e-02,9.905697040351100213e-01
9.720972097209720775e-02,9.905502701485270345e-01
9.730973097309730813e-02,9.905308162579434805e-01
9.740974097409740851e-02,9.905113423633592484e-01
9.750975097509750888e-02,9.904918484647744492e-01
9.760976097609760926e-02,9.904723345621890829e-01
9.770977097709770964e-02,9.904528006556031494e-01
9.780978097809781002e-02,9.904332467450165378e-01
9.790979097909791040e-02,9.904136728304293591e-01
9.800980098009801078e-02,9.903940789118416133e-01
9.810981098109811116e-02,9.903744649892531893e-01
9.820982098209821154e-02,9.903548310626641982e-01
9.830983098309831192e-02,9.903351771320746399e-01
9.840984098409841230e-02,9.903155031974845146e-01
9.850985098509851268e-02,9.902958092588937111e-01
9.860986098609861306e-02,9.902760953163023405e-01
9.870987098709871344e-02,9.902563613697102918e-01
9.880988098809881381e-02,9.902366074191177869e-01
9.890989098909891419e-02,9.902168334645246039e-01
9.900990099009901457e-02,9.901970395059307428e-01
9.910991099109911495e-02,9.901772255433364256e-01
9.920992099209921533e-02,9.901573915767414302e-01
9.930993099309931571e-02,9.901375376061458677e-01
9.940994099409941609e-02,9.901176636315496271e-01
9.950995099509951647e-02,9.900977696529529304e-01
9.960996099609961685e-02,9.900778556703555555e-01
9.970997099709971723e-02,9.900579216837575025e-01
9.980998099809981761e-02,9.900379676931589934e-01
9.990999099909991799e-02,9.900179936985598061e-01
1.000100010001000184e-01,9.899979996999599408e-01
1.001100110011001187e-01,9.899779856973596193e-01
1.002100210021002191e-01,9.899579516907586196e-01
1.003100310031003195e-01,9.899378976801570529e-01
1.004100410041004199e-01,9.899178236655549190e-01
1.005100510051005203e-01,9.898977296469521070e-01
1.006100610061006068e-01,9.898776156243487279e-01
1.007100710071007071e-01,9.898574815977447816e-01
1.008100810081008075e-01,9.898373275671401572e-01
1.009100910091009079e-01,9.898171535325349657e-01
1.010101010101010083e-01,9.897969594939292071e-01
1.011101110111011087e-01,9.897767454513227703e-01
1.012101210121012090e-01,9.897565114047158774e-01
1.013101310131013094e-01,9.897362573541081954e-01
1.014101410141014098e-01,9.897159832995000572e-01
1.015101510151015102e-01,9.896956892408912410e-01
1.016101610161016106e-01,9.896753751782818576e-01
1.017101710171017109e-01,9.896550411116719070e-01
1.018101810181018113e-01,9.896346870410613894e-01
1.019101910191019117e-01,9.896143129664501936e-01
1.020102010201020121e-01,9.895939188878384307e-01
1.021102110211021124e-01,9.895735048052259897e-01
1.022102210221022128e-01,9.895530707186129815e-01
1.023102310231023132e-01,9.895326166279994062e-01
1.024102410241024136e-01,9.895121425333852638e-01
1.025102510251025140e-01,9.894916484347704433e-01
1.026102610261026143e-01,9.894711343321550556e-01
1.027102710271027147e-01,9.894506002255391008e-01
1.028102810281028151e-01,9.894300461149224679e-01
1.029102910291029155e-01,9.894094720003053789e-01
1.030103010301030159e-01,9.893888778816876117e-01
1.031103110311031162e-01,9.893682637590691664e-01
1.032103210321032166e-01,9.893476296324501540e-01
1.033103310331033170e-01,9.893269755018305744e-01
1.034103410341034174e-01,9.893063013672104278e-01
1.035103510351035178e-01,9.892856072285896030e-01
1.036103610361036181e-01,9.892648930859682110e-01
1.037103710371037185e-01,9.892441589393462520e-01
1.038103810381038189e-01,9.892234047887237258e-01
1.039103910391039193e-01,9.892026306341005215e-01
1.040104010401040197e-01,9.891818364754767501e-01
1.041104110411041200e-01,9.891610223128523005e-01
1.042104210421042204e-01,9.891401881462273948e-01
1.043104310431043069e-01,9.891193339756018110e-01
1.044104410441044073e-01,9.890984598009755491e-01
1.045104510451045077e-01,9.890775656223488310e-01
1.046104610461046081e-01,9.890566514397214348e-01
1.047104710471047084e-01,9.890357172530934715e-01
1.048104810481048088e-01,9.890147630624648301e-01
1.049104910491049092e-01,9.889937888678357325e-01
1.050105010501050096e-01,9.889727946692058458e-01
1.051105110511051099e-01,9.889517804665755030e-01
1.052105210521052103e-01,9.889307462599444820e-01
1.053105310531053107e-01,9.889096920493128939e-01
1.054105410541054111e-01,9.888886178346807387e-01
1.055105510551055115e-01,9.888675236160480164e-01
1.056105610561056118e-01,9.888464093934146160e-01
1.057105710571057122e-01,9.888252751667806484e-01
1.058105810581058126e-01,9.888041209361460027e-01
1.059105910591059130e-01,9.887829467015107898e-01
1.060106010601060134e-01,9.887617524628750099e-01
1.061106110611061137e-01,9.887405382202386628e-01
1.062106210621062141e-01,9.887193039736016376e-01
1.063106310631063145e-01,9.886980497229640452e-01
1.064106410641064149e-01,9.886767754683258858e-01
1.065106510651065153e-01,9.886554812096871592e-01
1.066106610661066156e-01,9.886341669470477544e-01
1.067106710671067160e-01,9.886128326804077826e-01
1.068106810681068164e-01,9.885914784097671326e-01
1.069106910691069168e-01,9.885701041351260265e-01
1.070107010701070172e-01,9.885487098564842423e-01
1.071107110711071175e-01,9.885272955738417799e-01
1.072107210721072179e-01,9.885058612871988615e-01
1.073107310731073183e-01,9.884844069965552649e-01
1.074107410741074187e-01,9.884629327019111011e-01
1.075107510751075190e-01,9.884414384032662593e-01
1.076107610761076194e-01,9.884199241006208503e-01
1.077107710771077198e-01,9.883983897939748742e-01
1.078107810781078202e-01,9.883768354833283309e-01
1.079107910791079206e-01,9.883552611686811096e-01
1.080108010801080209e-01,9.883336668500333211e-01
1.081108110811081074e-01,9.883120525273849655e-01
1.082108210821082078e-01,9.882904182007359317e-01
1.083108310831083082e-01,9.882687638700863308e-01
1.084108410841084086e-01,9.882470895354361629e-01
1.085108510851085090e-01,9.882253951967854277e-01
1.086108610861086093e-01,9.882036808541340145e-01
1.087108710871087097e-01,9.881819465074820341e-01
1.088108810881088101e-01,9.881601921568294866e-01
1.089108910891089105e-01,9.881384178021762610e-01
1.090109010901090109e-01,9.881166234435224682e-01
1.091109110911091112e-01,9.880948090808681084e-01
1.092109210921092116e-01,9.880729747142130703e-01
1.093109310931093120e-01,9.880511203435574652e-01
1.094109410941094124e-01,9.880292459689012929e-01
1.095109510951095128e-01,9.880073515902445536e-01
1.096109610961096131e-01,9.879854372075871360e-01
1.097109710971097135e-01,9.879635028209291514e-01
1.098109810981098139e-01,9.879415484302705996e-01
1.099109910991099143e-01,9.879195740356113697e-01
1.100110011001100146e-01,9.878975796369515727e-01
1.101110111011101150e-01,9.878755652342912086e-01
1.102110211021102154e-01,9.878535308276301663e-01
1.103110311031103158e-01,9.878314764169686679e-01
1.104110411041104162e-01,9.878094020023064914e-01
1.105110511051105165e-01,9.877873075836436367e-01
1.106110611061106169e-01,9.877651931609802149e-01
1.107110711071107173e-01,9.877430587343162260e-01
1.108110811081108177e-01,9.877209043036516700e-01
1.109110911091109181e-01,9.876987298689865469e-01
1.110111011101110184e-01,9.876765354303207456e-01
1.111111111111111188e-01,9.876543209876542662e-01
1.112111211121112192e-01,9.876320865409873306e-01
1.113111311131113196e-01,9.876098320903197170e-01
1.114111411141114200e-01,9.875875576356515362e-01
1.115111511151115203e-01,9.875652631769827883e-01
1.116111611161116207e-01,9.875429487143133622e-01
1.117111711171117211e-01,9.875206142476433691e-01
1.118111811181118215e-01,9.874982597769728088e-01
1.119111911191119080e-01,9.874758853023015703e-01
1.120112011201120084e-01,9.874534908236297648e-01
1.121112111211121087e-01,9.874310763409573921e-01
1.122112211221122091e-01,9.874086418542844523e-01
1.123112311231123095e-01,9.873861873636108344e-01
1.124112411241124099e-01,9.873637128689366493e-01
1.125112511251125103e-01,9.873412183702618972e-01
1.126112611261126106e-01,9.873187038675864668e-01
1.127112711271127110e-01,9.872961693609104694e-01
1.128112811281128114e-01,9.872736148502339049e-01
1.129112911291129118e-01,9.872510403355566622e-01
1.130113011301130121e-01,9.872284458168789634e-01
1.131113111311131125e-01,9.872058312942004754e-01
1.132113211321132129e-01,9.871831967675215314e-01
1.133113311331133133e-01,9.871605422368419092e-01
1.134113411341134137e-01,9.871378677021617198e-01
1.135113511351135140e-01,9.871151731634809634e-01
1.136113611361136144e-01,9.870924586207995288e-01
1.137113711371137148e-01,9.870697240741175271e-01
1.138113811381138152e-01,9.870469695234349583e-01
1.139113911391139156e-01,9.870241949687518224e-01
1.140114011401140159e-01,9.870014004100680083e-01
1.141114111411141163e-01,9.869785858473836271e-01
1.142114211421142167e-01,9.869557512806986788e-01
1.143114311431143171e-01,9.869328967100130523e-01
1.144114411441144175e-01,9.869100221353268587e-01
1.145114511451145178e-01,9.868871275566400980e-01
1.146114611461146182e-01,9.868642129739526592e-01
1.147114711471147186e-01,9.868412783872646532e-01
1.148114811481148190e-01,9.868183237965760801e-01
1.149114911491149194e-01,9.867953492018868289e-01
1.150115011501150197e-01,9.867723546031971216e-01
1.151115111511151201e-01,9.867493400005067361e-01
1.152115211521152205e-01,9.867263053938156725e-01
1.153115311531153209e-01,9.867032507831241528e-01
1.154115411541154212e-01,9.866801761684319549e-01
1.155115511551155216e-01,9.866570815497390790e-01
1.156115611561156220e-01,9.866339669270457469e-01
1.157115711571157085e-01,9.866108323003517366e-01
1.158115811581158089e-01,9.865876776696571593e-01
1.159115911591159093e-01,9.865645030349620148e-01
1.160116011601160096e-01,9.865413083962661922e-01
1.161116111611161100e-01,9.865180937535698025e-01
1.162116211621162104e-01,9.864948591068727346e-01
1.163116311631163108e-01,9.864716044561752106e-01
1.164116411641164112e-01,9.864483298014770085e-01
1.165116511651165115e-01,9.864250351427782393e-01
1.166116611661166119e-01,9.864017204800787919e-01
1.167116711671167123e-01,9.863783858133787774e-01
1.168116811681168127e-01,9.863550311426781958e-01
1.169116911691169131e-01,9.863316564679770471e-01
1.170117011701170134e-01,9.863082617892752202e-01
1.171117111711171138e-01,9.862848471065728262e-01
1.172117211721172142e-01,9.862614124198698651e-01
1.173117311731173146e-01,9.862379577291662258e-01
1.174117411741174150e-01,9.862144830344620194e-01
1.175117511751175153e-01,9.861909883357572459e-01
1.176117611761176157e-01,9.861674736330519053e-01
1.177117711771177161e-01,9.861439389263458866e-01
1.178117811781178165e-01,9.861203842156393007e-01
1.179117911791179169e-01,9.860968095009320367e-01
1.180118011801180172e-01,9.860732147822243165e-01
1.181118111811181176e-01,9.860496000595159183e-01
1.182118211821182180e-01,9.860259653328069529e-01
1.183118311831183184e-01,9.860023106020973094e-01
1.184118411841184187e-01,9.859786358673870987e-01
1.185118511851185191e-01,9.859549411286763210e-01
1.186118611861186195e-01,9.859312263859649761e-01
1.187118711871187199e-01,9.859074916392529531e-01
1.188118811881188203e-01,9.858837368885403629e-01
1.189118911891189206e-01,9.858599621338270946e-01
1.190119011901190210e-01,9.858361673751133702e-01
1.191119111911191214e-01,9.858123526123989677e-01
1.192119211921192218e-01,9.857885178456839981e-01
1.193119311931193222e-01,9.857646630749683503e-01
1.194119411941194225e-01,9.857407883002521354e-01
1.195119511951195090e-01,9.857168935215353534e-01
1.196119611961196094e-01,9.856929787388180042e-01
1.197119711971197098e-01,9.856690439520999769e-01
1.198119811981198102e-01,9.856450891613813825e-01
1.199119911991199106e-01,9.856211143666622210e-01
1.200120012001200109e-01,9.855971195679423813e-01
1.201120112011201113e-01,9.855731047652219745e-01
1.202120212021202117e-01,9.855490699585010006e-01
1.203120312031203121e-01,9.855250151477794596e-01
1.204120412041204125e-01,9.855009403330572404e-01
1.205120512051205128e-01,9.854768455143344541e-01
1.206120612061206132e-01,9.854527306916109897e-01
1.207120712071207136e-01,9.854285958648870691e-01
1.208120812081208140e-01,9.854044410341624705e-01
1.209120912091209143e-01,9.853802661994371936e-01
1.210121012101210147e-01,9.853560713607114607e-01
1.211121112111211151e-01,9.853318565179850497e-01
1.212121212121212155e-01,9.853076216712580715e-01
1.213121312131213159e-01,9.852833668205304152e-01
1.214121412141214162e-01,9.852590919658021917e-01
1.215121512151215166e-01,9.852347971070734012e-01
1.216121612161216170e-01,9.852104822443440435e-01
1.217121712171217174e-01,9.851861473776140077e-01
1.218121812181218178e-01,9.851617925068834047e-01
1.219121912191219181e-01,9.851374176321522347e-01
1.220122012201220185e-01,9.851130227534204975e-01
1.221122112211221189e-01,9.850886078706880822e-01
1.222122212221222193e-01,9.850641729839550997e-01
1.223122312231223197e-01,9.850397180932214392e-01
1.224122412241224200e-01,9.850152431984872115e-01
1.225122512251225204e-01,9.849907482997524166e-01
1.226122612261226208e-01,9.849662333970170547e-01
1.227122712271227212e-01,9.849416984902810146e-01
1.228122812281228216e-01,9.849171435795445184e-01
1.229122912291229219e-01,9.848925686648072331e-01
1.230123012301230223e-01,9.848679737460694916e-01
1.231123112311231227e-01,9.848433588233310720e-01
1.232123212321232231e-01,9.848187238965920853e-01
1.233123312331233096e-01,9.847940689658525315e-01
1.234123412341234099e-01,9.847693940311122995e-01
1.235123512351235103e-01,9.847446990923715004e-01
1.236123612361236107e-01,9.847199841496301342e-01
1.237123712371237111e-01,9.846952492028880899e-01
1.238123812381238115e-01,9.846704942521454784e-01
1.239123912391239118e-01,9.846457192974022998e-01
1.240124012401240122e-01,9.846209243386584431e-01
1.241124112411241126e-01,9.845961093759141303e-01
1.242124212421242130e-01,9.845712744091691393e-01
1.243124312431243134e-01,9.845464194384234702e-01
1.244124412441244137e-01,9.845215444636773450e-01
1.245124512451245141e-01,9.844966494849305416e-01
1.246124612461246145e-01,9.844717345021830601e-01
1.247124712471247149e-01,9.844467995154351225e-01
1.248124812481248153e-01,9.844218445246865068e-01
1.249124912491249156e-01,9.843968695299373239e-01
1.250125012501250299e-01,9.843718745311874629e-01
1.251125112511251303e-01,9.843468595284370348e-01
1.252125212521252029e-01,9.843218245216860396e-01
1.253125312531253033e-01,9.842967695109344772e-01
1.254125412541254037e-01,9.842716944961822367e-01
1.255125512551255040e-01,9.842465994774295401e-01
1.256125612561256044e-01,9.842214844546760544e-01
1.257125712571257048e-01,9.841963494279221125e-01
1.258125812581258052e-01,9.841711943971674925e-01
1.259125912591259056e-01,9.841460193624123054e-01
1.260126012601260059e-01,9.841208243236564401e-01
1.261126112611261063e-01,9.840956092809001188e-01
1.262126212621262067e-01,9.840703742341431193e-01
1.263126312631263071e-01,9.840451191833854416e-01
1.264126412641264074e-01,9.840198441286273079e-01
1.265126512651265078e-01,9.839945490698684960e-01
1.266126612661266082e-01,9.839692340071091170e-01
1.267126712671267086e-01,9.839438989403490599e-01
1.268126812681268090e-01,9.839185438695884356e-01
1.269126912691269093e-01,9.838931687948272442e-01
1.270127012701270097e-01,9.838677737160654857e-01
1.271127112711271101e-01,9.838423586333030491e-01
1.272127212721272105e-01,9.838169235465400453e-01
1.273127312731273109e-01,9.837914684557764744e-01
1.274127412741274112e-01,9.837659933610122254e-01
1.275127512751275116e-01,9.837404982622475202e-01
1.276127612761276120e-01,9.837149831594820260e-01
1.277127712771277124e-01,9.836894480527160756e-01
1.278127812781278128e-01,9.836638929419494470e-01
1.279127912791279131e-01,9.836383178271822514e-01
1.280128012801280135e-01,9.836127227084144886e-01
1.281128112811281139e-01,9.835871075856460477e-01
1.282128212821282143e-01,9.835614724588770397e-01
1.283128312831283147e-01,9.835358173281074645e-01
1.284128412841284150e-01,9.835101421933372112e-01
1.285128512851285154e-01,9.834844470545663908e-01
1.286128612861286158e-01,9.834587319117950033e-01
1.287128712871287162e-01,9.834329967650230486e-01
1.288128812881288165e-01,9.834072416142504158e-01
1.289128912891289169e-01,9.833814664594772159e-01
1.290129012901290173e-01,9.833556713007034489e-01
1.291129112911291177e-01,9.833298561379290037e-01
1.292129212921292181e-01,9.833040209711539914e-01
1.293129312931293184e-01,9.832781658003784120e-01
1.294129412941294188e-01,9.832522906256022655e-01
1.295129512951295192e-01,9.832263954468254408e-01
1.296129612961296196e-01,9.832004802640480490e-01
1.297129712971297200e-01,9.831745450772699790e-01
1.298129812981298203e-01,9.831485898864913420e-01
1.299129912991299207e-01,9.831226146917122488e-01
1.300130013001300211e-01,9.830966194929323665e-01
1.301130113011301215e-01,9.830706042901520281e-01
1.302130213021302219e-01,9.830445690833710115e-01
1.303130313031303222e-01,9.830185138725894278e-01
1.304130413041304226e-01,9.829924386578071660e-01
1.305130513051305230e-01,9.829663434390243371e-01
1.306130613061306234e-01,9.829402282162409410e-01
1.307130713071307238e-01,9.829140929894569778e-01
1.308130813081308241e-01,9.828879377586723365e-01
1.309130913091309245e-01,9.828617625238871280e-01
1.310131013101310249e-01,9.828355672851013525e-01
1.311131113111311253e-01,9.828093520423148988e-01
1.312131213121312256e-01,9.827831167955278779e-01
1.313131313131313260e-01,9.827568615447402900e-01
1.314131413141314264e-01,9.827305862899521349e-01
1.315131513151315268e-01,9.827042910311633017e-01
1.316131613161316272e-01,9.826779757683739014e-01
1.317131713171317275e-01,9.826516405015839339e-01
1.318131813181318279e-01,9.826252852307932883e-01
1.319131913191319283e-01,9.825989099560020756e-01
1.320132013201320287e-01,9.825725146772102958e-01
1.321132113211321291e-01,9.825460993944178378e-01
1.322132213221322294e-01,9.825196641076249238e-01
1.323132313231323298e-01,9.824932088168312205e-01
1.324132413241324302e-01,9.824667335220370612e-01
1.325132513251325306e-01,9.824402382232422237e-01
1.326132613261326310e-01,9.824137229204468191e-01
1.327132713271327313e-01,9.823871876136508474e-01
1.328132813281328040e-01,9.823606323028541976e-01
1.329132913291329043e-01,9.823340569880570916e-01
1.330133013301330047e-01,9.823074616692591965e-01
1.331133113311331051e-01,9.822808463464608453e-01
1.332133213321332055e-01,9.822542110196618159e-01
1.333133313331333059e-01,9.822275556888622194e-01
1.334133413341334062e-01,9.822008803540620558e-01
1.335133513351335066e-01,9.821741850152612141e-01
1.336133613361336070e-01,9.821474696724598052e-01
1.337133713371337074e-01,9.821207343256578293e-01
1.338133813381338078e-01,9.820939789748551751e-01
1.339133913391339081e-01,9.820672036200519539e-01
1.340134013401340085e-01,9.820404082612481655e-01
1.341134113411341089e-01,9.820135928984438101e-01
1.342134213421342093e-01,9.819867575316387764e-01
1.343134313431343096e-01,9.819599021608331757e-01
1.344134413441344100e-01,9.819330267860268968e-01
1.345134513451345104e-01,9.819061314072201618e-01
1.346134613461346108e-01,9.818792160244127487e-01
1.347134713471347112e-01,9.818522806376047685e-01
1.348134813481348115e-01,9.818253252467961101e-01
1.349134913491349119e-01,9.817983498519868846e-01
1.350135013501350123e-01,9.817713544531770919e-01
1.351135113511351127e-01,9.817443390503667322e-01
1.352135213521352131e-01,9.817173036435556943e-01
1.353135313531353134e-01,9.816902482327440893e-01
1.354135413541354138e-01,9.816631728179318062e-01
1.355135513551355142e-01,9.816360773991190669e-01
1.356135613561356146e-01,9.816089619763056495e-01
1.357135713571357150e-01,9.815818265494916650e-01
1.358135813581358153e-01,9.815546711186770024e-01
1.359135913591359157e-01,9.815274956838617726e-01
1.360136013601360161e-01,9.815003002450459757e-01
1.361136113611361165e-01,9.814730848022296117e-01
1.362136213621362169e-01,9.814458493554125695e-01
1.363136313631363172e-01,9.814185939045949603e-01
1.364136413641364176e-01,9.813913184497767839e-01
1.365136513651365180e-01,9.813640229909579293e-01
1.366136613661366184e-01,9.813367075281385077e-01
1.367136713671367187e-01,9.813093720613185189e-01
1.368136813681368191e-01,9.812820165904979630e-01
1.369136913691369195e-01,9.812546411156767290e-01
1.370137013701370199e-01,9.812272456368549278e-01
1.371137113711371203e-01,9.811998301540325595e-01
1.372137213721372206e-01,9.811723946672095131e-01
1.373137313731373210e-01,9.811449391763858996e-01
1.374137413741374214e-01,9.811174636815617189e-01
1.375137513751375218e-01,9.810899681827368601e-01
1.376137613761376222e-01,9.810624526799114342e-01
1.377137713771377225e-01,9.810349171730854412e-01
1.378137813781378229e-01,9.810073616622588810e-01
1.379137913791379233e-01,9.809797861474316427e-01
1.380138013801380237e-01,9.809521906286038373e-01
1.381138113811381241e-01,9.809245751057753537e-01
1.382138213821382244e-01,9.808969395789464141e-01
1.383138313831383248e-01,9.808692840481167963e-01
1.384138413841384252e-01,9.808416085132866113e-01
1.385138513851385256e-01,9.808139129744557483e-01
1.386138613861386260e-01,9.807861974316243181e-01
1.387138713871387263e-01,9.807584618847923208e-01
1.388138813881388267e-01,9.807307063339597564e-01
1.389138913891389271e-01,9.807029307791265138e-01
1.390139013901390275e-01,9.806751352202927041e-01
1.391139113911391278e-01,9.806473196574583273e-01
1.392139213921392282e-01,9.806194840906232724e-01
1.393139313931393286e-01,9.805916285197876503e-01
1.394139413941394290e-01,9.805637529449514611e-01
1.395139513951395294e-01,9.805358573661145938e-01
1.396139613961396297e-01,9.805079417832772704e-01
1.397139713971397301e-01,9.804800061964392688e-01
1.398139813981398305e-01,9.804520506056005891e-01
1.399139913991399309e-01,9.804240750107613422e-01
1.400140014001400313e-01,9.803960794119215283e-01
1.401140114011401316e-01,9.803680638090811472e-01
1.402140214021402320e-01,9.803400282022401990e-01
1.403140314031403324e-01,9.803119725913985727e-01
1.404140414041404050e-01,9.802838969765563792e-01
1.405140514051405054e-01,9.802558013577135076e-01
1.406140614061406058e-01,9.802276857348700689e-01
1.407140714071407062e-01,9.801995501080260631e-01
1.408140814081408065e-01,9.801713944771814901e-01
1.409140914091409069e-01,9.801432188423362390e-01
1.410141014101410073e-01,9.801150232034904208e-01
1.411141114111411077e-01,9.800868075606440355e-01
1.412141214121412081e-01,9.800585719137970830e-01
1.413141314131413084e-01,9.800303162629494524e-01
1.414141414141414088e-01,9.800020406081012547e-01
1.415141514151415092e-01,9.799737449492523789e-01
1.416141614161416096e-01,9.799454292864029359e-01
1.417141714171417100e-01,9.799170936195529258e-01
1.418141814181418103e-01,9.798887379487023486e-01
1.419141914191419107e-01,9.798603622738510932e-01
1.420142014201420111e-01,9.798319665949993817e-01
1.421142114211421115e-01,9.798035509121468811e-01
1.422142214221422118e-01,9.797751152252939244e-01
1.423142314231423122e-01,9.797466595344402895e-01
1.424142414241424126e-01,9.797181838395860876e-01
1.425142514251425130e-01,9.796896881407313185e-01
1.426142614261426134e-01,9.796611724378758712e-01
1.427142714271427137e-01,9.796326367310198568e-01
1.428142814281428141e-01,9.796040810201632754e-01
1.429142914291429145e-01,9.795755053053060157e-01
1.430143014301430149e-01,9.795469095864481890e-01
1.431143114311431153e-01,9.795182938635897951e-01
1.432143214321432156e-01,9.794896581367307231e-01
1.433143314331433160e-01,9.794610024058711950e-01
1.434143414341434164e-01,9.794323266710109888e-01
1.435143514351435168e-01,9.794036309321501044e-01
1.436143614361436172e-01,9.793749151892886529e-01
1.437143714371437175e-01,9.793461794424267453e-01
1.438143814381438179e-01,9.793174236915640485e-01
1.439143914391439183e-01,9.792886479367008956e-01
1.440144014401440187e-01,9.792598521778370646e-01
1.441144114411441191e-01,9.792310364149726665e-01
1.442144214421442194e-01,9.792022006481075902e-01
1.443144314431443198e-01,9.791733448772419468e-01
1.444144414441444202e-01,9.791444691023757363e-01
1.445144514451445206e-01,9.791155733235089587e-01
1.446144614461446209e-01,9.790866575406415029e-01
1.447144714471447213e-01,9.790577217537734800e-01
1.448144814481448217e-01,9.790287659629048900e-01
1.449144914491449221e-01,9.789997901680357328e-01
1.450145014501450225e-01,9.789707943691658976e-01
1.451145114511451228e-01,9.789417785662954952e-01
1.452145214521452232e-01,9.789127427594244146e-01
1.453145314531453236e-01,9.788836869485528780e-01
1.454145414541454240e-01,9.788546111336806632e-01
1.455145514551455244e-01,9.788255153148077703e-01
1.456145614561456247e-01,9.787963994919344213e-01
1.457145714571457251e-01,9.787672636650603941e-01
1.458145814581458255e-01,9.787381078341857998e-01
1.459145914591459259e-01,9.787089319993105274e-01
1.460146014601460263e-01,9.786797361604346879e-01
1.461146114611461266e-01,9.786505203175582812e-01
1.462146214621462270e-01,9.786212844706813074e-01
1.463146314631463274e-01,9.785920286198036555e-01
1.464146414641464278e-01,9.785627527649254365e-01
1.465146514651465282e-01,9.785334569060466503e-01
1.466146614661466285e-01,9.785041410431671860e-01
1.467146714671467289e-01,9.784748051762871546e-01
1.468146814681468293e-01,9.784454493054065560e-01
1.469146914691469297e-01,9.784160734305253904e-01
1.470147014701470300e-01,9.783866775516435466e-01
1.471147114711471304e-01,9.783572616687611356e-01
1.472147214721472308e-01,9.783278257818781576e-01
1.473147314731473312e-01,9.782983698909945014e-01
1.474147414741474316e-01,9.782688939961102781e-01
1.475147514751475319e-01,9.782393980972254877e-01
1.476147614761476323e-01,9.782098821943400191e-01
1.477147714771477327e-01,9.781803462874539834e-01
1.478147814781478331e-01,9.781507903765673806e-01
1.479147914791479335e-01,9.781212144616802107e-01
1.480148014801480061e-01,9.780916185427923626e-01
1.481148114811481065e-01,9.780620026199039474e-01
1.482148214821482068e-01,9.780323666930149651e-01
1.483148314831483072e-01,9.780027107621253046e-01
1.484148414841484076e-01,9.779730348272350771e-01
1.485148514851485080e-01,9.779433388883442824e-01
1.486148614861486084e-01,9.779136229454528095e-01
1.487148714871487087e-01,9.778838869985608806e-01
1.488148814881488091e-01,9.778541310476682735e-01
1.489148914891489095e-01,9.778243550927749883e-01
1.490149014901490099e-01,9.777945591338811360e-01
1.491149114911491103e-01,9.777647431709867165e-01
1.492149214921492106e-01,9.777349072040917299e-01
1.493149314931493110e-01,9.777050512331961762e-01
1.494149414941494114e-01,9.776751752582999444e-01
1.495149514951495118e-01,9.776452792794030344e-01
1.496149614961496122e-01,9.776153632965056683e-01
1.497149714971497125e-01,9.775854273096076241e-01
1.498149814981498129e-01,9.775554713187090128e-01
1.499149914991499133e-01,9.775254953238098343e-01
1.500150015001500137e-01,9.774954993249099777e-01
1.501150115011501140e-01,9.774654833220095540e-01
1.502150215021502144e-01,9.774354473151085632e-01
1.503150315031503148e-01,9.774053913042068942e-01
1.504150415041504152e-01,9.773753152893046581e-01
1.505150515051505156e-01,9.773452192704018548e-01
1.506150615061506159e-01,9.773151032474984845e-01
1.507150715071507163e-01,9.772849672205944360e-01
1.508150815081508167e-01,9.772548111896898204e-01
1.509150915091509171e-01,9.772246351547846377e-01
1.510151015101510175e-01,9.771944391158787768e-01
1.511151115111511178e-01,9.771642230729723488e-01
1.512151215121512182e-01,9.771339870260653537e-01
1.513151315131513186e-01,9.771037309751576805e-01
1.514151415141514190e-01,9.770734549202495511e-01
1.515151515151515194e-01,9.770431588613406326e-01
1.516151615161516197e-01,9.770128427984312580e-01
1.517151715171517201e-01,9.769825067315212053e-01
1.518151815181518205e-01,9.769521506606105854e-01
1.519151915191519209e-01,9.769217745856993984e-01
1.520152015201520213e-01,9.768913785067875333e-01
1.521152115211521216e-01,9.768609624238751010e-01
1.522152215221522220e-01,9.768305263369621017e-01
1.523152315231523224e-01,9.768000702460485352e-01
1.524152415241524228e-01,9.767695941511342905e-01
1.525152515251525231e-01,9.767390980522194788e-01
1.526152615261526235e-01,9.767085819493039889e-01
1.527152715271527239e-01,9.766780458423880429e-01
1.528152815281528243e-01,9.766474897314714188e-01
1.529152915291529247e-01,9.766169136165541165e-01
1.530153015301530250e-01,9.765863174976363581e-01
1.531153115311531254e-01,9.765557013747179216e-01
1.532153215321532258e-01,9.765250652477989179e-01
1.533153315331533262e-01,9.764944091168792362e-01
1.534153415341534266e-01,9.764637329819590983e-01
1.535153515351535269e-01,9.764330368430382823e-01
1.536153615361536273e-01,9.764023207001167881e-01
1.537153715371537277e-01,9.763715845531948379e-01
1.538153815381538281e-01,9.763408284022722095e-01
1.539153915391539285e-01,9.763100522473489029e-01
1.540154015401540288e-01,9.762792560884251403e-01
1.541154115411541292e-01,9.762484399255006995e-01
1.542154215421542296e-01,9.762176037585756916e-01
1.543154315431543300e-01,9.761867475876500055e-01
1.544154415441544304e-01,9.761558714127238634e-01
1.545154515451545307e-01,9.761249752337970431e-01
1.546154615461546311e-01,9.760940590508695447e-01
1.547154715471547315e-01,9.760631228639415902e-01
1.548154815481548319e-01,9.760321666730129575e-01
1.549154915491549322e-01,9.760011904780837577e-01
1.550155015501550326e-01,9.759701942791538798e-01
1.551155115511551330e-01,9.759391780762234347e-01
1.552155215521552334e-01,9.759081418692924226e-01
1.553155315531553338e-01,9.758770856583608433e-01
1.554155415541554341e-01,9.758460094434285859e-01
1.555155515551555068e-01,9.758149132244957613e-01
1.556155615561556071e-01,9.757837970015623696e-01
1.557155715571557075e-01,9.757526607746282998e-01
1.558155815581558079e-01,9.757215045436936629e-01
1.559155915591559083e-01,9.756903283087584589e-01
1.560156015601560087e-01,9.756591320698226877e-01
1.561156115611561090e-01,9.756279158268862384e-01
1.562156215621562094e-01,9.755966795799492219e-01
1.563156315631563098e-01,9.755654233290115274e-01
1.564156415641564102e-01,9.755341470740733767e-01
1.565156515651565106e-01,9.755028508151345479e-01
1.566156615661566109e-01,9.754715345521951519e-01
1.567156715671567113e-01,9.754401982852550779e-01
1.568156815681568117e-01,9.754088420143144367e-01
1.569156915691569121e-01,9.753774657393732284e-01
1.570157015701570125e-01,9.753460694604313419e-01
1.571157115711571128e-01,9.753146531774889993e-01
1.572157215721572132e-01,9.752832168905459787e-01
1.573157315731573136e-01,9.752517605996022798e-01
1.574157415741574140e-01,9.752202843046581249e-01
1.575157515751575144e-01,9.751887880057132918e-01
1.576157615761576147e-01,9.751572717027678916e-01
1.577157715771577151e-01,9.751257353958218133e-01
1.578157815781578155e-01,9.750941790848751678e-01
1.579157915791579159e-01,9.750626027699279552e-01
1.580158015801580162e-01,9.750310064509801755e-01
1.581158115811581166e-01,9.749993901280317177e-01
1.582158215821582170e-01,9.749677538010826927e-01
1.583158315831583174e-01,9.749360974701331006e-01
1.584158415841584178e-01,9.749044211351828304e-01
1.585158515851585181e-01,9.748727247962319931e-01
1.586158615861586185e-01,9.748410084532805886e-01
1.587158715871587189e-01,9.748092721063285060e-01
1.588158815881588193e-01,9.747775157553759673e-01
1.589158915891589197e-01,9.747457394004226394e-01
1.590159015901590200e-01,9.747139430414688555e-01
1.591159115911591204e-01,9.746821266785143933e-01
1.592159215921592208e-01,9.746502903115593641e-01
1.593159315931593212e-01,9.746184339406037678e-01
1.594159415941594216e-01,9.745865575656476043e-01
1.595159515951595219e-01,9.745546611866907627e-01
1.596159615961596223e-01,9.745227448037332429e-01
1.597159715971597227e-01,9.744908084167752671e-01
1.598159815981598231e-01,9.744588520258166131e-01
1.599159915991599235e-01,9.744268756308573920e-01
1.600160016001600238e-01,9.743948792318976038e-01
1.601160116011601242e-01,9.743628628289371374e-01
1.602160216021602246e-01,9.743308264219761039e-01
1.603160316031603250e-01,9.742987700110145033e-01
1.604160416041604253e-01,9.742666935960522245e-01
1.605160516051605257e-01,9.742345971770894897e-01
1.606160616061606261e-01,9.742024807541259657e-01
1.607160716071607265e-01,9.741703443271619856e-01
1.608160816081608269e-01,9.741381878961973273e-01
1.609160916091609272e-01,9.741060114612321019e-01
1.610161016101610276e-01,9.740738150222663094e-01
1.611161116111611280e-01,9.740415985792998388e-01
1.612161216121612284e-01,9.740093621323328010e-01
1.613161316131613288e-01,9.739771056813651962e-01
1.614161416141614291e-01,9.739448292263970242e-01
1.615161516151615295e-01,9.739125327674281740e-01
1.616161616161616299e-01,9.738802163044587568e-01
1.617161716171617303e-01,9.738478798374886614e-01
1.618161816181618307e-01,9.738155233665181099e-01
1.619161916191619310e-01,9.737831468915468802e-01
1.620162016201620314e-01,9.737507504125749724e-01
1.621162116211621318e-01,9.737183339296026086e-01
1.622162216221622322e-01,9.736858974426295665e-01
1.623162316231623326e-01,9.736534409516559574e-01
1.624162416241624329e-01,9.736209644566816701e-01
1.625162516251625333e-01,9.735884679577068157e-01
1.626162616261626337e-01,9.735559514547313942e-01
1.627162716271627341e-01,9.735234149477554055e-01
1.628162816281628344e-01,9.734908584367787387e-01
1.629162916291629348e-01,9.734582819218015048e-01
1.630163016301630352e-01,9.734256854028237038e-01
1.631163116311631078e-01,9.733930688798453357e-01
1.632163216321632082e-01,9.733604323528662894e-01
1.633163316331633086e-01,9.733277758218865650e-01
1.634163416341634090e-01,9.732950992869063844e-01
1.635163516351635093e-01,9.732624027479255258e-01
1.636163616361636097e-01,9.732296862049441000e-01
1.637163716371637101e-01,9.731969496579621071e-01
1.638163816381638105e-01,9.731641931069794360e-01
1.639163916391639109e-01,9.731314165519961978e-01
1.640164016401640112e-01,9.730986199930123925e-01
1.641164116411641116e-01,9.730658034300280201e-01
1.642164216421642120e-01,9.730329668630429696e-01
1.643164316431643124e-01,9.730001102920573519e-01
1.644164416441644128e-01,9.729672337170710561e-01
1.645164516451645131e-01,9.729343371380841932e-01
1.646164616461646135e-01,9.729014205550967631e-01
1.647164716471647139e-01,9.728684839681087659e-01
1.648164816481648143e-01,9.728355273771202016e-01
1.649164916491649147e-01,9.728025507821309592e-01
1.650165016501650150e-01,9.727695541831410386e-01
1.651165116511651154e-01,9.727365375801506620e-01
1.652165216521652158e-01,9.727035009731596071e-01
1.653165316531653162e-01,9.726704443621679852e-01
1.654165416541654166e-01,9.726373677471757961e-01
1.655165516551655169e-01,9.726042711281829289e-01
1.656165616561656173e-01,9.725711545051894946e-01
1.657165716571657177e-01,9.725380178781954932e-01
1.658165816581658181e-01,9.725048612472008136e-01
1.659165916591659184e-01,9.724716846122055669e-01
1.660166016601660188e-01,9.724384879732097531e-01
1.661166116611661192e-01,9.724052713302133721e-01
1.662166216621662196e-01,9.723720346832163131e-01
1.663166316631663200e-01,9.723387780322186869e-01
1.664166416641664203e-01,9.723055013772203825e-01
1.665166516651665207e-01,9.722722047182216221e-01
1.666166616661666211e-01,9.722388880552221835e-01
1.667166716671667215e-01,9.722055513882221778e-01
1.668166816681668219e-01,9.721721947172214939e-01
1.669166916691669222e-01,9.721388180422202430e-01
1.670167016701670226e-01,9.721054213632184249e-01
1.671167116711671230e-01,9.720720046802160397e-01
1.672167216721672234e-01,9.720385679932129763e-01
1.673167316731673238e-01,9.720051113022093459e-01
1.674167416741674241e-01,9.719716346072051483e-01
1.675167516751675245e-01,9.719381379082002725e-01
1.676167616761676249e-01,9.719046212051948297e-01
1.677167716771677253e-01,9.718710844981888197e-01
1.678167816781678257e-01,9.718375277871821316e-01
1.679167916791679260e-01,9.718039510721748764e-01
1.680168016801680264e-01,9.717703543531670540e-01
1.681168116811681268e-01,9.717367376301586646e-01
1.682168216821682272e-01,9.717031009031495969e-01
1.683168316831683275e-01,9.716694441721399622e-01
1.684168416841684279e-01,9.716357674371297604e-01
1.685168516851685283e-01,9.716020706981188804e-01
1.686168616861686287e-01,9.715683539551074333e-01
1.687168716871687291e-01,9.715346172080954190e-01
1.688168816881688294e-01,9.715008604570828377e-01
1.689168916891689298e-01,9.714670837020695782e-01
1.690169016901690302e-01,9.714332869430557515e-01
1.691169116911691306e-01,9.713994701800412468e-01
1.692169216921692310e-01,9.713656334130262859e-01
1.693169316931693313e-01,9.713317766420106469e-01
1.694169416941694317e-01,9.712978998669944408e-01
1.695169516951695321e-01,9.712640030879775566e-01
1.696169616961696325e-01,9.712300863049601052e-01
1.697169716971697329e-01,9.711961495179420867e-01
1.698169816981698332e-01,9.711621927269235011e-01
1.699169916991699336e-01,9.711282159319042373e-01
1.700170017001700340e-01,9.710942191328844064e-01
1.701170117011701344e-01,9.710602023298638974e-01
1.702170217021702348e-01,9.710261655228429323e-01
1.703170317031703351e-01,9.709921087118212890e-01
1.704170417041704355e-01,9.709580318967990786e-01
1.705170517051705359e-01,9.709239350777761901e-01
1.706170617061706363e-01,9.708898182547527345e-01
1.707170717071707089e-01,9.708556814277287117e-01
1.708170817081708093e-01,9.708215245967041218e-01
1.709170917091709097e-01,9.707873477616788538e-01
1.710171017101710100e-01,9.707531509226530186e-01
1.711171117111711104e-01,9.707189340796266164e-01
1.712171217121712108e-01,9.706846972325995360e-01
1.713171317131713112e-01,9.706504403815718884e-01
1.714171417141714115e-01,9.706161635265436738e-01
1.715171517151715119e-01,9.705818666675147810e-01
1.716171617161716123e-01,9.705475498044854321e-01
1.717171717171717127e-01,9.705132129374554051e-01
1.718171817181718131e-01,9.704788560664246999e-01
1.719171917191719134e-01,9.704444791913935386e-01
1.720172017201720138e-01,9.704100823123616992e-01
1.721172117211721142e-01,9.703756654293291817e-01
1.722172217221722146e-01,9.703412285422962080e-01
1.723172317231723150e-01,9.703067716512625562e-01
1.724172417241724153e-01,9.702722947562283373e-01
1.725172517251725157e-01,9.702377978571934403e-01
1.726172617261726161e-01,9.702032809541579761e-01
1.727172717271727165e-01,9.701687440471219448e-01
1.728172817281728169e-01,9.701341871360853464e-01
1.729172917291729172e-01,9.700996102210480698e-01
1.730173017301730176e-01,9.700650133020102261e-01
1.731173117311731180e-01,9.700303963789718154e-01
1.732173217321732184e-01,9.699957594519328374e-01
1.733173317331733188e-01,9.699611025208931814e-01
1.734173417341734191e-01,9.699264255858529582e-01
1.735173517351735195e-01,9.698917286468120569e-01
1.736173617361736199e-01,9.698570117037705884e-01
1.737173717371737203e-01,9.698222747567285529e-01
1.738173817381738206e-01,9.697875178056859502e-01
1.739173917391739210e-01,9.697527408506426694e-01
1.740174017401740214e-01,9.697179438915989325e-01
1.741174117411741218e-01,9.696831269285544064e-01
1.742174217421742222e-01,9.696482899615094242e-01
1.743174317431743225e-01,9.696134329904637639e-01
1.744174417441744229e-01,9.695785560154175364e-01
1.745174517451745233e-01,9.695436590363706308e-01
1.746174617461746237e-01,9.695087420533232692e-01
1.747174717471747241e-01,9.694738050662752293e-01
1.748174817481748244e-01,9.694388480752265114e-01
1.749174917491749248e-01,9.694038710801773373e-01
1.750175017501750252e-01,9.693688740811274851e-01
1.751175117511751256e-01,9.693338570780770658e-01
1.752175217521752260e-01,9.692988200710259683e-01
1.753175317531753263e-01,9.692637630599744147e-01
1.754175417541754267e-01,9.692286860449220720e-01
1.755175517551755271e-01,9.691935890258692732e-01
1.756175617561756275e-01,9.691584720028157962e-01
1.757175717571757279e-01,9.691233349757617521e-01
1.758175817581758282e-01,9.690881779447071409e-01
1.759175917591759286e-01,9.690530009096519626e-01
1.760176017601760290e-01,9.690178038705961061e-01
1.761176117611761294e-01,9.689825868275396825e-01
1.762176217621762297e-01,9.689473497804825808e-01
1.763176317631763301e-01,9.689120927294249119e-01
1.764176417641764305e-01,9.688768156743666760e-01
1.765176517651765309e-01,9.688415186153078729e-01
1.766176617661766313e-01,9.688062015522483916e-01
1.767176717671767316e-01,9.687708644851883433e-01
1.768176817681768320e-01,9.687355074141277278e-01
1.769176917691769324e-01,9.687001303390665452e-01
1.770177017701770328e-01,9.686647332600046845e-01
1.771177117711771332e-01,9.686293161769422566e-01
1.772177217721772335e-01,9.685938790898791506e-01
1.773177317731773339e-01,9.685584219988155885e-01
1.774177417741774343e-01,9.685229449037513483e-01
1.775177517751775347e-01,9.684874478046864299e-01
1.776177617761776351e-01,9.684519307016210554e-01
1.777177717771777354e-01,9.684163935945550028e-01
1.778177817781778358e-01,9.683808364834882720e-01
1.779177917791779362e-01,9.683452593684210852e-01
1.780178017801780366e-01,9.683096622493532202e-01
1.781178117811781370e-01,9.682740451262847881e-01
1.782178217821782373e-01,9.682384079992157888e-01
1.783178317831783100e-01,9.682027508681461114e-01
1.784178417841784103e-01,9.681670737330758669e-01
1.785178517851785107e-01,9.681313765940050553e-01
1.786178617861786111e-01,9.680956594509335655e-01
1.787178717871787115e-01,9.680599223038615087e-01
1.788178817881788119e-01,9.680241651527888846e-01
1.789178917891789122e-01,9.679883879977156935e-01
1.790179017901790126e-01,9.679525908386418243e-01
1.791179117911791130e-01,9.679167736755673879e-01
1.792179217921792134e-01,9.678809365084923844e-01
1.793179317931793137e-01,9.678450793374167027e-01
1.794179417941794141e-01,9.678092021623404539e-01
1.795179517951795145e-01,9.677733049832636381e-01
1.796179617961796149e-01,9.677373878001861440e-01
1.797179717971797153e-01,9.677014506131080829e-01
1.798179817981798156e-01,9.676654934220294546e-01
1.799179917991799160e-01,9.676295162269502592e-01
1.800180018001800164e-01,9.675935190278703857e-01
1.801180118011801168e-01,9.675575018247899450e-01
1.802180218021802172e-01,9.675214646177089373e-01
1.803180318031803175e-01,9.674854074066272513e-01
1.804180418041804179e-01,9.674493301915449983e-01
1.805180518051805183e-01,9.674132329724621782e-01
1.806180618061806187e-01,9.673771157493786799e-01
1.807180718071807191e-01,9.673409785222946145e-01
1.808180818081808194e-01,9.673048212912099819e-01
1.809180918091809198e-01,9.672686440561247823e-01
1.810181018101810202e-01,9.672324468170389045e-01
1.811181118111811206e-01,9.671962295739524595e-01
1.812181218121812210e-01,9.671599923268654475e-01
1.813181318131813213e-01,9.671237350757777573e-01
1.814181418141814217e-01,9.670874578206896111e-01
1.815181518151815221e-01,9.670511605616006756e-01
1.816181618161816225e-01,9.670148432985112841e-01
1.817181718171817228e-01,9.669785060314212144e-01
1.818181818181818232e-01,9.669421487603305776e-01
1.819181918191819236e-01,9.669057714852393737e-01
1.820182018201820240e-01,9.668693742061474916e-01
1.821182118211821244e-01,9.668329569230550424e-01
1.822182218221822247e-01,9.667965196359620261e-01
1.823182318231823251e-01,9.667600623448683317e-01
1.824182418241824255e-01,9.667235850497740701e-01
1.825182518251825259e-01,9.666870877506792414e-01
1.826182618261826263e-01,9.666505704475838456e-01
1.827182718271827266e-01,9.666140331404877717e-01
1.828182818281828270e-01,9.665774758293911306e-01
1.829182918291829274e-01,9.665408985142938114e-01
1.830183018301830278e-01,9.665043011951960361e-01
1.831183118311831282e-01,9.664676838720975827e-01
1.832183218321832285e-01,9.664310465449985621e-01
1.833183318331833289e-01,9.663943892138988634e-01
1.834183418341834293e-01,9.663577118787985976e-01
1.835183518351835297e-01,9.663210145396977646e-01
1.836183618361836301e-01,9.662842971965963645e-01
1.837183718371837304e-01,9.662475598494942863e-01
1.838183818381838308e-01,9.662108024983916410e-01
1.839183918391839312e-01,9.661740251432884286e-01
1.840184018401840316e-01,9.661372277841845380e-01
1.841184118411841319e-01,9.661004104210800802e-01
1.842184218421842323e-01,9.660635730539750554e-01
1.843184318431843327e-01,9.660267156828694635e-01
1.844184418441844331e-01,9.659898383077631934e-01
1.845184518451845335e-01,9.659529409286563562e-01
1.846184618461846338e-01,9.659160235455488408e-01
1.847184718471847342e-01,9.658790861584408693e-01
1.848184818481848346e-01,9.658421287673322198e-01
1.849184918491849350e-01,9.658051513722228920e-01
1.850185018501850354e-01,9.657681539731131082e-01
1.851185118511851357e-01,9.657311365700026462e-01
1.852185218521852361e-01,9.656940991628916171e-01
1.853185318531853365e-01,9.656570417517799099e-01
1.854185418541854369e-01,9.656199643366676355e-01
1.855185518551855373e-01,9.655828669175547940e-01
1.856185618561856376e-01,9.655457494944413854e-01
1.857185718571857380e-01,9.655086120673272987e-01
1.858185818581858384e-01,9.654714546362126448e-01
1.859185918591859110e-01,9.654342772010974238e-01
1.860186018601860114e-01,9.653970797619816357e-01
1.861186118611861118e-01,9.653598623188651695e-01
1.862186218621862122e-01,9.653226248717481361e-01
1.863186318631863125e-01,9.652853674206304246e-01
1.864186418641864129e-01,9.652480899655122570e-01
1.865186518651865133e-01,9.652107925063933003e-01
1.866186618661866137e-01,9.651734750432738874e-01
1.867186718671867141e-01,9.651361375761539074e-01
1.868186818681868144e-01,9.650987801050332493e-01
1.869186918691869148e-01,9.650614026299119130e-01
1.870187018701870152e-01,9.650240051507901207e-01
1.871187118711871156e-01,9.649865876676676502e-01
1.872187218721872159e-01,9.649491501805446125e-01
1.873187318731873163e-01,9.649116926894210078e-01
1.874187418741874167e-01,9.648742151942967249e-01
1.875187518751875171e-01,9.648367176951718749e-01
1.876187618761876175e-01,9.647992001920464578e-01
1.877187718771877178e-01,9.647616626849203625e-01
1.878187818781878182e-01,9.647241051737937001e-01
1.879187918791879186e-01,9.646865276586664706e-01
1.880188018801880190e-01,9.646489301395385629e-01
1.881188118811881194e-01,9.646113126164101992e-01
1.882188218821882197e-01,9.645736750892810463e-01
1.883188318831883201e-01,9.645360175581514373e-01
1.884188418841884205e-01,9.644983400230211501e-01
1.885188518851885209e-01,9.644606424838904069e-01
1.886188618861886213e-01,9.644229249407588744e-01
1.887188718871887216e-01,9.643851873936268859e-01
1.888188818881888220e-01,9.643474298424942193e-01
1.889188918891889224e-01,9.643096522873609855e-01
1.890189018901890228e-01,9.642718547282270736e-01
1.891189118911891232e-01,9.642340371650925945e-01
1.892189218921892235e-01,9.641961995979575484e-01
1.893189318931893239e-01,9.641583420268219351e-01
1.894189418941894243e-01,9.641204644516856437e-01
1.895189518951895247e-01,9.640825668725487851e-01
1.896189618961896250e-01,9.640446492894113595e-01
1.897189718971897254e-01,9.640067117022733667e-01
1.898189818981898258e-01,9.639687541111346958e-01
1.899189918991899262e-01,9.639307765159954577e-01
1.900190019001900266e-01,9.638927789168555416e-01
1.901190119011901269e-01,9.638547613137151693e-01
1.902190219021902273e-01,9.638167237065741189e-01
1.903190319031903277e-01,9.637786660954323903e-01
1.904190419041904281e-01,9.637405884802902056e-01
1.905190519051905285e-01,9.637024908611473428e-01
1.906190619061906288e-01,9.636643732380039129e-01
1.907190719071907292e-01,9.636262356108598048e-01
1.908190819081908296e-01,9.635880779797151297e-01
1.909190919091909300e-01,9.635499003445698873e-01
1.910191019101910304e-01,9.635117027054240779e-01
1.911191119111911307e-01,9.634734850622775904e-01
1.912191219121912311e-01,9.634352474151305357e-01
1.913191319131913315e-01,9.633969897639829139e-01
1.914191419141914319e-01,9.633587121088346139e-01
1.915191519151915323e-01,9.633204144496857468e-01
1.916191619161916326e-01,9.632820967865363126e-01
1.917191719171917330e-01,9.632437591193863113e-01
1.918191819181918334e-01,9.632054014482356319e-01
1.919191919191919338e-01,9.631670237730843853e-01
1.920192019201920341e-01,9.631286260939325716e-01
1.921192119211921345e-01,9.630902084107800798e-01
1.922192219221922349e-01,9.630517707236270208e-01
1.923192319231923353e-01,9.630133130324733948e-01
1.924192419241924357e-01,9.629748353373190906e-01
1.925192519251925360e-01,9.629363376381642192e-01
1.926192619261926364e-01,9.628978199350087808e-01
1.927192719271927368e-01,9.628592822278527752e-01
1.928192819281928372e-01,9.628207245166960915e-01
1.929192919291929376e-01,9.627821468015388406e-01
1.930193019301930379e-01,9.627435490823810227e-01
1.931193119311931383e-01,9.627049313592225266e-01
1.932193219321932387e-01,9.626662936320634634e-01
1.933193319331933391e-01,9.626276359009038330e-01
1.934193419341934395e-01,9.625889581657435246e-01
1.935193519351935121e-01,9.625502604265827600e-01
1.936193619361936125e-01,9.625115426834212062e-01
1.937193719371937128e-01,9.624728049362591964e-01
1.938193819381938132e-01,9.624340471850965084e-01
1.939193919391939136e-01,9.623952694299332533e-01
1.940194019401940140e-01,9.623564716707694311e-01
1.941194119411941144e-01,9.623176539076050418e-01
1.942194219421942147e-01,9.622788161404399743e-01
1.943194319431943151e-01,9.622399583692742286e-01
1.944194419441944155e-01,9.622010805941080269e-01
1.945194519451945159e-01,9.621621828149411471e-01
1.946194619461946163e-01,9.621232650317737001e-01
1.947194719471947166e-01,9.620843272446056860e-01
1.948194819481948170e-01,9.620453694534369937e-01
1.949194919491949174e-01,9.620063916582677344e-01
1.950195019501950178e-01,9.619673938590979079e-01
1.951195119511951181e-01,9.619283760559274032e-01
1.952195219521952185e-01,9.618893382487563315e-01
1.953195319531953189e-01,9.618502804375846926e-01
1.954195419541954193e-01,9.618112026224124866e-01
1.955195519551955197e-01,9.617721048032396025e-01
1.956195619561956200e-01,9.617329869800661513e-01
1.957195719571957204e-01,9.616938491528921329e-01
1.958195819581958208e-01,9.616546913217174364e-01
1.959195919591959212e-01,9.616155134865421727e-01
1.960196019601960216e-01,9.615763156473663420e-01
1.961196119611961219e-01,9.615370978041898331e-01
1.962196219621962223e-01,9.614978599570127571e-01
1.963196319631963227e-01,9.614586021058351140e-01
1.964196419641964231e-01,9.614193242506569037e-01
1.965196519651965235e-01,9.613800263914780153e-01
1.966196619661966238e-01,9.613407085282985598e-01
1.967196719671967242e-01,9.613013706611185372e-01
1.968196819681968246e-01,9.612620127899378364e-01
1.969196919691969250e-01,9.612226349147565685e-01
1.970197019701970254e-01,9.611832370355747335e-01
1.971197119711971257e-01,9.611438191523923313e-01
1.972197219721972261e-01,9.611043812652092511e-01
1.973197319731973265e-01,9.610649233740256037e-01
1.974197419741974269e-01,9.610254454788412781e-01
1.975197519751975272e-01,9.609859475796564965e-01
1.976197619761976276e-01,9.609464296764710367e-01
1.977197719771977280e-01,9.609068917692848988e-01
1.978197819781978284e-01,9.608673338580983048e-01
1.979197919791979288e-01,9.608277559429110326e-01
1.980198019801980291e-01,9.607881580237231933e-01
1.981198119811981295e-01,9.607485401005346759e-01
1.982198219821982299e-01,9.607089021733455914e-01
1.983198319831983303e-01,9.606692442421559397e-01
1.984198419841984307e-01,9.606295663069657209e-01
1.985198519851985310e-01,9.605898683677748240e-01
1.986198619861986314e-01,9.605501504245833599e-01
1.987198719871987318e-01,9.605104124773913288e-01
1.988198819881988322e-01,9.604706545261987305e-01
1.989198919891989326e-01,9.604308765710054541e-01
1.990199019901990329e-01,9.603910786118116105e-01
1.991199119911991333e-01,9.603512606486170888e-01
1.992199219921992337e-01,9.603114226814220000e-01
1.993199319931993341e-01,9.602715647102263441e-01
1.994199419941994345e-01,9.602316867350301210e-01
1.995199519951995348e-01,9.601917887558333309e-01
1.996199619961996352e-01,9.601518707726358626e-01
1.997199719971997356e-01,9.601119327854377161e-01
1.998199819981998360e-01,9.600719747942391136e-01
1.999199919991999363e-01,9.600319967990398329e-01
2.000200020002000367e-01,9.599919987998399851e-01
2.001200120012001371e-01,9.599519807966394591e-01
2.002200220022002375e-01,9.599119427894384771e-01
2.003200320032003379e-01,9.598718847782368169e-01
2.004200420042004382e-01,9.598318067630344785e-01
2.005200520052005386e-01,9.597917087438316841e-01
2.006200620062006390e-01,9.597515907206282115e-01
2.007200720072007394e-01,9.597114526934241718e-01
2.008200820082008398e-01,9.596712946622194540e-01
2.009200920092009401e-01,9.596311166270142801e-01
2.010201020102010405e-01,9.595909185878083170e-01
2.011201120112011131e-01,9.595507005446018978e-01
2.012201220122012135e-01,9.595104624973949115e-01
2.013201320132013139e-01,9.594702044461872470e-01
2.014201420142014143e-01,9.594299263909789044e-01
2.015201520152015147e-01,9.593896283317701057e-01
2.016201620162016150e-01,9.593493102685606289e-01
2.017201720172017154e-01,9.593089722013505849e-01
2.018201820182018158e-01,9.592686141301398628e-01
2.019201920192019162e-01,9.592282360549286846e-01
2.020202020202020166e-01,9.591878379757167172e-01
2.021202120212021169e-01,9.591474198925042938e-01
2.022202220222022173e-01,9.591069818052911922e-01
2.023202320232023177e-01,9.590665237140776345e-01
2.024202420242024181e-01,9.590260456188632876e-01
2.025202520252025185e-01,9.589855475196484846e-01
2.026202620262026188e-01,9.589450294164330035e-01
2.027202720272027192e-01,9.589044913092169553e-01
2.028202820282028196e-01,9.588639331980002289e-01
2.029202920292029200e-01,9.588233550827830465e-01
2.030203020302030203e-01,9.587827569635651859e-01
2.031203120312031207e-01,9.587421388403466471e-01
2.032203220322032211e-01,9.587015007131276523e-01
2.033203320332033215e-01,9.586608425819079793e-01
2.034203420342034219e-01,9.586201644466877392e-01
2.035203520352035222e-01,9.585794663074668209e-01
2.036203620362036226e-01,9.585387481642453356e-01
2.037203720372037230e-01,9.584980100170232831e-01
2.038203820382038234e-01,9.584572518658006635e-01
2.039203920392039238e-01,9.584164737105773657e-01
2.040204020402040241e-01,9.583756755513535008e-01
2.041204120412041245e-01,9.583348573881290688e-01
2.042204220422042249e-01,9.582940192209039587e-01
2.043204320432043253e-01,9.582531610496782815e-01
2.044204420442044257e-01,9.582122828744520371e-01
2.045204520452045260e-01,9.581713846952252256e-01
2.046204620462046264e-01,9.581304665119977360e-01
2.047204720472047268e-01,9.580895283247696792e-01
2.048204820482048272e-01,9.580485701335410553e-01
2.049204920492049276e-01,9.580075919383117533e-01
2.050205020502050279e-01,9.579665937390818842e-01
2.051205120512051283e-01,9.579255755358514479e-01
2.052205220522052287e-01,9.578845373286203335e-01
2.053205320532053291e-01,9.578434791173886520e-01
2.054205420542054294e-01,9.578024009021564034e-01
2.055205520552055298e-01,9.577613026829235876e-01
2.056205620562056302e-01,9.577201844596900937e-01
2.057205720572057306e-01,9.576790462324560327e-01
2.058205820582058310e-01,9.576378880012214045e-01
2.059205920592059313e-01,9.575967097659860983e-01
2.060206020602060317e-01,9.575555115267502249e-01
2.061206120612061321e-01,9.575142932835137843e-01
2.062206220622062325e-01,9.574730550362766657e-01
2.063206320632063329e-01,9.574317967850389799e-01
2.064206420642064332e-01,9.573905185298007270e-01
2.065206520652065336e-01,9.573492202705619070e-01
2.066206620662066340e-01,9.573079020073224088e-01
2.067206720672067344e-01,9.572665637400823435e-01
2.068206820682068348e-01,9.572252054688417111e-01
2.069206920692069351e-01,9.571838271936004006e-01
2.070207020702070355e-01,9.571424289143586339e-01
2.071207120712071359e-01,9.571010106311160781e-01
2.072207220722072363e-01,9.570595723438730662e-01
2.073207320732073367e-01,9.570181140526293762e-01
2.074207420742074370e-01,9.569766357573851190e-01
2.075207520752075374e-01,9.569351374581402947e-01
2.076207620762076378e-01,9.568936191548947923e-01
2.077207720772077382e-01,9.568520808476487227e-01
2.078207820782078386e-01,9.568105225364020860e-01
2.079207920792079389e-01,9.567689442211547712e-01
2.080208020802080393e-01,9.567273459019068893e-01
2.081208120812081397e-01,9.566857275786584403e-01
2.082208220822082401e-01,9.566440892514094241e-01
2.083208320832083404e-01,9.566024309201597298e-01
2.084208420842084408e-01,9.565607525849094683e-01
2.085208520852085412e-01,9.565190542456585288e-01
2.086208620862086138e-01,9.564773359024071331e-01
2.087208720872087142e-01,9.564355975551550593e-01
2.088208820882088146e-01,9.563938392039024183e-01
2.089208920892089150e-01,9.563520608486490993e-01
2.090209020902090153e-01,9.563102624893952131e-01
2.091209120912091157e-01,9.562684441261407597e-01
2.092209220922092161e-01,9.562266057588857393e-01
2.093209320932093165e-01,9.561847473876300407e-01
2.094209420942094169e-01,9.561428690123737750e-01
2.095209520952095172e-01,9.561009706331169422e-01
2.096209620962096176e-01,9.560590522498594312e-01
2.097209720972097180e-01,9.560171138626013532e-01
2.098209820982098184e-01,9.559751554713427080e-01
2.099209920992099188e-01,9.559331770760834956e-01
2.100210021002100191e-01,9.558911786768236052e-01
2.101210121012101195e-01,9.558491602735631476e-01
2.102210221022102199e-01,9.558071218663020119e-01
2.103210321032103203e-01,9.557650634550404201e-01
2.104210421042104207e-01,9.557229850397781501e-01
2.105210521052105210e-01,9.556808866205152020e-01
2.106210621062106214e-01,9.556387681972517978e-01
2.107210721072107218e-01,9.555966297699877154e-01
2.108210821082108222e-01,9.555544713387230660e-01
2.109210921092109225e-01,9.555122929034577384e-01
2.110211021102110229e-01,9.554700944641918436e-01
2.111211121112111233e-01,9.554278760209253818e-01
2.112211221122112237e-01,9.553856375736583528e-01
2.113211321132113241e-01,9.553433791223906457e-01
2.114211421142114244e-01,9.553011006671223715e-01
2.115211521152115248e-01,9.552588022078535301e-01
2.116211621162116252e-01,9.552164837445841217e-01
2.117211721172117256e-01,9.551741452773140351e-01
2.118211821182118260e-01,9.551317868060433813e-01
2.119211921192119263e-01,9.550894083307720495e-01
2.120212021202120267e-01,9.550470098515001505e-01
2.121212121212121271e-01,9.550045913682276844e-01
2.122212221222122275e-01,9.549621528809546511e-01
2.123212321232123279e-01,9.549196943896809398e-01
2.124212421242124282e-01,9.548772158944067723e-01
2.125212521252125286e-01,9.548347173951318156e-01
2.126212621262126290e-01,9.547921988918564029e-01
2.127212721272127294e-01,9.547496603845803120e-01
2.128212821282128298e-01,9.547071018733036540e-01
2.129212921292129301e-01,9.546645233580263179e-01
2.130213021302130305e-01,9.546219248387485257e-01
2.131213121312131309e-01,9.545793063154700553e-01
2.132213221322132313e-01,9.545366677881909068e-01
2.133213321332133316e-01,9.544940092569113022e-01
2.134213421342134320e-01,9.544513307216310194e-01
2.135213521352135324e-01,9.544086321823501695e-01
2.136213621362136328e-01,9.543659136390686415e-01
2.137213721372137332e-01,9.543231750917866574e-01
2.138213821382138335e-01,9.542804165405038841e-01
2.139213921392139339e-01,9.542376379852206547e-01
2.140214021402140343e-01,9.541948394259367472e-01
2.141214121412141347e-01,9.541520208626522725e-01
2.142214221422142351e-01,9.541091822953672308e-01
2.143214321432143354e-01,9.540663237240816219e-01
2.144214421442144358e-01,9.540234451487953349e-01
2.145214521452145362e-01,9.539805465695084807e-01
2.146214621462146366e-01,9.539376279862209485e-01
2.147214721472147370e-01,9.538946893989328490e-01
2.148214821482148373e-01,9.538517308076441825e-01
2.149214921492149377e-01,9.538087522123549489e-01
2.150215021502150381e-01,9.537657536130650371e-01
2.151215121512151385e-01,9.537227350097745582e-01
2.152215221522152389e-01,9.536796964024835122e-01
2.153215321532153392e-01,9.536366377911918990e-01
2.154215421542154396e-01,9.535935591758996077e-01
2.155215521552155400e-01,9.535504605566067493e-01
2.156215621562156404e-01,9.535073419333132128e-01
2.157215721572157408e-01,9.534642033060192201e-01
2.158215821582158411e-01,9.534210446747244383e-01
2.159215921592159415e-01,9.533778660394292004e-01
2.160216021602160419e-01,9.533346674001333954e-01
2.161216121612161423e-01,9.532914487568369122e-01
2.162216221622162149e-01,9.532482101095398619e-01
2.163216321632163153e-01,9.532049514582421335e-01
2.164216421642164156e-01,9.531616728029438379e-01
2.165216521652165160e-01,9.531183741436449752e-01
2.166216621662166164e-01,9.530750554803455454e-01
2.167216721672167168e-01,9.530317168130454375e-01
2.168216821682168172e-01,9.529883581417447624e-01
2.169216921692169175e-01,9.529449794664435203e-01
2.170217021702170179e-01,9.529015807871415999e-01
2.171217121712171183e-01,9.528581621038391125e-01
2.172217221722172187e-01,9.528147234165360580e-01
2.173217321732173191e-01,9.527712647252324363e-01
2.174217421742174194e-01,9.527277860299281365e-01
2.175217521752175198e-01,9.526842873306232695e-01
2.176217621762176202e-01,9.526407686273177244e-01
2.177217721772177206e-01,9.525972299200117233e-01
2.178217821782178210e-01,9.525536712087050439e-01
2.179217921792179213e-01,9.525100924933977975e-01
2.180218021802180217e-01,9.524664937740898729e-01
2.181218121812181221e-01,9.524228750507813812e-01
2.182218221822182225e-01,9.523792363234723224e-01
2.183218321832183229e-01,9.523355775921626964e-01
2.184218421842184232e-01,9.522918988568523924e-01
2.185218521852185236e-01,9.522482001175415212e-01
2.186218621862186240e-01,9.522044813742300828e-01
2.187218721872187244e-01,9.521607426269179664e-01
2.188218821882188247e-01,9.521169838756052828e-01
2.189218921892189251e-01,9.520732051202920321e-01
2.190219021902190255e-01,9.520294063609781032e-01
2.191219121912191259e-01,9.519855875976636073e-01
2.192219221922192263e-01,9.519417488303485442e-01
2.193219321932193266e-01,9.518978900590329140e-01
2.194219421942194270e-01,9.518540112837166056e-01
2.195219521952195274e-01,9.518101125043997301e-01
2.196219621962196278e-01,9.517661937210822876e-01
2.197219721972197282e-01,9.517222549337641668e-01
2.198219821982198285e-01,9.516782961424454790e-01
2.199219921992199289e-01,9.516343173471262240e-01
2.200220022002200293e-01,9.515903185478064019e-01
2.201220122012201297e-01,9.515462997444859017e-01
2.202220222022202301e-01,9.515022609371648343e-01
2.203220322032203304e-01,9.514582021258430888e-01
2.204220422042204308e-01,9.514141233105208872e-01
2.205220522052205312e-01,9.513700244911980075e-01
2.206220622062206316e-01,9.513259056678745607e-01
2.207220722072207320e-01,9.512817668405504357e-01
2.208220822082208323e-01,9.512376080092257435e-01
2.209220922092209327e-01,9.511934291739004843e-01
2.210221022102210331e-01,9.511492303345746580e-01
2.211221122112211335e-01,9.511050114912481535e-01
2.212221222122212339e-01,9.510607726439210818e-01
2.213221322132213342e-01,9.510165137925933321e-01
2.214221422142214346e-01,9.509722349372651262e-01
2.215221522152215350e-01,9.509279360779362422e-01
2.216221622162216354e-01,9.508836172146067911e-01
2.217221722172217357e-01,9.508392783472766618e-01
2.218221822182218361e-01,9.507949194759459655e-01
2.219221922192219365e-01,9.507505406006147020e-01
2.220222022202220369e-01,9.507061417212828713e-01
2.221222122212221373e-01,9.506617228379503626e-01
2.222222222222222376e-01,9.506172839506172867e-01
2.223222322232223380e-01,9.505728250592836437e-01
2.224222422242224384e-01,9.505283461639493225e-01
2.225222522252225388e-01,9.504838472646144343e-01
2.226222622262226392e-01,9.504393283612789789e-01
2.227222722272227395e-01,9.503947894539428454e-01
2.228222822282228399e-01,9.503502305426062557e-01
2.229222922292229403e-01,9.503056516272689880e-01
2.230223022302230407e-01,9.502610527079310421e-01
2.231223122312231411e-01,9.502164337845925290e-01
2.232223222322232414e-01,9.501717948572534489e-01
2.233223322332233418e-01,9.501271359259138016e-01
2.234223422342234422e-01,9.500824569905735872e-01
2.235223522352235426e-01,9.500377580512326947e-01
2.236223622362236430e-01,9.499930391078912351e-01
2.237223722372237433e-01,9.499483001605490973e-01
2.238223822382238160e-01,9.499035412092063924e-01
2.239223922392239163e-01,9.498587622538631203e-01
2.240224022402240167e-01,9.498139632945192812e-01
2.241224122412241171e-01,9.497691443311747639e-01
2.242224222422242175e-01,9.497243053638296795e-01
2.243224322432243178e-01,9.496794463924840279e-01
2.244224422442244182e-01,9.496345674171378093e-01
2.245224522452245186e-01,9.495896684377909125e-01
2.246224622462246190e-01,9.495447494544433376e-01
2.247224722472247194e-01,9.494998104670953065e-01
2.248224822482248197e-01,9.494548514757465973e-01
2.249224922492249201e-01,9.494098724803973210e-01
2.250225022502250205e-01,9.493648734810474776e-01
2.251225122512251209e-01,9.493198544776969561e-01
2.252225222522252213e-01,9.492748154703458674e-01
2.253225322532253216e-01,9.492297564589942116e-01
2.254225422542254220e-01,9.491846774436419887e-01
2.255225522552255224e-01,9.491395784242890876e-01
2.256225622562256228e-01,9.490944594009356194e-01
2.257225722572257232e-01,9.490493203735814731e-01
2.258225822582258235e-01,9.490041613422268707e-01
2.259225922592259239e-01,9.489589823068715901e-01
2.260226022602260243e-01,9.489137832675156314e-01
2.261226122612261247e-01,9.488685642241592166e-01
2.262226222622262251e-01,9.488233251768021237e-01
2.263226322632263254e-01,9.487780661254444636e-01
2.264226422642264258e-01,9.487327870700861254e-01
2.265226522652265262e-01,9.486874880107272201e-01
2.266226622662266266e-01,9.486421689473677477e-01
2.267226722672267269e-01,9.485968298800077081e-01
2.268226822682268273e-01,9.485514708086469904e-01
2.269226922692269277e-01,9.485060917332857056e-01
2.270227022702270281e-01,9.484606926539238536e-01
2.271227122712271285e-01,9.484152735705613235e-01
2.272227222722272288e-01,9.483698344831983373e-01
2.273227322732273292e-01,9.483243753918345620e-01
2.274227422742274296e-01,9.482788962964703305e-01
2.275227522752275300e-01,9.482333971971054210e-01
2.276227622762276304e-01,9.481878780937399442e-01
2.277227722772277307e-01,9.481423389863739004e-01
2.278227822782278311e-01,9.480967798750071784e-01
2.279227922792279315e-01,9.480512007596398893e-01
2.280228022802280319e-01,9.480056016402720331e-01
2.281228122812281323e-01,9.479599825169036098e-01
2.282228222822282326e-01,9.479143433895345083e-01
2.283228322832283330e-01,9.478686842581647287e-01
2.284228422842284334e-01,9.478230051227944930e-01
2.285228522852285338e-01,9.477773059834235791e-01
2.286228622862286342e-01,9.477315868400520982e-01
2.287228722872287345e-01,9.476858476926800501e-01
2.288228822882288349e-01,9.476400885413073238e-01
2.289228922892289353e-01,9.475943093859340305e-01
2.290229022902290357e-01,9.475485102265601700e-01
2.291229122912291361e-01,9.475026910631857424e-01
2.292229222922292364e-01,9.474568518958106367e-01
2.293229322932293368e-01,9.474109927244349638e-01
2.294229422942294372e-01,9.473651135490586128e-01
2.295229522952295376e-01,9.473192143696818057e-01
2.296229622962296379e-01,9.472732951863043205e-01
2.297229722972297383e-01,9.472273559989262681e-01
2.298229822982298387e-01,9.471813968075475376e-01
2.299229922992299391e-01,9.471354176121682400e-01
2.300230023002300395e-01,9.470894184127883753e-01
2.301230123012301398e-01,9.470433992094078324e-01
2.302230223022302402e-01,9.469973600020268334e-01
2.303230323032303406e-01,9.469513007906451563e-01
2.304230423042304410e-01,9.469052215752628010e-01
2.305230523052305414e-01,9.468591223558799896e-01
2.306230623062306417e-01,9.468130031324965001e-01
2.307230723072307421e-01,9.467668639051123325e-01
2.308230823082308425e-01,9.467207046737277087e-01
2.309230923092309429e-01,9.466745254383424069e-01
2.310231023102310433e-01,9.466283261989565379e-01
2.311231123112311436e-01,9.465821069555699907e-01
2.312231223122312440e-01,9.465358677081829875e-01
2.313231323132313444e-01,9.464896084567953061e-01
2.314231423142314170e-01,9.464433292014069465e-01
2.315231523152315174e-01,9.463970299420181309e-01
2.316231623162316178e-01,9.463507106786286371e-01
2.317231723172317182e-01,9.463043714112385763e-01
2.318231823182318185e-01,9.462580121398478372e-01
2.319231923192319189e-01,9.462116328644565311e-01
2.320232023202320193e-01,9.461652335850646578e-01
2.321232123212321197e-01,9.461188143016722174e-01
2.322232223222322200e-01,9.460723750142790989e-01
2.323232323232323204e-01,9.460259157228854132e-01
2.324232423242324208e-01,9.459794364274911604e-01
2.325232523252325212e-01,9.459329371280962295e-01
2.326232623262326216e-01,9.458864178247007315e-01
2.327232723272327219e-01,9.458398785173046663e-01
2.328232823282328223e-01,9.457933192059080341e-01
2.329232923292329227e-01,9.457467398905107236e-01
2.330233023302330231e-01,9.457001405711128461e-01
2.331233123312331235e-01,9.456535212477142904e-01
2.332233223322332238e-01,9.456068819203152787e-01
2.333233323332333242e-01,9.455602225889155887e-01
2.334233423342334246e-01,9.455135432535152207e-01
2.335233523352335250e-01,9.454668439141143965e-01
2.336233623362336254e-01,9.454201245707128942e-01
2.337233723372337257e-01,9.453733852233108248e-01
2.338233823382338261e-01,9.453266258719080772e-01
2.339233923392339265e-01,9.452798465165048736e-01
2.340234023402340269e-01,9.452330471571009918e-01
2.341234123412341273e-01,9.451862277936964318e-01
2.342234223422342276e-01,9.451393884262914158e-01
2.343234323432343280e-01,9.450925290548857216e-01
2.344234423442344284e-01,9.450456496794793493e-01
2.345234523452345288e-01,9.449987503000725209e-01
2.346234623462346292e-01,9.449518309166650143e-01
2.347234723472347295e-01,9.449048915292569406e-01
2.348234823482348299e-01,9.448579321378482998e-01
2.349234923492349303e-01,9.448109527424389809e-01
2.350235023502350307e-01,9.447639533430290948e-01
2.351235123512351310e-01,9.447169339396185306e-01
2.352235223522352314e-01,9.446698945322075103e-01
2.353235323532353318e-01,9.446228351207958118e-01
2.354235423542354322e-01,9.445757557053835463e-01
2.355235523552355326e-01,9.445286562859706025e-01
2.356235623562356329e-01,9.444815368625570917e-01
2.357235723572357333e-01,9.444343974351430138e-01
2.358235823582358337e-01,9.443872380037283687e-01
2.359235923592359341e-01,9.443400585683130455e-01
2.360236023602360345e-01,9.442928591288971552e-01
2.361236123612361348e-01,9.442456396854806977e-01
2.362236223622362352e-01,9.441984002380635621e-01
2.363236323632363356e-01,9.441511407866458594e-01
2.364236423642364360e-01,9.441038613312275896e-01
2.365236523652365364e-01,9.440565618718087526e-01
2.366236623662366367e-01,9.440092424083892375e-01
2.367236723672367371e-01,9.439619029409691553e-01
2.368236823682368375e-01,9.439145434695485060e-01
2.369236923692369379e-01,9.438671639941271785e-01
2.370237023702370383e-01,9.438197645147052839e-01
2.371237123712371386e-01,9.437723450312828222e-01
2.372237223722372390e-01,9.437249055438596823e-01
2.373237323732373394e-01,9.436774460524359753e-01
2.374237423742374398e-01,9.436299665570117012e-01
2.375237523752375401e-01,9.435824670575868600e-01
2.376237623762376405e-01,9.435349475541613407e-01
2.377237723772377409e-01,9.434874080467352542e-01
2.378237823782378413e-01,9.434398485353086006e-01
2.379237923792379417e-01,9.433922690198812688e-01
2.380238023802380420e-01,9.433446695004533700e-01
2.381238123812381424e-01,9.432970499770249040e-01
2.382238223822382428e-01,9.432494104495957599e-01
2.383238323832383432e-01,9.432017509181661596e-01
2.384238423842384436e-01,9.431540713827357703e-01
2.385238523852385439e-01,9.431063718433049248e-01
2.386238623862386443e-01,9.430586522998734011e-01
2.387238723872387447e-01,9.430109127524413104e-01
2.388238823882388451e-01,9.429631532010086525e-01
2.389238923892389455e-01,9.429153736455753165e-01
2.390239023902390181e-01,9.428675740861415244e-01
2.391239123912391185e-01,9.428197545227070542e-01
2.392239223922392188e-01,9.427719149552719058e-01
2.393239323932393192e-01,9.427240553838361903e-01
2.394239423942394196e-01,9.426761758083999077e-01
2.395239523952395200e-01,9.426282762289630579e-01
2.396239623962396204e-01,9.425803566455255300e-01
2.397239723972397207e-01,9.425324170580874350e-01
2.398239823982398211e-01,9.424844574666487729e-01
2.399239923992399215e-01,9.424364778712094326e-01
2.400240024002400219e-01,9.423884782717695252e-01
2.401240124012401222e-01,9.423404586683290507e-01
2.402240224022402226e-01,9.422924190608880091e-01
2.403240324032403230e-01,9.422443594494462893e-01
2.404240424042404234e-01,9.421962798340040024e-01
2.405240524052405238e-01,9.421481802145611484e-01
2.406240624062406241e-01,9.421000605911176162e-01
2.407240724072407245e-01,9.420519209636735170e-01
2.408240824082408249e-01,9.420037613322288506e-01
2.409240924092409253e-01,9.419555816967835060e-01
2.410241024102410257e-01,9.419073820573375944e-01
2.411241124112411260e-01,9.418591624138911156e-01
2.412241224122412264e-01,9.418109227664440697e-01
2.413241324132413268e-01,9.417626631149963456e-01
2.414241424142414272e-01,9.417143834595480545e-01
2.415241524152415276e-01,9.416660838000991962e-01
2.416241624162416279e-01,9.416177641366496598e-01
2.417241724172417283e-01,9.415694244691995562e-01
2.418241824182418287e-01,9.415210647977488856e-01
2.419241924192419291e-01,9.414726851222976478e-01
2.420242024202420295e-01,9.414242854428457319e-01
2.421242124212421298e-01,9.413758657593932488e-01
2.422242224222422302e-01,9.413274260719400877e-01
2.423242324232423306e-01,9.412789663804864704e-01
2.424242424242424310e-01,9.412304866850321750e-01
2.425242524252425314e-01,9.411819869855772014e-01
2.426242624262426317e-01,9.411334672821217717e-01
2.427242724272427321e-01,9.410849275746656639e-01
2.428242824282428325e-01,9.410363678632089890e-01
2.429242924292429329e-01,9.409877881477516359e-01
2.430243024302430332e-01,9.409391884282938268e-01
2.431243124312431336e-01,9.408905687048352284e-01
2.432243224322432340e-01,9.408419289773761740e-01
2.433243324332433344e-01,9.407932692459164414e-01
2.434243424342434348e-01,9.407445895104561417e-01
2.435243524352435351e-01,9.406958897709952749e-01
2.436243624362436355e-01,9.406471700275338410e-01
2.437243724372437359e-01,9.405984302800717289e-01
2.438243824382438363e-01,9.405496705286090497e-01
2.439243924392439367e-01,9.405008907731456924e-01
2.440244024402440370e-01,9.404520910136817680e-01
2.441244124412441374e-01,9.404032712502172764e-01
2.442244224422442378e-01,9.403544314827522177e-01
2.443244324432443382e-01,9.403055717112864809e-01
2.444244424442444386e-01,9.402566919358202879e-01
2.445244524452445389e-01,9.402077921563533058e-01
2.446244624462446393e-01,9.401588723728858676e-01
2.447244724472447397e-01,9.401099325854177513e-01
2.448244824482448401e-01,9.400609727939490678e-01
2.449244924492449405e-01,9.400119929984797063e-01
2.450245024502450408e-01,9.399629931990098886e-01
2.451245124512451412e-01,9.399139733955393927e-01
2.452245224522452416e-01,9.398649335880682187e-01
2.453245324532453420e-01,9.398158737765965887e-01
2.454245424542454423e-01,9.397667939611242804e-01
2.455245524552455427e-01,9.397176941416514051e-01
2.456245624562456431e-01,9.396685743181778516e-01
2.457245724572457435e-01,9.396194344907038420e-01
2.458245824582458439e-01,9.395702746592290433e-01
2.459245924592459442e-01,9.395210948237537885e-01
2.460246024602460446e-01,9.394718949842778555e-01
2.461246124612461450e-01,9.394226751408013554e-01
2.462246224622462454e-01,9.393734352933242882e-01
2.463246324632463458e-01,9.393241754418466538e-01
2.464246424642464461e-01,9.392748955863683413e-01
2.465246524652465465e-01,9.392255957268894617e-01
2.466246624662466191e-01,9.391762758634099040e-01
2.467246724672467195e-01,9.391269359959297791e-01
2.468246824682468199e-01,9.390775761244490871e-01
2.469246924692469203e-01,9.390281962489678280e-01
2.470247024702470207e-01,9.389787963694858908e-01
2.471247124712471210e-01,9.389293764860033864e-01
2.472247224722472214e-01,9.388799365985203149e-01
2.473247324732473218e-01,9.388304767070366763e-01
2.474247424742474222e-01,9.387809968115523596e-01
2.475247524752475226e-01,9.387314969120674757e-01
2.476247624762476229e-01,9.386819770085819137e-01
2.477247724772477233e-01,9.386324371010958956e-01
2.478247824782478237e-01,9.385828771896091993e-01
2.479247924792479241e-01,9.385332972741218249e-01
2.480248024802480244e-01,9.384836973546339944e-01
2.481248124812481248e-01,9.384340774311454858e-01
2.482248224822482252e-01,9.383844375036562990e-01
2.483248324832483256e-01,9.383347775721666562e-01
2.484248424842484260e-01,9.382850976366763351e-01
2.485248524852485263e-01,9.382353976971854470e-01
2.486248624862486267e-01,9.381856777536939918e-01
2.487248724872487271e-01,9.381359378062018584e-01
2.488248824882488275e-01,9.380861778547091578e-01
2.489248924892489279e-01,9.380363978992158902e-01
2.490249024902490282e-01,9.379865979397219444e-01
2.491249124912491286e-01,9.379367779762274315e-01
2.492249224922492290e-01,9.378869380087323515e-01
2.493249324932493294e-01,9.378370780372367044e-01
2.494249424942494298e-01,9.377871980617403791e-01
2.495249524952495301e-01,9.377372980822434867e-01
2.496249624962496305e-01,9.376873780987459162e-01
2.497249724972497309e-01,9.376374381112478895e-01
2.498249824982498313e-01,9.375874781197491847e-01
2.499249924992499317e-01,9.375374981242499128e-01
2.500250025002500598e-01,9.374874981247499628e-01
2.501250125012501324e-01,9.374374781212494456e-01
2.502250225022502605e-01,9.373874381137483613e-01
2.503250325032503332e-01,9.373373781022467099e-01
2.504250425042504058e-01,9.372872980867443804e-01
2.505250525052505339e-01,9.372371980672414837e-01
2.506250625062506066e-01,9.371870780437380200e-01
2.507250725072507347e-01,9.371369380162338780e-01
2.508250825082508073e-01,9.370867779847291690e-01
2.509250925092509354e-01,9.370365979492238928e-01
2.510251025102510081e-01,9.369863979097179385e-01
2.511251125112511362e-01,9.369361778662114171e-01
2.512251225122512088e-01,9.368859378187043285e-01
2.513251325132513370e-01,9.368356777671966729e-01
2.514251425142514096e-01,9.367853977116883391e-01
2.515251525152515377e-01,9.367350976521794381e-01
2.516251625162516103e-01,9.366847775886699701e-01
2.517251725172517385e-01,9.366344375211598239e-01
2.518251825182518111e-01,9.365840774496492216e-01
2.519251925192519392e-01,9.365336973741378301e-01
2.520252025202520119e-01,9.364832972946259826e-01
2.521252125212521400e-01,9.364328772111134569e-01
2.522252225222522126e-01,9.363824371236003641e-01
2.523252325232523408e-01,9.363319770320865931e-01
2.524252425242524134e-01,9.362814969365723661e-01
2.525252525252525415e-01,9.362309968370574609e-01
2.526252625262526141e-01,9.361804767335419886e-01
2.527252725272527423e-01,9.361299366260258381e-01
2.528252825282528149e-01,9.360793765145091205e-01
2.529252925292529430e-01,9.360287963989918358e-01
2.530253025302530157e-01,9.359781962794739840e-01
2.531253125312531438e-01,9.359275761559554541e-01
2.532253225322532164e-01,9.358769360284363570e-01
2.533253325332533445e-01,9.358262758969165818e-01
2.534253425342534172e-01,9.357755957613963504e-01
2.535253525352535453e-01,9.357248956218754410e-01
2.536253625362536179e-01,9.356741754783539644e-01
2.537253725372537461e-01,9.356234353308318097e-01
2.538253825382538187e-01,9.355726751793090878e-01
2.539253925392539468e-01,9.355218950237857989e-01
2.540254025402540194e-01,9.354710948642619428e-01
2.541254125412541476e-01,9.354202747007374086e-01
2.542254225422542202e-01,9.353694345332123072e-01
2.543254325432543483e-01,9.353185743616865278e-01
2.544254425442544210e-01,9.352676941861602922e-01
2.545254525452545491e-01,9.352167940066333784e-01
2.546254625462546217e-01,9.351658738231058976e-01
2.547254725472547499e-01,9.351149336355777386e-01
2.548254825482548225e-01,9.350639734440491235e-01
2.549254925492549506e-01,9.350129932485197193e-01
2.550255025502550232e-01,9.349619930489898589e-01
2.551255125512551514e-01,9.349109728454593204e-01
2.552255225522552240e-01,9.348599326379282148e-01
2.553255325532553521e-01,9.348088724263965421e-01
2.554255425542554248e-01,9.347577922108643023e-01
2.555255525552555529e-01,9.347066919913313843e-01
2.556255625562556255e-01,9.346555717677977881e-01
2.557255725572557536e-01,9.346044315402637359e-01
2.558255825582558263e-01,9.345532713087290055e-01
2.559255925592559544e-01,9.345020910731937080e-01
2.560256025602560270e-01,9.344508908336578434e-01
2.561256125612561552e-01,9.343996705901213007e-01
2.562256225622562278e-01,9.343484303425841908e-01
2.563256325632563559e-01,9.342971700910465138e-01
2.564256425642564285e-01,9.342458898355081587e-01
2.565256525652565567e-01,9.341945895759692364e-01
2.566256625662566293e-01,9.341432693124297471e-01
2.567256725672567574e-01,9.340919290448896906e-01
2.568256825682568301e-01,9.340405687733489559e-01
2.569256925692569582e-01,9.339891884978076542e-01
2.570257025702570308e-01,9.339377882182657853e-01
2.571257125712571590e-01,9.338863679347232383e-01
2.572257225722572316e-01,9.338349276471801241e-01
2.573257325732573597e-01,9.337834673556364429e-01
2.574257425742574323e-01,9.337319870600921945e-01
2.575257525752575605e-01,9.336804867605472680e-01
2.576257625762576331e-01,9.336289664570017743e-01
2.577257725772577612e-01,9.335774261494556026e-01
2.578257825782578339e-01,9.335258658379088637e-01
2.579257925792579065e-01,9.334742855223616687e-01
2.580258025802580346e-01,9.334226852028136845e-01
2.581258125812581072e-01,9.333710648792652442e-01
2.582258225822582354e-01,9.333194245517161258e-01
2.583258325832583080e-01,9.332677642201664403e-01
2.584258425842584361e-01,9.332160838846160766e-01
2.585258525852585088e-01,9.331643835450651459e-01
2.586258625862586369e-01,9.331126632015136479e-01
2.587258725872587095e-01,9.330609228539615829e-01
2.588258825882588376e-01,9.330091625024088398e-01
2.589258925892589103e-01,9.329573821468555295e-01
2.590259025902590384e-01,9.329055817873016521e-01
2.591259125912591110e-01,9.328537614237470965e-01
2.592259225922592392e-01,9.328019210561919738e-01
2.593259325932593118e-01,9.327500606846362841e-01
2.594259425942594399e-01,9.326981803090800272e-01
2.595259525952595125e-01,9.326462799295230921e-01
2.596259625962596407e-01,9.325943595459655899e-01
2.597259725972597133e-01,9.325424191584075206e-01
2.598259825982598414e-01,9.324904587668487732e-01
2.599259925992599141e-01,9.324384783712894587e-01
2.600260026002600422e-01,9.323864779717295770e-01
2.601260126012601148e-01,9.323344575681690172e-01
2.602260226022602430e-01,9.322824171606078902e-01
2.603260326032603156e-01,9.322303567490461962e-01
2.604260426042604437e-01,9.321782763334839350e-01
2.605260526052605163e-01,9.321261759139209957e-01
2.606260626062606445e-01,9.320740554903574893e-01
2.607260726072607171e-01,9.320219150627934157e-01
2.608260826082608452e-01,9.319697546312286640e-01
2.609260926092609179e-01,9.319175741956633452e-01
2.610261026102610460e-01,9.318653737560974593e-01
2.611261126112611186e-01,9.318131533125310062e-01
2.612261226122612467e-01,9.317609128649638750e-01
2.613261326132613194e-01,9.317086524133961767e-01
2.614261426142614475e-01,9.316563719578278002e-01
2.615261526152615201e-01,9.316040714982589677e-01
2.616261626162616483e-01,9.315517510346894570e-01
2.617261726172617209e-01,9.314994105671192681e-01
2.618261826182618490e-01,9.314470500955486232e-01
2.619261926192619216e-01,9.313946696199773001e-01
2.620262026202620498e-01,9.313422691404054099e-01
2.621262126212621224e-01,9.312898486568328416e-01
2.622262226222622505e-01,9.312374081692598171e-01
2.623262326232623232e-01,9.311849476776861145e-01
2.624262426242624513e-01,9.311324671821117338e-01
2.625262526252625239e-01,9.310799666825368970e-01
2.626262626262626521e-01,9.310274461789612710e-01
2.627262726272627247e-01,9.309749056713851889e-01
2.628262826282628528e-01,9.309223451598085397e-01
2.629262926292629254e-01,9.308697646442312124e-01
2.630263026302630536e-01,9.308171641246533179e-01
2.631263126312631262e-01,9.307645436010747453e-01
2.632263226322632543e-01,9.307119030734956056e-01
2.633263326332633270e-01,9.306592425419160097e-01
2.634263426342634551e-01,9.306065620063356247e-01
2.635263526352635277e-01,9.305538614667547836e-01
2.636263626362636558e-01,9.305011409231731534e-01
2.637263726372637285e-01,9.304484003755910670e-01
2.638263826382638566e-01,9.303956398240084136e-01
2.639263926392639292e-01,9.303428592684250820e-01
2.640264026402640574e-01,9.302900587088411832e-01
2.641264126412641300e-01,9.302372381452566064e-01
2.642264226422642581e-01,9.301843975776715734e-01
2.643264326432643307e-01,9.301315370060858623e-01
2.644264426442644589e-01,9.300786564304994730e-01
2.645264526452645315e-01,9.300257558509126277e-01
2.646264626462646596e-01,9.299728352673251042e-01
2.647264726472647323e-01,9.299198946797370136e-01
2.648264826482648604e-01,9.298669340881482448e-01
2.649264926492649330e-01,9.298139534925590199e-01
2.650265026502650612e-01,9.297609528929690059e-01
2.651265126512651338e-01,9.297079322893785358e-01
2.652265226522652619e-01,9.296548916817873875e-01
2.653265326532653345e-01,9.296018310701956722e-01
2.654265426542654627e-01,9.295487504546033897e-01
2.655265526552655353e-01,9.294956498350105401e-01
2.656265626562656079e-01,9.294425292114170123e-01
2.657265726572657361e-01,9.293893885838229174e-01
2.658265826582658087e-01,9.293362279522281444e-01
2.659265926592659368e-01,9.292830473166328042e-01
2.660266026602660094e-01,9.292298466770370080e-01
2.661266126612661376e-01,9.291766260334404226e-01
2.662266226622662102e-01,9.291233853858433811e-01
2.663266326632663383e-01,9.290701247342455504e-01
2.664266426642664110e-01,9.290168440786472637e-01
2.665266526652665391e-01,9.289635434190484098e-01
2.666266626662666117e-01,9.289102227554488778e-01
2.667266726672667398e-01,9.288568820878487786e-01
2.668266826682668125e-01,9.288035214162480013e-01
2.669266926692669406e-01,9.287501407406466569e-01
2.670267026702670132e-01,9.286967400610448564e-01
2.671267126712671414e-01,9.286433193774422667e-01
2.672267226722672140e-01,9.285898786898392210e-01
2.673267326732673421e-01,9.285364179982354971e-01
2.674267426742674147e-01,9.284829373026312060e-01
2.675267526752675429e-01,9.284294366030262369e-01
2.676267626762676155e-01,9.283759158994207006e-01
2.677267726772677436e-01,9.283223751918145972e-01
2.678267826782678163e-01,9.282688144802079266e-01
2.679267926792679444e-01,9.282152337646005780e-01
2.680268026802680170e-01,9.281616330449926622e-01
2.681268126812681452e-01,9.281080123213841793e-01
2.682268226822682178e-01,9.280543715937750182e-01
2.683268326832683459e-01,9.280007108621652900e-01
2.684268426842684185e-01,9.279470301265549947e-01
2.685268526852685467e-01,9.278933293869441323e-01
2.686268626862686193e-01,9.278396086433325918e-01
2.687268726872687474e-01,9.277858678957204841e-01
2.688268826882688201e-01,9.277321071441078093e-01
2.689268926892689482e-01,9.276783263884944564e-01
2.690269026902690208e-01,9.276245256288805363e-01
2.691269126912691489e-01,9.275707048652659381e-01
2.692269226922692216e-01,9.275168640976508838e-01
2.693269326932693497e-01,9.274630033260351514e-01
2.694269426942694223e-01,9.274091225504188518e-01
2.695269526952695505e-01,9.273552217708018741e-01
2.696269626962696231e-01,9.273013009871844403e-01
2.697269726972697512e-01,9.272473601995663284e-01
2.698269826982698238e-01,9.271933994079475383e-01
2.699269926992699520e-01,9.271394186123282921e-01
2.700270027002700246e-01,9.270854178127083678e-01
2.701270127012701527e-01,9.270313970090878763e-01
2.702270227022702254e-01,9.269773562014667068e-01
2.703270327032703535e-01,9.269232953898449701e-01
2.704270427042704261e-01,9.268692145742226662e-01
2.705270527052705543e-01,9.268151137545997953e-01
2.706270627062706269e-01,9.267609929309762462e-01
2.707270727072707550e-01,9.267068521033521300e-01
2.708270827082708276e-01,9.266526912717274467e-01
2.709270927092709558e-01,9.265985104361020852e-01
2.710271027102710284e-01,9.265443095964761566e-01
2.711271127112711565e-01,9.264900887528496609e-01
2.712271227122712292e-01,9.264358479052225981e-01
2.713271327132713573e-01,9.263815870535948571e-01
2.714271427142714299e-01,9.263273061979665490e-01
2.715271527152715580e-01,9.262730053383375628e-01
2.716271627162716307e-01,9.262186844747081205e-01
2.717271727172717588e-01,9.261643436070780000e-01
2.718271827182718314e-01,9.261099827354473124e-01
2.719271927192719596e-01,9.260556018598159467e-01
2.720272027202720322e-01,9.260012009801840138e-01
2.721272127212721603e-01,9.259467800965515139e-01
2.722272227222722329e-01,9.258923392089184468e-01
2.723272327232723611e-01,9.258378783172847015e-01
2.724272427242724337e-01,9.257833974216503892e-01
2.725272527252725618e-01,9.257288965220153987e-01
2.726272627262726345e-01,9.256743756183799521e-01
2.727272727272727626e-01,9.256198347107438273e-01
2.728272827282728352e-01,9.255652737991071355e-01
2.729272927292729634e-01,9.255106928834697655e-01
2.730273027302730360e-01,9.254560919638318284e-01
2.731273127312731086e-01,9.254014710401933241e-01
2.732273227322732367e-01,9.253468301125542528e-01
2.733273327332733094e-01,9.252921691809145033e-01
2.734273427342734375e-01,9.252374882452741867e-01
2.735273527352735101e-01,9.251827873056333029e-01
2.736273627362736383e-01,9.251280663619917410e-01
2.737273727372737109e-01,9.250733254143496120e-01
2.738273827382738390e-01,9.250185644627069159e-01
2.739273927392739116e-01,9.249637835070635417e-01
2.740274027402740398e-01,9.249089825474197113e-01
2.741274127412741124e-01,9.248541615837750918e-01
2.742274227422742405e-01,9.247993206161300161e-01
2.743274327432743132e-01,9.247444596444842624e-01
2.744274427442744413e-01,9.246895786688379415e-01
2.745274527452745139e-01,9.246346776891910535e-01
2.746274627462746420e-01,9.245797567055434873e-01
2.747274727472747147e-01,9.245248157178954651e-01
2.748274827482748428e-01,9.244698547262466537e-01
2.749274927492749154e-01,9.244148737305973862e-01
2.750275027502750436e-01,9.243598727309474405e-01
2.751275127512751162e-01,9.243048517272969278e-01
2.752275227522752443e-01,9.242498107196458479e-01
2.753275327532753169e-01,9.241947497079940899e-01
2.754275427542754451e-01,9.241396686923417647e-01
2.755275527552755177e-01,9.240845676726888724e-01
2.756275627562756458e-01,9.240294466490353020e-01
2.757275727572757185e-01,9.239743056213811645e-01
2.758275827582758466e-01,9.239191445897264598e-01
2.759275927592759192e-01,9.238639635540711881e-01
2.760276027602760474e-01,9.238087625144152382e-01
2.761276127612761200e-01,9.237535414707587211e-01
2.762276227622762481e-01,9.236983004231016370e-01
2.763276327632763207e-01,9.236430393714438747e-01
2.764276427642764489e-01,9.235877583157855453e-01
2.765276527652765215e-01,9.235324572561266487e-01
2.766276627662766496e-01,9.234771361924670741e-01
2.767276727672767223e-01,9.234217951248070433e-01
2.768276827682768504e-01,9.233664340531462233e-01
2.769276927692769230e-01,9.233110529774849473e-01
2.770277027702770511e-01,9.232556518978229931e-01
2.771277127712771238e-01,9.232002308141604718e-01
2.772277227722772519e-01,9.231447897264973834e-01
2.773277327732773245e-01,9.230893286348337279e-01
2.774277427742774527e-01,9.230338475391692832e-01
2.775277527752775253e-01,9.229783464395044934e-01
2.776277627762776534e-01,9.229228253358389145e-01
2.777277727772777260e-01,9.228672842281727684e-01
2.778277827782778542e-01,9.228117231165060552e-01
2.779277927792779268e-01,9.227561420008387749e-01
2.780278027802780549e-01,9.227005408811708165e-01
2.781278127812781276e-01,9.226449197575022909e-01
2.782278227822782557e-01,9.225892786298331982e-01
2.783278327832783283e-01,9.225336174981634274e-01
2.784278427842784565e-01,9.224779363624930895e-01
2.785278527852785291e-01,9.224222352228221844e-01
2.786278627862786572e-01,9.223665140791507122e-01
2.787278727872787298e-01,9.223107729314785619e-01
2.788278827882788580e-01,9.222550117798058444e-01
2.789278927892789306e-01,9.221992306241325599e-01
2.790279027902790587e-01,9.221434294644585972e-01
2.791279127912791314e-01,9.220876083007840673e-01
2.792279227922792595e-01,9.220317671331089704e-01
2.793279327932793321e-01,9.219759059614331953e-01
2.794279427942794602e-01,9.219200247857568531e-01
2.795279527952795329e-01,9.218641236060799438e-01
2.796279627962796610e-01,9.218082024224024673e-01
2.797279727972797336e-01,9.217522612347243127e-01
2.798279827982798618e-01,9.216963000430455910e-01
2.799279927992799344e-01,9.216403188473663022e-01
2.800280028002800625e-01,9.215843176476863352e-01
2.801280128012801351e-01,9.215282964440058011e-01
2.802280228022802633e-01,9.214722552363246999e-01
2.803280328032803359e-01,9.214161940246430316e-01
2.804280428042804640e-01,9.213601128089606851e-01
2.805280528052805367e-01,9.213040115892777715e-01
2.806280628062806648e-01,9.212478903655941798e-01
2.807280728072807374e-01,9.211917491379101319e-01
2.808280828082808100e-01,9.211355879062254060e-01
2.809280928092809382e-01,9.210794066705400018e-01
2.810281028102810108e-01,9.210232054308541416e-01
2.811281128112811389e-01,9.209669841871676033e-01
2.812281228122812116e-01,9.209107429394804978e-01
2.813281328132813397e-01,9.208544816877927142e-01
2.814281428142814123e-01,9.207982004321044744e-01
2.815281528152815405e-01,9.207418991724154456e-01
2.816281628162816131e-01,9.206855779087259606e-01
2.817281728172817412e-01,9.206292366410357975e-01
2.818281828182818138e-01,9.205728753693451782e-01
2.819281928192819420e-01,9.205164940936537699e-01
2.820282028202820146e-01,9.204600928139619054e-01
2.821282128212821427e-01,9.204036715302693628e-01
2.822282228222822154e-01,9.203472302425762530e-01
2.823282328232823435e-01,9.202907689508824651e-01
2.824282428242824161e-01,9.202342876551881101e-01
2.825282528252825442e-01,9.201777863554931880e-01
2.826282628262826169e-01,9.201212650517976988e-01
2.827282728272827450e-01,9.200647237441015314e-01
2.828282828282828176e-01,9.200081624324049079e-01
2.829282928292829458e-01,9.199515811167074952e-01
2.830283028302830184e-01,9.198949797970096265e-01
2.831283128312831465e-01,9.198383584733110796e-01
2.832283228322832191e-01,9.197817171456119656e-01
2.833283328332833473e-01,9.197250558139121734e-01
2.834283428342834199e-01,9.196683744782119252e-01
2.835283528352835480e-01,9.196116731385109988e-01
2.836283628362836207e-01,9.195549517948093943e-01
2.837283728372837488e-01,9.194982104471073336e-01
2.838283828382838214e-01,9.194414490954045949e-01
2.839283928392839496e-01,9.193846677397012890e-01
2.840284028402840222e-01,9.193278663799973049e-01
2.841284128412841503e-01,9.192710450162927538e-01
2.842284228422842229e-01,9.192142036485877465e-01
2.843284328432843511e-01,9.191573422768819501e-01
2.844284428442844237e-01,9.191004609011755866e-01
2.845284528452845518e-01,9.190435595214686559e-01
2.846284628462846245e-01,9.189866381377611582e-01
2.847284728472847526e-01,9.189296967500529822e-01
2.848284828482848252e-01,9.188727353583443502e-01
2.849284928492849533e-01,9.188157539626349291e-01
2.850285028502850260e-01,9.187587525629250518e-01
2.851285128512851541e-01,9.187017311592144964e-01
2.852285228522852267e-01,9.186446897515033738e-01
2.853285328532853549e-01,9.185876283397916842e-01
2.854285428542854275e-01,9.185305469240793164e-01
2.855285528552855556e-01,9.184734455043663814e-01
2.856285628562856282e-01,9.184163240806528794e-01
2.857285728572857564e-01,9.183591826529386992e-01
2.858285828582858290e-01,9.183020212212240629e-01
2.859285928592859571e-01,9.182448397855087485e-01
2.860286028602860298e-01,9.181876383457927560e-01
2.861286128612861579e-01,9.181304169020761963e-01
2.862286228622862305e-01,9.180731754543590695e-01
2.863286328632863587e-01,9.180159140026413755e-01
2.864286428642864313e-01,9.179586325469231145e-01
2.865286528652865594e-01,9.179013310872040643e-01
2.866286628662866320e-01,9.178440096234845580e-01
2.867286728672867602e-01,9.177866681557644846e-01
2.868286828682868328e-01,9.177293066840437330e-01
2.869286928692869609e-01,9.176719252083224143e-01
2.870287028702870336e-01,9.176145237286005285e-01
2.871287128712871617e-01,9.175571022448779646e-01
2.872287228722872343e-01,9.174996607571548335e-01
2.873287328732873624e-01,9.174421992654311353e-01
2.874287428742874351e-01,9.173847177697067590e-01
2.875287528752875632e-01,9.173272162699818155e-01
2.876287628762876358e-01,9.172696947662563050e-01
2.877287728772877640e-01,9.172121532585301162e-01
2.878287828782878366e-01,9.171545917468034714e-01
2.879287928792879647e-01,9.170970102310760375e-01
2.880288028802880373e-01,9.170394087113481474e-01
2.881288128812881655e-01,9.169817871876195792e-01
2.882288228822882381e-01,9.169241456598905549e-01
2.883288328832883107e-01,9.168664841281608524e-01
2.884288428842884389e-01,9.168088025924304718e-01
2.885288528852885115e-01,9.167511010526995241e-01
2.886288628862886396e-01,9.166933795089680093e-01
2.887288728872887122e-01,9.166356379612359273e-01
2.888288828882888404e-01,9.165778764095031672e-01
2.889288928892889130e-01,9.165200948537698400e-01
2.890289028902890411e-01,9.164622932940358346e-01
2.891289128912891138e-01,9.164044717303013732e-01
2.892289228922892419e-01,9.163466301625662336e-01
2.893289328932893145e-01,9.162887685908305269e-01
2.894289428942894427e-01,9.162308870150941420e-01
2.895289528952895153e-01,9.161729854353571900e-01
2.896289628962896434e-01,9.161150638516196709e-01
2.897289728972897160e-01,9.160571222638815847e-01
2.898289828982898442e-01,9.159991606721428203e-01
2.899289928992899168e-01,9.159411790764034889e-01
2.900290029002900449e-01,9.158831774766635903e-01
2.901290129012901176e-01,9.158251558729230135e-01
2.902290229022902457e-01,9.157671142651818696e-01
2.903290329032903183e-01,9.157090526534401587e-01
2.904290429042904464e-01,9.156509710376978806e-01
2.905290529052905191e-01,9.155928694179549243e-01
2.906290629062906472e-01,9.155347477942114010e-01
2.907290729072907198e-01,9.154766061664671994e-01
2.908290829082908480e-01,9.154184445347224308e-01
2.909290929092909206e-01,9.153602628989772061e-01
2.910291029102910487e-01,9.153020612592311922e-01
2.911291129112911213e-01,9.152438396154847222e-01
2.912291229122912495e-01,9.151855979677375741e-01
2.913291329132913221e-01,9.151273363159898588e-01
2.914291429142914502e-01,9.150690546602414654e-01
2.915291529152915229e-01,9.150107530004926160e-01
2.916291629162916510e-01,9.149524313367429773e-01
2.917291729172917236e-01,9.148940896689928826e-01
2.918291829182918518e-01,9.148357279972421097e-01
2.919291929192919244e-01,9.147773463214908807e-01
2.920292029202920525e-01,9.147189446417388625e-01
2.921292129212921251e-01,9.146605229579863883e-01
2.922292229222922533e-01,9.146020812702332359e-01
2.923292329232923259e-01,9.145436195784795164e-01
2.924292429242924540e-01,9.144851378827251187e-01
2.925292529252925267e-01,9.144266361829702650e-01
2.926292629262926548e-01,9.143681144792146220e-01
2.927292729272927274e-01,9.143095727714585230e-01
2.928292829282928555e-01,9.142510110597018569e-01
2.929292929292929282e-01,9.141924293439445126e-01
2.930293029302930563e-01,9.141338276241866012e-01
2.931293129312931289e-01,9.140752059004280117e-01
2.932293229322932571e-01,9.140165641726688550e-01
2.933293329332933297e-01,9.139579024409091312e-01
2.934293429342934578e-01,9.138992207051488403e-01
2.935293529352935304e-01,9.138405189653878713e-01
2.936293629362936586e-01,9.137817972216263351e-01
2.937293729372937312e-01,9.137230554738642319e-01
2.938293829382938593e-01,9.136642937221014504e-01
2.939293929392939320e-01,9.136055119663381019e-01
2.940294029402940601e-01,9.135467102065741862e-01
2.941294129412941327e-01,9.134878884428097034e-01
2.942294229422942609e-01,9.134290466750445425e-01
2.943294329432943335e-01,9.133701849032788145e-01
2.944294429442944616e-01,9.133113031275124083e-01
2.945294529452945342e-01,9.132524013477455460e-01
2.946294629462946624e-01,9.131934795639780056e-01
2.947294729472947350e-01,9.131345377762098980e-01
2.948294829482948631e-01,9.130755759844411124e-01
2.949294929492949358e-01,9.130165941886717595e-01
2.950295029502950639e-01,9.129575923889018396e-01
2.951295129512951365e-01,9.128985705851313526e-01
2.952295229522952646e-01,9.128395287773601874e-01
2.953295329532953373e-01,9.127804669655884551e-01
2.954295429542954654e-01,9.127213851498160446e-01
2.955295529552955380e-01,9.126622833300431781e-01
2.956295629562956662e-01,9.126031615062696334e-01
2.957295729572957388e-01,9.125440196784955216e-01
2.958295829582958669e-01,9.124848578467207316e-01
2.959295929592959395e-01,9.124256760109453745e-01
2.960296029602960122e-01,9.123664741711694504e-01
2.961296129612961403e-01,9.123072523273929590e-01
2.962296229622962129e-01,9.122480104796157896e-01
2.963296329632963411e-01,9.121887486278380530e-01
2.964296429642964137e-01,9.121294667720597493e-01
2.965296529652965418e-01,9.120701649122807675e-01
2.966296629662966144e-01,9.120108430485012185e-01
2.967296729672967426e-01,9.119515011807211025e-01
2.968296829682968152e-01,9.118921393089404193e-01
2.969296929692969433e-01,9.118327574331590579e-01
2.970297029702970160e-01,9.117733555533771295e-01
2.971297129712971441e-01,9.117139336695945229e-01
2.972297229722972167e-01,9.116544917818114602e-01
2.973297329732973449e-01,9.115950298900277193e-01
2.974297429742974175e-01,9.115355479942434114e-01
2.975297529752975456e-01,9.114760460944584253e-01
2.976297629762976182e-01,9.114165241906728721e-01
2.977297729772977464e-01,9.113569822828867517e-01
2.978297829782978190e-01,9.112974203711000643e-01
2.979297929792979471e-01,9.112378384553126986e-01
2.980298029802980198e-01,9.111782365355247659e-01
2.981298129812981479e-01,9.111186146117361551e-01
2.982298229822982205e-01,9.110589726839470881e-01
2.983298329832983486e-01,9.109993107521573430e-01
2.984298429842984213e-01,9.109396288163670308e-01
2.985298529852985494e-01,9.108799268765760404e-01
2.986298629862986220e-01,9.108202049327844829e-01
2.987298729872987502e-01,9.107604629849923583e-01
2.988298829882988228e-01,9.107007010331996666e-01
2.989298929892989509e-01,9.106409190774062967e-01
2.990299029902990235e-01,9.105811171176123597e-01
2.991299129912991517e-01,9.105212951538177446e-01
2.992299229922992243e-01,9.104614531860226734e-01
2.993299329932993524e-01,9.104015912142269240e-01
2.994299429942994251e-01,9.103417092384306075e-01
2.995299529952995532e-01,9.102818072586336129e-01
2.996299629962996258e-01,9.102218852748361622e-01
2.997299729972997540e-01,9.101619432870379223e-01
2.998299829982998266e-01,9.101019812952392263e-01
2.999299929992999547e-01,9.100419992994398521e-01
3.000300030003000273e-01,9.099819972996399109e-01
3.001300130013001555e-01,9.099219752958394025e-01
3.002300230023002281e-01,9.098619332880382160e-01
3.003300330033003562e-01,9.098018712762365734e-01
3.004300430043004289e-01,9.097417892604342526e-01
3.005300530053005570e-01,9.096816872406312537e-01
3.006300630063006296e-01,9.096215652168276877e-01
3.007300730073007577e-01,9.095614231890235546e-01
3.008300830083008304e-01,9.095012611572188543e-01
3.009300930093009585e-01,9.094410791214134759e-01
3.010301030103010311e-01,9.093808770816075304e-01
3.011301130113011593e-01,9.093206550378010178e-01
3.012301230123012319e-01,9.092604129899938270e-01
3.013301330133013600e-01,9.092001509381860691e-01
3.014301430143014326e-01,9.091398688823777441e-01
3.015301530153015608e-01,9.090795668225688519e-01
3.016301630163016334e-01,9.090192447587592817e-01
3.017301730173017615e-01,9.089589026909491443e-01
3.018301830183018342e-01,9.088985406191384397e-01
3.019301930193019623e-01,9.088381585433270571e-01
3.020302030203020349e-01,9.087777564635151073e-01
3.021302130213021631e-01,9.087173343797025904e-01
3.022302230223022357e-01,9.086568922918893954e-01
3.023302330233023638e-01,9.085964302000757442e-01
3.024302430243024364e-01,9.085359481042614149e-01
3.025302530253025646e-01,9.084754460044464075e-01
3.026302630263026372e-01,9.084149239006309440e-01
3.027302730273027653e-01,9.083543817928146913e-01
3.028302830283028380e-01,9.082938196809979825e-01
3.029302930293029661e-01,9.082332375651805956e-01
3.030303030303030387e-01,9.081726354453627525e-01
3.031303130313031668e-01,9.081120133215441204e-01
3.032303230323032395e-01,9.080513711937250321e-01
3.033303330333033676e-01,9.079907090619052656e-01
3.034303430343034402e-01,9.079300269260849321e-01
3.035303530353035129e-01,9.078693247862640314e-01
3.036303630363036410e-01,9.078086026424424526e-01
3.037303730373037136e-01,9.077478604946203067e-01
3.038303830383038417e-01,9.076870983427975936e-01
3.039303930393039144e-01,9.076263161869742024e-01
3.040304030403040425e-01,9.075655140271502441e-01
3.041304130413041151e-01,9.075046918633257187e-01
3.042304230423042433e-01,9.074438496955006261e-01
3.043304330433043159e-01,9.073829875236748554e-01
3.044304430443044440e-01,9.073221053478485176e-01
3.045304530453045166e-01,9.072612031680216127e-01
3.046304630463046448e-01,9.072002809841940296e-01
3.047304730473047174e-01,9.071393387963658794e-01
3.048304830483048455e-01,9.070783766045371621e-01
3.049304930493049182e-01,9.070173944087077667e-01
3.050305030503050463e-01,9.069563922088778041e-01
3.051305130513051189e-01,9.068953700050472744e-01
3.052305230523052471e-01,9.068343277972161776e-01
3.053305330533053197e-01,9.067732655853844026e-01
3.054305430543054478e-01,9.067121833695520605e-01
3.055305530553055204e-01,9.066510811497191513e-01
3.056305630563056486e-01,9.065899589258855640e-01
3.057305730573057212e-01,9.065288166980514095e-01
3.058305830583058493e-01,9.064676544662166879e-01
3.059305930593059220e-01,9.064064722303813992e-01
3.060306030603060501e-01,9.063452699905454324e-01
3.061306130613061227e-01,9.062840477467088984e-01
3.062306230623062508e-01,9.062228054988716863e-01
3.063306330633063235e-01,9.061615432470340181e-01
3.064306430643064516e-01,9.061002609911956718e-01
3.065306530653065242e-01,9.060389587313566473e-01
3.066306630663066524e-01,9.059776364675171667e-01
3.067306730673067250e-01,9.059162941996770080e-01
3.068306830683068531e-01,9.058549319278362821e-01
3.069306930693069257e-01,9.057935496519948781e-01
3.070307030703070539e-01,9.057321473721529070e-01
3.071307130713071265e-01,9.056707250883103688e-01
3.072307230723072546e-01,9.056092828004672635e-01
3.073307330733073273e-01,9.055478205086234800e-01
3.074307430743074554e-01,9.054863382127791294e-01
3.075307530753075280e-01,9.054248359129342116e-01
3.076307630763076562e-01,9.053633136090886158e-01
3.077307730773077288e-01,9.053017713012425638e-01
3.078307830783078569e-01,9.052402089893958337e-01
3.079307930793079295e-01,9.051786266735484254e-01
3.080308030803080577e-01,9.051170243537004501e-01
3.081308130813081303e-01,9.050554020298519076e-01
3.082308230823082584e-01,9.049937597020027980e-01
3.083308330833083311e-01,9.049320973701530102e-01
3.084308430843084592e-01,9.048704150343026553e-01
3.085308530853085318e-01,9.048087126944517333e-01
3.086308630863086599e-01,9.047469903506002442e-01
3.087308730873087326e-01,9.046852480027480770e-01
3.088308830883088607e-01,9.046234856508953426e-01
3.089308930893089333e-01,9.045617032950419301e-01
3.090309030903090615e-01,9.044999009351879504e-01
3.091309130913091341e-01,9.044380785713335147e-01
3.092309230923092622e-01,9.043762362034782898e-01
3.093309330933093348e-01,9.043143738316226088e-01
3.094309430943094630e-01,9.042524914557662497e-01
3.095309530953095356e-01,9.041905890759093234e-01
3.096309630963096637e-01,9.041286666920517190e-01
3.097309730973097364e-01,9.040667243041935475e-01
3.098309830983098645e-01,9.040047619123348088e-01
3.099309930993099371e-01,9.039427795164755031e-01
3.100310031003100653e-01,9.038807771166155192e-01
3.101310131013101379e-01,9.038187547127549681e-01
3.102310231023102660e-01,9.037567123048938500e-01
3.103310331033103386e-01,9.036946498930320537e-01
3.104310431043104668e-01,9.036325674771696903e-01
3.105310531053105394e-01,9.035704650573067598e-01
3.106310631063106675e-01,9.035083426334432621e-01
3.107310731073107402e-01,9.034462002055790864e-01
3.108310831083108683e-01,9.033840377737143434e-01
3.109310931093109409e-01,9.033218553378490334e-01
3.110311031103110135e-01,9.032596528979830452e-01
3.111311131113111417e-01,9.031974304541164900e-01
3.112311231123112143e-01,9.031351880062493676e-01
3.113311331133113424e-01,9.030729255543815670e-01
3.114311431143114151e-01,9.030106430985133104e-01
3.115311531153115432e-01,9.029483406386442645e-01
3.116311631163116158e-01,9.028860181747747626e-01
3.117311731173117439e-01,9.028236757069045826e-01
3.118311831183118166e-01,9.027613132350338354e-01
3.119311931193119447e-01,9.026989307591625211e-01
3.120312031203120173e-01,9.026365282792905287e-01
3.121312131213121455e-01,9.025741057954179691e-01
3.122312231223122181e-01,9.025116633075448425e-01
3.123312331233123462e-01,9.024492008156711487e-01
3.124312431243124188e-01,9.023867183197967767e-01
3.125312531253125470e-01,9.023242158199218377e-01
3.126312631263126196e-01,9.022616933160463315e-01
3.127312731273127477e-01,9.021991508081701472e-01
3.128312831283128204e-01,9.021365882962933958e-01
3.129312931293129485e-01,9.020740057804159662e-01
3.130313031303130211e-01,9.020114032605380805e-01
3.131313131313131493e-01,9.019487807366595167e-01
3.132313231323132219e-01,9.018861382087803857e-01
3.133313331333133500e-01,9.018234756769005767e-01
3.134313431343134226e-01,9.017607931410203115e-01
3.135313531353135508e-01,9.016980906011393682e-01
3.136313631363136234e-01,9.016353680572577467e-01
3.137313731373137515e-01,9.015726255093756691e-01
3.138313831383138242e-01,9.015098629574929134e-01
3.139313931393139523e-01,9.014470804016094796e-01
3.140314031403140249e-01,9.013842778417255897e-01
3.141314131413141530e-01,9.013214552778410216e-01
3.142314231423142257e-01,9.012586127099558864e-01
3.143314331433143538e-01,9.011957501380700730e-01
3.144314431443144264e-01,9.011328675621838036e-01
3.145314531453145546e-01,9.010699649822968560e-01
3.146314631463146272e-01,9.010070423984092303e-01
3.147314731473147553e-01,9.009440998105211484e-01
3.148314831483148279e-01,9.008811372186323885e-01
3.149314931493149561e-01,9.008181546227429504e-01
3.150315031503150287e-01,9.007551520228530562e-01
3.151315131513151568e-01,9.006921294189624838e-01
3.152315231523152295e-01,9.006290868110713443e-01
3.153315331533153576e-01,9.005660241991795267e-01
3.154315431543154302e-01,9.005029415832872530e-01
3.155315531553155584e-01,9.004398389633943012e-01
3.156315631563156310e-01,9.003767163395007822e-01
3.157315731573157591e-01,9.003135737116065851e-01
3.158315831583158317e-01,9.002504110797118209e-01
3.159315931593159599e-01,9.001872284438164895e-01
3.160316031603160325e-01,9.001240258039204800e-01
3.161316131613161606e-01,9.000608031600239034e-01
3.162316231623162333e-01,8.999975605121268707e-01
3.163316331633163614e-01,8.999342978602290488e-01
3.164316431643164340e-01,8.998710152043307708e-01
3.165316531653165621e-01,8.998077125444317037e-01
3.166316631663166348e-01,8.997443898805321805e-01
3.167316731673167629e-01,8.996810472126319791e-01
3.168316831683168355e-01,8.996176845407313216e-01
3.169316931693169637e-01,8.995543018648299860e-01
3.170317031703170363e-01,8.994908991849279722e-01
3.171317131713171644e-01,8.994274765010253914e-01
3.172317231723172370e-01,8.993640338131222434e-01
3.173317331733173652e-01,8.993005711212185282e-01
3.174317431743174378e-01,8.992370884253141350e-01
3.175317531753175659e-01,8.991735857254091746e-01
3.176317631763176386e-01,8.991100630215036471e-01
3.177317731773177667e-01,8.990465203135975525e-01
3.178317831783178393e-01,8.989829576016907797e-01
3.179317931793179675e-01,8.989193748857833288e-01
3.180318031803180401e-01,8.988557721658754218e-01
3.181318131813181682e-01,8.987921494419668367e-01
3.182318231823182408e-01,8.987285067140577954e-01
3.183318331833183690e-01,8.986648439821479650e-01
3.184318431843184416e-01,8.986011612462376785e-01
3.185318531853185697e-01,8.985374585063266029e-01
3.186318631863186424e-01,8.984737357624150711e-01
3.187318731873187150e-01,8.984099930145029722e-01
3.188318831883188431e-01,8.983462302625901952e-01
3.189318931893189157e-01,8.982824475066768510e-01
3.190319031903190439e-01,8.982186447467629398e-01
3.191319131913191165e-01,8.981548219828483504e-01
3.192319231923192446e-01,8.980909792149331938e-01
3.193319331933193173e-01,8.980271164430174702e-01
3.194319431943194454e-01,8.979632336671010684e-01
3.195319531953195180e-01,8.978993308871840995e-01
3.196319631963196461e-01,8.978354081032665635e-01
3.197319731973197188e-01,8.977714653153484603e-01
3.198319831983198469e-01,8.977075025234296790e-01
3.199319931993199195e-01,8.976435197275103306e-01
3.200320032003200477e-01,8.975795169275903040e-01
3.201320132013201203e-01,8.975154941236698214e-01
3.202320232023202484e-01,8.974514513157486606e-01
3.203320332033203210e-01,8.973873885038269327e-01
3.204320432043204492e-01,8.973233056879045266e-01
3.205320532053205218e-01,8.972592028679815535e-01
3.206320632063206499e-01,8.971950800440580132e-01
3.207320732073207226e-01,8.971309372161339057e-01
3.208320832083208507e-01,8.970667743842091202e-01
3.209320932093209233e-01,8.970025915482837675e-01
3.210321032103210515e-01,8.969383887083577367e-01
3.211321132113211241e-01,8.968741658644312498e-01
3.212321232123212522e-01,8.968099230165040847e-01
3.213321332133213248e-01,8.967456601645763525e-01
3.214321432143214530e-01,8.966813773086479422e-01
3.215321532153215256e-01,8.966170744487189648e-01
3.216321632163216537e-01,8.965527515847894202e-01
3.217321732173217264e-01,8.964884087168593085e-01
3.218321832183218545e-01,8.964240458449285187e-01
3.219321932193219271e-01,8.963596629689971618e-01
3.220322032203220552e-01,8.962952600890652377e-01
3.221322132213221279e-01,8.962308372051326355e-01
3.222322232223222560e-01,8.961663943171994662e-01
3.223322332233223286e-01,8.961019314252657297e-01
3.224322432243224568e-01,8.960374485293314262e-01
3.225322532253225294e-01,8.959729456293964445e-01
3.226322632263226575e-01,8.959084227254608956e-01
3.227322732273227301e-01,8.958438798175246687e-01
3.228322832283228583e-01,8.957793169055878746e-01
3.229322932293229309e-01,8.957147339896506244e-01
3.230323032303230590e-01,8.956501310697125851e-01
3.231323132313231317e-01,8.955855081457740896e-01
3.232323232323232598e-01,8.955208652178349160e-01
3.233323332333233324e-01,8.954562022858951753e-01
3.234323432343234606e-01,8.953915193499547565e-01
3.235323532353235332e-01,8.953268164100138815e-01
3.236323632363236613e-01,8.952620934660722174e-01
3.237323732373237339e-01,8.951973505181300972e-01
3.238323832383238621e-01,8.951325875661872988e-01
3.239323932393239347e-01,8.950678046102440444e-01
3.240324032403240628e-01,8.950030016503000008e-01
3.241324132413241355e-01,8.949381786863555011e-01
3.242324232423242636e-01,8.948733357184103232e-01
3.243324332433243362e-01,8.948084727464645782e-01
3.244324432443244643e-01,8.947435897705181551e-01
3.245324532453245370e-01,8.946786867905712759e-01
3.246324632463246651e-01,8.946137638066236075e-01
3.247324732473247377e-01,8.945488208186754830e-01
3.248324832483248659e-01,8.944838578267267915e-01
3.249324932493249385e-01,8.944188748307774217e-01
3.250325032503250666e-01,8.943538718308274849e-01
3.251325132513251392e-01,8.942888488268768699e-01
3.252325232523252674e-01,8.942238058189256877e-01
3.253325332533253400e-01,8.941587428069739385e-01
3.254325432543254681e-01,8.940936597910216221e-01
3.255325532553255408e-01,8.940285567710686276e-01
3.256325632563256689e-01,8.939634337471150660e-01
3.257325732573257415e-01,8.938982907191609373e-01
3.258325832583258697e-01,8.938331276872061304e-01
3.259325932593259423e-01,8.937679446512507564e-01
3.260326032603260704e-01,8.937027416112948153e-01
3.261326132613261430e-01,8.936375185673383070e-01
3.262326232623262157e-01,8.935722755193811206e-01
3.263326332633263438e-01,8.935070124674233671e-01
3.264326432643264164e-01,8.934417294114650465e-01
3.265326532653265446e-01,8.933764263515060478e-01
3.266326632663266172e-01,8.933111032875464819e-01
3.267326732673267453e-01,8.932457602195863489e-01
3.268326832683268179e-01,8.931803971476255377e-01
3.269326932693269461e-01,8.931150140716641594e-01
3.270327032703270187e-01,8.930496109917022141e-01
3.271327132713271468e-01,8.929841879077397016e-01
3.272327232723272195e-01,8.929187448197765109e-01
3.273327332733273476e-01,8.928532817278127531e-01
3.274327432743274202e-01,8.927877986318484282e-01
3.275327532753275483e-01,8.927222955318834252e-01
3.276327632763276210e-01,8.926567724279178551e-01
3.277327732773277491e-01,8.925912293199517178e-01
3.278327832783278217e-01,8.925256662079849024e-01
3.279327932793279499e-01,8.924600830920175198e-01
3.280328032803280225e-01,8.923944799720495702e-01
3.281328132813281506e-01,8.923288568480810534e-01
3.282328232823282232e-01,8.922632137201118585e-01
3.283328332833283514e-01,8.921975505881420965e-01
3.284328432843284240e-01,8.921318674521717673e-01
3.285328532853285521e-01,8.920661643122007600e-01
3.286328632863286248e-01,8.920004411682291856e-01
3.287328732873287529e-01,8.919346980202570441e-01
3.288328832883288255e-01,8.918689348682843354e-01
3.289328932893289537e-01,8.918031517123109486e-01
3.290329032903290263e-01,8.917373485523369947e-01
3.291329132913291544e-01,8.916715253883623626e-01
3.292329232923292270e-01,8.916056822203872745e-01
3.293329332933293552e-01,8.915398190484115082e-01
3.294329432943294278e-01,8.914739358724351748e-01
3.295329532953295559e-01,8.914080326924581632e-01
3.296329632963296286e-01,8.913421095084805845e-01
3.297329732973297567e-01,8.912761663205024387e-01
3.298329832983298293e-01,8.912102031285236148e-01
3.299329932993299574e-01,8.911442199325443347e-01
3.300330033003300301e-01,8.910782167325643766e-01
3.301330133013301582e-01,8.910121935285837402e-01
3.302330233023302308e-01,8.909461503206026478e-01
3.303330333033303590e-01,8.908800871086208772e-01
3.304330433043304316e-01,8.908140038926384285e-01
3.305330533053305597e-01,8.907479006726555237e-01
3.306330633063306323e-01,8.906817774486719408e-01
3.307330733073307605e-01,8.906156342206877907e-01
3.308330833083308331e-01,8.905494709887030735e-01
3.309330933093309612e-01,8.904832877527176782e-01
3.310331033103310339e-01,8.904170845127317158e-01
3.311331133113311620e-01,8.903508612687450752e-01
3.312331233123312346e-01,8.902846180207579785e-01
3.313331333133313628e-01,8.902183547687702037e-01
3.314331433143314354e-01,8.901520715127818617e-01
3.315331533153315635e-01,8.900857682527928416e-01
3.316331633163316361e-01,8.900194449888032544e-01
3.317331733173317643e-01,8.899531017208131001e-01
3.318331833183318369e-01,8.898867384488223786e-01
3.319331933193319650e-01,8.898203551728309790e-01
3.320332033203320377e-01,8.897539518928390123e-01
3.321332133213321658e-01,8.896875286088464785e-01
3.322332233223322384e-01,8.896210853208532665e-01
3.323332333233323665e-01,8.895546220288594874e-01
3.324332433243324392e-01,8.894881387328651412e-01
3.325332533253325673e-01,8.894216354328702279e-01
3.326332633263326399e-01,8.893551121288746364e-01
3.327332733273327681e-01,8.892885688208784778e-01
3.328332833283328407e-01,8.892220055088817521e-01
3.329332933293329688e-01,8.891554221928843482e-01
3.330333033303330414e-01,8.890888188728863772e-01
3.331333133313331696e-01,8.890221955488878391e-01
3.332333233323332422e-01,8.889555522208886229e-01
3.333333333333333703e-01,8.888888888888888395e-01
3.334333433343334430e-01,8.888222055528884891e-01
3.335333533353335711e-01,8.887555022128875715e-01
3.336333633363336437e-01,8.886887788688859757e-01
3.337333733373337719e-01,8.886220355208838129e-01
3.338333833383338445e-01,8.885552721688810829e-01
3.339333933393339171e-01,8.884884888128776748e-01
3.340334033403340452e-01,8.884216854528736995e-01
3.341334133413341179e-01,8.883548620888691572e-01
3.342334233423342460e-01,8.882880187208639367e-01
3.343334333433343186e-01,8.882211553488582600e-01
3.344334433443344468e-01,8.881542719728517943e-01
3.345334533453345194e-01,8.880873685928448724e-01
3.346334633463346475e-01,8.880204452088372724e-01
3.347334733473347201e-01,8.879535018208291053e-01
3.348334833483348483e-01,8.878865384288203710e-01
3.349334933493349209e-01,8.878195550328109587e-01
3.350335033503350490e-01,8.877525516328010902e-01
3.351335133513351217e-01,8.876855282287905435e-01
3.352335233523352498e-01,8.876184848207793188e-01
3.353335333533353224e-01,8.875514214087675269e-01
3.354335433543354505e-01,8.874843379927551679e-01
3.355335533553355232e-01,8.874172345727422417e-01
3.356335633563356513e-01,8.873501111487286375e-01
3.357335733573357239e-01,8.872829677207144661e-01
3.358335833583358521e-01,8.872158042886997276e-01
3.359335933593359247e-01,8.871486208526843109e-01
3.360336033603360528e-01,8.870814174126683271e-01
3.361336133613361254e-01,8.870141939686517762e-01
3.362336233623362536e-01,8.869469505206346582e-01
3.363336333633363262e-01,8.868796870686168621e-01
3.364336433643364543e-01,8.868124036125984988e-01
3.365336533653365270e-01,8.867451001525794574e-01
3.366336633663366551e-01,8.866777766885599599e-01
3.367336733673367277e-01,8.866104332205397842e-01
3.368336833683368559e-01,8.865430697485190414e-01
3.369336933693369285e-01,8.864756862724976205e-01
3.370337033703370566e-01,8.864082827924756325e-01
3.371337133713371292e-01,8.863408593084530773e-01
3.372337233723372574e-01,8.862734158204299550e-01
3.373337333733373300e-01,8.862059523284061546e-01
3.374337433743374581e-01,8.861384688323817871e-01
3.375337533753375308e-01,8.860709653323568524e-01
3.376337633763376589e-01,8.860034418283312396e-01
3.377337733773377315e-01,8.859358983203050597e-01
3.378337833783378596e-01,8.858683348082783127e-01
3.379337933793379323e-01,8.858007512922509985e-01
3.380338033803380604e-01,8.857331477722230062e-01
3.381338133813381330e-01,8.856655242481943358e-01
3.382338233823382612e-01,8.855978807201652092e-01
3.383338333833383338e-01,8.855302171881354045e-01
3.384338433843384619e-01,8.854625336521050327e-01
3.385338533853385345e-01,8.853948301120740938e-01
3.386338633863386627e-01,8.853271065680424767e-01
3.387338733873387353e-01,8.852593630200104036e-01
3.388338833883388634e-01,8.851915994679775412e-01
3.389338933893389361e-01,8.851238159119442228e-01
3.390339033903390642e-01,8.850560123519102262e-01
3.391339133913391368e-01,8.849881887878756626e-01
3.392339233923392650e-01,8.849203452198405317e-01
3.393339333933393376e-01,8.848524816478047228e-01
3.394339433943394657e-01,8.847845980717683467e-01
3.395339533953395383e-01,8.847166944917314035e-01
3.396339633963396665e-01,8.846487709076937822e-01
3.397339733973397391e-01,8.845808273196555938e-01
3.398339833983398672e-01,8.845128637276168382e-01
3.399339933993399399e-01,8.844448801315775155e-01
3.400340034003400680e-01,8.843768765315375147e-01
3.401340134013401406e-01,8.843088529274969467e-01
3.402340234023402687e-01,8.842408093194558116e-01
3.403340334033403414e-01,8.841727457074139984e-01
3.404340434043404695e-01,8.841046620913716181e-01
3.405340534053405421e-01,8.840365584713286706e-01
3.406340634063406703e-01,8.839684348472850450e-01
3.407340734073407429e-01,8.839002912192409633e-01
3.408340834083408710e-01,8.838321275871960925e-01
3.409340934093409436e-01,8.837639439511507655e-01
3.410341034103410718e-01,8.836957403111047604e-01
3.411341134113411444e-01,8.836275166670581882e-01
3.412341234123412725e-01,8.835592730190110489e-01
3.413341334133413452e-01,8.834910093669632314e-01
3.414341434143414178e-01,8.834227257109149578e-01
3.415341534153415459e-01,8.833544220508660061e-01
3.416341634163416185e-01,8.832860983868163762e-01
3.417341734173417467e-01,8.832177547187661792e-01
3.418341834183418193e-01,8.831493910467154151e-01
3.419341934193419474e-01,8.830810073706640839e-01
3.420342034203420201e-01,8.830126036906120746e-01
3.421342134213421482e-01,8.829441800065594981e-01
3.422342234223422208e-01,8.828757363185063545e-01
3.423342334233423490e-01,8.828072726264525327e-01
3.424342434243424216e-01,8.827387889303981439e-01
3.425342534253425497e-01,8.826702852303431879e-01
3.426342634263426223e-01,8.826017615262876648e-01
3.427342734273427505e-01,8.825332178182314635e-01
3.428342834283428231e-01,8.824646541061746952e-01
3.429342934293429512e-01,8.823960703901172486e-01
3.430343034303430239e-01,8.823274666700593460e-01
3.431343134313431520e-01,8.822588429460007653e-01
3.432343234323432246e-01,8.821901992179416174e-01
3.433343334333433527e-01,8.821215354858817914e-01
3.434343434343434254e-01,8.820528517498213983e-01
3.435343534353435535e-01,8.819841480097604380e-01
3.436343634363436261e-01,8.819154242656989107e-01
3.437343734373437543e-01,8.818466805176367052e-01
3.438343834383438269e-01,8.817779167655739325e-01
3.439343934393439550e-01,8.817091330095105928e-01
3.440344034403440276e-01,8.816403292494465749e-01
3.441344134413441558e-01,8.815715054853819899e-01
3.442344234423442284e-01,8.815026617173168377e-01
3.443344334433443565e-01,8.814337979452510075e-01
3.444344434443444292e-01,8.813649141691847211e-01
3.445344534453445573e-01,8.812960103891176455e-01
3.446344634463446299e-01,8.812270866050501139e-01
3.447344734473447581e-01,8.811581428169819041e-01
3.448344834483448307e-01,8.810891790249132383e-01
3.449344934493449588e-01,8.810201952288437832e-01
3.450345034503450314e-01,8.809511914287738721e-01
3.451345134513451596e-01,8.808821676247032828e-01
3.452345234523452322e-01,8.808131238166321264e-01
3.453345334533453603e-01,8.807440600045602919e-01
3.454345434543454330e-01,8.806749761884878902e-01
3.455345534553455611e-01,8.806058723684149214e-01
3.456345634563456337e-01,8.805367485443413855e-01
3.457345734573457618e-01,8.804676047162671715e-01
3.458345834583458345e-01,8.803984408841923903e-01
3.459345934593459626e-01,8.803292570481170420e-01
3.460346034603460352e-01,8.802600532080411266e-01
3.461346134613461634e-01,8.801908293639644221e-01
3.462346234623462360e-01,8.801215855158872614e-01
3.463346334633463641e-01,8.800523216638095336e-01
3.464346434643464367e-01,8.799830378077311277e-01
3.465346534653465649e-01,8.799137339476521547e-01
3.466346634663466375e-01,8.798444100835726145e-01
3.467346734673467656e-01,8.797750662154923962e-01
3.468346834683468383e-01,8.797057023434116108e-01
3.469346934693469664e-01,8.796363184673302582e-01
3.470347034703470390e-01,8.795669145872483385e-01
3.471347134713471672e-01,8.794974907031657407e-01
3.472347234723472398e-01,8.794280468150825758e-01
3.473347334733473679e-01,8.793585829229987327e-01
3.474347434743474405e-01,8.792890990269144336e-01
3.475347534753475687e-01,8.792195951268293452e-01
3.476347634763476413e-01,8.791500712227438008e-01
3.477347734773477694e-01,8.790805273146575782e-01
3.478347834783478421e-01,8.790109634025708996e-01
3.479347934793479702e-01,8.789413794864834317e-01
3.480348034803480428e-01,8.788717755663955078e-01
3.481348134813481709e-01,8.788021516423069057e-01
3.482348234823482436e-01,8.787325077142177365e-01
3.483348334833483717e-01,8.786628437821280002e-01
3.484348434843484443e-01,8.785931598460375858e-01
3.485348534853485725e-01,8.785234559059466042e-01
3.486348634863486451e-01,8.784537319618550555e-01
3.487348734873487732e-01,8.783839880137628287e-01
3.488348834883488458e-01,8.783142240616701457e-01
3.489348934893489740e-01,8.782444401055766736e-01
3.490349034903490466e-01,8.781746361454827454e-01
3.491349134913491192e-01,8.781048121813881391e-01
3.492349234923492474e-01,8.780349682132929656e-01
3.493349334933493200e-01,8.779651042411972250e-01
3.494349434943494481e-01,8.778952202651008063e-01
3.495349534953495207e-01,8.778253162850038205e-01
3.496349634963496489e-01,8.777553923009062675e-01
3.497349734973497215e-01,8.776854483128080364e-01
3.498349834983498496e-01,8.776154843207093492e-01
3.499349934993499223e-01,8.775455003246099839e-01
3.500350035003500504e-01,8.774754963245099404e-01
3.501350135013501230e-01,8.774054723204093298e-01
3.502350235023502512e-01,8.773354283123081521e-01
3.503350335033503238e-01,8.772653643002064072e-01
3.504350435043504519e-01,8.771952802841039842e-01
3.505350535053505245e-01,8.771251762640011052e-01
3.506350635063506527e-01,8.770550522398974369e-01
3.507350735073507253e-01,8.769849082117933126e-01
3.508350835083508534e-01,8.769147441796885101e-01
3.509350935093509261e-01,8.768445601435831405e-01
3.510351035103510542e-01,8.767743561034770927e-01
3.511351135113511268e-01,8.767041320593705889e-01
3.512351235123512549e-01,8.766338880112634069e-01
3.513351335133513276e-01,8.765636239591556578e-01
3.514351435143514557e-01,8.764933399030472305e-01
3.515351535153515283e-01,8.764230358429382362e-01
3.516351635163516565e-01,8.763527117788286747e-01
3.517351735173517291e-01,8.762823677107184350e-01
3.518351835183518572e-01,8.762120036386076283e-01
3.519351935193519298e-01,8.761416195624962544e-01
3.520352035203520580e-01,8.760712154823843134e-01
3.521352135213521306e-01,8.760007913982716943e-01
3.522352235223522587e-01,8.759303473101585080e-01
3.523352335233523314e-01,8.758598832180447546e-01
3.524352435243524595e-01,8.757893991219303231e-01
3.525352535253525321e-01,8.757188950218154355e-01
3.526352635263526603e-01,8.756483709176998698e-01
3.527352735273527329e-01,8.755778268095836259e-01
3.528352835283528610e-01,8.755072626974668148e-01
3.529352935293529336e-01,8.754366785813494367e-01
3.530353035303530618e-01,8.753660744612314915e-01
3.531353135313531344e-01,8.752954503371128681e-01
3.532353235323532625e-01,8.752248062089936775e-01
3.533353335333533352e-01,8.751541420768739199e-01
3.534353435343534633e-01,8.750834579407535951e-01
3.535353535353535359e-01,8.750127538006325922e-01
3.536353635363536640e-01,8.749420296565110222e-01
3.537353735373537367e-01,8.748712855083888851e-01
3.538353835383538648e-01,8.748005213562659588e-01
3.539353935393539374e-01,8.747297372001426874e-01
3.540354035403540656e-01,8.746589330400186268e-01
3.541354135413541382e-01,8.745881088758941102e-01
3.542354235423542663e-01,8.745172647077689154e-01
3.543354335433543389e-01,8.744464005356431535e-01
3.544354435443544671e-01,8.743755163595167135e-01
3.545354535453545397e-01,8.743046121793898173e-01
3.546354635463546678e-01,8.742336879952621320e-01
3.547354735473547405e-01,8.741627438071339906e-01
3.548354835483548686e-01,8.740917796150051711e-01
3.549354935493549412e-01,8.740207954188757844e-01
3.550355035503550694e-01,8.739497912187458306e-01
3.551355135513551420e-01,8.738787670146153097e-01
3.552355235523552701e-01,8.738077228064839996e-01
3.553355335533553427e-01,8.737366585943522335e-01
3.554355435543554709e-01,8.736655743782199002e-01
3.555355535553555435e-01,8.735944701580868887e-01
3.556355635563556716e-01,8.735233459339533102e-01
3.557355735573557443e-01,8.734522017058191645e-01
3.558355835583558724e-01,8.733810374736843407e-01
3.559355935593559450e-01,8.733098532375489498e-01
3.560356035603560731e-01,8.732386489974129917e-01
3.561356135613561458e-01,8.731674247532763555e-01
3.562356235623562739e-01,8.730961805051391522e-01
3.563356335633563465e-01,8.730249162530014928e-01
3.564356435643564747e-01,8.729536319968630442e-01
3.565356535653565473e-01,8.728823277367240285e-01
3.566356635663566199e-01,8.728110034725844457e-01
3.567356735673567480e-01,8.727396592044442958e-01
3.568356835683568207e-01,8.726682949323034677e-01
3.569356935693569488e-01,8.725969106561621835e-01
3.570357035703570214e-01,8.725255063760201102e-01
3.571357135713571496e-01,8.724540820918775808e-01
3.572357235723572222e-01,8.723826378037343732e-01
3.573357335733573503e-01,8.723111735115905985e-01
3.574357435743574229e-01,8.722396892154462567e-01
3.575357535753575511e-01,8.721681849153012367e-01
3.576357635763576237e-01,8.720966606111556496e-01
3.577357735773577518e-01,8.720251163030094954e-01
3.578357835783578245e-01,8.719535519908626631e-01
3.579357935793579526e-01,8.718819676747152636e-01
3.580358035803580252e-01,8.718103633545672970e-01
3.581358135813581534e-01,8.717387390304186523e-01
3.582358235823582260e-01,8.716670947022695515e-01
3.583358335833583541e-01,8.715954303701196615e-01
3.584358435843584267e-01,8.715237460339693154e-01
3.585358535853585549e-01,8.714520416938182912e-01
3.586358635863586275e-01,8.713803173496668109e-01
3.587358735873587556e-01,8.713085730015145414e-01
3.588358835883588283e-01,8.712368086493618158e-01
3.589358935893589564e-01,8.711650242932084121e-01
3.590359035903590290e-01,8.710932199330544412e-01
3.591359135913591571e-01,8.710213955688997922e-01
3.592359235923592298e-01,8.709495512007445761e-01
3.593359335933593579e-01,8.708776868285887929e-01
3.594359435943594305e-01,8.708058024524324425e-01
3.595359535953595587e-01,8.707338980722754140e-01
3.596359635963596313e-01,8.706619736881179294e-01
3.597359735973597594e-01,8.705900292999596557e-01
3.598359835983598320e-01,8.705180649078009258e-01
3.599359935993599602e-01,8.704460805116415179e-01
3.600360036003600328e-01,8.703740761114815427e-01
3.601360136013601609e-01,8.703020517073208895e-01
3.602360236023602336e-01,8.702300072991597801e-01
3.603360336033603617e-01,8.701579428869979926e-01
3.604360436043604343e-01,8.700858584708355270e-01
3.605360536053605625e-01,8.700137540506726053e-01
3.606360636063606351e-01,8.699416296265090054e-01
3.607360736073607632e-01,8.698694851983448384e-01
3.608360836083608358e-01,8.697973207661799933e-01
3.609360936093609640e-01,8.697251363300145810e-01
3.610361036103610366e-01,8.696529318898487126e-01
3.611361136113611647e-01,8.695807074456820551e-01
3.612361236123612374e-01,8.695084629975148305e-01
3.613361336133613655e-01,8.694361985453470387e-01
3.614361436143614381e-01,8.693639140891786798e-01
3.615361536153615662e-01,8.692916096290096428e-01
3.616361636163616389e-01,8.692192851648401497e-01
3.617361736173617670e-01,8.691469406966698674e-01
3.618361836183618396e-01,8.690745762244991290e-01
3.619361936193619678e-01,8.690021917483277125e-01
3.620362036203620404e-01,8.689297872681557289e-01
3.621362136213621685e-01,8.688573627839831781e-01
3.622362236223622411e-01,8.687849182958099492e-01
3.623362336233623693e-01,8.687124538036361532e-01
3.624362436243624419e-01,8.686399693074617900e-01
3.625362536253625700e-01,8.685674648072867488e-01
3.626362636263626427e-01,8.684949403031112514e-01
3.627362736273627708e-01,8.684223957949349648e-01
3.628362836283628434e-01,8.683498312827582222e-01
3.629362936293629716e-01,8.682772467665808014e-01
3.630363036303630442e-01,8.682046422464028135e-01
3.631363136313631723e-01,8.681320177222242584e-01
3.632363236323632449e-01,8.680593731940451363e-01
3.633363336333633731e-01,8.679867086618652250e-01
3.634363436343634457e-01,8.679140241256848576e-01
3.635363536353635738e-01,8.678413195855039231e-01
3.636363636363636465e-01,8.677685950413223104e-01
3.637363736373637746e-01,8.676958504931401306e-01
3.638363836383638472e-01,8.676230859409572727e-01
3.639363936393639753e-01,8.675503013847738476e-01
3.640364036403640480e-01,8.674774968245899665e-01
3.641364136413641206e-01,8.674046722604054072e-01
3.642364236423642487e-01,8.673318276922201697e-01
3.643364336433643214e-01,8.672589631200343652e-01
3.644364436443644495e-01,8.671860785438479935e-01
3.645364536453645221e-01,8.671131739636610547e-01
3.646364636463646502e-01,8.670402493794733267e-01
3.647364736473647229e-01,8.669673047912852537e-01
3.648364836483648510e-01,8.668943401990963915e-01
3.649364936493649236e-01,8.668213556029070732e-01
3.650365036503650518e-01,8.667483510027169658e-01
3.651365136513651244e-01,8.666753263985265132e-01
3.652365236523652525e-01,8.666022817903352715e-01
3.653365336533653251e-01,8.665292171781434627e-01
3.654365436543654533e-01,8.664561325619510868e-01
3.655365536553655259e-01,8.663830279417581437e-01
3.656365636563656540e-01,8.663099033175645225e-01
3.657365736573657267e-01,8.662367586893703342e-01
3.658365836583658548e-01,8.661635940571754677e-01
3.659365936593659274e-01,8.660904094209801451e-01
3.660366036603660556e-01,8.660172047807841444e-01
3.661366136613661282e-01,8.659439801365875766e-01
3.662366236623662563e-01,8.658707354883903307e-01
3.663366336633663289e-01,8.657974708361925176e-01
3.664366436643664571e-01,8.657241861799941374e-01
3.665366536653665297e-01,8.656508815197951900e-01
3.666366636663666578e-01,8.655775568555955646e-01
3.667366736673667305e-01,8.655042121873953720e-01
3.668366836683668586e-01,8.654308475151946123e-01
3.669366936693669312e-01,8.653574628389931744e-01
3.670367036703670593e-01,8.652840581587911695e-01
3.671367136713671320e-01,8.652106334745885974e-01
3.672367236723672601e-01,8.651371887863853472e-01
3.673367336733673327e-01,8.650637240941816408e-01
3.674367436743674609e-01,8.649902393979771453e-01
3.675367536753675335e-01,8.649167346977721937e-01
3.676367636763676616e-01,8.648432099935665640e-01
3.677367736773677342e-01,8.647696652853604782e-01
3.678367836783678624e-01,8.646961005731536032e-01
3.679367936793679350e-01,8.646225158569462721e-01
3.680368036803680631e-01,8.645489111367381518e-01
3.681368136813681358e-01,8.644752864125295755e-01
3.682368236823682639e-01,8.644016416843204320e-01
3.683368336833683365e-01,8.643279769521106104e-01
3.684368436843684647e-01,8.642542922159002217e-01
3.685368536853685373e-01,8.641805874756892658e-01
3.686368636863686654e-01,8.641068627314776318e-01
3.687368736873687380e-01,8.640331179832654307e-01
3.688368836883688662e-01,8.639593532310526625e-01
3.689368936893689388e-01,8.638855684748392161e-01
3.690369036903690669e-01,8.638117637146252026e-01
3.691369136913691396e-01,8.637379389504107330e-01
3.692369236923692677e-01,8.636640941821954742e-01
3.693369336933693403e-01,8.635902294099797594e-01
3.694369436943694684e-01,8.635163446337632553e-01
3.695369536953695411e-01,8.634424398535462952e-01
3.696369636963696692e-01,8.633685150693286570e-01
3.697369736973697418e-01,8.632945702811105626e-01
3.698369836983698700e-01,8.632206054888916791e-01
3.699369936993699426e-01,8.631466206926723395e-01
3.700370037003700707e-01,8.630726158924523217e-01
3.701370137013701433e-01,8.629985910882317368e-01
3.702370237023702715e-01,8.629245462800104738e-01
3.703370337033703441e-01,8.628504814677887547e-01
3.704370437043704722e-01,8.627763966515663574e-01
3.705370537053705449e-01,8.627022918313433930e-01
3.706370637063706730e-01,8.626281670071197505e-01
3.707370737073707456e-01,8.625540221788955408e-01
3.708370837083708738e-01,8.624798573466707641e-01
3.709370937093709464e-01,8.624056725104454202e-01
3.710371037103710745e-01,8.623314676702193982e-01
3.711371137113711471e-01,8.622572428259926980e-01
3.712371237123712753e-01,8.621829979777655417e-01
3.713371337133713479e-01,8.621087331255377073e-01
3.714371437143714760e-01,8.620344482693094168e-01
3.715371537153715487e-01,8.619601434090803371e-01
3.716371637163716768e-01,8.618858185448508014e-01
3.717371737173717494e-01,8.618114736766205874e-01
3.718371837183718220e-01,8.617371088043898064e-01
3.719371937193719502e-01,8.616627239281583472e-01
3.720372037203720228e-01,8.615883190479264320e-01
3.721372137213721509e-01,8.615138941636937275e-01
3.722372237223722236e-01,8.614394492754606780e-01
3.723372337233723517e-01,8.613649843832267283e-01
3.724372437243724243e-01,8.612904994869924336e-01
3.725372537253725524e-01,8.612159945867574606e-01
3.726372637263726251e-01,8.611414696825218096e-01
3.727372737273727532e-01,8.610669247742855914e-01
3.728372837283728258e-01,8.609923598620488061e-01
3.729372937293729540e-01,8.609177749458114537e-01
3.730373037303730266e-01,8.608431700255734231e-01
3.731373137313731547e-01,8.607685451013348255e-01
3.732373237323732273e-01,8.606939001730956607e-01
3.733373337333733555e-01,8.606192352408558177e-01
3.734373437343734281e-01,8.605445503046154077e-01
3.735373537353735562e-01,8.604698453643744305e-01
3.736373637363736289e-01,8.603951204201327752e-01
3.737373737373737570e-01,8.603203754718906637e-01
3.738373837383738296e-01,8.602456105196478742e-01
3.739373937393739578e-01,8.601708255634044065e-01
3.740374037403740304e-01,8.600960206031604827e-01
3.741374137413741585e-01,8.600211956389157697e-01
3.742374237423742311e-01,8.599463506706706006e-01
3.743374337433743593e-01,8.598714856984248645e-01
3.744374437443744319e-01,8.597966007221784501e-01
3.745374537453745600e-01,8.597216957419313577e-01
3.746374637463746327e-01,8.596467707576838091e-01
3.747374737473747608e-01,8.595718257694355824e-01
3.748374837483748334e-01,8.594968607771868996e-01
3.749374937493749615e-01,8.594218757809374276e-01
3.750375037503750342e-01,8.593468707806874995e-01
3.751375137513751623e-01,8.592718457764367823e-01
3.752375237523752349e-01,8.591968007681856090e-01
3.753375337533753631e-01,8.591217357559337575e-01
3.754375437543754357e-01,8.590466507396814499e-01
3.755375537553755638e-01,8.589715457194284642e-01
3.756375637563756364e-01,8.588964206951748004e-01
3.757375737573757646e-01,8.588212756669205694e-01
3.758375837583758372e-01,8.587461106346658823e-01
3.759375937593759653e-01,8.586709255984104061e-01
3.760376037603760380e-01,8.585957205581544738e-01
3.761376137613761661e-01,8.585204955138978633e-01
3.762376237623762387e-01,8.584452504656405747e-01
3.763376337633763669e-01,8.583699854133828300e-01
3.764376437643764395e-01,8.582947003571244071e-01
3.765376537653765676e-01,8.582193952968654171e-01
3.766376637663766402e-01,8.581440702326057490e-01
3.767376737673767684e-01,8.580687251643456248e-01
3.768376837683768410e-01,8.579933600920848225e-01
3.769376937693769691e-01,8.579179750158234530e-01
3.770377037703770418e-01,8.578425699355614054e-01
3.771377137713771699e-01,8.577671448512987906e-01
3.772377237723772425e-01,8.576916997630356088e-01
3.773377337733773706e-01,8.576162346707717488e-01
3.774377437743774433e-01,8.575407495745074327e-01
3.775377537753775714e-01,8.574652444742423274e-01
3.776377637763776440e-01,8.573897193699767660e-01
3.777377737773777722e-01,8.573141742617105265e-01
3.778377837783778448e-01,8.572386091494438309e-01
3.779377937793779729e-01,8.571630240331763462e-01
3.780378037803780455e-01,8.570874189129084053e-01
3.781378137813781737e-01,8.570117937886397863e-01
3.782378237823782463e-01,8.569361486603706002e-01
3.783378337833783744e-01,8.568604835281007359e-01
3.784378437843784471e-01,8.567847983918304156e-01
3.785378537853785752e-01,8.567090932515593060e-01
3.786378637863786478e-01,8.566333681072877404e-01
3.787378737873787760e-01,8.565576229590154966e-01
3.788378837883788486e-01,8.564818578067427968e-01
3.789378937893789767e-01,8.564060726504693077e-01
3.790379037903790493e-01,8.563302674901953626e-01
3.791379137913791775e-01,8.562544423259207393e-01
3.792379237923792501e-01,8.561785971576455490e-01
3.793379337933793227e-01,8.561027319853697914e-01
3.794379437943794509e-01,8.560268468090933558e-01
3.795379537953795235e-01,8.559509416288163530e-01
3.796379637963796516e-01,8.558750164445387831e-01
3.797379737973797242e-01,8.557990712562605351e-01
3.798379837983798524e-01,8.557231060639817199e-01
3.799379937993799250e-01,8.556471208677023377e-01
3.800380038003800531e-01,8.555711156674222773e-01
3.801380138013801258e-01,8.554950904631417608e-01
3.802380238023802539e-01,8.554190452548604551e-01
3.803380338033803265e-01,8.553429800425786933e-01
3.804380438043804546e-01,8.552668948262962534e-01
3.805380538053805273e-01,8.551907896060133574e-01
3.806380638063806554e-01,8.551146643817296722e-01
3.807380738073807280e-01,8.550385191534455309e-01
3.808380838083808562e-01,8.549623539211607115e-01
3.809380938093809288e-01,8.548861686848753250e-01
3.810381038103810569e-01,8.548099634445892603e-01
3.811381138113811295e-01,8.547337382003026285e-01
3.812381238123812577e-01,8.546574929520154296e-01
3.813381338133813303e-01,8.545812276997276635e-01
3.814381438143814584e-01,8.545049424434392193e-01
3.815381538153815311e-01,8.544286371831502080e-01
3.816381638163816592e-01,8.543523119188606296e-01
3.817381738173817318e-01,8.542759666505704841e-01
3.818381838183818600e-01,8.541996013782796604e-01
3.819381938193819326e-01,8.541232161019882696e-01
3.820382038203820607e-01,8.540468108216962007e-01
3.821382138213821333e-01,8.539703855374036756e-01
3.822382238223822615e-01,8.538939402491103614e-01
3.823382338233823341e-01,8.538174749568165911e-01
3.824382438243824622e-01,8.537409896605221427e-01
3.825382538253825349e-01,8.536644843602272381e-01
3.826382638263826630e-01,8.535879590559315444e-01
3.827382738273827356e-01,8.535114137476353946e-01
3.828382838283828637e-01,8.534348484353385667e-01
3.829382938293829364e-01,8.533582631190411716e-01
3.830383038303830645e-01,8.532816577987432094e-01
3.831383138313831371e-01,8.532050324744445691e-01
3.832383238323832653e-01,8.531283871461453616e-01
3.833383338333833379e-01,8.530517218138455871e-01
3.834383438343834660e-01,8.529750364775451343e-01
3.835383538353835386e-01,8.528983311372441145e-01
3.836383638363836668e-01,8.528216057929425276e-01
3.837383738373837394e-01,8.527448604446403735e-01
3.838383838383838675e-01,8.526680950923375413e-01
3.839383938393839402e-01,8.525913097360341419e-01
3.840384038403840683e-01,8.525145043757300645e-01
3.841384138413841409e-01,8.524376790114255309e-01
3.842384238423842691e-01,8.523608336431203192e-01
3.843384338433843417e-01,8.522839682708145403e-01
3.844384438443844698e-01,8.522070828945080834e-01
3.845384538453845424e-01,8.521301775142010593e-01
3.846384638463846706e-01,8.520532521298934681e-01
3.847384738473847432e-01,8.519763067415853097e-01
3.848384838483848713e-01,8.518993413492763622e-01
3.849384938493849440e-01,8.518223559529670696e-01
3.850385038503850721e-01,8.517453505526569879e-01
3.851385138513851447e-01,8.516683251483464501e-01
3.852385238523852728e-01,8.515912797400351231e-01
3.853385338533853455e-01,8.515142143277234510e-01
3.854385438543854736e-01,8.514371289114109898e-01
3.855385538553855462e-01,8.513600234910979614e-01
3.856385638563856744e-01,8.512828980667843659e-01
3.857385738573857470e-01,8.512057526384702033e-01
3.858385838583858751e-01,8.511285872061553626e-01
3.859385938593859477e-01,8.510514017698399547e-01
3.860386038603860759e-01,8.509741963295238687e-01
3.861386138613861485e-01,8.508969708852073266e-01
3.862386238623862766e-01,8.508197254368901064e-01
3.863386338633863493e-01,8.507424599845723190e-01
3.864386438643864774e-01,8.506651745282538535e-01
3.865386538653865500e-01,8.505878690679349319e-01
3.866386638663866782e-01,8.505105436036152211e-01
3.867386738673867508e-01,8.504331981352950542e-01
3.868386838683868789e-01,8.503558326629742092e-01
3.869386938693869515e-01,8.502784471866529081e-01
3.870387038703870242e-01,8.502010417063308179e-01
3.871387138713871523e-01,8.501236162220082715e-01
3.872387238723872249e-01,8.500461707336850470e-01
3.873387338733873531e-01,8.499687052413611443e-01
3.874387438743874257e-01,8.498912197450367856e-01
3.875387538753875538e-01,8.498137142447117487e-01
3.876387638763876264e-01,8.497361887403862557e-01
3.877387738773877546e-01,8.496586432320599735e-01
3.878387838783878272e-01,8.495810777197332353e-01
3.879387938793879553e-01,8.495034922034057079e-01
3.880388038803880280e-01,8.494258866830777244e-01
3.881388138813881561e-01,8.493482611587490627e-01
3.882388238823882287e-01,8.492706156304199450e-01
3.883388338833883568e-01,8.491929500980901491e-01
3.884388438843884295e-01,8.491152645617596750e-01
3.885388538853885576e-01,8.490375590214287449e-01
3.886388638863886302e-01,8.489598334770971366e-01
3.887388738873887584e-01,8.488820879287648502e-01
3.888388838883888310e-01,8.488043223764321077e-01
3.889388938893889591e-01,8.487265368200986870e-01
3.890389038903890317e-01,8.486487312597645882e-01
3.891389138913891599e-01,8.485709056954300333e-01
3.892389238923892325e-01,8.484930601270948003e-01
3.893389338933893606e-01,8.484151945547590001e-01
3.894389438943894333e-01,8.483373089784226329e-01
3.895389538953895614e-01,8.482594033980855874e-01
3.896389638963896340e-01,8.481814778137479749e-01
3.897389738973897622e-01,8.481035322254097952e-01
3.898389838983898348e-01,8.480255666330709374e-01
3.899389938993899629e-01,8.479475810367315125e-01
3.900390039003900355e-01,8.478695754363915205e-01
3.901390139013901637e-01,8.477915498320509613e-01
3.902390239023902363e-01,8.477135042237097240e-01
3.903390339033903644e-01,8.476354386113678085e-01
3.904390439043904371e-01,8.475573529950254370e-01
3.905390539053905652e-01,8.474792473746823873e-01
3.906390639063906378e-01,8.474011217503388815e-01
3.907390739073907659e-01,8.473229761219945866e-01
3.908390839083908386e-01,8.472448104896498355e-01
3.909390939093909667e-01,8.471666248533044064e-01
3.910391039103910393e-01,8.470884192129584100e-01
3.911391139113911675e-01,8.470101935686117356e-01
3.912391239123912401e-01,8.469319479202646050e-01
3.913391339133913682e-01,8.468536822679166853e-01
3.914391439143914408e-01,8.467753966115683095e-01
3.915391539153915690e-01,8.466970909512192556e-01
3.916391639163916416e-01,8.466187652868697455e-01
3.917391739173917697e-01,8.465404196185194463e-01
3.918391839183918424e-01,8.464620539461686910e-01
3.919391939193919705e-01,8.463836682698172575e-01
3.920392039203920431e-01,8.463052625894652570e-01
3.921392139213921713e-01,8.462268369051126893e-01
3.922392239223922439e-01,8.461483912167594434e-01
3.923392339233923720e-01,8.460699255244056305e-01
3.924392439243924446e-01,8.459914398280512504e-01
3.925392539253925728e-01,8.459129341276961922e-01
3.926392639263926454e-01,8.458344084233405669e-01
3.927392739273927735e-01,8.457558627149843744e-01
3.928392839283928462e-01,8.456772970026276148e-01
3.929392939293929743e-01,8.455987112862701771e-01
3.930393039303930469e-01,8.455201055659120613e-01
3.931393139313931751e-01,8.454414798415534893e-01
3.932393239323932477e-01,8.453628341131942392e-01
3.933393339333933758e-01,8.452841683808344220e-01
3.934393439343934484e-01,8.452054826444740376e-01
3.935393539353935766e-01,8.451267769041130862e-01
3.936393639363936492e-01,8.450480511597514566e-01
3.937393739373937773e-01,8.449693054113891488e-01
3.938393839383938499e-01,8.448905396590263850e-01
3.939393939393939781e-01,8.448117539026629430e-01
3.940394039403940507e-01,8.447329481422989339e-01
3.941394139413941788e-01,8.446541223779343577e-01
3.942394239423942515e-01,8.445752766095691033e-01
3.943394339433943796e-01,8.444964108372032818e-01
3.944394439443944522e-01,8.444175250608368932e-01
3.945394539453945248e-01,8.443386192804699375e-01
3.946394639463946530e-01,8.442596934961023036e-01
3.947394739473947256e-01,8.441807477077341026e-01
3.948394839483948537e-01,8.441017819153652235e-01
3.949394939493949264e-01,8.440227961189958883e-01
3.950395039503950545e-01,8.439437903186257639e-01
3.951395139513951271e-01,8.438647645142551834e-01
3.952395239523952553e-01,8.437857187058839248e-01
3.953395339533953279e-01,8.437066528935122101e-01
3.954395439543954560e-01,8.436275670771397062e-01
3.955395539553955286e-01,8.435484612567667462e-01
3.956395639563956568e-01,8.434693354323931080e-01
3.957395739573957294e-01,8.433901896040189028e-01
3.958395839583958575e-01,8.433110237716441304e-01
3.959395939593959302e-01,8.432318379352686799e-01
3.960396039603960583e-01,8.431526320948926623e-01
3.961396139613961309e-01,8.430734062505160775e-01
3.962396239623962590e-01,8.429941604021388146e-01
3.963396339633963317e-01,8.429148945497609846e-01
3.964396439643964598e-01,8.428356086933825875e-01
3.965396539653965324e-01,8.427563028330036232e-01
3.966396639663966606e-01,8.426769769686239808e-01
3.967396739673967332e-01,8.425976311002437713e-01
3.968396839683968613e-01,8.425182652278628836e-01
3.969396939693969339e-01,8.424388793514815399e-01
3.970397039703970621e-01,8.423594734710995180e-01
3.971397139713971347e-01,8.422800475867169290e-01
3.972397239723972628e-01,8.422006016983336618e-01
3.973397339733973355e-01,8.421211358059498275e-01
3.974397439743974636e-01,8.420416499095654261e-01
3.975397539753975362e-01,8.419621440091804576e-01
3.976397639763976644e-01,8.418826181047946999e-01
3.977397739773977370e-01,8.418030721964085972e-01
3.978397839783978651e-01,8.417235062840217052e-01
3.979397939793979377e-01,8.416439203676343572e-01
3.980398039803980659e-01,8.415643144472462200e-01
3.981398139813981385e-01,8.414846885228577378e-01
3.982398239823982666e-01,8.414050425944684664e-01
3.983398339833983393e-01,8.413253766620786278e-01
3.984398439843984674e-01,8.412456907256882221e-01
3.985398539853985400e-01,8.411659847852972494e-01
3.986398639863986681e-01,8.410862588409055984e-01
3.987398739873987408e-01,8.410065128925133804e-01
3.988398839883988689e-01,8.409267469401204842e-01
3.989398939893989415e-01,8.408469609837271319e-01
3.990399039903990697e-01,8.407671550233331015e-01
3.991399139913991423e-01,8.406873290589385039e-01
3.992399239923992704e-01,8.406074830905432282e-01
3.993399339933993430e-01,8.405276171181474965e-01
3.994399439943994712e-01,8.404477311417509755e-01
3.995399539953995438e-01,8.403678251613539985e-01
3.996399639963996719e-01,8.402878991769563433e-01
3.997399739973997446e-01,8.402079531885582320e-01
3.998399839983998727e-01,8.401279871961593315e-01
3.999399939993999453e-01,8.400480011997599750e-01
4.000400040004000735e-01,8.399679951993599403e-01
4.001400140014001461e-01,8.398879691949592274e-01
4.002400240024002742e-01,8.398079231865580585e-01
4.003400340034003468e-01,8.397278571741562114e-01
4.004400440044004750e-01,8.396477711577537972e-01
4.005400540054005476e-01,8.395676651373508159e-01
4.006400640064006757e-01,8.394875391129471565e-01
4.007400740074007484e-01,8.394073930845429299e-01
4.008400840084008765e-01,8.393272270521381362e-01
4.009400940094009491e-01,8.392470410157326643e-01
4.010401040104010773e-01,8.391668349753267364e-01
4.011401140114011499e-01,8.390866089309201303e-01
4.012401240124012780e-01,8.390063628825128461e-01
4.013401340134013506e-01,8.389260968301051058e-01
4.014401440144014788e-01,8.388458107736965763e-01
4.015401540154015514e-01,8.387655047132875907e-01
4.016401640164016795e-01,8.386851786488779270e-01
4.017401740174017521e-01,8.386048325804678072e-01
4.018401840184018803e-01,8.385244665080568982e-01
4.019401940194019529e-01,8.384440804316455331e-01
4.020402040204020810e-01,8.383636743512334899e-01
4.021402140214021537e-01,8.382832482668208796e-01
4.022402240224022263e-01,8.382028021784077021e-01
4.023402340234023544e-01,8.381223360859938465e-01
4.024402440244024270e-01,8.380418499895794238e-01
4.025402540254025552e-01,8.379613438891644339e-01
4.026402640264026278e-01,8.378808177847487659e-01
4.027402740274027559e-01,8.378002716763325308e-01
4.028402840284028286e-01,8.377197055639157286e-01
4.029402940294029567e-01,8.376391194474983592e-01
4.030403040304030293e-01,8.375585133270803118e-01
4.031403140314031575e-01,8.374778872026615861e-01
4.032403240324032301e-01,8.373972410742424044e-01
4.033403340334033582e-01,8.373165749418225445e-01
4.034403440344034308e-01,8.372358888054022286e-01
4.035403540354035590e-01,8.371551826649811234e-01
4.036403640364036316e-01,8.370744565205595622e-01
4.037403740374037597e-01,8.369937103721373228e-01
4.038403840384038324e-01,8.369129442197145163e-01
4.039403940394039605e-01,8.368321580632910317e-01
4.040404040404040331e-01,8.367513519028670910e-01
4.041404140414041612e-01,8.366705257384423611e-01
4.042404240424042339e-01,8.365896795700171751e-01
4.043404340434043620e-01,8.365088133975913109e-01
4.044404440444044346e-01,8.364279272211649907e-01
4.045404540454045628e-01,8.363470210407378813e-01
4.046404640464046354e-01,8.362660948563103158e-01
4.047404740474047635e-01,8.361851486678820722e-01
4.048404840484048361e-01,8.361041824754532614e-01
4.049404940494049643e-01,8.360231962790238835e-01
4.050405040504050369e-01,8.359421900785938275e-01
4.051405140514051650e-01,8.358611638741632044e-01
4.052405240524052377e-01,8.357801176657320141e-01
4.053405340534053658e-01,8.356990514533001457e-01
4.054405440544054384e-01,8.356179652368677102e-01
4.055405540554055666e-01,8.355368590164347076e-01
4.056405640564056392e-01,8.354557327920011378e-01
4.057405740574057673e-01,8.353745865635668899e-01
4.058405840584058399e-01,8.352934203311319639e-01
4.059405940594059681e-01,8.352122340946965817e-01
4.060406040604060407e-01,8.351310278542605214e-01
4.061406140614061688e-01,8.350498016098238940e-01
4.062406240624062415e-01,8.349685553613866995e-01
4.063406340634063696e-01,8.348872891089489379e-01
4.064406440644064422e-01,8.348060028525104981e-01
4.065406540654065703e-01,8.347246965920713802e-01
4.066406640664066430e-01,8.346433703276318061e-01
4.067406740674067711e-01,8.345620240591915540e-01
4.068406840684068437e-01,8.344806577867507347e-01
4.069406940694069719e-01,8.343992715103093483e-01
4.070407040704070445e-01,8.343178652298672837e-01
4.071407140714071726e-01,8.342364389454246520e-01
4.072407240724072452e-01,8.341549926569814533e-01
4.073407340734073734e-01,8.340735263645375763e-01
4.074407440744074460e-01,8.339920400680932433e-01
4.075407540754075741e-01,8.339105337676482321e-01
4.076407640764076468e-01,8.338290074632025428e-01
4.077407740774077749e-01,8.337474611547562864e-01
4.078407840784078475e-01,8.336658948423094628e-01
4.079407940794079757e-01,8.335843085258620722e-01
4.080408040804080483e-01,8.335027022054140033e-01
4.081408140814081764e-01,8.334210758809653674e-01
4.082408240824082490e-01,8.333394295525161644e-01
4.083408340834083772e-01,8.332577632200663942e-01
4.084408440844084498e-01,8.331760768836159459e-01
4.085408540854085779e-01,8.330943705431649304e-01
4.086408640864086506e-01,8.330126441987133479e-01
4.087408740874087787e-01,8.329308978502609762e-01
4.088408840884088513e-01,8.328491314978082594e-01
4.089408940894089795e-01,8.327673451413547534e-01
4.090409040904090521e-01,8.326855387809007913e-01
4.091409140914091802e-01,8.326037124164461511e-01
4.092409240924092528e-01,8.325218660479909438e-01
4.093409340934093810e-01,8.324399996755350584e-01
4.094409440944094536e-01,8.323581132990787168e-01
4.095409540954095817e-01,8.322762069186215861e-01
4.096409640964096543e-01,8.321942805341639993e-01
4.097409740974097270e-01,8.321123341457058453e-01
4.098409840984098551e-01,8.320303677532470132e-01
4.099409940994099277e-01,8.319483813567876140e-01
4.100410041004100559e-01,8.318663749563275367e-01
4.101410141014101285e-01,8.317843485518668922e-01
4.102410241024102566e-01,8.317023021434056806e-01
4.103410341034103292e-01,8.316202357309439019e-01
4.104410441044104574e-01,8.315381493144813341e-01
4.105410541054105300e-01,8.314560428940184211e-01
4.106410641064106581e-01,8.313739164695547190e-01
4.107410741074107308e-01,8.312917700410905608e-01
4.108410841084108589e-01,8.312096036086256134e-01
4.109410941094109315e-01,8.311274171721603210e-01
4.110411041104110597e-01,8.310452107316942394e-01
4.111411141114111323e-01,8.309629842872275907e-01
4.112411241124112604e-01,8.308807378387603748e-01
4.113411341134113330e-01,8.307984713862925918e-01
4.114411441144114612e-01,8.307161849298241307e-01
4.115411541154115338e-01,8.306338784693551025e-01
4.116411641164116619e-01,8.305515520048853961e-01
4.117411741174117346e-01,8.304692055364152337e-01
4.118411841184118627e-01,8.303868390639443930e-01
4.119411941194119353e-01,8.303044525874729853e-01
4.120412041204120634e-01,8.302220461070008994e-01
4.121412141214121361e-01,8.301396196225283575e-01
4.122412241224122642e-01,8.300571731340550263e-01
4.123412341234123368e-01,8.299747066415812391e-01
4.124412441244124650e-01,8.298922201451067737e-01
4.125412541254125376e-01,8.298097136446318522e-01
4.126412641264126657e-01,8.297271871401561416e-01
4.127412741274127383e-01,8.296446406316799749e-01
4.128412841284128665e-01,8.295620741192031300e-01
4.129412941294129391e-01,8.294794876027256070e-01
4.130413041304130672e-01,8.293968810822476279e-01
4.131413141314131399e-01,8.293142545577689706e-01
4.132413241324132680e-01,8.292316080292897462e-01
4.133413341334133406e-01,8.291489414968099547e-01
4.134413441344134688e-01,8.290662549603294851e-01
4.135413541354135414e-01,8.289835484198484483e-01
4.136413641364136695e-01,8.289008218753668444e-01
4.137413741374137421e-01,8.288180753268845624e-01
4.138413841384138703e-01,8.287353087744018243e-01
4.139413941394139429e-01,8.286525222179184080e-01
4.140414041404140710e-01,8.285697156574343136e-01
4.141414141414141437e-01,8.284868890929497631e-01
4.142414241424142718e-01,8.284040425244644235e-01
4.143414341434143444e-01,8.283211759519786277e-01
4.144414441444144726e-01,8.282382893754921538e-01
4.145414541454145452e-01,8.281553827950052238e-01
4.146414641464146733e-01,8.280724562105175046e-01
4.147414741474147459e-01,8.279895096220293293e-01
4.148414841484148741e-01,8.279065430295404759e-01
4.149414941494149467e-01,8.278235564330510554e-01
4.150415041504150748e-01,8.277405498325609567e-01
4.151415141514151474e-01,8.276575232280704020e-01
4.152415241524152756e-01,8.275744766195791691e-01
4.153415341534153482e-01,8.274914100070873690e-01
4.154415441544154763e-01,8.274083233905948909e-01
4.155415541554155490e-01,8.273252167701018456e-01
4.156415641564156771e-01,8.272420901456081221e-01
4.157415741574157497e-01,8.271589435171139426e-01
4.158415841584158779e-01,8.270757768846190849e-01
4.159415941594159505e-01,8.269925902481236601e-01
4.160416041604160786e-01,8.269093836076276682e-01
4.161416141614161512e-01,8.268261569631309982e-01
4.162416241624162794e-01,8.267429103146337610e-01
4.163416341634163520e-01,8.266596436621359567e-01
4.164416441644164801e-01,8.265763570056374743e-01
4.165416541654165528e-01,8.264930503451385357e-01
4.166416641664166809e-01,8.264097236806389191e-01
4.167416741674167535e-01,8.263263770121386242e-01
4.168416841684168817e-01,8.262430103396377623e-01
4.169416941694169543e-01,8.261596236631363332e-01
4.170417041704170824e-01,8.260762169826343371e-01
4.171417141714171550e-01,8.259927902981316628e-01
4.172417241724172277e-01,8.259093436096285323e-01
4.173417341734173558e-01,8.258258769171246128e-01
4.174417441744174284e-01,8.257423902206202371e-01
4.175417541754175565e-01,8.256588835201151833e-01
4.176417641764176292e-01,8.255753568156095623e-01
4.177417741774177573e-01,8.254918101071033742e-01
4.178417841784178299e-01,8.254082433945965080e-01
4.179417941794179581e-01,8.253246566780890747e-01
4.180418041804180307e-01,8.252410499575810743e-01
4.181418141814181588e-01,8.251574232330723957e-01
4.182418241824182314e-01,8.250737765045631500e-01
4.183418341834183596e-01,8.249901097720533372e-01
4.184418441844184322e-01,8.249064230355428462e-01
4.185418541854185603e-01,8.248227162950317881e-01
4.186418641864186330e-01,8.247389895505201629e-01
4.187418741874187611e-01,8.246552428020079706e-01
4.188418841884188337e-01,8.245714760494951001e-01
4.189418941894189619e-01,8.244876892929816625e-01
4.190419041904190345e-01,8.244038825324676578e-01
4.191419141914191626e-01,8.243200557679529750e-01
4.192419241924192352e-01,8.242362089994378360e-01
4.193419341934193634e-01,8.241523422269219079e-01
4.194419441944194360e-01,8.240684554504055237e-01
4.195419541954195641e-01,8.239845486698884613e-01
4.196419641964196368e-01,8.239006218853708319e-01
4.197419741974197649e-01,8.238166750968526353e-01
4.198419841984198375e-01,8.237327083043337606e-01
4.199419941994199656e-01,8.236487215078143187e-01
4.200420042004200383e-01,8.235647147072943097e-01
4.201420142014201664e-01,8.234806879027736226e-01
4.202420242024202390e-01,8.233966410942524794e-01
4.203420342034203672e-01,8.233125742817305470e-01
4.204420442044204398e-01,8.232284874652081585e-01
4.205420542054205679e-01,8.231443806446850919e-01
4.206420642064206405e-01,8.230602538201614582e-01
4.207420742074207687e-01,8.229761069916372573e-01
4.208420842084208413e-01,8.228919401591123783e-01
4.209420942094209694e-01,8.228077533225869322e-01
4.210421042104210421e-01,8.227235464820609190e-01
4.211421142114211702e-01,8.226393196375343386e-01
4.212421242124212428e-01,8.225550727890070801e-01
4.213421342134213710e-01,8.224708059364791435e-01
4.214421442144214436e-01,8.223865190799508618e-01
4.215421542154215717e-01,8.223022122194216799e-01
4.216421642164216443e-01,8.222178853548921529e-01
4.217421742174217725e-01,8.221335384863618367e-01
4.218421842184218451e-01,8.220491716138310645e-01
4.219421942194219732e-01,8.219647847372996141e-01
4.220422042204220459e-01,8.218803778567675966e-01
4.221422142214221740e-01,8.217959509722349010e-01
4.222422242224222466e-01,8.217115040837017492e-01
4.223422342234223748e-01,8.216270371911678083e-01
4.224422442244224474e-01,8.215425502946334113e-01
4.225422542254225755e-01,8.214580433940983362e-01
4.226422642264226481e-01,8.213735164895628049e-01
4.227422742274227763e-01,8.212889695810264845e-01
4.228422842284228489e-01,8.212044026684897080e-01
4.229422942294229770e-01,8.211198157519521423e-01
4.230423042304230496e-01,8.210352088314141206e-01
4.231423142314231778e-01,8.209505819068755317e-01
4.232423242324232504e-01,8.208659349783362646e-01
4.233423342334233785e-01,8.207812680457964305e-01
4.234423442344234512e-01,8.206965811092560292e-01
4.235423542354235793e-01,8.206118741687149498e-01
4.236423642364236519e-01,8.205271472241733033e-01
4.237423742374237801e-01,8.204424002756310896e-01
4.238423842384238527e-01,8.203576333230883089e-01
4.239423942394239808e-01,8.202728463665448499e-01
4.240424042404240534e-01,8.201880394060008239e-01
4.241424142414241816e-01,8.201032124414561197e-01
4.242424242424242542e-01,8.200183654729109595e-01
4.243424342434243823e-01,8.199334985003650100e-01
4.244424442444244550e-01,8.198486115238186045e-01
4.245424542454245831e-01,8.197637045432715208e-01
4.246424642464246557e-01,8.196787775587239810e-01
4.247424742474247839e-01,8.195938305701757631e-01
4.248424842484248565e-01,8.195088635776268671e-01
4.249424942494249291e-01,8.194238765810775149e-01
4.250425042504250572e-01,8.193388695805273736e-01
4.251425142514251299e-01,8.192538425759767762e-01
4.252425242524252580e-01,8.191687955674255006e-01
4.253425342534253306e-01,8.190837285548736579e-01
4.254425442544254587e-01,8.189986415383212481e-01
4.255425542554255314e-01,8.189135345177682712e-01
4.256425642564256595e-01,8.188284074932146162e-01
4.257425742574257321e-01,8.187432604646602829e-01
4.258425842584258603e-01,8.186580934321054936e-01
4.259425942594259329e-01,8.185729063955500262e-01
4.260426042604260610e-01,8.184876993549939916e-01
4.261426142614261336e-01,8.184024723104373900e-01
4.262426242624262618e-01,8.183172252618801101e-01
4.263426342634263344e-01,8.182319582093222632e-01
4.264426442644264625e-01,8.181466711527638491e-01
4.265426542654265352e-01,8.180613640922047569e-01
4.266426642664266633e-01,8.179760370276452086e-01
4.267426742674267359e-01,8.178906899590849822e-01
4.268426842684268641e-01,8.178053228865240776e-01
4.269426942694269367e-01,8.177199358099626059e-01
4.270427042704270648e-01,8.176345287294005670e-01
4.271427142714271374e-01,8.175491016448379611e-01
4.272427242724272656e-01,8.174636545562746770e-01
4.273427342734273382e-01,8.173781874637109368e-01
4.274427442744274663e-01,8.172927003671464075e-01
4.275427542754275390e-01,8.172071932665814220e-01
4.276427642764276671e-01,8.171216661620157584e-01
4.277427742774277397e-01,8.170361190534495277e-01
4.278427842784278679e-01,8.169505519408826189e-01
4.279427942794279405e-01,8.168649648243152539e-01
4.280428042804280686e-01,8.167793577037472108e-01
4.281428142814281412e-01,8.166937305791786006e-01
4.282428242824282694e-01,8.166080834506093122e-01
4.283428342834283420e-01,8.165224163180394568e-01
4.284428442844284701e-01,8.164367291814689231e-01
4.285428542854285427e-01,8.163510220408979334e-01
4.286428642864286709e-01,8.162652948963262656e-01
4.287428742874287435e-01,8.161795477477540306e-01
4.288428842884288716e-01,8.160937805951812285e-01
4.289428942894289443e-01,8.160079934386077483e-01
4.290429042904290724e-01,8.159221862780337009e-01
4.291429142914291450e-01,8.158363591134590864e-01
4.292429242924292732e-01,8.157505119448837938e-01
4.293429342934293458e-01,8.156646447723080451e-01
4.294429442944294739e-01,8.155787575957315072e-01
4.295429542954295465e-01,8.154928504151545132e-01
4.296429642964296747e-01,8.154069232305768411e-01
4.297429742974297473e-01,8.153209760419986019e-01
4.298429842984298754e-01,8.152350088494197955e-01
4.299429942994299481e-01,8.151490216528403110e-01
4.300430043004300762e-01,8.150630144522602594e-01
4.301430143014301488e-01,8.149769872476796406e-01
4.302430243024302770e-01,8.148909400390984548e-01
4.303430343034303496e-01,8.148048728265165908e-01
4.304430443044304777e-01,8.147187856099340486e-01
4.305430543054305503e-01,8.146326783893510504e-01
4.306430643064306785e-01,8.145465511647673740e-01
4.307430743074307511e-01,8.144604039361831305e-01
4.308430843084308792e-01,8.143742367035983198e-01
4.309430943094309518e-01,8.142880494670128311e-01
4.310431043104310800e-01,8.142018422264267752e-01
4.311431143114311526e-01,8.141156149818402632e-01
4.312431243124312807e-01,8.140293677332529620e-01
4.313431343134313534e-01,8.139431004806650938e-01
4.314431443144314815e-01,8.138568132240766584e-01
4.315431543154315541e-01,8.137705059634876559e-01
4.316431643164316823e-01,8.136841786988979752e-01
4.317431743174317549e-01,8.135978314303077275e-01
4.318431843184318830e-01,8.135114641577168015e-01
4.319431943194319556e-01,8.134250768811254195e-01
4.320432043204320838e-01,8.133386696005333594e-01
4.321432143214321564e-01,8.132522423159407321e-01
4.322432243224322845e-01,8.131657950273474267e-01
4.323432343234323572e-01,8.130793277347536652e-01
4.324432443244324298e-01,8.129928404381592255e-01
4.325432543254325579e-01,8.129063331375641077e-01
4.326432643264326305e-01,8.128198058329685338e-01
4.327432743274327587e-01,8.127332585243722818e-01
4.328432843284328313e-01,8.126466912117754626e-01
4.329432943294329594e-01,8.125601038951779653e-01
4.330433043304330321e-01,8.124734965745799009e-01
4.331433143314331602e-01,8.123868692499812694e-01
4.332433243324332328e-01,8.123002219213820707e-01
4.333433343334333609e-01,8.122135545887821939e-01
4.334433443344334336e-01,8.121268672521817500e-01
4.335433543354335617e-01,8.120401599115807389e-01
4.336433643364336343e-01,8.119534325669790498e-01
4.337433743374337625e-01,8.118666852183767935e-01
4.338433843384338351e-01,8.117799178657739700e-01
4.339433943394339632e-01,8.116931305091705795e-01
4.340434043404340358e-01,8.116063231485665108e-01
4.341434143414341640e-01,8.115194957839617640e-01
4.342434243424342366e-01,8.114326484153565611e-01
4.343434343434343647e-01,8.113457810427506800e-01
4.344434443444344374e-01,8.112588936661442318e-01
4.345434543454345655e-01,8.111719862855372165e-01
4.346434643464346381e-01,8.110850589009296341e-01
4.347434743474347663e-01,8.109981115123212625e-01
4.348434843484348389e-01,8.109111441197125458e-01
4.349434943494349670e-01,8.108241567231030400e-01
4.350435043504350396e-01,8.107371493224930781e-01
4.351435143514351678e-01,8.106501219178823270e-01
4.352435243524352404e-01,8.105630745092711198e-01
4.353435343534353685e-01,8.104760070966592345e-01
4.354435443544354412e-01,8.103889196800467820e-01
4.355435543554355693e-01,8.103018122594337624e-01
4.356435643564356419e-01,8.102146848348201758e-01
4.357435743574357701e-01,8.101275374062057999e-01
4.358435843584358427e-01,8.100403699735909679e-01
4.359435943594359708e-01,8.099531825369755689e-01
4.360436043604360434e-01,8.098659750963594917e-01
4.361436143614361716e-01,8.097787476517428473e-01
4.362436243624362442e-01,8.096915002031256359e-01
4.363436343634363723e-01,8.096042327505077463e-01
4.364436443644364449e-01,8.095169452938892896e-01
4.365436543654365731e-01,8.094296378332702657e-01
4.366436643664366457e-01,8.093423103686505637e-01
4.367436743674367738e-01,8.092549629000302946e-01
4.368436843684368465e-01,8.091675954274095695e-01
4.369436943694369746e-01,8.090802079507880551e-01
4.370437043704370472e-01,8.089928004701660846e-01
4.371437143714371754e-01,8.089053729855433250e-01
4.372437243724372480e-01,8.088179254969201093e-01
4.373437343734373761e-01,8.087304580042962154e-01
4.374437443744374487e-01,8.086429705076718655e-01
4.375437543754375769e-01,8.085554630070467264e-01
4.376437643764376495e-01,8.084679355024211311e-01
4.377437743774377776e-01,8.083803879937948578e-01
4.378437843784378503e-01,8.082928204811680173e-01
4.379437943794379784e-01,8.082052329645406097e-01
4.380438043804380510e-01,8.081176254439125239e-01
4.381438143814381792e-01,8.080299979192838711e-01
4.382438243824382518e-01,8.079423503906546511e-01
4.383438343834383799e-01,8.078546828580247530e-01
4.384438443844384525e-01,8.077669953213942877e-01
4.385438543854385807e-01,8.076792877807632554e-01
4.386438643864386533e-01,8.075915602361316559e-01
4.387438743874387814e-01,8.075038126874993782e-01
4.388438843884388540e-01,8.074160451348665335e-01
4.389438943894389822e-01,8.073282575782330106e-01
4.390439043904390548e-01,8.072404500175990316e-01
4.391439143914391829e-01,8.071526224529643745e-01
4.392439243924392556e-01,8.070647748843291502e-01
4.393439343934393837e-01,8.069769073116932478e-01
4.394439443944394563e-01,8.068890197350567783e-01
4.395439543954395845e-01,8.068011121544197417e-01
4.396439643964396571e-01,8.067131845697821380e-01
4.397439743974397852e-01,8.066252369811438561e-01
4.398439843984398578e-01,8.065372693885050071e-01
4.399439943994399860e-01,8.064492817918654799e-01
4.400440044004400586e-01,8.063612741912254966e-01
4.401440144014401312e-01,8.062732465865848352e-01
4.402440244024402594e-01,8.061851989779436067e-01
4.403440344034403320e-01,8.060971313653018111e-01
4.404440444044404601e-01,8.060090437486593373e-01
4.405440544054405327e-01,8.059209361280161854e-01
4.406440644064406609e-01,8.058328085033725774e-01
4.407440744074407335e-01,8.057446608747282912e-01
4.408440844084408616e-01,8.056564932420834380e-01
4.409440944094409343e-01,8.055683056054380176e-01
4.410441044104410624e-01,8.054800979647920300e-01
4.411441144114411350e-01,8.053918703201453644e-01
4.412441244124412631e-01,8.053036226714980206e-01
4.413441344134413358e-01,8.052153550188502207e-01
4.414441444144414639e-01,8.051270673622017426e-01
4.415441544154415365e-01,8.050387597015526975e-01
4.416441644164416647e-01,8.049504320369029742e-01
4.417441744174417373e-01,8.048620843682527948e-01
4.418441844184418654e-01,8.047737166956019372e-01
4.419441944194419380e-01,8.046853290189505126e-01
4.420442044204420662e-01,8.045969213382984098e-01
4.421442144214421388e-01,8.045084936536457398e-01
4.422442244224422669e-01,8.044200459649925028e-01
4.423442344234423396e-01,8.043315782723386986e-01
4.424442444244424677e-01,8.042430905756842163e-01
4.425442544254425403e-01,8.041545828750291669e-01
4.426442644264426685e-01,8.040660551703735504e-01
4.427442744274427411e-01,8.039775074617172557e-01
4.428442844284428692e-01,8.038889397490603939e-01
4.429442944294429418e-01,8.038003520324029649e-01
4.430443044304430700e-01,8.037117443117448579e-01
4.431443144314431426e-01,8.036231165870861837e-01
4.432443244324432707e-01,8.035344688584269424e-01
4.433443344334433434e-01,8.034458011257671339e-01
4.434443444344434715e-01,8.033571133891066474e-01
4.435443544354435441e-01,8.032684056484455937e-01
4.436443644364436723e-01,8.031796779037839729e-01
4.437443744374437449e-01,8.030909301551216739e-01
4.438443844384438730e-01,8.030021624024588078e-01
4.439443944394439456e-01,8.029133746457953746e-01
4.440444044404440738e-01,8.028245668851312633e-01
4.441444144414441464e-01,8.027357391204666959e-01
4.442444244424442745e-01,8.026468913518014503e-01
4.443444344434443471e-01,8.025580235791356376e-01
4.444444444444444753e-01,8.024691358024691468e-01
4.445444544454445479e-01,8.023802280218020888e-01
4.446444644464446760e-01,8.022913002371343527e-01
4.447444744474447487e-01,8.022023524484661605e-01
4.448444844484448768e-01,8.021133846557972902e-01
4.449444944494449494e-01,8.020243968591278527e-01
4.450445044504450776e-01,8.019353890584577371e-01
4.451445144514451502e-01,8.018463612537871654e-01
4.452445244524452783e-01,8.017573134451159156e-01
4.453445344534453509e-01,8.016682456324439876e-01
4.454445444544454791e-01,8.015791578157716035e-01
4.455445544554455517e-01,8.014900499950985413e-01
4.456445644564456798e-01,8.014009221704248009e-01
4.457445744574457525e-01,8.013117743417506045e-01
4.458445844584458806e-01,8.012226065090757299e-01
4.459445944594459532e-01,8.011334186724002882e-01
4.460446044604460814e-01,8.010442108317241683e-01
4.461446144614461540e-01,8.009549829870475923e-01
4.462446244624462821e-01,8.008657351383703382e-01
4.463446344634463547e-01,8.007764672856925170e-01
4.464446444644464829e-01,8.006871794290140176e-01
4.465446544654465555e-01,8.005978715683349511e-01
4.466446644664466836e-01,8.005085437036552065e-01
4.467446744674467562e-01,8.004191958349750058e-01
4.468446844684468844e-01,8.003298279622941269e-01
4.469446944694469570e-01,8.002404400856126809e-01
4.470447044704470851e-01,8.001510322049306678e-01
4.471447144714471578e-01,8.000616043202479766e-01
4.472447244724472859e-01,7.999721564315647182e-01
4.473447344734473585e-01,7.998826885388808927e-01
4.474447444744474867e-01,7.997932006421963891e-01
4.475447544754475593e-01,7.997036927415113183e-01
4.476447644764476319e-01,7.996141648368257915e-01
4.477447744774477600e-01,7.995246169281394755e-01
4.478447844784478327e-01,7.994350490154525923e-01
4.479447944794479608e-01,7.993454610987651421e-01
4.480448044804480334e-01,7.992558531780771247e-01
4.481448144814481616e-01,7.991662252533884292e-01
4.482448244824482342e-01,7.990765773246991666e-01
4.483448344834483623e-01,7.989869093920092258e-01
4.484448444844484349e-01,7.988972214553188289e-01
4.485448544854485631e-01,7.988075135146277539e-01
4.486448644864486357e-01,7.987177855699361118e-01
4.487448744874487638e-01,7.986280376212437915e-01
4.488448844884488365e-01,7.985382696685510151e-01
4.489448944894489646e-01,7.984484817118575606e-01
4.490449044904490372e-01,7.983586737511635389e-01
4.491449144914491654e-01,7.982688457864688392e-01
4.492449244924492380e-01,7.981789978177735723e-01
4.493449344934493661e-01,7.980891298450777382e-01
4.494449444944494387e-01,7.979992418683812261e-01
4.495449544954495669e-01,7.979093338876841468e-01
4.496449644964496395e-01,7.978194059029866114e-01
4.497449744974497676e-01,7.977294579142882869e-01
4.498449844984498402e-01,7.976394899215893952e-01
4.499449944994499684e-01,7.975495019248899364e-01
4.500450045004500410e-01,7.974594939241899105e-01
4.501450145014501691e-01,7.973694659194892065e-01
4.502450245024502418e-01,7.972794179107880463e-01
4.503450345034503699e-01,7.971893498980860970e-01
4.504450445044504425e-01,7.970992618813836916e-01
4.505450545054505707e-01,7.970091538606806081e-01
4.506450645064506433e-01,7.969190258359769574e-01
4.507450745074507714e-01,7.968288778072726286e-01
4.508450845084508440e-01,7.967387097745678437e-01
4.509450945094509722e-01,7.966485217378622696e-01
4.510451045104510448e-01,7.965583136971563505e-01
4.511451145114511729e-01,7.964680856524496422e-01
4.512451245124512456e-01,7.963778376037423667e-01
4.513451345134513737e-01,7.962875695510345242e-01
4.514451445144514463e-01,7.961972814943261145e-01
4.515451545154515745e-01,7.961069734336170267e-01
4.516451645164516471e-01,7.960166453689072608e-01
4.517451745174517752e-01,7.959262973001970387e-01
4.518451845184518478e-01,7.958359292274861385e-01
4.519451945194519760e-01,7.957455411507747822e-01
4.520452045204520486e-01,7.956551330700627478e-01
4.521452145214521767e-01,7.955647049853500352e-01
4.522452245224522493e-01,7.954742568966367555e-01
4.523452345234523775e-01,7.953837888039229087e-01
4.524452445244524501e-01,7.952933007072084948e-01
4.525452545254525782e-01,7.952027926064932917e-01
4.526452645264526509e-01,7.951122645017777435e-01
4.527452745274527790e-01,7.950217163930614062e-01
4.528452845284528516e-01,7.949311482803446127e-01
4.529452945294529798e-01,7.948405601636270301e-01
4.530453045304530524e-01,7.947499520429091024e-01
4.531453145314531805e-01,7.946593239181903856e-01
4.532453245324532531e-01,7.945686757894711016e-01
4.533453345334533813e-01,7.944780076567512506e-01
4.534453445344534539e-01,7.943873195200308324e-01
4.535453545354535820e-01,7.942966113793097360e-01
4.536453645364536547e-01,7.942058832345880726e-01
4.537453745374537828e-01,7.941151350858657310e-01
4.538453845384538554e-01,7.940243669331429333e-01
4.539453945394539836e-01,7.939335787764194574e-01
4.540454045404540562e-01,7.938427706156954144e-01
4.541454145414541843e-01,7.937519424509706933e-01
4.542454245424542569e-01,7.936610942822455161e-01
4.543454345434543851e-01,7.935702261095196608e-01
4.544454445444544577e-01,7.934793379327931273e-01
4.545454545454545858e-01,7.933884297520661377e-01
4.546454645464546584e-01,7.932975015673384700e-01
4.547454745474547866e-01,7.932065533786101241e-01
4.548454845484548592e-01,7.931155851858813222e-01
4.549454945494549873e-01,7.930245969891518421e-01
4.550455045504550600e-01,7.929335887884217948e-01
4.551455145514551881e-01,7.928425605836910695e-01
4.552455245524552607e-01,7.927515123749598880e-01
4.553455345534553333e-01,7.926604441622280284e-01
4.554455445544554615e-01,7.925693559454954906e-01
4.555455545554555341e-01,7.924782477247624968e-01
4.556455645564556622e-01,7.923871195000288248e-01
4.557455745574557349e-01,7.922959712712945857e-01
4.558455845584558630e-01,7.922048030385596684e-01
4.559455945594559356e-01,7.921136148018241840e-01
4.560456045604560638e-01,7.920224065610881325e-01
4.561456145614561364e-01,7.919311783163515139e-01
4.562456245624562645e-01,7.918399300676142172e-01
4.563456345634563371e-01,7.917486618148763533e-01
4.564456445644564653e-01,7.916573735581378113e-01
4.565456545654565379e-01,7.915660652973988132e-01
4.566456645664566660e-01,7.914747370326591369e-01
4.567456745674567387e-01,7.913833887639188935e-01
4.568456845684568668e-01,7.912920204911779720e-01
4.569456945694569394e-01,7.912006322144365944e-01
4.570457045704570676e-01,7.911092239336945386e-01
4.571457145714571402e-01,7.910177956489518047e-01
4.572457245724572683e-01,7.909263473602086147e-01
4.573457345734573409e-01,7.908348790674647466e-01
4.574457445744574691e-01,7.907433907707202003e-01
4.575457545754575417e-01,7.906518824699751979e-01
4.576457645764576698e-01,7.905603541652295174e-01
4.577457745774577424e-01,7.904688058564832698e-01
4.578457845784578706e-01,7.903772375437363440e-01
4.579457945794579432e-01,7.902856492269889621e-01
4.580458045804580713e-01,7.901940409062407911e-01
4.581458145814581440e-01,7.901024125814921639e-01
4.582458245824582721e-01,7.900107642527428586e-01
4.583458345834583447e-01,7.899190959199930973e-01
4.584458445844584729e-01,7.898274075832425467e-01
4.585458545854585455e-01,7.897356992424915401e-01
4.586458645864586736e-01,7.896439708977398553e-01
4.587458745874587462e-01,7.895522225489876034e-01
4.588458845884588744e-01,7.894604541962346733e-01
4.589458945894589470e-01,7.893686658394811761e-01
4.590459045904590751e-01,7.892768574787271119e-01
4.591459145914591478e-01,7.891850291139724805e-01
4.592459245924592759e-01,7.890931807452171709e-01
4.593459345934593485e-01,7.890013123724614053e-01
4.594459445944594767e-01,7.889094239957048504e-01
4.595459545954595493e-01,7.888175156149478395e-01
4.596459645964596774e-01,7.887255872301901505e-01
4.597459745974597500e-01,7.886336388414318943e-01
4.598459845984598782e-01,7.885416704486729600e-01
4.599459945994599508e-01,7.884496820519135696e-01
4.600460046004600789e-01,7.883576736511535010e-01
4.601460146014601515e-01,7.882656452463927543e-01
4.602460246024602797e-01,7.881735968376315515e-01
4.603460346034603523e-01,7.880815284248696706e-01
4.604460446044604804e-01,7.879894400081072225e-01
4.605460546054605531e-01,7.878973315873440963e-01
4.606460646064606812e-01,7.878052031625804030e-01
4.607460746074607538e-01,7.877130547338162536e-01
4.608460846084608820e-01,7.876208863010513150e-01
4.609460946094609546e-01,7.875286978642859204e-01
4.610461046104610827e-01,7.874364894235197365e-01
4.611461146114611553e-01,7.873442609787530966e-01
4.612461246124612835e-01,7.872520125299857785e-01
4.613461346134613561e-01,7.871597440772180043e-01
4.614461446144614842e-01,7.870674556204495520e-01
4.615461546154615569e-01,7.869751471596804215e-01
4.616461646164616850e-01,7.868828186949107240e-01
4.617461746174617576e-01,7.867904702261405703e-01
4.618461846184618858e-01,7.866981017533696274e-01
4.619461946194619584e-01,7.866057132765982285e-01
4.620462046204620865e-01,7.865133047958260404e-01
4.621462146214621591e-01,7.864208763110533962e-01
4.622462246224622873e-01,7.863284278222801849e-01
4.623462346234623599e-01,7.862359593295062954e-01
4.624462446244624880e-01,7.861434708327318388e-01
4.625462546254625607e-01,7.860509623319567041e-01
4.626462646264626888e-01,7.859584338271810022e-01
4.627462746274627614e-01,7.858658853184048443e-01
4.628462846284628340e-01,7.857733168056280082e-01
4.629462946294629622e-01,7.856807282888504940e-01
4.630463046304630348e-01,7.855881197680724126e-01
4.631463146314631629e-01,7.854954912432937641e-01
4.632463246324632355e-01,7.854028427145145486e-01
4.633463346334633637e-01,7.853101741817345438e-01
4.634463446344634363e-01,7.852174856449540830e-01
4.635463546354635644e-01,7.851247771041730550e-01
4.636463646364636371e-01,7.850320485593913489e-01
4.637463746374637652e-01,7.849393000106090756e-01
4.638463846384638378e-01,7.848465314578262353e-01
4.639463946394639660e-01,7.847537429010427168e-01
4.640464046404640386e-01,7.846609343402587422e-01
4.641464146414641667e-01,7.845681057754739784e-01
4.642464246424642393e-01,7.844752572066887586e-01
4.643464346434643675e-01,7.843823886339028606e-01
4.644464446444644401e-01,7.842895000571163955e-01
4.645464546454645682e-01,7.841965914763293632e-01
4.646464646464646409e-01,7.841036628915416529e-01
4.647464746474647690e-01,7.840107143027533754e-01
4.648464846484648416e-01,7.839177457099645308e-01
4.649464946494649698e-01,7.838247571131750080e-01
4.650465046504650424e-01,7.837317485123850291e-01
4.651465146514651705e-01,7.836387199075942611e-01
4.652465246524652431e-01,7.835456712988030370e-01
4.653465346534653713e-01,7.834526026860111347e-01
4.654465446544654439e-01,7.833595140692186654e-01
4.655465546554655720e-01,7.832664054484256289e-01
4.656465646564656446e-01,7.831732768236319142e-01
4.657465746574657728e-01,7.830801281948376324e-01
4.658465846584658454e-01,7.829869595620427836e-01
4.659465946594659735e-01,7.828937709252472565e-01
4.660466046604660462e-01,7.828005622844512734e-01
4.661466146614661743e-01,7.827073336396546122e-01
4.662466246624662469e-01,7.826140849908573838e-01
4.663466346634663751e-01,7.825208163380594772e-01
4.664466446644664477e-01,7.824275276812610036e-01
4.665466546654665758e-01,7.823342190204618518e-01
4.666466646664666484e-01,7.822408903556622439e-01
4.667466746674667766e-01,7.821475416868619579e-01
4.668466846684668492e-01,7.820541730140611048e-01
4.669466946694669773e-01,7.819607843372595735e-01
4.670467046704670500e-01,7.818673756564575861e-01
4.671467146714671781e-01,7.817739469716548095e-01
4.672467246724672507e-01,7.816804982828515769e-01
4.673467346734673789e-01,7.815870295900476661e-01
4.674467446744674515e-01,7.814935408932432992e-01
4.675467546754675796e-01,7.814000321924381431e-01
4.676467646764676522e-01,7.813065034876325310e-01
4.677467746774677804e-01,7.812129547788262407e-01
4.678467846784678530e-01,7.811193860660192723e-01
4.679467946794679811e-01,7.810257973492118477e-01
4.680468046804680537e-01,7.809321886284037451e-01
4.681468146814681819e-01,7.808385599035950753e-01
4.682468246824682545e-01,7.807449111747858383e-01
4.683468346834683826e-01,7.806512424419759233e-01
4.684468446844684553e-01,7.805575537051654411e-01
4.685468546854685834e-01,7.804638449643543918e-01
4.686468646864686560e-01,7.803701162195427754e-01
4.687468746874687842e-01,7.802763674707304808e-01
4.688468846884688568e-01,7.801825987179176192e-01
4.689468946894689849e-01,7.800888099611040793e-01
4.690469046904690575e-01,7.799950012002900834e-01
4.691469146914691857e-01,7.799011724354752984e-01
4.692469246924692583e-01,7.798073236666600572e-01
4.693469346934693864e-01,7.797134548938442489e-01
4.694469446944694591e-01,7.796195661170277624e-01
4.695469546954695872e-01,7.795256573362105978e-01
4.696469646964696598e-01,7.794317285513929772e-01
4.697469746974697880e-01,7.793377797625746783e-01
4.698469846984698606e-01,7.792438109697558124e-01
4.699469946994699887e-01,7.791498221729362683e-01
4.700470047004700613e-01,7.790558133721162681e-01
4.701470147014701895e-01,7.789617845672955898e-01
4.702470247024702621e-01,7.788677357584743444e-01
4.703470347034703347e-01,7.787736669456524208e-01
4.704470447044704629e-01,7.786795781288299301e-01
4.705470547054705355e-01,7.785854693080069833e-01
4.706470647064706636e-01,7.784913404831832473e-01
4.707470747074707362e-01,7.783971916543589442e-01
4.708470847084708644e-01,7.783030228215340740e-01
4.709470947094709370e-01,7.782088339847086367e-01
4.710471047104710651e-01,7.781146251438825212e-01
4.711471147114711377e-01,7.780203962990558386e-01
4.712471247124712659e-01,7.779261474502285889e-01
4.713471347134713385e-01,7.778318785974006611e-01
4.714471447144714666e-01,7.777375897405721661e-01
4.715471547154715393e-01,7.776432808797431040e-01
4.716471647164716674e-01,7.775489520149134748e-01
4.717471747174717400e-01,7.774546031460831674e-01
4.718471847184718682e-01,7.773602342732522930e-01
4.719471947194719408e-01,7.772658453964208514e-01
4.720472047204720689e-01,7.771714365155887316e-01
4.721472147214721415e-01,7.770770076307560448e-01
4.722472247224722697e-01,7.769825587419227908e-01
4.723472347234723423e-01,7.768880898490888587e-01
4.724472447244724704e-01,7.767936009522544705e-01
4.725472547254725431e-01,7.766990920514194041e-01
4.726472647264726712e-01,7.766045631465836596e-01
4.727472747274727438e-01,7.765100142377474590e-01
4.728472847284728720e-01,7.764154453249104693e-01
4.729472947294729446e-01,7.763208564080730234e-01
4.730473047304730727e-01,7.762262474872350104e-01
4.731473147314731453e-01,7.761316185623963193e-01
4.732473247324732735e-01,7.760369696335569500e-01
4.733473347334733461e-01,7.759423007007171247e-01
4.734473447344734742e-01,7.758476117638766212e-01
4.735473547354735468e-01,7.757529028230355506e-01
4.736473647364736750e-01,7.756581738781939128e-01
4.737473747374737476e-01,7.755634249293515969e-01
4.738473847384738757e-01,7.754686559765087139e-01
4.739473947394739484e-01,7.753738670196652638e-01
4.740474047404740765e-01,7.752790580588211355e-01
4.741474147414741491e-01,7.751842290939765512e-01
4.742474247424742773e-01,7.750893801251311777e-01
4.743474347434743499e-01,7.749945111522853480e-01
4.744474447444744780e-01,7.748996221754388403e-01
4.745474547454745506e-01,7.748047131945917654e-01
4.746474647464746788e-01,7.747097842097441234e-01
4.747474747474747514e-01,7.746148352208958032e-01
4.748474847484748795e-01,7.745198662280469160e-01
4.749474947494749522e-01,7.744248772311974616e-01
4.750475047504750803e-01,7.743298682303473290e-01
4.751475147514751529e-01,7.742348392254967404e-01
4.752475247524752811e-01,7.741397902166453626e-01
4.753475347534753537e-01,7.740447212037935287e-01
4.754475447544754818e-01,7.739496321869410167e-01
4.755475547554755544e-01,7.738545231660880486e-01
4.756475647564756826e-01,7.737593941412342913e-01
4.757475747574757552e-01,7.736642451123800779e-01
4.758475847584758833e-01,7.735690760795250753e-01
4.759475947594759560e-01,7.734738870426696167e-01
4.760476047604760841e-01,7.733786780018134799e-01
4.761476147614761567e-01,7.732834489569568870e-01
4.762476247624762848e-01,7.731881999080996160e-01
4.763476347634763575e-01,7.730929308552416668e-01
4.764476447644764856e-01,7.729976417983832615e-01
4.765476547654765582e-01,7.729023327375241781e-01
4.766476647664766864e-01,7.728070036726644165e-01
4.767476747674767590e-01,7.727116546038041989e-01
4.768476847684768871e-01,7.726162855309433031e-01
4.769476947694769597e-01,7.725208964540818402e-01
4.770477047704770879e-01,7.724254873732196991e-01
4.771477147714771605e-01,7.723300582883571019e-01
4.772477247724772886e-01,7.722346091994938266e-01
4.773477347734773613e-01,7.721391401066298732e-01
4.774477447744774894e-01,7.720436510097654637e-01
4.775477547754775620e-01,7.719481419089003760e-01
4.776477647764776902e-01,7.718526128040346101e-01
4.777477747774777628e-01,7.717570636951683882e-01
4.778477847784778909e-01,7.716614945823014882e-01
4.779477947794779635e-01,7.715659054654340210e-01
4.780478047804780362e-01,7.714702963445659867e-01
4.781478147814781643e-01,7.713746672196972742e-01
4.782478247824782369e-01,7.712790180908279947e-01
4.783478347834783651e-01,7.711833489579580370e-01
4.784478447844784377e-01,7.710876598210876232e-01
4.785478547854785658e-01,7.709919506802165312e-01
4.786478647864786384e-01,7.708962215353448721e-01
4.787478747874787666e-01,7.708004723864725349e-01
4.788478847884788392e-01,7.707047032335996306e-01
4.789478947894789673e-01,7.706089140767261592e-01
4.790479047904790399e-01,7.705131049158521206e-01
4.791479147914791681e-01,7.704172757509774039e-01
4.792479247924792407e-01,7.703214265821021201e-01
4.793479347934793688e-01,7.702255574092262691e-01
4.794479447944794415e-01,7.701296682323497400e-01
4.795479547954795696e-01,7.700337590514726438e-01
4.796479647964796422e-01,7.699378298665950915e-01
4.797479747974797704e-01,7.698418806777167500e-01
4.798479847984798430e-01,7.697459114848378414e-01
4.799479947994799711e-01,7.696499222879583657e-01
4.800480048004800437e-01,7.695539130870783229e-01
4.801480148014801719e-01,7.694578838821976019e-01
4.802480248024802445e-01,7.693618346733163138e-01
4.803480348034803726e-01,7.692657654604344586e-01
4.804480448044804453e-01,7.691696762435519252e-01
4.805480548054805734e-01,7.690735670226688248e-01
4.806480648064806460e-01,7.689774377977851572e-01
4.807480748074807742e-01,7.688812885689009224e-01
4.808480848084808468e-01,7.687851193360160096e-01
4.809480948094809749e-01,7.686889300991305296e-01
4.810481048104810475e-01,7.685927208582443715e-01
4.811481148114811757e-01,7.684964916133577573e-01
4.812481248124812483e-01,7.684002423644704649e-01
4.813481348134813764e-01,7.683039731115826054e-01
4.814481448144814490e-01,7.682076838546940678e-01
4.815481548154815772e-01,7.681113745938049631e-01
4.816481648164816498e-01,7.680150453289152912e-01
4.817481748174817779e-01,7.679186960600250522e-01
4.818481848184818506e-01,7.678223267871341351e-01
4.819481948194819787e-01,7.677259375102426509e-01
4.820482048204820513e-01,7.676295282293505995e-01
4.821482148214821795e-01,7.675330989444578700e-01
4.822482248224822521e-01,7.674366496555645734e-01
4.823482348234823802e-01,7.673401803626707096e-01
4.824482448244824528e-01,7.672436910657762787e-01
4.825482548254825810e-01,7.671471817648811697e-01
4.826482648264826536e-01,7.670506524599854936e-01
4.827482748274827817e-01,7.669541031510891393e-01
4.828482848284828544e-01,7.668575338381923290e-01
4.829482948294829825e-01,7.667609445212948405e-01
4.830483048304830551e-01,7.666643352003967848e-01
4.831483148314831833e-01,7.665677058754980511e-01
4.832483248324832559e-01,7.664710565465987502e-01
4.833483348334833840e-01,7.663743872136987711e-01
4.834483448344834566e-01,7.662776978767983360e-01
4.835483548354835848e-01,7.661809885358972227e-01
4.836483648364836574e-01,7.660842591909955424e-01
4.837483748374837855e-01,7.659875098420932948e-01
4.838483848384838582e-01,7.658907404891903692e-01
4.839483948394839863e-01,7.657939511322868764e-01
4.840484048404840589e-01,7.656971417713828165e-01
4.841484148414841870e-01,7.656003124064780785e-01
4.842484248424842597e-01,7.655034630375728844e-01
4.843484348434843878e-01,7.654065936646670121e-01
4.844484448444844604e-01,7.653097042877604617e-01
4.845484548454845886e-01,7.652127949068533441e-01
4.846484648464846612e-01,7.651158655219456595e-01
4.847484748474847893e-01,7.650189161330374077e-01
4.848484848484848619e-01,7.649219467401284778e-01
4.849484948494849901e-01,7.648249573432190918e-01
4.850485048504850627e-01,7.647279479423090276e-01
4.851485148514851908e-01,7.646309185373982853e-01
4.852485248524852635e-01,7.645338691284869759e-01
4.853485348534853916e-01,7.644367997155750993e-01
4.854485448544854642e-01,7.643397102986626557e-01
4.855485548554855368e-01,7.642426008777495339e-01
4.856485648564856650e-01,7.641454714528358449e-01
4.857485748574857376e-01,7.640483220239215889e-01
4.858485848584858657e-01,7.639511525910066547e-01
4.859485948594859384e-01,7.638539631540912644e-01
4.860486048604860665e-01,7.637567537131750850e-01
4.861486148614861391e-01,7.636595242682584495e-01
4.862486248624862673e-01,7.635622748193411358e-01
4.863486348634863399e-01,7.634650053664232550e-01
4.864486448644864680e-01,7.633677159095046960e-01
4.865486548654865406e-01,7.632704064485856810e-01
4.866486648664866688e-01,7.631730769836659878e-01
4.867486748674867414e-01,7.630757275147457275e-01
4.868486848684868695e-01,7.629783580418247890e-01
4.869486948694869421e-01,7.628809685649032835e-01
4.870487048704870703e-01,7.627835590839812108e-01
4.871487148714871429e-01,7.626861295990585710e-01
4.872487248724872710e-01,7.625886801101351420e-01
4.873487348734873437e-01,7.624912106172113679e-01
4.874487448744874718e-01,7.623937211202868047e-01
4.875487548754875444e-01,7.622962116193617854e-01
4.876487648764876726e-01,7.621986821144359769e-01
4.877487748774877452e-01,7.621011326055098234e-01
4.878487848784878733e-01,7.620035630925828807e-01
4.879487948794879459e-01,7.619059735756553708e-01
4.880488048804880741e-01,7.618083640547272939e-01
4.881488148814881467e-01,7.617107345297986498e-01
4.882488248824882748e-01,7.616130850008693276e-01
4.883488348834883475e-01,7.615154154679394383e-01
4.884488448844884756e-01,7.614177259310088708e-01
4.885488548854885482e-01,7.613200163900778472e-01
4.886488648864886764e-01,7.612222868451461455e-01
4.887488748874887490e-01,7.611245372962138767e-01
4.888488848884888771e-01,7.610267677432809297e-01
4.889488948894889497e-01,7.609289781863475266e-01
4.890489048904890779e-01,7.608311686254133344e-01
4.891489148914891505e-01,7.607333390604786860e-01
4.892489248924892786e-01,7.606354894915433595e-01
4.893489348934893512e-01,7.605376199186075770e-01
4.894489448944894794e-01,7.604397303416710052e-01
4.895489548954895520e-01,7.603418207607339774e-01
4.896489648964896801e-01,7.602438911757962714e-01
4.897489748974897528e-01,7.601459415868578873e-01
4.898489848984898809e-01,7.600479719939190471e-01
4.899489948994899535e-01,7.599499823969795287e-01
4.900490049004900817e-01,7.598519727960394432e-01
4.901490149014901543e-01,7.597539431910987906e-01
4.902490249024902824e-01,7.596558935821574599e-01
4.903490349034903550e-01,7.595578239692155620e-01
4.904490449044904832e-01,7.594597343522730970e-01
4.905490549054905558e-01,7.593616247313299539e-01
4.906490649064906839e-01,7.592634951063863546e-01
4.907490749074907566e-01,7.591653454774420773e-01
4.908490849084908847e-01,7.590671758444971218e-01
4.909490949094909573e-01,7.589689862075515991e-01
4.910491049104910855e-01,7.588707765666055094e-01
4.911491149114911581e-01,7.587725469216588525e-01
4.912491249124912862e-01,7.586742972727115175e-01
4.913491349134913588e-01,7.585760276197637264e-01
4.914491449144914870e-01,7.584777379628151461e-01
4.915491549154915596e-01,7.583794283018661098e-01
4.916491649164916877e-01,7.582810986369163953e-01
4.917491749174917604e-01,7.581827489679661136e-01
4.918491849184918885e-01,7.580843792950151538e-01
4.919491949194919611e-01,7.579859896180637380e-01
4.920492049204920892e-01,7.578875799371116440e-01
4.921492149214921619e-01,7.577891502521589828e-01
4.922492249224922900e-01,7.576907005632056435e-01
4.923492349234923626e-01,7.575922308702517372e-01
4.924492449244924908e-01,7.574937411732971526e-01
4.925492549254925634e-01,7.573952314723421120e-01
4.926492649264926915e-01,7.572967017673863932e-01
4.927492749274927641e-01,7.571981520584301073e-01
4.928492849284928923e-01,7.570995823454732543e-01
4.929492949294929649e-01,7.570009926285157231e-01
4.930493049304930930e-01,7.569023829075576248e-01
4.931493149314931657e-01,7.568037531825989594e-01
4.932493249324932383e-01,7.567051034536397269e-01
4.933493349334933664e-01,7.566064337206798163e-01
4.934493449344934390e-01,7.565077439837193385e-01
4.935493549354935672e-01,7.564090342427581826e-01
4.936493649364936398e-01,7.563103044977965705e-01
4.937493749374937679e-01,7.562115547488341694e-01
4.938493849384938406e-01,7.561127849958713121e-01
4.939493949394939687e-01,7.560139952389077767e-01
4.940494049404940413e-01,7.559151854779437851e-01
4.941494149414941695e-01,7.558163557129790044e-01
4.942494249424942421e-01,7.557175059440137677e-01
4.943494349434943702e-01,7.556186361710478527e-01
4.944494449444944428e-01,7.555197463940813707e-01
4.945494549454945710e-01,7.554208366131142105e-01
4.946494649464946436e-01,7.553219068281465942e-01
4.947494749474947717e-01,7.552229570391781888e-01
4.948494849484948443e-01,7.551239872462094382e-01
4.949494949494949725e-01,7.550249974492397875e-01
4.950495049504950451e-01,7.549259876482697917e-01
4.951495149514951732e-01,7.548269578432991178e-01
4.952495249524952459e-01,7.547279080343277657e-01
4.953495349534953740e-01,7.546288382213558465e-01
4.954495449544954466e-01,7.545297484043833602e-01
4.955495549554955748e-01,7.544306385834103068e-01
4.956495649564956474e-01,7.543315087584365752e-01
4.957495749574957755e-01,7.542323589294622765e-01
4.958495849584958481e-01,7.541331890964874107e-01
4.959495949594959763e-01,7.540339992595118668e-01
4.960496049604960489e-01,7.539347894185357557e-01
4.961496149614961770e-01,7.538355595735590775e-01
4.962496249624962497e-01,7.537363097245818322e-01
4.963496349634963778e-01,7.536370398716039087e-01
4.964496449644964504e-01,7.535377500146254182e-01
4.965496549654965786e-01,7.534384401536462494e-01
4.966496649664966512e-01,7.533391102886666246e-01
4.967496749674967793e-01,7.532397604196863217e-01
4.968496849684968519e-01,7.531403905467054516e-01
4.969496949694969801e-01,7.530410006697239034e-01
4.970497049704970527e-01,7.529415907887417880e-01
4.971497149714971808e-01,7.528421609037591056e-01
4.972497249724972535e-01,7.527427110147758560e-01
4.973497349734973816e-01,7.526432411217919283e-01
4.974497449744974542e-01,7.525437512248074334e-01
4.975497549754975823e-01,7.524442413238223715e-01
4.976497649764976550e-01,7.523447114188366314e-01
4.977497749774977831e-01,7.522451615098503241e-01
4.978497849784978557e-01,7.521455915968634498e-01
4.979497949794979839e-01,7.520460016798758973e-01
4.980498049804980565e-01,7.519463917588878887e-01
4.981498149814981846e-01,7.518467618338990910e-01
4.982498249824982572e-01,7.517471119049098371e-01
4.983498349834983854e-01,7.516474419719199052e-01
4.984498449844984580e-01,7.515477520349294061e-01
4.985498549854985861e-01,7.514480420939383398e-01
4.986498649864986588e-01,7.513483121489465955e-01
4.987498749874987869e-01,7.512485621999542840e-01
4.988498849884988595e-01,7.511487922469615164e-01
4.989498949894989877e-01,7.510490022899679596e-01
4.990499049904990603e-01,7.509491923289738358e-01
4.991499149914991884e-01,7.508493623639791448e-01
4.992499249924992610e-01,7.507495123949838867e-01
4.993499349934993892e-01,7.506496424219879504e-01
4.994499449944994618e-01,7.505497524449914470e-01
4.995499549954995899e-01,7.504498424639942655e-01
4.996499649964996626e-01,7.503499124789966279e-01
4.997499749974997907e-01,7.502499624899983122e-01
4.998499849984998633e-01,7.501499924969994293e-01
4.999499949994999914e-01,7.500500024999998683e-01
5.000500050005001196e-01,7.499499924989998512e-01
5.001500150015001367e-01,7.498499624939991559e-01
5.002500250025002648e-01,7.497499124849977825e-01
5.003500350035003930e-01,7.496498424719959530e-01
5.004500450045005211e-01,7.495497524549934454e-01
5.005500550055005382e-01,7.494496424339903706e-01
5.006500650065006663e-01,7.493495124089866177e-01
5.007500750075007945e-01,7.492493623799822977e-01
5.008500850085008116e-01,7.491491923469775216e-01
5.009500950095009397e-01,7.490490023099719563e-01
5.010501050105010679e-01,7.489487922689659349e-01
5.011501150115011960e-01,7.488485622239591244e-01
5.012501250125012131e-01,7.487483121749518578e-01
5.013501350135013412e-01,7.486480421219439130e-01
5.014501450145014694e-01,7.485477520649355121e-01
5.015501550155015975e-01,7.484474420039263221e-01
5.016501650165016146e-01,7.483471119389166759e-01
5.017501750175017428e-01,7.482467618699063516e-01
5.018501850185018709e-01,7.481463917968954602e-01
5.019501950195019990e-01,7.480460017198838907e-01
5.020502050205020161e-01,7.479455916388718650e-01
5.021502150215021443e-01,7.478451615538591613e-01
5.022502250225022724e-01,7.477447114648458903e-01
5.023502350235024005e-01,7.476442413718318303e-01
5.024502450245024177e-01,7.475437512748175362e-01
5.025502550255025458e-01,7.474432411738023418e-01
5.026502650265026739e-01,7.473427110687866914e-01
5.027502750275028021e-01,7.472421609597703629e-01
5.028502850285028192e-01,7.471415908467534672e-01
5.029502950295029473e-01,7.470410007297358934e-01
5.030503050305030754e-01,7.469403906087177525e-01
5.031503150315032036e-01,7.468397604836991555e-01
5.032503250325032207e-01,7.467391103546798803e-01
5.033503350335033488e-01,7.466384402216599270e-01
5.034503450345034770e-01,7.465377500846394065e-01
5.035503550355036051e-01,7.464370399436182080e-01
5.036503650365036222e-01,7.463363097985966643e-01
5.037503750375037503e-01,7.462355596495743315e-01
5.038503850385038785e-01,7.461347894965513206e-01
5.039503950395040066e-01,7.460339993395278535e-01
5.040504050405040237e-01,7.459331891785038193e-01
5.041504150415041519e-01,7.458323590134791070e-01
5.042504250425042800e-01,7.457315088444538276e-01
5.043504350435044081e-01,7.456306386714277590e-01
5.044504450445044252e-01,7.455297484944014563e-01
5.045504550455045534e-01,7.454288383133742535e-01
5.046504650465046815e-01,7.453279081283465946e-01
5.047504750475048096e-01,7.452269579393182575e-01
5.048504850485048268e-01,7.451259877462894643e-01
5.049504950495049549e-01,7.450249975492598820e-01
5.050505050505050830e-01,7.449239873482297325e-01
5.051505150515052112e-01,7.448229571431990159e-01
5.052505250525052283e-01,7.447219069341677322e-01
5.053505350535053564e-01,7.446208367211358814e-01
5.054505450545054845e-01,7.445197465041033524e-01
5.055505550555056127e-01,7.444186362830702564e-01
5.056505650565056298e-01,7.443175060580365932e-01
5.057505750575057579e-01,7.442163558290022518e-01
5.058505850585058861e-01,7.441151855959673433e-01
5.059505950595060142e-01,7.440139953589317567e-01
5.060506050605060313e-01,7.439127851178957140e-01
5.061506150615061594e-01,7.438115548728589932e-01
5.062506250625062876e-01,7.437103046238217052e-01
5.063506350635064157e-01,7.436090343707837391e-01
5.064506450645064328e-01,7.435077441137453169e-01
5.065506550655065610e-01,7.434064338527062166e-01
5.066506650665066891e-01,7.433051035876664381e-01
5.067506750675068172e-01,7.432037533186262035e-01
5.068506850685068343e-01,7.431023830455852908e-01
5.069506950695069625e-01,7.430009927685436999e-01
5.070507050705070906e-01,7.428995824875016529e-01
5.071507150715072187e-01,7.427981522024589278e-01
5.072507250725072359e-01,7.426967019134156356e-01
5.073507350735073640e-01,7.425952316203716652e-01
5.074507450745074921e-01,7.424937413233272387e-01
5.075507550755076203e-01,7.423922310222821341e-01
5.076507650765076374e-01,7.422907007172364624e-01
5.077507750775077655e-01,7.421891504081901125e-01
5.078507850785078936e-01,7.420875800951431955e-01
5.079507950795080218e-01,7.419859897780956004e-01
5.080508050805080389e-01,7.418843794570475492e-01
5.081508150815081670e-01,7.417827491319988198e-01
5.082508250825082952e-01,7.416810988029496343e-01
5.083508350835083123e-01,7.415794284698997707e-01
5.084508450845084404e-01,7.414777381328492289e-01
5.085508550855085685e-01,7.413760277917980090e-01
5.086508650865086967e-01,7.412742974467463331e-01
5.087508750875087138e-01,7.411725470976940899e-01
5.088508850885088419e-01,7.410707767446411687e-01
5.089508950895089701e-01,7.409689863875876803e-01
5.090509050905090982e-01,7.408671760265335138e-01
5.091509150915091153e-01,7.407653456614788912e-01
5.092509250925092434e-01,7.406634952924235904e-01
5.093509350935093716e-01,7.405616249193676115e-01
5.094509450945094997e-01,7.404597345423110655e-01
5.095509550955095168e-01,7.403578241612540634e-01
5.096509650965096450e-01,7.402558937761962721e-01
5.097509750975097731e-01,7.401539433871380247e-01
5.098509850985099012e-01,7.400519729940790992e-01
5.099509950995099183e-01,7.399499825970196065e-01
5.100510051005100465e-01,7.398479721959594357e-01
5.101510151015101746e-01,7.397459417908986978e-01
5.102510251025103027e-01,7.396438913818373928e-01
5.103510351035103199e-01,7.395418209687756317e-01
5.104510451045104480e-01,7.394397305517130814e-01
5.105510551055105761e-01,7.393376201306498530e-01
5.106510651065107043e-01,7.392354897055861684e-01
5.107510751075107214e-01,7.391333392765219168e-01
5.108510851085108495e-01,7.390311688434569870e-01
5.109510951095109776e-01,7.389289784063914901e-01
5.110511051105111058e-01,7.388267679653253150e-01
5.111511151115111229e-01,7.387245375202586839e-01
5.112511251125112510e-01,7.386222870711913746e-01
5.113511351135113792e-01,7.385200166181233872e-01
5.114511451145115073e-01,7.384177261610549436e-01
5.115511551155115244e-01,7.383154156999858220e-01
5.116511651165116525e-01,7.382130852349161332e-01
5.117511751175117807e-01,7.381107347658457662e-01
5.118511851185119088e-01,7.380083642927748322e-01
5.119511951195119259e-01,7.379059738157034420e-01
5.120512051205120541e-01,7.378035633346312627e-01
5.121512151215121822e-01,7.377011328495586273e-01
5.122512251225123103e-01,7.375986823604852027e-01
5.123512351235123274e-01,7.374962118674113221e-01
5.124512451245124556e-01,7.373937213703368743e-01
5.125512551255125837e-01,7.372912108692617483e-01
5.126512651265127118e-01,7.371886803641859442e-01
5.127512751275127290e-01,7.370861298551096841e-01
5.128512851285128571e-01,7.369835593420328568e-01
5.129512951295129852e-01,7.368809688249552403e-01
5.130513051305131134e-01,7.367783583038771678e-01
5.131513151315131305e-01,7.366757277787985281e-01
5.132513251325132586e-01,7.365730772497192103e-01
5.133513351335133867e-01,7.364704067166392143e-01
5.134513451345135149e-01,7.363677161795587622e-01
5.135513551355135320e-01,7.362650056384776320e-01
5.136513651365136601e-01,7.361622750933959347e-01
5.137513751375137883e-01,7.360595245443135592e-01
5.138513851385139164e-01,7.359567539912306167e-01
5.139513951395139335e-01,7.358539634341472180e-01
5.140514051405140616e-01,7.357511528730631412e-01
5.141514151415141898e-01,7.356483223079783862e-01
5.142514251425143179e-01,7.355454717388929531e-01
5.143514351435143350e-01,7.354426011658071749e-01
5.144514451445144632e-01,7.353397105887206076e-01
5.145514551455145913e-01,7.352368000076334731e-01
5.146514651465147194e-01,7.351338694225457715e-01
5.147514751475147365e-01,7.350309188334575028e-01
5.148514851485148647e-01,7.349279482403685559e-01
5.149514951495149928e-01,7.348249576432790420e-01
5.150515051505151209e-01,7.347219470421888499e-01
5.151515151515151381e-01,7.346189164370982017e-01
5.152515251525152662e-01,7.345158658280068753e-01
5.153515351535153943e-01,7.344127952149149818e-01
5.154515451545155225e-01,7.343097045978224102e-01
5.155515551555155396e-01,7.342065939767294935e-01
5.156515651565156677e-01,7.341034633516356767e-01
5.157515751575157958e-01,7.340003127225414037e-01
5.158515851585158130e-01,7.338971420894464526e-01
5.159515951595159411e-01,7.337939514523510454e-01
5.160516051605160692e-01,7.336907408112548490e-01
5.161516151615161974e-01,7.335875101661580855e-01
5.162516251625162145e-01,7.334842595170608659e-01
5.163516351635163426e-01,7.333809888639628571e-01
5.164516451645164707e-01,7.332776982068643923e-01
5.165516551655165989e-01,7.331743875457652493e-01
5.166516651665166160e-01,7.330710568806655392e-01
5.167516751675167441e-01,7.329677062115652619e-01
5.168516851685168723e-01,7.328643355384643066e-01
5.169516951695170004e-01,7.327609448613627841e-01
5.170517051705170175e-01,7.326575341802608055e-01
5.171517151715171456e-01,7.325541034951579267e-01
5.172517251725172738e-01,7.324506528060545918e-01
5.173517351735174019e-01,7.323471821129506898e-01
5.174517451745174190e-01,7.322436914158463317e-01
5.175517551755175472e-01,7.321401807147411844e-01
5.176517651765176753e-01,7.320366500096353590e-01
5.177517751775178034e-01,7.319330993005290775e-01
5.178517851785178205e-01,7.318295285874222289e-01
5.179517951795179487e-01,7.317259378703147021e-01
5.180518051805180768e-01,7.316223271492066083e-01
5.181518151815182049e-01,7.315186964240978362e-01
5.182518251825182221e-01,7.314150456949886081e-01
5.183518351835183502e-01,7.313113749618787018e-01
5.184518451845184783e-01,7.312076842247681174e-01
5.185518551855186065e-01,7.311039734836569659e-01
5.186518651865186236e-01,7.310002427385453583e-01
5.187518751875187517e-01,7.308964919894329615e-01
5.188518851885188798e-01,7.307927212363199976e-01
5.189518951895190080e-01,7.306889304792064666e-01
5.190519051905190251e-01,7.305851197180923684e-01
5.191519151915191532e-01,7.304812889529777031e-01
5.192519251925192814e-01,7.303774381838623597e-01
5.193519351935194095e-01,7.302735674107463382e-01
5.194519451945194266e-01,7.301696766336299715e-01
5.195519551955195547e-01,7.300657658525128157e-01
5.196519651965196829e-01,7.299618350673950928e-01
5.197519751975198110e-01,7.298578842782768028e-01
5.198519851985198281e-01,7.297539134851579457e-01
5.199519951995199563e-01,7.296499226880384104e-01
5.200520052005200844e-01,7.295459118869183079e-01
5.201520152015202125e-01,7.294418810817975274e-01
5.202520252025202296e-01,7.293378302726762907e-01
5.203520352035203578e-01,7.292337594595543759e-01
5.204520452045204859e-01,7.291296686424317830e-01
5.205520552055206140e-01,7.290255578213086229e-01
5.206520652065206312e-01,7.289214269961850068e-01
5.207520752075207593e-01,7.288172761670606015e-01
5.208520852085208874e-01,7.287131053339357400e-01
5.209520952095210156e-01,7.286089144968102005e-01
5.210521052105210327e-01,7.285047036556840938e-01
5.211521152115211608e-01,7.284004728105573090e-01
5.212521252125212889e-01,7.282962219614299570e-01
5.213521352135214171e-01,7.281919511083021490e-01
5.214521452145214342e-01,7.280876602511736628e-01
5.215521552155215623e-01,7.279833493900444985e-01
5.216521652165216905e-01,7.278790185249147671e-01
5.217521752175218186e-01,7.277746676557843575e-01
5.218521852185218357e-01,7.276702967826536028e-01
5.219521952195219638e-01,7.275659059055220590e-01
5.220522052205220920e-01,7.274614950243898370e-01
5.221522152215222201e-01,7.273570641392571590e-01
5.222522252225222372e-01,7.272526132501239138e-01
5.223522352235223654e-01,7.271481423569898794e-01
5.224522452245224935e-01,7.270436514598553890e-01
5.225522552255226216e-01,7.269391405587202204e-01
5.226522652265226387e-01,7.268346096535847067e-01
5.227522752275227669e-01,7.267300587444482929e-01
5.228522852285228950e-01,7.266254878313113119e-01
5.229522952295230231e-01,7.265208969141737638e-01
5.230523052305230403e-01,7.264162859930357596e-01
5.231523152315231684e-01,7.263116550678969663e-01
5.232523252325232965e-01,7.262070041387576058e-01
5.233523352335234247e-01,7.261023332056177892e-01
5.234523452345234418e-01,7.259976422684772945e-01
5.235523552355235699e-01,7.258929313273361217e-01
5.236523652365236980e-01,7.257882003821943817e-01
5.237523752375237152e-01,7.256834494330521856e-01
5.238523852385238433e-01,7.255786784799092004e-01
5.239523952395239714e-01,7.254738875227656481e-01
5.240524052405240996e-01,7.253690765616215286e-01
5.241524152415241167e-01,7.252642455964768420e-01
5.242524252425242448e-01,7.251593946273315883e-01
5.243524352435243729e-01,7.250545236541856564e-01
5.244524452445245011e-01,7.249496326770390464e-01
5.245524552455245182e-01,7.248447216958919803e-01
5.246524652465246463e-01,7.247397907107442361e-01
5.247524752475247745e-01,7.246348397215959247e-01
5.248524852485249026e-01,7.245298687284469352e-01
5.249524952495249197e-01,7.244248777312974896e-01
5.250525052505250478e-01,7.243198667301473659e-01
5.251525152515251760e-01,7.242148357249966750e-01
5.252525252525253041e-01,7.241097847158453060e-01
5.253525352535253212e-01,7.240047137026934809e-01
5.254525452545254494e-01,7.238996226855408667e-01
5.255525552555255775e-01,7.237945116643877963e-01
5.256525652565257056e-01,7.236893806392339368e-01
5.257525752575257227e-01,7.235842296100797322e-01
5.258525852585258509e-01,7.234790585769248494e-01
5.259525952595259790e-01,7.233738675397691775e-01
5.260526052605261071e-01,7.232686564986130495e-01
5.261526152615261243e-01,7.231634254534564654e-01
5.262526252625262524e-01,7.230581744042990922e-01
5.263526352635263805e-01,7.229529033511411518e-01
5.264526452645265087e-01,7.228476122939826443e-01
5.265526552655265258e-01,7.227423012328235696e-01
5.266526652665266539e-01,7.226369701676638169e-01
5.267526752675267820e-01,7.225316190985034970e-01
5.268526852685269102e-01,7.224262480253424989e-01
5.269526952695269273e-01,7.223208569481811558e-01
5.270527052705270554e-01,7.222154458670189126e-01
5.271527152715271836e-01,7.221100147818562132e-01
5.272527252725273117e-01,7.220045636926928356e-01
5.273527352735273288e-01,7.218990925995290020e-01
5.274527452745274569e-01,7.217936015023644902e-01
5.275527552755275851e-01,7.216880904011993003e-01
5.276527652765277132e-01,7.215825592960335433e-01
5.277527752775277303e-01,7.214770081868673302e-01
5.278527852785278585e-01,7.213714370737003279e-01
5.279527952795279866e-01,7.212658459565328695e-01
5.280528052805281147e-01,7.211602348353647329e-01
5.281528152815281318e-01,7.210546037101960293e-01
5.282528252825282600e-01,7.209489525810266475e-01
5.283528352835283881e-01,7.208432814478566986e-01
5.284528452845285162e-01,7.207375903106861825e-01
5.285528552855285334e-01,7.206318791695152104e-01
5.286528652865286615e-01,7.205261480243434491e-01
5.287528752875287896e-01,7.204203968751710097e-01
5.288528852885289178e-01,7.203146257219981141e-01
5.289528952895289349e-01,7.202088345648246515e-01
5.290529052905290630e-01,7.201030234036505107e-01
5.291529152915291911e-01,7.199971922384758027e-01
5.292529252925293193e-01,7.198913410693004167e-01
5.293529352935293364e-01,7.197854698961245745e-01
5.294529452945294645e-01,7.196795787189480542e-01
5.295529552955295927e-01,7.195736675377708558e-01
5.296529652965297208e-01,7.194677363525930902e-01
5.297529752975297379e-01,7.193617851634148685e-01
5.298529852985298660e-01,7.192558139702358577e-01
5.299529952995299942e-01,7.191498227730563908e-01
5.300530053005301223e-01,7.190438115718762457e-01
5.301530153015301394e-01,7.189377803666955336e-01
5.302530253025302676e-01,7.188317291575141432e-01
5.303530353035303957e-01,7.187256579443321858e-01
5.304530453045305238e-01,7.186195667271496612e-01
5.305530553055305409e-01,7.185134555059666805e-01
5.306530653065306691e-01,7.184073242807829107e-01
5.307530753075307972e-01,7.183011730515984627e-01
5.308530853085309253e-01,7.181950018184135587e-01
5.309530953095309425e-01,7.180888105812281985e-01
5.310531053105310706e-01,7.179825993400419382e-01
5.311531153115311987e-01,7.178763680948552217e-01
5.312531253125312158e-01,7.177701168456680492e-01
5.313531353135313440e-01,7.176638455924799764e-01
5.314531453145314721e-01,7.175575543352914476e-01
5.315531553155316002e-01,7.174512430741023516e-01
5.316531653165316174e-01,7.173449118089126886e-01
5.317531753175317455e-01,7.172385605397223474e-01
5.318531853185318736e-01,7.171321892665314390e-01
5.319531953195320018e-01,7.170257979893398526e-01
5.320532053205320189e-01,7.169193867081478100e-01
5.321532153215321470e-01,7.168129554229549782e-01
5.322532253225322751e-01,7.167065041337616904e-01
5.323532353235324033e-01,7.166000328405677244e-01
5.324532453245324204e-01,7.164935415433733024e-01
5.325532553255325485e-01,7.163870302421782021e-01
5.326532653265326767e-01,7.162804989369824238e-01
5.327532753275328048e-01,7.161739476277859673e-01
5.328532853285328219e-01,7.160673763145891657e-01
5.329532953295329500e-01,7.159607849973916860e-01
5.330533053305330782e-01,7.158541736761934171e-01
5.331533153315332063e-01,7.157475423509946921e-01
5.332533253325332234e-01,7.156408910217955111e-01
5.333533353335333516e-01,7.155342196885955408e-01
5.334533453345334797e-01,7.154275283513948924e-01
5.335533553355336078e-01,7.153208170101937879e-01
5.336533653365336249e-01,7.152140856649922274e-01
5.337533753375337531e-01,7.151073343157898776e-01
5.338533853385338812e-01,7.150005629625868497e-01
5.339533953395340093e-01,7.148937716053833658e-01
5.340534053405340265e-01,7.147869602441792036e-01
5.341534153415341546e-01,7.146801288789745854e-01
5.342534253425342827e-01,7.145732775097690670e-01
5.343534353435344109e-01,7.144664061365632035e-01
5.344534453445344280e-01,7.143595147593567729e-01
5.345534553455345561e-01,7.142526033781495531e-01
5.346534653465346842e-01,7.141456719929417662e-01
5.347534753475348124e-01,7.140387206037335233e-01
5.348534853485348295e-01,7.139317492105246021e-01
5.349534953495349576e-01,7.138247578133150029e-01
5.350535053505350858e-01,7.137177464121049475e-01
5.351535153515352139e-01,7.136107150068942140e-01
5.352535253525352310e-01,7.135036635976829134e-01
5.353535353535353591e-01,7.133965921844709346e-01
5.354535453545354873e-01,7.132895007672583887e-01
5.355535553555356154e-01,7.131823893460452757e-01
5.356535653565356325e-01,7.130752579208315955e-01
5.357535753575357607e-01,7.129681064916172373e-01
5.358535853585358888e-01,7.128609350584023119e-01
5.359535953595360169e-01,7.127537436211867083e-01
5.360536053605360340e-01,7.126465321799706487e-01
5.361536153615361622e-01,7.125393007347539109e-01
5.362536253625362903e-01,7.124320492855364950e-01
5.363536353635364184e-01,7.123247778323186230e-01
5.364536453645364356e-01,7.122174863751001839e-01
5.365536553655365637e-01,7.121101749138809556e-01
5.366536653665366918e-01,7.120028434486612712e-01
5.367536753675368200e-01,7.118954919794409086e-01
5.368536853685368371e-01,7.117881205062199790e-01
5.369536953695369652e-01,7.116807290289984822e-01
5.370537053705370933e-01,7.115733175477763073e-01
5.371537153715372215e-01,7.114658860625535652e-01
5.372537253725372386e-01,7.113584345733303671e-01
5.373537353735373667e-01,7.112509630801063798e-01
5.374537453745374949e-01,7.111434715828818254e-01
5.375537553755376230e-01,7.110359600816567038e-01
5.376537653765376401e-01,7.109284285764310152e-01
5.377537753775377682e-01,7.108208770672046484e-01
5.378537853785378964e-01,7.107133055539777144e-01
5.379537953795380245e-01,7.106057140367501024e-01
5.380538053805380416e-01,7.104981025155221452e-01
5.381538153815381698e-01,7.103904709902932879e-01
5.382538253825382979e-01,7.102828194610639745e-01
5.383538353835384260e-01,7.101751479278339829e-01
5.384538453845384431e-01,7.100674563906035353e-01
5.385538553855385713e-01,7.099597448493724094e-01
5.386538653865386994e-01,7.098520133041406055e-01
5.387538753875387165e-01,7.097442617549083455e-01
5.388538853885388447e-01,7.096364902016754073e-01
5.389538953895389728e-01,7.095286986444419020e-01
5.390539053905391009e-01,7.094208870832077185e-01
5.391539153915391180e-01,7.093130555179730790e-01
5.392539253925392462e-01,7.092052039487377613e-01
5.393539353935393743e-01,7.090973323755017654e-01
5.394539453945395024e-01,7.089894407982652025e-01
5.395539553955395196e-01,7.088815292170280724e-01
5.396539653965396477e-01,7.087735976317903752e-01
5.397539753975397758e-01,7.086656460425519999e-01
5.398539853985399040e-01,7.085576744493130574e-01
5.399539953995399211e-01,7.084496828520736589e-01
5.400540054005400492e-01,7.083416712508334712e-01
5.401540154015401773e-01,7.082336396455927163e-01
5.402540254025403055e-01,7.081255880363512833e-01
5.403540354035403226e-01,7.080175164231095053e-01
5.404540454045404507e-01,7.079094248058669381e-01
5.405540554055405789e-01,7.078013131846236927e-01
5.406540654065407070e-01,7.076931815593799913e-01
5.407540754075407241e-01,7.075850299301358337e-01
5.408540854085408522e-01,7.074768582968907760e-01
5.409540954095409804e-01,7.073686666596452621e-01
5.410541054105411085e-01,7.072604550183990701e-01
5.411541154115411256e-01,7.071522233731524221e-01
5.412541254125412538e-01,7.070439717239049848e-01
5.413541354135413819e-01,7.069357000706570915e-01
5.414541454145415100e-01,7.068274084134085200e-01
5.415541554155415271e-01,7.067190967521594924e-01
5.416541654165416553e-01,7.066107650869097867e-01
5.417541754175417834e-01,7.065024134176594028e-01
5.418541854185419115e-01,7.063940417444083408e-01
5.419541954195419287e-01,7.062856500671569338e-01
5.420542054205420568e-01,7.061772383859048485e-01
5.421542154215421849e-01,7.060688067006519741e-01
5.422542254225423131e-01,7.059603550113986437e-01
5.423542354235423302e-01,7.058518833181448571e-01
5.424542454245424583e-01,7.057433916208902813e-01
5.425542554255425864e-01,7.056348799196350274e-01
5.426542654265427146e-01,7.055263482143793174e-01
5.427542754275427317e-01,7.054177965051231514e-01
5.428542854285428598e-01,7.053092247918661961e-01
5.429542954295429880e-01,7.052006330746085627e-01
5.430543054305431161e-01,7.050920213533503622e-01
5.431543154315431332e-01,7.049833896280917056e-01
5.432543254325432613e-01,7.048747378988323709e-01
5.433543354335433895e-01,7.047660661655723580e-01
5.434543454345435176e-01,7.046573744283117779e-01
5.435543554355435347e-01,7.045486626870507418e-01
5.436543654365436629e-01,7.044399309417890276e-01
5.437543754375437910e-01,7.043311791925266352e-01
5.438543854385439191e-01,7.042224074392637867e-01
5.439543954395439362e-01,7.041136156820002601e-01
5.440544054405440644e-01,7.040048039207360553e-01
5.441544154415441925e-01,7.038959721554713944e-01
5.442544254425443206e-01,7.037871203862059444e-01
5.443544354435443378e-01,7.036782486129400382e-01
5.444544454445444659e-01,7.035693568356735650e-01
5.445544554455445940e-01,7.034604450544064136e-01
5.446544654465447222e-01,7.033515132691385841e-01
5.447544754475447393e-01,7.032425614798702984e-01
5.448544854485448674e-01,7.031335896866013346e-01
5.449544954495449955e-01,7.030245978893319148e-01
5.450545054505451237e-01,7.029155860880615947e-01
5.451545154515451408e-01,7.028065542827910406e-01
5.452545254525452689e-01,7.026975024735195863e-01
5.453545354535453971e-01,7.025884306602476759e-01
5.454545454545455252e-01,7.024793388429750873e-01
5.455545554555455423e-01,7.023702270217020427e-01
5.456545654565456704e-01,7.022610951964283199e-01
5.457545754575457986e-01,7.021519433671539190e-01
5.458545854585459267e-01,7.020427715338790620e-01
5.459545954595459438e-01,7.019335796966035268e-01
5.460546054605460720e-01,7.018243678553273135e-01
5.461546154615462001e-01,7.017151360100506441e-01
5.462546254625462172e-01,7.016058841607732965e-01
5.463546354635463453e-01,7.014966123074953819e-01
5.464546454645464735e-01,7.013873204502167891e-01
5.465546554655466016e-01,7.012780085889376291e-01
5.466546654665466187e-01,7.011686767236580131e-01
5.467546754675467469e-01,7.010593248543776079e-01
5.468546854685468750e-01,7.009499529810967466e-01
5.469546954695470031e-01,7.008405611038150962e-01
5.470547054705470202e-01,7.007311492225329896e-01
5.471547154715471484e-01,7.006217173372502049e-01
5.472547254725472765e-01,7.005122654479669642e-01
5.473547354735474046e-01,7.004027935546829342e-01
5.474547454745474218e-01,7.002933016573984482e-01
5.475547554755475499e-01,7.001837897561133950e-01
5.476547654765476780e-01,7.000742578508275527e-01
5.477547754775478062e-01,6.999647059415412542e-01
5.478547854785478233e-01,6.998551340282543887e-01
5.479547954795479514e-01,6.997455421109668450e-01
5.480548054805480795e-01,6.996359301896786231e-01
5.481548154815482077e-01,6.995262982643898342e-01
5.482548254825482248e-01,6.994166463351005891e-01
5.483548354835483529e-01,6.993069744018105549e-01
5.484548454845484811e-01,6.991972824645200646e-01
5.485548554855486092e-01,6.990875705232288961e-01
5.486548654865486263e-01,6.989778385779372716e-01
5.487548754875487544e-01,6.988680866286448579e-01
5.488548854885488826e-01,6.987583146753518770e-01
5.489548954895490107e-01,6.986485227180583291e-01
5.490549054905490278e-01,6.985387107567642140e-01
5.491549154915491560e-01,6.984288787914695318e-01
5.492549254925492841e-01,6.983190268221741714e-01
5.493549354935494122e-01,6.982091548488782440e-01
5.494549454945494293e-01,6.980992628715816384e-01
5.495549554955495575e-01,6.979893508902845767e-01
5.496549654965496856e-01,6.978794189049868368e-01
5.497549754975498137e-01,6.977694669156884189e-01
5.498549854985498309e-01,6.976594949223895448e-01
5.499549954995499590e-01,6.975495029250899925e-01
5.500550055005500871e-01,6.974394909237897622e-01
5.501550155015502153e-01,6.973294589184890757e-01
5.502550255025502324e-01,6.972194069091877111e-01
5.503550355035503605e-01,6.971093348958858904e-01
5.504550455045504886e-01,6.969992428785831695e-01
5.505550555055506168e-01,6.968891308572801035e-01
5.506550655065506339e-01,6.967789988319763594e-01
5.507550755075507620e-01,6.966688468026720482e-01
5.508550855085508902e-01,6.965586747693670588e-01
5.509550955095510183e-01,6.964484827320615024e-01
5.510551055105510354e-01,6.963382706907554898e-01
5.511551155115511635e-01,6.962280386454486880e-01
5.512551255125512917e-01,6.961177865961413191e-01
5.513551355135514198e-01,6.960075145428332721e-01
5.514551455145514369e-01,6.958972224855248800e-01
5.515551555155515651e-01,6.957869104242158098e-01
5.516551655165516932e-01,6.956765783589059504e-01
5.517551755175518213e-01,6.955662262895956349e-01
5.518551855185518384e-01,6.954558542162847523e-01
5.519551955195519666e-01,6.953454621389731916e-01
5.520552055205520947e-01,6.952350500576609527e-01
5.521552155215522228e-01,6.951246179723482577e-01
5.522552255225522400e-01,6.950141658830348845e-01
5.523552355235523681e-01,6.949036937897210553e-01
5.524552455245524962e-01,6.947932016924064369e-01
5.525552555255526244e-01,6.946826895910912514e-01
5.526552655265526415e-01,6.945721574857756098e-01
5.527552755275527696e-01,6.944616053764591790e-01
5.528552855285528977e-01,6.943510332631421811e-01
5.529552955295530259e-01,6.942404411458247271e-01
5.530553055305530430e-01,6.941298290245065949e-01
5.531553155315531711e-01,6.940191968991877847e-01
5.532553255325532993e-01,6.939085447698685183e-01
5.533553355335534274e-01,6.937978726365485738e-01
5.534553455345534445e-01,6.936871804992280621e-01
5.535553555355535726e-01,6.935764683579068723e-01
5.536553655365537008e-01,6.934657362125851154e-01
5.537553755375538289e-01,6.933549840632626804e-01
5.538553855385538460e-01,6.932442119099399003e-01
5.539553955395539742e-01,6.931334197526163310e-01
5.540554055405541023e-01,6.930226075912921946e-01
5.541554155415541194e-01,6.929117754259674911e-01
5.542554255425542475e-01,6.928009232566421094e-01
5.543554355435543757e-01,6.926900510833160496e-01
5.544554455445545038e-01,6.925791589059895337e-01
5.545554555455545209e-01,6.924682467246625617e-01
5.546554655465546491e-01,6.923573145393346895e-01
5.547554755475547772e-01,6.922463623500063612e-01
5.548554855485549053e-01,6.921353901566773548e-01
5.549554955495549224e-01,6.920243979593478922e-01
5.550555055505550506e-01,6.919133857580177516e-01
5.551555155515551787e-01,6.918023535526869328e-01
5.552555255525553068e-01,6.916913013433556578e-01
5.553555355535553240e-01,6.915802291300237048e-01
5.554555455545554521e-01,6.914691369126911846e-01
5.555555555555555802e-01,6.913580246913579863e-01
5.556555655565557084e-01,6.912468924660242209e-01
5.557555755575557255e-01,6.911357402366899993e-01
5.558555855585558536e-01,6.910245680033549887e-01
5.559555955595559817e-01,6.909133757660194108e-01
5.560556055605561099e-01,6.908021635246832659e-01
5.561556155615561270e-01,6.906909312793465539e-01
5.562556255625562551e-01,6.905796790300091637e-01
5.563556355635563833e-01,6.904684067766713174e-01
5.564556455645565114e-01,6.903571145193326819e-01
5.565556555655565285e-01,6.902458022579935903e-01
5.566556655665566566e-01,6.901344699926538206e-01
5.567556755675567848e-01,6.900231177233133728e-01
5.568556855685569129e-01,6.899117454499724689e-01
5.569556955695569300e-01,6.898003531726309978e-01
5.570557055705570582e-01,6.896889408912888486e-01
5.571557155715571863e-01,6.895775086059461323e-01
5.572557255725573144e-01,6.894660563166026268e-01
5.573557355735573315e-01,6.893545840232588873e-01
5.574557455745574597e-01,6.892430917259142475e-01
5.575557555755575878e-01,6.891315794245691517e-01
5.576557655765577159e-01,6.890200471192233778e-01
5.577557755775577331e-01,6.889084948098770367e-01
5.578557855785578612e-01,6.887969224965300175e-01
5.579557955795579893e-01,6.886853301791824311e-01
5.580558055805581175e-01,6.885737178578343887e-01
5.581558155815581346e-01,6.884620855324856681e-01
5.582558255825582627e-01,6.883504332031362694e-01
5.583558355835583908e-01,6.882387608697863035e-01
5.584558455845585190e-01,6.881270685324356595e-01
5.585558555855585361e-01,6.880153561910846705e-01
5.586558655865586642e-01,6.879036238457328922e-01
5.587558755875587924e-01,6.877918714963805469e-01
5.588558855885589205e-01,6.876800991430275234e-01
5.589558955895589376e-01,6.875683067856741548e-01
5.590559055905590657e-01,6.874564944243198861e-01
5.591559155915591939e-01,6.873446620589651612e-01
5.592559255925593220e-01,6.872328096896097582e-01
5.593559355935593391e-01,6.871209373162538991e-01
5.594559455945594673e-01,6.870090449388972509e-01
5.595559555955595954e-01,6.868971325575401465e-01
5.596559655965597235e-01,6.867852001721823640e-01
5.597559755975597406e-01,6.866732477828241255e-01
5.598559855985598688e-01,6.865612753894650977e-01
5.599559955995599969e-01,6.864492829921056138e-01
5.600560056005601250e-01,6.863372705907453408e-01
5.601560156015601422e-01,6.862252381853847227e-01
5.602560256025602703e-01,6.861131857760233155e-01
5.603560356035603984e-01,6.860011133626613411e-01
5.604560456045605266e-01,6.858890209452987996e-01
5.605560556055605437e-01,6.857769085239356910e-01
5.606560656065606718e-01,6.856647760985719042e-01
5.607560756075607999e-01,6.855526236692075503e-01
5.608560856085609281e-01,6.854404512358425183e-01
5.609560956095609452e-01,6.853282587984771412e-01
5.610561056105610733e-01,6.852160463571108640e-01
5.611561156115612015e-01,6.851038139117442416e-01
5.612561256125613296e-01,6.849915614623767190e-01
5.613561356135613467e-01,6.848792890090089625e-01
5.614561456145614748e-01,6.847669965516403057e-01
5.615561556155616030e-01,6.846546840902711928e-01
5.616561656165616201e-01,6.845423516249015128e-01
5.617561756175617482e-01,6.844299991555311546e-01
5.618561856185618764e-01,6.843176266821601184e-01
5.619561956195620045e-01,6.842052342047886260e-01
5.620562056205620216e-01,6.840928217234165665e-01
5.621562156215621497e-01,6.839803892380437178e-01
5.622562256225622779e-01,6.838679367486704130e-01
5.623562356235624060e-01,6.837554642552963191e-01
5.624562456245624231e-01,6.836429717579218801e-01
5.625562556255625513e-01,6.835304592565467630e-01
5.626562656265626794e-01,6.834179267511709677e-01
5.627562756275628075e-01,6.833053742417944942e-01
5.628562856285628246e-01,6.831928017284176757e-01
5.629562956295629528e-01,6.830802092110401791e-01
5.630563056305630809e-01,6.829675966896620043e-01
5.631563156315632090e-01,6.828549641642831514e-01
5.632563256325632262e-01,6.827423116349038423e-01
5.633563356335633543e-01,6.826296391015238552e-01
5.634563456345634824e-01,6.825169465641434119e-01
5.635563556355636106e-01,6.824042340227620684e-01
5.636563656365636277e-01,6.822915014773804909e-01
5.637563756375637558e-01,6.821787489279981243e-01
5.638563856385638839e-01,6.820659763746150794e-01
5.639563956395640121e-01,6.819531838172314675e-01
5.640564056405640292e-01,6.818403712558475105e-01
5.641564156415641573e-01,6.817275386904626533e-01
5.642564256425642855e-01,6.816146861210773400e-01
5.643564356435644136e-01,6.815018135476913486e-01
5.644564456445644307e-01,6.813889209703049010e-01
5.645564556455645588e-01,6.812760083889177753e-01
5.646564656465646870e-01,6.811630758035298605e-01
5.647564756475648151e-01,6.810501232141414896e-01
5.648564856485648322e-01,6.809371506207526625e-01
5.649564956495649604e-01,6.808241580233631574e-01
5.650565056505650885e-01,6.807111454219729740e-01
5.651565156515652166e-01,6.805981128165821126e-01
5.652565256525652337e-01,6.804850602071907950e-01
5.653565356535653619e-01,6.803719875937987993e-01
5.654565456545654900e-01,6.802588949764063475e-01
5.655565556555656181e-01,6.801457823550131065e-01
5.656565656565656353e-01,6.800326497296194095e-01
5.657565756575657634e-01,6.799194971002251453e-01
5.658565856585658915e-01,6.798063244668300920e-01
5.659565956595660197e-01,6.796931318294344715e-01
5.660566056605660368e-01,6.795799191880385060e-01
5.661566156615661649e-01,6.794666865426416402e-01
5.662566256625662930e-01,6.793534338932443184e-01
5.663566356635664212e-01,6.792401612398462074e-01
5.664566456645664383e-01,6.791268685824478624e-01
5.665566556655665664e-01,6.790135559210486171e-01
5.666566656665666946e-01,6.789002232556489158e-01
5.667566756675668227e-01,6.787868705862485363e-01
5.668566856685668398e-01,6.786734979128475898e-01
5.669566956695669679e-01,6.785601052354459650e-01
5.670567056705670961e-01,6.784466925540437732e-01
5.671567156715672242e-01,6.783332598686411252e-01
5.672567256725672413e-01,6.782198071792377991e-01
5.673567356735673695e-01,6.781063344858337949e-01
5.674567456745674976e-01,6.779928417884292235e-01
5.675567556755676257e-01,6.778793290870239741e-01
5.676567656765676428e-01,6.777657963816183795e-01
5.677567756775677710e-01,6.776522436722119958e-01
5.678567856785678991e-01,6.775386709588049339e-01
5.679567956795680272e-01,6.774250782413974159e-01
5.680568056805680444e-01,6.773114655199893308e-01
5.681568156815681725e-01,6.771978327945805676e-01
5.682568256825683006e-01,6.770841800651712372e-01
5.683568356835684288e-01,6.769705073317611177e-01
5.684568456845684459e-01,6.768568145943507641e-01
5.685568556855685740e-01,6.767431018529395104e-01
5.686568656865687021e-01,6.766293691075278005e-01
5.687568756875688303e-01,6.765156163581154125e-01
5.688568856885688474e-01,6.764018436047025684e-01
5.689568956895689755e-01,6.762880508472889352e-01
5.690569056905691037e-01,6.761742380858747348e-01
5.691569156915691208e-01,6.760604053204600783e-01
5.692569256925692489e-01,6.759465525510446327e-01
5.693569356935693770e-01,6.758326797776287309e-01
5.694569456945695052e-01,6.757187870002121510e-01
5.695569556955695223e-01,6.756048742187950040e-01
5.696569656965696504e-01,6.754909414333772899e-01
5.697569756975697786e-01,6.753769886439588976e-01
5.698569856985699067e-01,6.752630158505399383e-01
5.699569956995699238e-01,6.751490230531204118e-01
5.700570057005700519e-01,6.750350102517002071e-01
5.701570157015701801e-01,6.749209774462794353e-01
5.702570257025703082e-01,6.748069246368579854e-01
5.703570357035703253e-01,6.746928518234361905e-01
5.704570457045704535e-01,6.745787590060136063e-01
5.705570557055705816e-01,6.744646461845904550e-01
5.706570657065707097e-01,6.743505133591666256e-01
5.707570757075707268e-01,6.742363605297423401e-01
5.708570857085708550e-01,6.741221876963173765e-01
5.709570957095709831e-01,6.740079948588917347e-01
5.710571057105711112e-01,6.738937820174656368e-01
5.711571157115711284e-01,6.737795491720389718e-01
5.712571257125712565e-01,6.736652963226115176e-01
5.713571357135713846e-01,6.735510234691834963e-01
5.714571457145715128e-01,6.734367306117550189e-01
5.715571557155715299e-01,6.733224177503258634e-01
5.716571657165716580e-01,6.732080848848961407e-01
5.717571757175717861e-01,6.730937320154657399e-01
5.718571857185719143e-01,6.729793591420347720e-01
5.719571957195719314e-01,6.728649662646033480e-01
5.720572057205720595e-01,6.727505533831710238e-01
5.721572157215721877e-01,6.726361204977382435e-01
5.722572257225723158e-01,6.725216676083048961e-01
5.723572357235723329e-01,6.724071947148710926e-01
5.724572457245724610e-01,6.722927018174364999e-01
5.725572557255725892e-01,6.721781889160012291e-01
5.726572657265727173e-01,6.720636560105655022e-01
5.727572757275727344e-01,6.719491031011292081e-01
5.728572857285728626e-01,6.718345301876922360e-01
5.729572957295729907e-01,6.717199372702546967e-01
5.730573057305731188e-01,6.716053243488164792e-01
5.731573157315731359e-01,6.714906914233778057e-01
5.732573257325732641e-01,6.713760384939384540e-01
5.733573357335733922e-01,6.712613655604984242e-01
5.734573457345735203e-01,6.711466726230578272e-01
5.735573557355735375e-01,6.710319596816167742e-01
5.736573657365736656e-01,6.709172267361749320e-01
5.737573757375737937e-01,6.708024737867326337e-01
5.738573857385739219e-01,6.706877008332896573e-01
5.739573957395739390e-01,6.705729078758461137e-01
5.740574057405740671e-01,6.704580949144018920e-01
5.741574157415741952e-01,6.703432619489571032e-01
5.742574257425743234e-01,6.702284089795117472e-01
5.743574357435743405e-01,6.701135360060659352e-01
5.744574457445744686e-01,6.699986430286193340e-01
5.745574557455745968e-01,6.698837300471720546e-01
5.746574657465747249e-01,6.697687970617243192e-01
5.747574757475747420e-01,6.696538440722760166e-01
5.748574857485748701e-01,6.695388710788270359e-01
5.749574957495749983e-01,6.694238780813774881e-01
5.750575057505751264e-01,6.693088650799272621e-01
5.751575157515751435e-01,6.691938320744765800e-01
5.752575257525752717e-01,6.690787790650252198e-01
5.753575357535753998e-01,6.689637060515731815e-01
5.754575457545755279e-01,6.688486130341206870e-01
5.755575557555755450e-01,6.687335000126675144e-01
5.756575657565756732e-01,6.686183669872137747e-01
5.757575757575758013e-01,6.685032139577593568e-01
5.758575857585759294e-01,6.683880409243043719e-01
5.759575957595759466e-01,6.682728478868489308e-01
5.760576057605760747e-01,6.681576348453927006e-01
5.761576157615762028e-01,6.680424017999359032e-01
5.762576257625763310e-01,6.679271487504785387e-01
5.763576357635763481e-01,6.678118756970206071e-01
5.764576457645764762e-01,6.676965826395619974e-01
5.765576557655766043e-01,6.675812695781029316e-01
5.766576657665766215e-01,6.674659365126431876e-01
5.767576757675767496e-01,6.673505834431827655e-01
5.768576857685768777e-01,6.672352103697218872e-01
5.769576957695770059e-01,6.671198172922602199e-01
5.770577057705770230e-01,6.670044042107980964e-01
5.771577157715771511e-01,6.668889711253354058e-01
5.772577257725772792e-01,6.667735180358720370e-01
5.773577357735774074e-01,6.666580449424079902e-01
5.774577457745774245e-01,6.665425518449434872e-01
5.775577557755775526e-01,6.664270387434783061e-01
5.776577657765776808e-01,6.663115056380124468e-01
5.777577757775778089e-01,6.661959525285461314e-01
5.778577857785778260e-01,6.660803794150792490e-01
5.779577957795779541e-01,6.659647862976116883e-01
5.780578057805780823e-01,6.658491731761434496e-01
5.781578157815782104e-01,6.657335400506747547e-01
5.782578257825782275e-01,6.656178869212053817e-01
5.783578357835783557e-01,6.655022137877353305e-01
5.784578457845784838e-01,6.653865206502648233e-01
5.785578557855786119e-01,6.652708075087936379e-01
5.786578657865786290e-01,6.651550743633218854e-01
5.787578757875787572e-01,6.650393212138495658e-01
5.788578857885788853e-01,6.649235480603765680e-01
5.789578957895790134e-01,6.648077549029030031e-01
5.790579057905790306e-01,6.646919417414289821e-01
5.791579157915791587e-01,6.645761085759540610e-01
5.792579257925792868e-01,6.644602554064786837e-01
5.793579357935794150e-01,6.643443822330027393e-01
5.794579457945794321e-01,6.642284890555262278e-01
5.795579557955795602e-01,6.641125758740490381e-01
5.796579657965796883e-01,6.639966426885712814e-01
5.797579757975798165e-01,6.638806894990928464e-01
5.798579857985798336e-01,6.637647163056139554e-01
5.799579957995799617e-01,6.636487231081343863e-01
5.800580058005800899e-01,6.635327099066541390e-01
5.801580158015802180e-01,6.634166767011733246e-01
5.802580258025802351e-01,6.633006234916920540e-01
5.803580358035803632e-01,6.631845502782101054e-01
5.804580458045804914e-01,6.630684570607274786e-01
5.805580558055806195e-01,6.629523438392443957e-01
5.806580658065806366e-01,6.628362106137606347e-01
5.807580758075807648e-01,6.627200573842761955e-01
5.808580858085808929e-01,6.626038841507913002e-01
5.809580958095810210e-01,6.624876909133057268e-01
5.810581058105810381e-01,6.623714776718195862e-01
5.811581158115811663e-01,6.622552444263327676e-01
5.812581258125812944e-01,6.621389911768453818e-01
5.813581358135814225e-01,6.620227179233574288e-01
5.814581458145814397e-01,6.619064246658690198e-01
5.815581558155815678e-01,6.617901114043798216e-01
5.816581658165816959e-01,6.616737781388899453e-01
5.817581758175818241e-01,6.615574248693996129e-01
5.818581858185818412e-01,6.614410515959086023e-01
5.819581958195819693e-01,6.613246583184171357e-01
5.820582058205820974e-01,6.612082450369248798e-01
5.821582158215822256e-01,6.610918117514321679e-01
5.822582258225822427e-01,6.609753584619388889e-01
5.823582358235823708e-01,6.608588851684448207e-01
5.824582458245824990e-01,6.607423918709502964e-01
5.825582558255826271e-01,6.606258785694549829e-01
5.826582658265826442e-01,6.605093452639594354e-01
5.827582758275827723e-01,6.603927919544629876e-01
5.828582858285829005e-01,6.602762186409659728e-01
5.829582958295830286e-01,6.601596253234682798e-01
5.830583058305830457e-01,6.600430120019702418e-01
5.831583158315831739e-01,6.599263786764715256e-01
5.832583258325833020e-01,6.598097253469721313e-01
5.833583358335834301e-01,6.596930520134720588e-01
5.834583458345834472e-01,6.595763586759716413e-01
5.835583558355835754e-01,6.594596453344704345e-01
5.836583658365837035e-01,6.593429119889686607e-01
5.837583758375838316e-01,6.592261586394662087e-01
5.838583858385838488e-01,6.591093852859633007e-01
5.839583958395839769e-01,6.589925919284598255e-01
5.840584058405841050e-01,6.588757785669555611e-01
5.841584158415841221e-01,6.587589452014508407e-01
5.842584258425842503e-01,6.586420918319455531e-01
5.843584358435843784e-01,6.585252184584394763e-01
5.844584458445845065e-01,6.584083250809329435e-01
5.845584558455845237e-01,6.582914116994258436e-01
5.846584658465846518e-01,6.581744783139180655e-01
5.847584758475847799e-01,6.580575249244096092e-01
5.848584858485849081e-01,6.579405515309005859e-01
5.849584958495849252e-01,6.578235581333911064e-01
5.850585058505850533e-01,6.577065447318809488e-01
5.851585158515851814e-01,6.575895113263701131e-01
5.852585258525853096e-01,6.574724579168587102e-01
5.853585358535853267e-01,6.573553845033468512e-01
5.854585458545854548e-01,6.572382910858343141e-01
5.855585558555855830e-01,6.571211776643210989e-01
5.856585658565857111e-01,6.570040442388072055e-01
5.857585758575857282e-01,6.568868908092929670e-01
5.858585858585858563e-01,6.567697173757780504e-01
5.859585958595859845e-01,6.566525239382623447e-01
5.860586058605861126e-01,6.565353104967461828e-01
5.861586158615861297e-01,6.564180770512295648e-01
5.862586258625862579e-01,6.563008236017120467e-01
5.863586358635863860e-01,6.561835501481940724e-01
5.864586458645865141e-01,6.560662566906754201e-01
5.865586558655865312e-01,6.559489432291564226e-01
5.866586658665866594e-01,6.558316097636366360e-01
5.867586758675867875e-01,6.557142562941162822e-01
5.868586858685869156e-01,6.555968828205952503e-01
5.869586958695869328e-01,6.554794893430737623e-01
5.870587058705870609e-01,6.553620758615514852e-01
5.871587158715871890e-01,6.552446423760287519e-01
5.872587258725873172e-01,6.551271888865053405e-01
5.873587358735873343e-01,6.550097153929814731e-01
5.874587458745874624e-01,6.548922218954569274e-01
5.875587558755875905e-01,6.547747083939317037e-01
5.876587658765877187e-01,6.546571748884058017e-01
5.877587758775877358e-01,6.545396213788796658e-01
5.878587858785878639e-01,6.544220478653526296e-01
5.879587958795879921e-01,6.543044543478249153e-01
5.880588058805881202e-01,6.541868408262967449e-01
5.881588158815881373e-01,6.540692073007681184e-01
5.882588258825882654e-01,6.539515537712387028e-01
5.883588358835883936e-01,6.538338802377087200e-01
5.884588458845885217e-01,6.537161867001781701e-01
5.885588558855885388e-01,6.535984731586470531e-01
5.886588658865886670e-01,6.534807396131152579e-01
5.887588758875887951e-01,6.533629860635827846e-01
5.888588858885889232e-01,6.532452125100498552e-01
5.889588958895889403e-01,6.531274189525163587e-01
5.890589058905890685e-01,6.530096053909821840e-01
5.891589158915891966e-01,6.528917718254473312e-01
5.892589258925893247e-01,6.527739182559119113e-01
5.893589358935893419e-01,6.526560446823760353e-01
5.894589458945894700e-01,6.525381511048393701e-01
5.895589558955895981e-01,6.524202375233022488e-01
5.896589658965897263e-01,6.523023039377644494e-01
5.897589758975897434e-01,6.521843503482260829e-01
5.898589858985898715e-01,6.520663767546871492e-01
5.899589958995899996e-01,6.519483831571475374e-01
5.900590059005901278e-01,6.518303695556073585e-01
5.901590159015901449e-01,6.517123359500667235e-01
5.902590259025902730e-01,6.515942823405251882e-01
5.903590359035904012e-01,6.514762087269831969e-01
5.904590459045905293e-01,6.513581151094406385e-01
5.905590559055905464e-01,6.512400014878976240e-01
5.906590659065906745e-01,6.511218678623538203e-01
5.907590759075908027e-01,6.510037142328093385e-01
5.908590859085909308e-01,6.508855405992644005e-01
5.909590959095909479e-01,6.507673469617188955e-01
5.910591059105910761e-01,6.506491333201727123e-01
5.911591159115912042e-01,6.505308996746258510e-01
5.912591259125913323e-01,6.504126460250785335e-01
5.913591359135913494e-01,6.502943723715306490e-01
5.914591459145914776e-01,6.501760787139819753e-01
5.915591559155916057e-01,6.500577650524328455e-01
5.916591659165917338e-01,6.499394313868829265e-01
5.917591759175917510e-01,6.498210777173327735e-01
5.918591859185918791e-01,6.497027040437817202e-01
5.919591959195920072e-01,6.495843103662300999e-01
5.920592059205920243e-01,6.494658966846780235e-01
5.921592159215921525e-01,6.493474629991251579e-01
5.922592259225922806e-01,6.492290093095718362e-01
5.923592359235924087e-01,6.491105356160178363e-01
5.924592459245924259e-01,6.489920419184633804e-01
5.925592559255925540e-01,6.488735282169080243e-01
5.926592659265926821e-01,6.487549945113523231e-01
5.927592759275928103e-01,6.486364408017959438e-01
5.928592859285928274e-01,6.485178670882389973e-01
5.929592959295929555e-01,6.483992733706813727e-01
5.930593059305930836e-01,6.482806596491231810e-01
5.931593159315932118e-01,6.481620259235643111e-01
5.932593259325932289e-01,6.480433721940050962e-01
5.933593359335933570e-01,6.479246984604450921e-01
5.934593459345934852e-01,6.478060047228845209e-01
5.935593559355936133e-01,6.476872909813232715e-01
5.936593659365936304e-01,6.475685572357616770e-01
5.937593759375937585e-01,6.474498034861991824e-01
5.938593859385938867e-01,6.473310297326362317e-01
5.939593959395940148e-01,6.472122359750726028e-01
5.940594059405940319e-01,6.470934222135085179e-01
5.941594159415941601e-01,6.469745884479436437e-01
5.942594259425942882e-01,6.468557346783783135e-01
5.943594359435944163e-01,6.467368609048123052e-01
5.944594459445944334e-01,6.466179671272458407e-01
5.945594559455945616e-01,6.464990533456785871e-01
5.946594659465946897e-01,6.463801195601107663e-01
5.947594759475948178e-01,6.462611657705423784e-01
5.948594859485948350e-01,6.461421919769734235e-01
5.949594959495949631e-01,6.460231981794039013e-01
5.950595059505950912e-01,6.459041843778337011e-01
5.951595159515952194e-01,6.457851505722629337e-01
5.952595259525952365e-01,6.456660967626915992e-01
5.953595359535953646e-01,6.455470229491195866e-01
5.954595459545954927e-01,6.454279291315470068e-01
5.955595559555956209e-01,6.453088153099737490e-01
5.956595659565956380e-01,6.451896814844000350e-01
5.957595759575957661e-01,6.450705276548256428e-01
5.958595859585958943e-01,6.449513538212506836e-01
5.959595959595960224e-01,6.448321599836750462e-01
5.960596059605960395e-01,6.447129461420990637e-01
5.961596159615961676e-01,6.445937122965221810e-01
5.962596259625962958e-01,6.444744584469448423e-01
5.963596359635964239e-01,6.443551845933668254e-01
5.964596459645964410e-01,6.442358907357883524e-01
5.965596559655965692e-01,6.441165768742089792e-01
5.966596659665966973e-01,6.439972430086292610e-01
5.967596759675968254e-01,6.438778891390488646e-01
5.968596859685968425e-01,6.437585152654679010e-01
5.969596959695969707e-01,6.436391213878863704e-01
5.970597059705970988e-01,6.435197075063041616e-01
5.971597159715972269e-01,6.434002736207213857e-01
5.972597259725972441e-01,6.432808197311380427e-01
5.973597359735973722e-01,6.431613458375540215e-01
5.974597459745975003e-01,6.430418519399694333e-01
5.975597559755976285e-01,6.429223380383841668e-01
5.976597659765976456e-01,6.428028041327985553e-01
5.977597759775977737e-01,6.426832502232120437e-01
5.978597859785979018e-01,6.425636763096251869e-01
5.979597959795980300e-01,6.424440823920374299e-01
5.980598059805980471e-01,6.423244684704494389e-01
5.981598159815981752e-01,6.422048345448605478e-01
5.982598259825983034e-01,6.420851806152712005e-01
5.983598359835984315e-01,6.419655066816811750e-01
5.984598459845984486e-01,6.418458127440906935e-01
5.985598559855985767e-01,6.417260988024995338e-01
5.986598659865987049e-01,6.416063648569076960e-01
5.987598759875988330e-01,6.414866109073152911e-01
5.988598859885988501e-01,6.413668369537224301e-01
5.989598959895989783e-01,6.412470429961287799e-01
5.990599059905991064e-01,6.411272290345345626e-01
5.991599159915992345e-01,6.410073950689396671e-01
5.992599259925992516e-01,6.408875410993444266e-01
5.993599359935993798e-01,6.407676671257485079e-01
5.994599459945995079e-01,6.406477731481519111e-01
5.995599559955995250e-01,6.405278591665547472e-01
5.996599659965996532e-01,6.404079251809569051e-01
5.997599759975997813e-01,6.402879711913584959e-01
5.998599859985999094e-01,6.401679971977595196e-01
5.999599959995999265e-01,6.400480032001600872e-01
6.000600060006000547e-01,6.399279891985598656e-01
6.001600160016001828e-01,6.398079551929589659e-01
6.002600260026003109e-01,6.396879011833576101e-01
6.003600360036003281e-01,6.395678271697557982e-01
6.004600460046004562e-01,6.394477331521530861e-01
6.005600560056005843e-01,6.393276191305499179e-01
6.006600660066007125e-01,6.392074851049460715e-01
6.007600760076007296e-01,6.390873310753417691e-01
6.008600860086008577e-01,6.389671570417367885e-01
6.009600960096009858e-01,6.388469630041311298e-01
6.010601060106011140e-01,6.387267489625250150e-01
6.011601160116011311e-01,6.386065149169182220e-01
6.012601260126012592e-01,6.384862608673108619e-01
6.013601360136013874e-01,6.383659868137028237e-01
6.014601460146015155e-01,6.382456927560942184e-01
6.015601560156015326e-01,6.381253786944851569e-01
6.016601660166016607e-01,6.380050446288753063e-01
6.017601760176017889e-01,6.378846905592648886e-01
6.018601860186019170e-01,6.377643164856539038e-01
6.019601960196019341e-01,6.376439224080423518e-01
6.020602060206020623e-01,6.375235083264301217e-01
6.021602160216021904e-01,6.374030742408174355e-01
6.022602260226023185e-01,6.372826201512039601e-01
6.023602360236023356e-01,6.371621460575900286e-01
6.024602460246024638e-01,6.370416519599755301e-01
6.025602560256025919e-01,6.369211378583602423e-01
6.026602660266027200e-01,6.368006037527444985e-01
6.027602760276027372e-01,6.366800496431281875e-01
6.028602860286028653e-01,6.365594755295111984e-01
6.029602960296029934e-01,6.364388814118935311e-01
6.030603060306031216e-01,6.363182672902752968e-01
6.031603160316031387e-01,6.361976331646566063e-01
6.032603260326032668e-01,6.360769790350371267e-01
6.033603360336033949e-01,6.359563049014171909e-01
6.034603460346035231e-01,6.358356107637965771e-01
6.035603560356035402e-01,6.357148966221755071e-01
6.036603660366036683e-01,6.355941624765537590e-01
6.037603760376037965e-01,6.354734083269313327e-01
6.038603860386039246e-01,6.353526341733082283e-01
6.039603960396039417e-01,6.352318400156847789e-01
6.040604060406040698e-01,6.351110258540605402e-01
6.041604160416041980e-01,6.349901916884357345e-01
6.042604260426043261e-01,6.348693375188103616e-01
6.043604360436043432e-01,6.347484633451844216e-01
6.044604460446044714e-01,6.346275691675578035e-01
6.045604560456045995e-01,6.345066549859306182e-01
6.046604660466047276e-01,6.343857208003027548e-01
6.047604760476047447e-01,6.342647666106744353e-01
6.048604860486048729e-01,6.341437924170454377e-01
6.049604960496050010e-01,6.340227982194158729e-01
6.050605060506051291e-01,6.339017840177856300e-01
6.051605160516051463e-01,6.337807498121549310e-01
6.052605260526052744e-01,6.336596956025235539e-01
6.053605360536054025e-01,6.335386213888914986e-01
6.054605460546055307e-01,6.334175271712588762e-01
6.055605560556055478e-01,6.332964129496257977e-01
6.056605660566056759e-01,6.331752787239919300e-01
6.057605760576058040e-01,6.330541244943574952e-01
6.058605860586059322e-01,6.329329502607226043e-01
6.059605960596059493e-01,6.328117560230870353e-01
6.060606060606060774e-01,6.326905417814507882e-01
6.061606160616062056e-01,6.325693075358140849e-01
6.062606260626063337e-01,6.324480532861765925e-01
6.063606360636063508e-01,6.323267790325387550e-01
6.064606460646064789e-01,6.322054847749001283e-01
6.065606560656066071e-01,6.320841705132609345e-01
6.066606660666067352e-01,6.319628362476210626e-01
6.067606760676067523e-01,6.318414819779807345e-01
6.068606860686068805e-01,6.317201077043397284e-01
6.069606960696070086e-01,6.315987134266981551e-01
6.070607060706070257e-01,6.314772991450561257e-01
6.071607160716071538e-01,6.313558648594133071e-01
6.072607260726072820e-01,6.312344105697698105e-01
6.073607360736074101e-01,6.311129362761258577e-01
6.074607460746074272e-01,6.309914419784813377e-01
6.075607560756075554e-01,6.308699276768361397e-01
6.076607660766076835e-01,6.307483933711902635e-01
6.077607760776078116e-01,6.306268390615439312e-01
6.078607860786078287e-01,6.305052647478970318e-01
6.079607960796079569e-01,6.303836704302493432e-01
6.080608060806080850e-01,6.302620561086011985e-01
6.081608160816082131e-01,6.301404217829522647e-01
6.082608260826082303e-01,6.300187674533030968e-01
6.083608360836083584e-01,6.298970931196530287e-01
6.084608460846084865e-01,6.297753987820023935e-01
6.085608560856086147e-01,6.296536844403510802e-01
6.086608660866086318e-01,6.295319500946994218e-01
6.087608760876087599e-01,6.294101957450470852e-01
6.088608860886088880e-01,6.292884213913940705e-01
6.089608960896090162e-01,6.291666270337403777e-01
6.090609060906090333e-01,6.290448126720863398e-01
6.091609160916091614e-01,6.289229783064315127e-01
6.092609260926092896e-01,6.288011239367761185e-01
6.093609360936094177e-01,6.286792495631200461e-01
6.094609460946094348e-01,6.285573551854635177e-01
6.095609560956095629e-01,6.284354408038064221e-01
6.096609660966096911e-01,6.283135064181485374e-01
6.097609760976098192e-01,6.281915520284900856e-01
6.098609860986098363e-01,6.280695776348312886e-01
6.099609960996099645e-01,6.279475832371715915e-01
6.100610061006100926e-01,6.278255688355114383e-01
6.101610161016102207e-01,6.277035344298504960e-01
6.102610261026102378e-01,6.275814800201893195e-01
6.103610361036103660e-01,6.274594056065272429e-01
6.104610461046104941e-01,6.273373111888645992e-01
6.105610561056106222e-01,6.272151967672013884e-01
6.106610661066106394e-01,6.270930623415377214e-01
6.107610761076107675e-01,6.269709079118732653e-01
6.108610861086108956e-01,6.268487334782082421e-01
6.109610961096110238e-01,6.267265390405426517e-01
6.110611061106110409e-01,6.266043245988766053e-01
6.111611161116111690e-01,6.264820901532097697e-01
6.112611261126112971e-01,6.263598357035422559e-01
6.113611361136114253e-01,6.262375612498742861e-01
6.114611461146114424e-01,6.261152667922058601e-01
6.115611561156115705e-01,6.259929523305365340e-01
6.116611661166116987e-01,6.258706178648667517e-01
6.117611761176118268e-01,6.257482633951962914e-01
6.118611861186118439e-01,6.256258889215253749e-01
6.119611961196119720e-01,6.255034944438537803e-01
6.120612061206121002e-01,6.253810799621815075e-01
6.121612161216122283e-01,6.252586454765087787e-01
6.122612261226122454e-01,6.251361909868354827e-01
6.123612361236123736e-01,6.250137164931615086e-01
6.124612461246125017e-01,6.248912219954867453e-01
6.125612561256126298e-01,6.247687074938115259e-01
6.126612661266126469e-01,6.246461729881358504e-01
6.127612761276127751e-01,6.245236184784594968e-01
6.128612861286129032e-01,6.244010439647824651e-01
6.129612961296130313e-01,6.242784494471048662e-01
6.130613061306130485e-01,6.241558349254268112e-01
6.131613161316131766e-01,6.240332003997479671e-01
6.132613261326133047e-01,6.239105458700684448e-01
6.133613361336134329e-01,6.237878713363884664e-01
6.134613461346134500e-01,6.236651767987080319e-01
6.135613561356135781e-01,6.235424622570266973e-01
6.136613661366137062e-01,6.234197277113449065e-01
6.137613761376138344e-01,6.232969731616624376e-01
6.138613861386138515e-01,6.231741986079796236e-01
6.139613961396139796e-01,6.230514040502960205e-01
6.140614061406141078e-01,6.229285894886118502e-01
6.141614161416142359e-01,6.228057549229268908e-01
6.142614261426142530e-01,6.226829003532416973e-01
6.143614361436143811e-01,6.225600257795556036e-01
6.144614461446145093e-01,6.224371312018690539e-01
6.145614561456145264e-01,6.223142166201819370e-01
6.146614661466146545e-01,6.221912820344941419e-01
6.147614761476147827e-01,6.220683274448056688e-01
6.148614861486149108e-01,6.219453528511166285e-01
6.149614961496149279e-01,6.218223582534271321e-01
6.150615061506150560e-01,6.216993436517368465e-01
6.151615161516151842e-01,6.215763090460461049e-01
6.152615261526153123e-01,6.214532544363546851e-01
6.153615361536153294e-01,6.213301798226626982e-01
6.154615461546154576e-01,6.212070852049701442e-01
6.155615561556155857e-01,6.210839705832769120e-01
6.156615661566157138e-01,6.209608359575831127e-01
6.157615761576157309e-01,6.208376813278888573e-01
6.158615861586158591e-01,6.207145066941937017e-01
6.159615961596159872e-01,6.205913120564980900e-01
6.160616061606161153e-01,6.204680974148019112e-01
6.161616161616161325e-01,6.203448627691052764e-01
6.162616261626162606e-01,6.202216081194078523e-01
6.163616361636163887e-01,6.200983334657097501e-01
6.164616461646165169e-01,6.199750388080111918e-01
6.165616561656165340e-01,6.198517241463120664e-01
6.166616661666166621e-01,6.197283894806122628e-01
6.167616761676167902e-01,6.196050348109117811e-01
6.168616861686169184e-01,6.194816601372108433e-01
6.169616961696169355e-01,6.193582654595093384e-01
6.170617061706170636e-01,6.192348507778070443e-01
6.171617161716171918e-01,6.191114160921042942e-01
6.172617261726173199e-01,6.189879614024007548e-01
6.173617361736173370e-01,6.188644867086969814e-01
6.174617461746174651e-01,6.187409920109923078e-01
6.175617561756175933e-01,6.186174773092870671e-01
6.176617661766177214e-01,6.184939426035811483e-01
6.177617761776177385e-01,6.183703878938748844e-01
6.178617861786178667e-01,6.182468131801679423e-01
6.179617961796179948e-01,6.181232184624603221e-01
6.180618061806181229e-01,6.179996037407520237e-01
6.181618161816181400e-01,6.178759690150432693e-01
6.182618261826182682e-01,6.177523142853338367e-01
6.183618361836183963e-01,6.176286395516239480e-01
6.184618461846185244e-01,6.175049448139132702e-01
6.185618561856185416e-01,6.173812300722021362e-01
6.186618661866186697e-01,6.172574953264903241e-01
6.187618761876187978e-01,6.171337405767778339e-01
6.188618861886189260e-01,6.170099658230648876e-01
6.189618961896189431e-01,6.168861710653513741e-01
6.190619061906190712e-01,6.167623563036370715e-01
6.191619161916191993e-01,6.166385215379223128e-01
6.192619261926193275e-01,6.165146667682068760e-01
6.193619361936193446e-01,6.163907919944909830e-01
6.194619461946194727e-01,6.162668972167744119e-01
6.195619561956196009e-01,6.161429824350571627e-01
6.196619661966197290e-01,6.160190476493392353e-01
6.197619761976197461e-01,6.158950928596209629e-01
6.198619861986198742e-01,6.157711180659020123e-01
6.199619961996200024e-01,6.156471232681823835e-01
6.200620062006201305e-01,6.155231084664620766e-01
6.201620162016201476e-01,6.153990736607414247e-01
6.202620262026202758e-01,6.152750188510199836e-01
6.203620362036204039e-01,6.151509440372979753e-01
6.204620462046205320e-01,6.150268492195754000e-01
6.205620562056205491e-01,6.149027343978522575e-01
6.206620662066206773e-01,6.147785995721284369e-01
6.207620762076208054e-01,6.146544447424040492e-01
6.208620862086209335e-01,6.145302699086789833e-01
6.209620962096209507e-01,6.144060750709534613e-01
6.210621062106210788e-01,6.142818602292272612e-01
6.211621162116212069e-01,6.141576253835003829e-01
6.212621262126213351e-01,6.140333705337729375e-01
6.213621362136213522e-01,6.139090956800450360e-01
6.214621462146214803e-01,6.137848008223164564e-01
6.215621562156216084e-01,6.136604859605871987e-01
6.216621662166217366e-01,6.135361510948573738e-01
6.217621762176217537e-01,6.134117962251270928e-01
6.218621862186218818e-01,6.132874213513960227e-01
6.219621962196220100e-01,6.131630264736643854e-01
6.220622062206220271e-01,6.130386115919322920e-01
6.221622162216221552e-01,6.129141767061994095e-01
6.222622262226222833e-01,6.127897218164660709e-01
6.223622362236224115e-01,6.126652469227320541e-01
6.224622462246224286e-01,6.125407520249974702e-01
6.225622562256225567e-01,6.124162371232622082e-01
6.226622662266226849e-01,6.122917022175264901e-01
6.227622762276228130e-01,6.121671473077900938e-01
6.228622862286228301e-01,6.120425723940531304e-01
6.229622962296229582e-01,6.119179774763154889e-01
6.230623062306230864e-01,6.117933625545772802e-01
6.231623162316232145e-01,6.116687276288383934e-01
6.232623262326232316e-01,6.115440726990990505e-01
6.233623362336233598e-01,6.114193977653590295e-01
6.234623462346234879e-01,6.112947028276184414e-01
6.235623562356236160e-01,6.111699878858771751e-01
6.236623662366236331e-01,6.110452529401355637e-01
6.237623762376237613e-01,6.109204979903930521e-01
6.238623862386238894e-01,6.107957230366500845e-01
6.239623962396240175e-01,6.106709280789064387e-01
6.240624062406240347e-01,6.105461131171623368e-01
6.241624162416241628e-01,6.104212781514175568e-01
6.242624262426242909e-01,6.102964231816720986e-01
6.243624362436244191e-01,6.101715482079259623e-01
6.244624462446244362e-01,6.100466532301795919e-01
6.245624562456245643e-01,6.099217382484323213e-01
6.246624662466246924e-01,6.097968032626844836e-01
6.247624762476248206e-01,6.096718482729359678e-01
6.248624862486248377e-01,6.095468732791871069e-01
6.249624962496249658e-01,6.094218782814375679e-01
6.250625062506250940e-01,6.092968632796872397e-01
6.251625162516252221e-01,6.091718282739364554e-01
6.252625262526252392e-01,6.090467732641851040e-01
6.253625362536253673e-01,6.089216982504330744e-01
6.254625462546254955e-01,6.087966032326804777e-01
6.255625562556256236e-01,6.086714882109272029e-01
6.256625662566256407e-01,6.085463531851735830e-01
6.257625762576257689e-01,6.084211981554190629e-01
6.258625862586258970e-01,6.082960231216640867e-01
6.259625962596260251e-01,6.081708280839084324e-01
6.260626062606260422e-01,6.080456130421523220e-01
6.261626162616261704e-01,6.079203779963955334e-01
6.262626262626262985e-01,6.077951229466380667e-01
6.263626362636264266e-01,6.076698478928800329e-01
6.264626462646264438e-01,6.075445528351215430e-01
6.265626562656265719e-01,6.074192377733622639e-01
6.266626662666267000e-01,6.072939027076025287e-01
6.267626762676268282e-01,6.071685476378420043e-01
6.268626862686268453e-01,6.070431725640811349e-01
6.269626962696269734e-01,6.069177774863194763e-01
6.270627062706271015e-01,6.067923624045572506e-01
6.271627162716272297e-01,6.066669273187943467e-01
6.272627262726272468e-01,6.065414722290310978e-01
6.273627362736273749e-01,6.064159971352670597e-01
6.274627462746275031e-01,6.062905020375024545e-01
6.275627562756276312e-01,6.061649869357371712e-01
6.276627662766276483e-01,6.060394518299714317e-01
6.277627762776277764e-01,6.059138967202051251e-01
6.278627862786279046e-01,6.057883216064380294e-01
6.279627962796280327e-01,6.056627264886703665e-01
6.280628062806280498e-01,6.055371113669023586e-01
6.281628162816281780e-01,6.054114762411334505e-01
6.282628262826283061e-01,6.052858211113640863e-01
6.283628362836284342e-01,6.051601459775939329e-01
6.284628462846284513e-01,6.050344508398235455e-01
6.285628562856285795e-01,6.049087356980522578e-01
6.286628662866287076e-01,6.047830005522804031e-01
6.287628762876288357e-01,6.046572454025079812e-01
6.288628862886288529e-01,6.045314702487349923e-01
6.289628962896289810e-01,6.044056750909614362e-01
6.290629062906291091e-01,6.042798599291872019e-01
6.291629162916292373e-01,6.041540247634122895e-01
6.292629262926292544e-01,6.040281695936370321e-01
6.293629362936293825e-01,6.039022944198609855e-01
6.294629462946295106e-01,6.037763992420843717e-01
6.295629562956296388e-01,6.036504840603071909e-01
6.296629662966296559e-01,6.035245488745294429e-01
6.297629762976297840e-01,6.033985936847510168e-01
6.298629862986299122e-01,6.032726184909720235e-01
6.299629962996299293e-01,6.031466232931924631e-01
6.300630063006300574e-01,6.030206080914122246e-01
6.301630163016301855e-01,6.028945728856314190e-01
6.302630263026303137e-01,6.027685176758499352e-01
6.303630363036303308e-01,6.026424424620679954e-01
6.304630463046304589e-01,6.025163472442853774e-01
6.305630563056305871e-01,6.023902320225020812e-01
6.306630663066307152e-01,6.022640967967183290e-01
6.307630763076307323e-01,6.021379415669340096e-01
6.308630863086308604e-01,6.020117663331490121e-01
6.309630963096309886e-01,6.018855710953633364e-01
6.310631063106311167e-01,6.017593558535770937e-01
6.311631163116311338e-01,6.016331206077903948e-01
6.312631263126312620e-01,6.015068653580029068e-01
6.313631363136313901e-01,6.013805901042148516e-01
6.314631463146315182e-01,6.012542948464263404e-01
6.315631563156315353e-01,6.011279795846371510e-01
6.316631663166316635e-01,6.010016443188472834e-01
6.317631763176317916e-01,6.008752890490569598e-01
6.318631863186319197e-01,6.007489137752658470e-01
6.319631963196319369e-01,6.006225184974742781e-01
6.320632063206320650e-01,6.004961032156821421e-01
6.321632163216321931e-01,6.003696679298893280e-01
6.322632263226323213e-01,6.002432126400958357e-01
6.323632363236323384e-01,6.001167373463018873e-01
6.324632463246324665e-01,5.999902420485072607e-01
6.325632563256325946e-01,5.998637267467119560e-01
6.326632663266327228e-01,5.997371914409161953e-01
6.327632763276327399e-01,5.996106361311198674e-01
6.328632863286328680e-01,5.994840608173228613e-01
6.329632963296329962e-01,5.993574654995252882e-01
6.330633063306331243e-01,5.992308501777270369e-01
6.331633163316331414e-01,5.991042148519283295e-01
6.332633263326332695e-01,5.989775595221288329e-01
6.333633363336333977e-01,5.988508841883287692e-01
6.334633463346335258e-01,5.987241888505281384e-01
6.335633563356335429e-01,5.985974735087270515e-01
6.336633663366336711e-01,5.984707381629251755e-01
6.337633763376337992e-01,5.983439828131227323e-01
6.338633863386339273e-01,5.982172074593197220e-01
6.339633963396339444e-01,5.980904121015162556e-01
6.340634063406340726e-01,5.979635967397118890e-01
6.341634163416342007e-01,5.978367613739070663e-01
6.342634263426343288e-01,5.977099060041016765e-01
6.343634363436343460e-01,5.975830306302958306e-01
6.344634463446344741e-01,5.974561352524891955e-01
6.345634563456346022e-01,5.973292198706818823e-01
6.346634663466347304e-01,5.972022844848741130e-01
6.347634763476347475e-01,5.970753290950656655e-01
6.348634863486348756e-01,5.969483537012567620e-01
6.349634963496350037e-01,5.968213583034470693e-01
6.350635063506351319e-01,5.966943429016368095e-01
6.351635163516351490e-01,5.965673074958260935e-01
6.352635263526352771e-01,5.964402520860145884e-01
6.353635363536354053e-01,5.963131766722026272e-01
6.354635463546355334e-01,5.961860812543899879e-01
6.355635563556355505e-01,5.960589658325768925e-01
6.356635663566356786e-01,5.959318304067630079e-01
6.357635763576358068e-01,5.958046749769485562e-01
6.358635863586359349e-01,5.956774995431335373e-01
6.359635963596359520e-01,5.955503041053180624e-01
6.360636063606360802e-01,5.954230886635017983e-01
6.361636163616362083e-01,5.952958532176849671e-01
6.362636263626363364e-01,5.951685977678675687e-01
6.363636363636363535e-01,5.950413223140496033e-01
6.364636463646364817e-01,5.949140268562309597e-01
6.365636563656366098e-01,5.947867113944116380e-01
6.366636663666367379e-01,5.946593759285918601e-01
6.367636763676367551e-01,5.945320204587716262e-01
6.368636863686368832e-01,5.944046449849504921e-01
6.369636963696370113e-01,5.942772495071289018e-01
6.370637063706371395e-01,5.941498340253066335e-01
6.371637163716371566e-01,5.940223985394839090e-01
6.372637263726372847e-01,5.938949430496605064e-01
6.373637363736374128e-01,5.937674675558364257e-01
6.374637463746374300e-01,5.936399720580118888e-01
6.375637563756375581e-01,5.935124565561866739e-01
6.376637663766376862e-01,5.933849210503607807e-01
6.377637763776378144e-01,5.932573655405344315e-01
6.378637863786378315e-01,5.931297900267074041e-01
6.379637963796379596e-01,5.930021945088798097e-01
6.380638063806380877e-01,5.928745789870515370e-01
6.381638163816382159e-01,5.927469434612226973e-01
6.382638263826382330e-01,5.926192879313934014e-01
6.383638363836383611e-01,5.924916123975634275e-01
6.384638463846384893e-01,5.923639168597327753e-01
6.385638563856386174e-01,5.922362013179014451e-01
6.386638663866386345e-01,5.921084657720697697e-01
6.387638763876387626e-01,5.919807102222374162e-01
6.388638863886388908e-01,5.918529346684042736e-01
6.389638963896390189e-01,5.917251391105706748e-01
6.390639063906390360e-01,5.915973235487366200e-01
6.391639163916391642e-01,5.914694879829016649e-01
6.392639263926392923e-01,5.913416324130662538e-01
6.393639363936394204e-01,5.912137568392301645e-01
6.394639463946394375e-01,5.910858612613936192e-01
6.395639563956395657e-01,5.909579456795563956e-01
6.396639663966396938e-01,5.908300100937186050e-01
6.397639763976398219e-01,5.907020545038801362e-01
6.398639863986398391e-01,5.905740789100413224e-01
6.399639963996399672e-01,5.904460833122016084e-01
6.400640064006400953e-01,5.903180677103614382e-01
6.401640164016402235e-01,5.901900321045205899e-01
6.402640264026402406e-01,5.900619764946791745e-01
6.403640364036403687e-01,5.899339008808370810e-01
6.404640464046404968e-01,5.898058052629945314e-01
6.405640564056406250e-01,5.896776896411513036e-01
6.406640664066406421e-01,5.895495540153075087e-01
6.407640764076407702e-01,5.894213983854630357e-01
6.408640864086408984e-01,5.892932227516181065e-01
6.409640964096410265e-01,5.891650271137723882e-01
6.410641064106410436e-01,5.890368114719262138e-01
6.411641164116411717e-01,5.889085758260794723e-01
6.412641264126412999e-01,5.887803201762320526e-01
6.413641364136414280e-01,5.886520445223839548e-01
6.414641464146414451e-01,5.885237488645354009e-01
6.415641564156415733e-01,5.883954332026861689e-01
6.416641664166417014e-01,5.882670975368363697e-01
6.417641764176418295e-01,5.881387418669858924e-01
6.418641864186418466e-01,5.880103661931350700e-01
6.419641964196419748e-01,5.878819705152833475e-01
6.420642064206421029e-01,5.877535548334311688e-01
6.421642164216422310e-01,5.876251191475783120e-01
6.422642264226422482e-01,5.874966634577249991e-01
6.423642364236423763e-01,5.873681877638708970e-01
6.424642464246425044e-01,5.872396920660162278e-01
6.425642564256426326e-01,5.871111763641609915e-01
6.426642664266426497e-01,5.869826406583052991e-01
6.427642764276427778e-01,5.868540849484488175e-01
6.428642864286429059e-01,5.867255092345917689e-01
6.429642964296430341e-01,5.865969135167341530e-01
6.430643064306430512e-01,5.864682977948760811e-01
6.431643164316431793e-01,5.863396620690171090e-01
6.432643264326433075e-01,5.862110063391576809e-01
6.433643364336434356e-01,5.860823306052976855e-01
6.434643464346434527e-01,5.859536348674372341e-01
6.435643564356435808e-01,5.858249191255758825e-01
6.436643664366437090e-01,5.856961833797140748e-01
6.437643764376438371e-01,5.855674276298515890e-01
6.438643864386438542e-01,5.854386518759886471e-01
6.439643964396439824e-01,5.853098561181250270e-01
6.440644064406441105e-01,5.851810403562607288e-01
6.441644164416442386e-01,5.850522045903958634e-01
6.442644264426442557e-01,5.849233488205306530e-01
6.443644364436443839e-01,5.847944730466645424e-01
6.444644464446445120e-01,5.846655772687978647e-01
6.445644564456446401e-01,5.845366614869307309e-01
6.446644664466446573e-01,5.844077257010629189e-01
6.447644764476447854e-01,5.842787699111945399e-01
6.448644864486449135e-01,5.841497941173254826e-01
6.449644964496449306e-01,5.840207983194559693e-01
6.450645064506450588e-01,5.838917825175857779e-01
6.451645164516451869e-01,5.837627467117147972e-01
6.452645264526453150e-01,5.836336909018433605e-01
6.453645364536453322e-01,5.835046150879714677e-01
6.454645464546454603e-01,5.833755192700988967e-01
6.455645564556455884e-01,5.832464034482256476e-01
6.456645664566457166e-01,5.831172676223517204e-01
6.457645764576457337e-01,5.829881117924773370e-01
6.458645864586458618e-01,5.828589359586023866e-01
6.459645964596459899e-01,5.827297401207267580e-01
6.460646064606461181e-01,5.826005242788504512e-01
6.461646164616461352e-01,5.824712884329736884e-01
6.462646264626462633e-01,5.823420325830963584e-01
6.463646364636463915e-01,5.822127567292182393e-01
6.464646464646465196e-01,5.820834608713396641e-01
6.465646564656465367e-01,5.819541450094605217e-01
6.466646664666466648e-01,5.818248091435807012e-01
6.467646764676467930e-01,5.816954532737002026e-01
6.468646864686469211e-01,5.815660773998191369e-01
6.469646964696469382e-01,5.814366815219376150e-01
6.470647064706470664e-01,5.813072656400553040e-01
6.471647164716471945e-01,5.811778297541725369e-01
6.472647264726473226e-01,5.810483738642890916e-01
6.473647364736473397e-01,5.809188979704051903e-01
6.474647464746474679e-01,5.807894020725204998e-01
6.475647564756475960e-01,5.806598861706352421e-01
6.476647664766477241e-01,5.805303502647494174e-01
6.477647764776477413e-01,5.804007943548630255e-01
6.478647864786478694e-01,5.802712184409759555e-01
6.479647964796479975e-01,5.801416225230884294e-01
6.480648064806481257e-01,5.800120066012001141e-01
6.481648164816481428e-01,5.798823706753113427e-01
6.482648264826482709e-01,5.797527147454220042e-01
6.483648364836483990e-01,5.796230388115318766e-01
6.484648464846485272e-01,5.794933428736412928e-01
6.485648564856485443e-01,5.793636269317501419e-01
6.486648664866486724e-01,5.792338909858583129e-01
6.487648764876488006e-01,5.791041350359658058e-01
6.488648864886489287e-01,5.789743590820727315e-01
6.489648964896489458e-01,5.788445631241792011e-01
6.490649064906490739e-01,5.787147471622849926e-01
6.491649164916492021e-01,5.785849111963901059e-01
6.492649264926493302e-01,5.784550552264946521e-01
6.493649364936493473e-01,5.783251792525987423e-01
6.494649464946494755e-01,5.781952832747021542e-01
6.495649564956496036e-01,5.780653672928048881e-01
6.496649664966497317e-01,5.779354313069069438e-01
6.497649764976497488e-01,5.778054753170086544e-01
6.498649864986498770e-01,5.776754993231096869e-01
6.499649964996500051e-01,5.775455033252099302e-01
6.500650065006501332e-01,5.774154873233097174e-01
6.501650165016501504e-01,5.772854513174090485e-01
6.502650265026502785e-01,5.771553953075074794e-01
6.503650365036504066e-01,5.770253192936054543e-01
6.504650465046505348e-01,5.768952232757027510e-01
6.505650565056505519e-01,5.767651072537997026e-01
6.506650665066506800e-01,5.766349712278958650e-01
6.507650765076508081e-01,5.765048151979914604e-01
6.508650865086509363e-01,5.763746391640862665e-01
6.509650965096509534e-01,5.762444431261808386e-01
6.510651065106510815e-01,5.761142270842745106e-01
6.511651165116512097e-01,5.759839910383677264e-01
6.512651265126513378e-01,5.758537349884602641e-01
6.513651365136513549e-01,5.757234589345523457e-01
6.514651465146514830e-01,5.755931628766437491e-01
6.515651565156516112e-01,5.754628468147344744e-01
6.516651665166517393e-01,5.753325107488245216e-01
6.517651765176517564e-01,5.752021546789142237e-01
6.518651865186518846e-01,5.750717786050032476e-01
6.519651965196520127e-01,5.749413825270914824e-01
6.520652065206521408e-01,5.748109664451792611e-01
6.521652165216521579e-01,5.746805303592665837e-01
6.522652265226522861e-01,5.745500742693531171e-01
6.523652365236524142e-01,5.744195981754389724e-01
6.524652465246524313e-01,5.742891020775244826e-01
6.525652565256525595e-01,5.741585859756093146e-01
6.526652665266526876e-01,5.740280498696934686e-01
6.527652765276528157e-01,5.738974937597769443e-01
6.528652865286528328e-01,5.737669176458599640e-01
6.529652965296529610e-01,5.736363215279423056e-01
6.530653065306530891e-01,5.735057054060241910e-01
6.531653165316532172e-01,5.733750692801052873e-01
6.532653265326532344e-01,5.732444131501859275e-01
6.533653365336533625e-01,5.731137370162658895e-01
6.534653465346534906e-01,5.729830408783451734e-01
6.535653565356536188e-01,5.728523247364238902e-01
6.536653665366536359e-01,5.727215885905022619e-01
6.537653765376537640e-01,5.725908324405797334e-01
6.538653865386538921e-01,5.724600562866567488e-01
6.539653965396540203e-01,5.723292601287330861e-01
6.540654065406540374e-01,5.721984439668089673e-01
6.541654165416541655e-01,5.720676078008841703e-01
6.542654265426542937e-01,5.719367516309585842e-01
6.543654365436544218e-01,5.718058754570325419e-01
6.544654465446544389e-01,5.716749792791060436e-01
6.545654565456545670e-01,5.715440630971788671e-01
6.546654665466546952e-01,5.714131269112510125e-01
6.547654765476548233e-01,5.712821707213224798e-01
6.548654865486548404e-01,5.711511945273934909e-01
6.549654965496549686e-01,5.710201983294638239e-01
6.550655065506550967e-01,5.708891821275337009e-01
6.551655165516552248e-01,5.707581459216027886e-01
6.552655265526552419e-01,5.706270897116714202e-01
6.553655365536553701e-01,5.704960134977394848e-01
6.554655465546554982e-01,5.703649172798067601e-01
6.555655565556556263e-01,5.702338010578734684e-01
6.556655665566556435e-01,5.701026648319398316e-01
6.557655765576557716e-01,5.699715086020052945e-01
6.558655865586558997e-01,5.698403323680703014e-01
6.559655965596560279e-01,5.697091361301345191e-01
6.560656065606560450e-01,5.695779198881985028e-01
6.561656165616561731e-01,5.694466836422615863e-01
6.562656265626563012e-01,5.693154273923242137e-01
6.563656365636564294e-01,5.691841511383861629e-01
6.564656465646564465e-01,5.690528548804475450e-01
6.565656565656565746e-01,5.689215386185082490e-01
6.566656665666567028e-01,5.687902023525683859e-01
6.567656765676568309e-01,5.686588460826279556e-01
6.568656865686568480e-01,5.685274698086870693e-01
6.569656965696569761e-01,5.683960735307453938e-01
6.570657065706571043e-01,5.682646572488031511e-01
6.571657165716572324e-01,5.681332209628602303e-01
6.572657265726572495e-01,5.680017646729169645e-01
6.573657365736573777e-01,5.678702883789729094e-01
6.574657465746575058e-01,5.677387920810281763e-01
6.575657565756576339e-01,5.676072757790829870e-01
6.576657665766576510e-01,5.674757394731372306e-01
6.577657765776577792e-01,5.673441831631907961e-01
6.578657865786579073e-01,5.672126068492437945e-01
6.579657965796580354e-01,5.670810105312960037e-01
6.580658065806580526e-01,5.669493942093479788e-01
6.581658165816581807e-01,5.668177578833990538e-01
6.582658265826583088e-01,5.666861015534496726e-01
6.583658365836584370e-01,5.665544252194996133e-01
6.584658465846584541e-01,5.664227288815490979e-01
6.585658565856585822e-01,5.662910125395977934e-01
6.586658665866587103e-01,5.661592761936459217e-01
6.587658765876588385e-01,5.660275198436934829e-01
6.588658865886588556e-01,5.658957434897404770e-01
6.589658965896589837e-01,5.657639471317867930e-01
6.590659065906591119e-01,5.656321307698326528e-01
6.591659165916592400e-01,5.655002944038777235e-01
6.592659265926592571e-01,5.653684380339223381e-01
6.593659365936593852e-01,5.652365616599663856e-01
6.594659465946595134e-01,5.651046652820097549e-01
6.595659565956596415e-01,5.649727489000524461e-01
6.596659665966596586e-01,5.648408125140946812e-01
6.597659765976597868e-01,5.647088561241362381e-01
6.598659865986599149e-01,5.645768797301771169e-01
6.599659965996600430e-01,5.644448833322175396e-01
6.600660066006600601e-01,5.643128669302573952e-01
6.601660166016601883e-01,5.641808305242965726e-01
6.602660266026603164e-01,5.640487741143350719e-01
6.603660366036603335e-01,5.639166977003731152e-01
6.604660466046604617e-01,5.637846012824104802e-01
6.605660566056605898e-01,5.636524848604471671e-01
6.606660666066607179e-01,5.635203484344832869e-01
6.607660766076607350e-01,5.633881920045189506e-01
6.608660866086608632e-01,5.632560155705539362e-01
6.609660966096609913e-01,5.631238191325882436e-01
6.610661066106611194e-01,5.629916026906220949e-01
6.611661166116611366e-01,5.628593662446552681e-01
6.612661266126612647e-01,5.627271097946877632e-01
6.613661366136613928e-01,5.625948333407198021e-01
6.614661466146615210e-01,5.624625368827511629e-01
6.615661566156615381e-01,5.623302204207820676e-01
6.616661666166616662e-01,5.621978839548120721e-01
6.617661766176617943e-01,5.620655274848416205e-01
6.618661866186619225e-01,5.619331510108706018e-01
6.619661966196619396e-01,5.618007545328991270e-01
6.620662066206620677e-01,5.616683380509268630e-01
6.621662166216621959e-01,5.615359015649539209e-01
6.622662266226623240e-01,5.614034450749805227e-01
6.623662366236623411e-01,5.612709685810065574e-01
6.624662466246624692e-01,5.611384720830319139e-01
6.625662566256625974e-01,5.610059555810565923e-01
6.626662666266627255e-01,5.608734190750808146e-01
6.627662766276627426e-01,5.607408625651044698e-01
6.628662866286628708e-01,5.606082860511273358e-01
6.629662966296629989e-01,5.604756895331497457e-01
6.630663066306631270e-01,5.603430730111713665e-01
6.631663166316631441e-01,5.602104364851927532e-01
6.632663266326632723e-01,5.600777799552132397e-01
6.633663366336634004e-01,5.599451034212331590e-01
6.634663466346635285e-01,5.598124068832525113e-01
6.635663566356635457e-01,5.596796903412712965e-01
6.636663666366636738e-01,5.595469537952895145e-01
6.637663766376638019e-01,5.594141972453070544e-01
6.638663866386639301e-01,5.592814206913239161e-01
6.639663966396639472e-01,5.591486241333404328e-01
6.640664066406640753e-01,5.590158075713561603e-01
6.641664166416642034e-01,5.588829710053713207e-01
6.642664266426643316e-01,5.587501144353859139e-01
6.643664366436643487e-01,5.586172378613999401e-01
6.644664466446644768e-01,5.584843412834132881e-01
6.645664566456646050e-01,5.583514247014260690e-01
6.646664666466647331e-01,5.582184881154381717e-01
6.647664766476647502e-01,5.580855315254498183e-01
6.648664866486648783e-01,5.579525549314607868e-01
6.649664966496650065e-01,5.578195583334710772e-01
6.650665066506651346e-01,5.576865417314808004e-01
6.651665166516651517e-01,5.575535051254900676e-01
6.652665266526652799e-01,5.574204485154985456e-01
6.653665366536654080e-01,5.572873719015065674e-01
6.654665466546655361e-01,5.571542752835139112e-01
6.655665566556655532e-01,5.570211586615207988e-01
6.656665666566656814e-01,5.568880220355267863e-01
6.657665766576658095e-01,5.567548654055323176e-01
6.658665866586659376e-01,5.566216887715373929e-01
6.659665966596659548e-01,5.564884921335417900e-01
6.660666066606660829e-01,5.563552754915455090e-01
6.661666166616662110e-01,5.562220388455486608e-01
6.662666266626663392e-01,5.560887821955511345e-01
6.663666366636663563e-01,5.559555055415532632e-01
6.664666466646664844e-01,5.558222088835546026e-01
6.665666566656666125e-01,5.556888922215552640e-01
6.666666666666667407e-01,5.555555555555554692e-01
6.667666766676667578e-01,5.554221988855551073e-01
6.668666866686668859e-01,5.552888222115540673e-01
6.669666966696670141e-01,5.551554255335524601e-01
6.670667066706671422e-01,5.550220088515500638e-01
6.671667166716671593e-01,5.548885721655474335e-01
6.672667266726672874e-01,5.547551154755439029e-01
6.673667366736674156e-01,5.546216387815399163e-01
6.674667466746675437e-01,5.544881420835352515e-01
6.675667566756675608e-01,5.543546253815301306e-01
6.676667666766676890e-01,5.542210886755241095e-01
6.677667766776678171e-01,5.540875319655177433e-01
6.678667866786678342e-01,5.539539552515108101e-01
6.679667966796679623e-01,5.538203585335030876e-01
6.680668066806680905e-01,5.536867418114947981e-01
6.681668166816682186e-01,5.535531050854860524e-01
6.682668266826682357e-01,5.534194483554766286e-01
6.683668366836683639e-01,5.532857716214665267e-01
6.684668466846684920e-01,5.531520748834559686e-01
6.685668566856686201e-01,5.530183581414446214e-01
6.686668666866686372e-01,5.528846213954329292e-01
6.687668766876687654e-01,5.527508646454204477e-01
6.688668866886688935e-01,5.526170878914073992e-01
6.689668966896690216e-01,5.524832911333936725e-01
6.690669066906690388e-01,5.523494743713794897e-01
6.691669166916691669e-01,5.522156376053646287e-01
6.692669266926692950e-01,5.520817808353492007e-01
6.693669366936694232e-01,5.519479040613330945e-01
6.694669466946694403e-01,5.518140072833166432e-01
6.695669566956695684e-01,5.516800905012992917e-01
6.696669666966696965e-01,5.515461537152814842e-01
6.697669766976698247e-01,5.514121969252629984e-01
6.698669866986698418e-01,5.512782201312440566e-01
6.699669966996699699e-01,5.511442233332244367e-01
6.700670067006700981e-01,5.510102065312041386e-01
6.701670167016702262e-01,5.508761697251832734e-01
6.702670267026702433e-01,5.507421129151619521e-01
6.703670367036703714e-01,5.506080361011398416e-01
6.704670467046704996e-01,5.504739392831171640e-01
6.705670567056706277e-01,5.503398224610939193e-01
6.706670667066706448e-01,5.502056856350701075e-01
6.707670767076707730e-01,5.500715288050457286e-01
6.708670867086709011e-01,5.499373519710206715e-01
6.709670967096710292e-01,5.498031551329949362e-01
6.710671067106710463e-01,5.496689382909688559e-01
6.711671167116711745e-01,5.495347014449419865e-01
6.712671267126713026e-01,5.494004445949145499e-01
6.713671367136714307e-01,5.492661677408864351e-01
6.714671467146714479e-01,5.491318708828578643e-01
6.715671567156715760e-01,5.489975540208286153e-01
6.716671667166717041e-01,5.488632171547986882e-01
6.717671767176718323e-01,5.487288602847681940e-01
6.718671867186718494e-01,5.485944834107373547e-01
6.719671967196719775e-01,5.484600865327056152e-01
6.720672067206721056e-01,5.483256696506733086e-01
6.721672167216722338e-01,5.481912327646405458e-01
6.722672267226722509e-01,5.480567758746071050e-01
6.723672367236723790e-01,5.479222989805730970e-01
6.724672467246725072e-01,5.477878020825384109e-01
6.725672567256726353e-01,5.476532851805031576e-01
6.726672667266726524e-01,5.475187482744674483e-01
6.727672767276727805e-01,5.473841913644309498e-01
6.728672867286729087e-01,5.472496144503938842e-01
6.729672967296730368e-01,5.471150175323562515e-01
6.730673067306730539e-01,5.469804006103180516e-01
6.731673167316731821e-01,5.468457636842791736e-01
6.732673267326733102e-01,5.467111067542397285e-01
6.733673367336734383e-01,5.465764298201996052e-01
6.734673467346734554e-01,5.464417328821591369e-01
6.735673567356735836e-01,5.463070159401177683e-01
6.736673667366737117e-01,5.461722789940759437e-01
6.737673767376738398e-01,5.460375220440334409e-01
6.738673867386738570e-01,5.459027450899904821e-01
6.739673967396739851e-01,5.457679481319468451e-01
6.740674067406741132e-01,5.456331311699025299e-01
6.741674167416742414e-01,5.454982942038577587e-01
6.742674267426742585e-01,5.453634372338124203e-01
6.743674367436743866e-01,5.452285602597664038e-01
6.744674467446745147e-01,5.450936632817195981e-01
6.745674567456746429e-01,5.449587462996723364e-01
6.746674667466746600e-01,5.448238093136246185e-01
6.747674767476747881e-01,5.446888523235762225e-01
6.748674867486749163e-01,5.445538753295271484e-01
6.749674967496750444e-01,5.444188783314773961e-01
6.750675067506750615e-01,5.442838613294272987e-01
6.751675167516751896e-01,5.441488243233764122e-01
6.752675267526753178e-01,5.440137673133249585e-01
6.753675367536753349e-01,5.438786902992729377e-01
6.754675467546754630e-01,5.437435932812202388e-01
6.755675567556755912e-01,5.436084762591670838e-01
6.756675667566757193e-01,5.434733392331131396e-01
6.757675767576757364e-01,5.433381822030588504e-01
6.758675867586758645e-01,5.432030051690037720e-01
6.759675967596759927e-01,5.430678081309481264e-01
6.760676067606761208e-01,5.429325910888918028e-01
6.761676167616761379e-01,5.427973540428350230e-01
6.762676267626762661e-01,5.426620969927775651e-01
6.763676367636763942e-01,5.425268199387194290e-01
6.764676467646765223e-01,5.423915228806608368e-01
6.765676567656765394e-01,5.422562058186016776e-01
6.766676667666766676e-01,5.421208687525418402e-01
6.767676767676767957e-01,5.419855116824813246e-01
6.768676867686769238e-01,5.418501346084202419e-01
6.769676967696769410e-01,5.417147375303588142e-01
6.770677067706770691e-01,5.415793204482963752e-01
6.771677167716771972e-01,5.414438833622335911e-01
6.772677267726773254e-01,5.413084262721701290e-01
6.773677367736773425e-01,5.411729491781060997e-01
6.774677467746774706e-01,5.410374520800415032e-01
6.775677567756775987e-01,5.409019349779762287e-01
6.776677667766777269e-01,5.407663978719103870e-01
6.777677767776777440e-01,5.406308407618439782e-01
6.778677867786778721e-01,5.404952636477768912e-01
6.779677967796780003e-01,5.403596665297092372e-01
6.780678067806781284e-01,5.402240494076409050e-01
6.781678167816781455e-01,5.400884122815722277e-01
6.782678267826782736e-01,5.399527551515027612e-01
6.783678367836784018e-01,5.398170780174327277e-01
6.784678467846785299e-01,5.396813808793619049e-01
6.785678567856785470e-01,5.395456637372908482e-01
6.786678667866786752e-01,5.394099265912188912e-01
6.787678767876788033e-01,5.392741694411464781e-01
6.788678867886789314e-01,5.391383922870733869e-01
6.789678967896789485e-01,5.390025951289998396e-01
6.790679067906790767e-01,5.388667779669256142e-01
6.791679167916792048e-01,5.387309408008507106e-01
6.792679267926793329e-01,5.385950836307752398e-01
6.793679367936793501e-01,5.384592064566993130e-01
6.794679467946794782e-01,5.383233092786225971e-01
6.795679567956796063e-01,5.381873920965453140e-01
6.796679667966797345e-01,5.380514549104674638e-01
6.797679767976797516e-01,5.379154977203890464e-01
6.798679867986798797e-01,5.377795205263100620e-01
6.799679967996800078e-01,5.376435233282303994e-01
6.800680068006801360e-01,5.375075061261500586e-01
6.801680168016801531e-01,5.373714689200692618e-01
6.802680268026802812e-01,5.372354117099877868e-01
6.803680368036804094e-01,5.370993344959058557e-01
6.804680468046805375e-01,5.369632372778230245e-01
6.805680568056805546e-01,5.368271200557399592e-01
6.806680668066806827e-01,5.366909828296561047e-01
6.807680768076808109e-01,5.365548255995715721e-01
6.808680868086809390e-01,5.364186483654864723e-01
6.809680968096809561e-01,5.362824511274009165e-01
6.810681068106810843e-01,5.361462338853146825e-01
6.811681168116812124e-01,5.360099966392277704e-01
6.812681268126813405e-01,5.358737393891404022e-01
6.813681368136813576e-01,5.357374621350523558e-01
6.814681468146814858e-01,5.356011648769637423e-01
6.815681568156816139e-01,5.354648476148744507e-01
6.816681668166817420e-01,5.353285103487845920e-01
6.817681768176817592e-01,5.351921530786942771e-01
6.818681868186818873e-01,5.350557758046030621e-01
6.819681968196820154e-01,5.349193785265113910e-01
6.820682068206821436e-01,5.347829612444191527e-01
6.821682168216821607e-01,5.346465239583264584e-01
6.822682268226822888e-01,5.345100666682329749e-01
6.823682368236824169e-01,5.343735893741388132e-01
6.824682468246825451e-01,5.342370920760441955e-01
6.825682568256825622e-01,5.341005747739491216e-01
6.826682668266826903e-01,5.339640374678531476e-01
6.827682768276828185e-01,5.338274801577567175e-01
6.828682868286828356e-01,5.336909028436598312e-01
6.829682968296829637e-01,5.335543055255620448e-01
6.830683068306830918e-01,5.334176882034638023e-01
6.831683168316832200e-01,5.332810508773648817e-01
6.832683268326832371e-01,5.331443935472655049e-01
6.833683368336833652e-01,5.330077162131654500e-01
6.834683468346834934e-01,5.328710188750647170e-01
6.835683568356836215e-01,5.327343015329635278e-01
6.836683668366836386e-01,5.325975641868617716e-01
6.837683768376837667e-01,5.324608068367593372e-01
6.838683868386838949e-01,5.323240294826562247e-01
6.839683968396840230e-01,5.321872321245524340e-01
6.840684068406840401e-01,5.320504147624482982e-01
6.841684168416841683e-01,5.319135773963434843e-01
6.842684268426842964e-01,5.317767200262379923e-01
6.843684368436844245e-01,5.316398426521319331e-01
6.844684468446844416e-01,5.315029452740254179e-01
6.845684568456845698e-01,5.313660278919181135e-01
6.846684668466846979e-01,5.312290905058102419e-01
6.847684768476848260e-01,5.310921331157016922e-01
6.848684868486848432e-01,5.309551557215927975e-01
6.849684968496849713e-01,5.308181583234831136e-01
6.850685068506850994e-01,5.306811409213727515e-01
6.851685168516852276e-01,5.305441035152619333e-01
6.852685268526852447e-01,5.304070461051506591e-01
6.853685368536853728e-01,5.302699686910385957e-01
6.854685468546855009e-01,5.301328712729258541e-01
6.855685568556856291e-01,5.299957538508125454e-01
6.856685668566856462e-01,5.298586164246987806e-01
6.857685768576857743e-01,5.297214589945843377e-01
6.858685868586859025e-01,5.295842815604692166e-01
6.859685968596860306e-01,5.294470841223535285e-01
6.860686068606860477e-01,5.293098666802373842e-01
6.861686168616861758e-01,5.291726292341205617e-01
6.862686268626863040e-01,5.290353717840030612e-01
6.863686368636864321e-01,5.288980943298848825e-01
6.864686468646864492e-01,5.287607968717664697e-01
6.865686568656865774e-01,5.286234794096471568e-01
6.866686668666867055e-01,5.284861419435271657e-01
6.867686768676868336e-01,5.283487844734067185e-01
6.868686868686868507e-01,5.282114069992858152e-01
6.869686968696869789e-01,5.280740095211641227e-01
6.870687068706871070e-01,5.279365920390417521e-01
6.871687168716872351e-01,5.277991545529189255e-01
6.872687268726872523e-01,5.276616970627956427e-01
6.873687368736873804e-01,5.275242195686715707e-01
6.874687468746875085e-01,5.273867220705468206e-01
6.875687568756876367e-01,5.272492045684216144e-01
6.876687668766876538e-01,5.271116670622957301e-01
6.877687768776877819e-01,5.269741095521693897e-01
6.878687868786879100e-01,5.268365320380421490e-01
6.879687968796880382e-01,5.266989345199145633e-01
6.880688068806880553e-01,5.265613169977864105e-01
6.881688168816881834e-01,5.264236794716574686e-01
6.882688268826883116e-01,5.262860219415279595e-01
6.883688368836884397e-01,5.261483444073979943e-01
6.884688468846884568e-01,5.260106468692673509e-01
6.885688568856885849e-01,5.258729293271360294e-01
6.886688668866887131e-01,5.257351917810042519e-01
6.887688768876888412e-01,5.255974342308717961e-01
6.888688868886888583e-01,5.254596566767387733e-01
6.889688968896889865e-01,5.253218591186050723e-01
6.890689068906891146e-01,5.251840415564708042e-01
6.891689168916892427e-01,5.250462039903358580e-01
6.892689268926892598e-01,5.249083464202005667e-01
6.893689368936893880e-01,5.247704688460644862e-01
6.894689468946895161e-01,5.246325712679278386e-01
6.895689568956896442e-01,5.244946536857905128e-01
6.896689668966896614e-01,5.243567160996527310e-01
6.897689768976897895e-01,5.242187585095142710e-01
6.898689868986899176e-01,5.240807809153751329e-01
6.899689968996900458e-01,5.239427833172354276e-01
6.900690069006900629e-01,5.238047657150953773e-01
6.901690169016901910e-01,5.236667281089544268e-01
6.902690269026903191e-01,5.235286704988129092e-01
6.903690369036903363e-01,5.233905928846710465e-01
6.904690469046904644e-01,5.232524952665282836e-01
6.905690569056905925e-01,5.231143776443850646e-01
6.906690669066907207e-01,5.229762400182411675e-01
6.907690769076907378e-01,5.228380823880968142e-01
6.908690869086908659e-01,5.226999047539517829e-01
6.909690969096909940e-01,5.225617071158060734e-01
6.910691069106911222e-01,5.224234894736596857e-01
6.911691169116911393e-01,5.222852518275129530e-01
6.912691269126912674e-01,5.221469941773655421e-01
6.913691369136913956e-01,5.220087165232174531e-01
6.914691469146915237e-01,5.218704188650686859e-01
6.915691569156915408e-01,5.217321012029196847e-01
6.916691669166916689e-01,5.215937635367697833e-01
6.917691769176917971e-01,5.214554058666192038e-01
6.918691869186919252e-01,5.213170281924681682e-01
6.919691969196919423e-01,5.211786305143166764e-01
6.920692069206920705e-01,5.210402128321642845e-01
6.921692169216921986e-01,5.209017751460114365e-01
6.922692269226923267e-01,5.207633174558579103e-01
6.923692369236923438e-01,5.206248397617039281e-01
6.924692469246924720e-01,5.204863420635492677e-01
6.925692569256926001e-01,5.203478243613939291e-01
6.926692669266927282e-01,5.202092866552381345e-01
6.927692769276927454e-01,5.200707289450817727e-01
6.928692869286928735e-01,5.199321512309247328e-01
6.929692969296930016e-01,5.197935535127669038e-01
6.930693069306931298e-01,5.196549357906086186e-01
6.931693169316931469e-01,5.195162980644498774e-01
6.932693269326932750e-01,5.193776403342904580e-01
6.933693369336934031e-01,5.192389626001303604e-01
6.934693469346935313e-01,5.191002648619695847e-01
6.935693569356935484e-01,5.189615471198085750e-01
6.936693669366936765e-01,5.188228093736466651e-01
6.937693769376938047e-01,5.186840516234840770e-01
6.938693869386939328e-01,5.185452738693210328e-01
6.939693969396939499e-01,5.184064761111575326e-01
6.940694069406940780e-01,5.182676583489931321e-01
6.941694169416942062e-01,5.181288205828282756e-01
6.942694269426943343e-01,5.179899628126627409e-01
6.943694369436943514e-01,5.178510850384968611e-01
6.944694469446944796e-01,5.177121872603301922e-01
6.945694569456946077e-01,5.175732694781629561e-01
6.946694669466947358e-01,5.174343316919949309e-01
6.947694769476947529e-01,5.172953739018266717e-01
6.948694869486948811e-01,5.171563961076575122e-01
6.949694969496950092e-01,5.170173983094878967e-01
6.950695069506951373e-01,5.168783805073176030e-01
6.951695169516951545e-01,5.167393427011468532e-01
6.952695269526952826e-01,5.166002848909753142e-01
6.953695369536954107e-01,5.164612070768032082e-01
6.954695469546955389e-01,5.163221092586305350e-01
6.955695569556955560e-01,5.161829914364574057e-01
6.956695669566956841e-01,5.160438536102834872e-01
6.957695769576958122e-01,5.159046957801090016e-01
6.958695869586959404e-01,5.157655179459339490e-01
6.959695969596959575e-01,5.156263201077584402e-01
6.960696069606960856e-01,5.154871022655820312e-01
6.961696169616962138e-01,5.153478644194051661e-01
6.962696269626963419e-01,5.152086065692276229e-01
6.963696369636963590e-01,5.150693287150497346e-01
6.964696469646964871e-01,5.149300308568710571e-01
6.965696569656966153e-01,5.147907129946918126e-01
6.966696669666967434e-01,5.146513751285117788e-01
6.967696769676967605e-01,5.145120172583315110e-01
6.968696869686968887e-01,5.143726393841503430e-01
6.969696969696970168e-01,5.142332415059687190e-01
6.970697069706971449e-01,5.140938236237864167e-01
6.971697169716971620e-01,5.139543857376036584e-01
6.972697269726972902e-01,5.138149278474202220e-01
6.973697369736974183e-01,5.136754499532361073e-01
6.974697469746975464e-01,5.135359520550513146e-01
6.975697569756975636e-01,5.133964341528662878e-01
6.976697669766976917e-01,5.132568962466803608e-01
6.977697769776978198e-01,5.131173383364938667e-01
6.978697869786979480e-01,5.129777604223066945e-01
6.979697969796979651e-01,5.128381625041191771e-01
6.980698069806980932e-01,5.126985445819309817e-01
6.981698169816982213e-01,5.125589066557419970e-01
6.982698269826982385e-01,5.124192487255526673e-01
6.983698369836983666e-01,5.122795707913625485e-01
6.984698469846984947e-01,5.121398728531718625e-01
6.985698569856986229e-01,5.120001549109804984e-01
6.986698669866986400e-01,5.118604169647889002e-01
6.987698769876987681e-01,5.117206590145964018e-01
6.988698869886988962e-01,5.115808810604032253e-01
6.989698969896990244e-01,5.114410831022095927e-01
6.990699069906990415e-01,5.113012651400153930e-01
6.991699169916991696e-01,5.111614271738205151e-01
6.992699269926992978e-01,5.110215692036250701e-01
6.993699369936994259e-01,5.108816912294289470e-01
6.994699469946994430e-01,5.107417932512323677e-01
6.995699569956995711e-01,5.106018752690351103e-01
6.996699669966996993e-01,5.104619372828371748e-01
6.997699769976998274e-01,5.103219792926386722e-01
6.998699869986998445e-01,5.101820012984397135e-01
6.999699969996999727e-01,5.100420033002399656e-01
7.000700070007001008e-01,5.099019852980397616e-01
7.001700170017002289e-01,5.097619472918388794e-01
7.002700270027002460e-01,5.096218892816375412e-01
7.003700370037003742e-01,5.094818112674353028e-01
7.004700470047005023e-01,5.093417132492326083e-01
7.005700570057006304e-01,5.092015952270293466e-01
7.006700670067006476e-01,5.090614572008256289e-01
7.007700770077007757e-01,5.089212991706211220e-01
7.008700870087009038e-01,5.087811211364160480e-01
7.009700970097010320e-01,5.086409230982102958e-01
7.010701070107010491e-01,5.085007050560041986e-01
7.011701170117011772e-01,5.083604670097972011e-01
7.012701270127013053e-01,5.082202089595897476e-01
7.013701370137014335e-01,5.080799309053816160e-01
7.014701470147014506e-01,5.079396328471731392e-01
7.015701570157015787e-01,5.077993147849637623e-01
7.016701670167017069e-01,5.076589767187539293e-01
7.017701770177018350e-01,5.075186186485434181e-01
7.018701870187018521e-01,5.073782405743325619e-01
7.019701970197019802e-01,5.072378424961208054e-01
7.020702070207021084e-01,5.070974244139084819e-01
7.021702170217022365e-01,5.069569863276955912e-01
7.022702270227022536e-01,5.068165282374822445e-01
7.023702370237023818e-01,5.066760501432681085e-01
7.024702470247025099e-01,5.065355520450534055e-01
7.025702570257026380e-01,5.063950339428381353e-01
7.026702670267026551e-01,5.062544958366224090e-01
7.027702770277027833e-01,5.061139377264058936e-01
7.028702870287029114e-01,5.059733596121888111e-01
7.029702970297030395e-01,5.058327614939710504e-01
7.030703070307030567e-01,5.056921433717529446e-01
7.031703170317031848e-01,5.055515052455340497e-01
7.032703270327033129e-01,5.054108471153144766e-01
7.033703370337034411e-01,5.052701689810944474e-01
7.034703470347034582e-01,5.051294708428739622e-01
7.035703570357035863e-01,5.049887527006525767e-01
7.036703670367037144e-01,5.048480145544307351e-01
7.037703770377038426e-01,5.047072564042081044e-01
7.038703870387038597e-01,5.045664782499852397e-01
7.039703970397039878e-01,5.044256800917614747e-01
7.040704070407041160e-01,5.042848619295372536e-01
7.041704170417042441e-01,5.041440237633123544e-01
7.042704270427042612e-01,5.040031655930869992e-01
7.043704370437043893e-01,5.038622874188608547e-01
7.044704470447045175e-01,5.037213892406341431e-01
7.045704570457046456e-01,5.035804710584068644e-01
7.046704670467046627e-01,5.034395328721791296e-01
7.047704770477047909e-01,5.032985746819506057e-01
7.048704870487049190e-01,5.031575964877215146e-01
7.049704970497050471e-01,5.030165982894918564e-01
7.050705070507050642e-01,5.028755800872617421e-01
7.051705170517051924e-01,5.027345418810307276e-01
7.052705270527053205e-01,5.025934836707992570e-01
7.053705370537054486e-01,5.024524054565671083e-01
7.054705470547054658e-01,5.023113072383346145e-01
7.055705570557055939e-01,5.021701890161012205e-01
7.056705670567057220e-01,5.020290507898673704e-01
7.057705770577057391e-01,5.018878925596330642e-01
7.058705870587058673e-01,5.017467143253979689e-01
7.059705970597059954e-01,5.016055160871621954e-01
7.060706070607061235e-01,5.014642978449259658e-01
7.061706170617061407e-01,5.013230595986891691e-01
7.062706270627062688e-01,5.011818013484516943e-01
7.063706370637063969e-01,5.010405230942136523e-01
7.064706470647065251e-01,5.008992248359749322e-01
7.065706570657065422e-01,5.007579065737357560e-01
7.066706670667066703e-01,5.006165683074957906e-01
7.067706770677067984e-01,5.004752100372553691e-01
7.068706870687069266e-01,5.003338317630141585e-01
7.069706970697069437e-01,5.001924334847727138e-01
7.070707070707070718e-01,5.000510152025303690e-01
7.071707170717072000e-01,4.999095769162874570e-01
7.072707270727073281e-01,4.997681186260439778e-01
7.073707370737073452e-01,4.996266403318000426e-01
7.074707470747074733e-01,4.994851420335553183e-01
7.075707570757076015e-01,4.993436237313100268e-01
7.076707670767077296e-01,4.992020854250640571e-01
7.077707770777077467e-01,4.990605271148177424e-01
7.078707870787078749e-01,4.989189488005706385e-01
7.079707970797080030e-01,4.987773504823229676e-01
7.080708070807081311e-01,4.986357321600746184e-01
7.081708170817081482e-01,4.984940938338258132e-01
7.082708270827082764e-01,4.983524355035763298e-01
7.083708370837084045e-01,4.982107571693262793e-01
7.084708470847085326e-01,4.980690588310755507e-01
7.085708570857085498e-01,4.979273404888243659e-01
7.086708670867086779e-01,4.977856021425725030e-01
7.087708770877088060e-01,4.976438437923199620e-01
7.088708870887089342e-01,4.975020654380668539e-01
7.089708970897089513e-01,4.973602670798132896e-01
7.090709070907090794e-01,4.972184487175590473e-01
7.091709170917092075e-01,4.970766103513041267e-01
7.092709270927093357e-01,4.969347519810486391e-01
7.093709370937093528e-01,4.967928736067926954e-01
7.094709470947094809e-01,4.966509752285359625e-01
7.095709570957096091e-01,4.965090568462786624e-01
7.096709670967097372e-01,4.963671184600206843e-01
7.097709770977097543e-01,4.962251600697623610e-01
7.098709870987098824e-01,4.960831816755032486e-01
7.099709970997100106e-01,4.959411832772435691e-01
7.100710071007101387e-01,4.957991648749832114e-01
7.101710171017101558e-01,4.956571264687225087e-01
7.102710271027102840e-01,4.955150680584610168e-01
7.103710371037104121e-01,4.953729896441988467e-01
7.104710471047105402e-01,4.952308912259362206e-01
7.105710571057105573e-01,4.950887728036730273e-01
7.106710671067106855e-01,4.949466343774091559e-01
7.107710771077108136e-01,4.948044759471446064e-01
7.108710871087109417e-01,4.946622975128794897e-01
7.109710971097109589e-01,4.945200990746139169e-01
7.110711071107110870e-01,4.943778806323476660e-01
7.111711171117112151e-01,4.942356421860807369e-01
7.112711271127113433e-01,4.940933837358132408e-01
7.113711371137113604e-01,4.939511052815452885e-01
7.114711471147114885e-01,4.938088068232765471e-01
7.115711571157116166e-01,4.936664883610072385e-01
7.116711671167117448e-01,4.935241498947373628e-01
7.117711771177117619e-01,4.933817914244670311e-01
7.118711871187118900e-01,4.932394129501959101e-01
7.119711971197120182e-01,4.930970144719242221e-01
7.120712071207121463e-01,4.929545959896518559e-01
7.121712171217121634e-01,4.928121575033791446e-01
7.122712271227122915e-01,4.926696990131056442e-01
7.123712371237124197e-01,4.925272205188314656e-01
7.124712471247125478e-01,4.923847220205568309e-01
7.125712571257125649e-01,4.922422035182816291e-01
7.126712671267126931e-01,4.920996650120057492e-01
7.127712771277128212e-01,4.919571065017291911e-01
7.128712871287129493e-01,4.918145279874520659e-01
7.129712971297129664e-01,4.916719294691745956e-01
7.130713071307130946e-01,4.915293109468962252e-01
7.131713171317132227e-01,4.913866724206172876e-01
7.132713271327132398e-01,4.912440138903380049e-01
7.133713371337133680e-01,4.911013353560578221e-01
7.134713471347134961e-01,4.909586368177771831e-01
7.135713571357136242e-01,4.908159182754958660e-01
7.136713671367136413e-01,4.906731797292140929e-01
7.137713771377137695e-01,4.905304211789315305e-01
7.138713871387138976e-01,4.903876426246485121e-01
7.139713971397140257e-01,4.902448440663647045e-01
7.140714071407140429e-01,4.901020255040805518e-01
7.141714171417141710e-01,4.899591869377957210e-01
7.142714271427142991e-01,4.898163283675102120e-01
7.143714371437144273e-01,4.896734497932240249e-01
7.144714471447144444e-01,4.895305512149374927e-01
7.145714571457145725e-01,4.893876326326501713e-01
7.146714671467147006e-01,4.892446940463622829e-01
7.147714771477148288e-01,4.891017354560738273e-01
7.148714871487148459e-01,4.889587568617848046e-01
7.149714971497149740e-01,4.888157582634951037e-01
7.150715071507151022e-01,4.886727396612048357e-01
7.151715171517152303e-01,4.885297010549138896e-01
7.152715271527152474e-01,4.883866424446224874e-01
7.153715371537153755e-01,4.882435638303304071e-01
7.154715471547155037e-01,4.881004652120377596e-01
7.155715571557156318e-01,4.879573465897444340e-01
7.156715671567156489e-01,4.878142079634506523e-01
7.157715771577157771e-01,4.876710493331560814e-01
7.158715871587159052e-01,4.875278706988610544e-01
7.159715971597160333e-01,4.873846720605653493e-01
7.160716071607160504e-01,4.872414534182691881e-01
7.161716171617161786e-01,4.870982147719722377e-01
7.162716271627163067e-01,4.869549561216747202e-01
7.163716371637164348e-01,4.868116774673766356e-01
7.164716471647164520e-01,4.866683788090780949e-01
7.165716571657165801e-01,4.865250601467787650e-01
7.166716671667167082e-01,4.863817214804788680e-01
7.167716771677168364e-01,4.862383628101782929e-01
7.168716871687168535e-01,4.860949841358773726e-01
7.169716971697169816e-01,4.859515854575756633e-01
7.170717071707171097e-01,4.858081667752733868e-01
7.171717171717172379e-01,4.856647280889704321e-01
7.172717271727172550e-01,4.855212693986670214e-01
7.173717371737173831e-01,4.853777907043629325e-01
7.174717471747175113e-01,4.852342920060582765e-01
7.175717571757176394e-01,4.850907733037529423e-01
7.176717671767176565e-01,4.849472345974471521e-01
7.177717771777177846e-01,4.848036758871406837e-01
7.178717871787179128e-01,4.846600971728335372e-01
7.179717971797180409e-01,4.845164984545258235e-01
7.180718071807180580e-01,4.843728797322176538e-01
7.181718171817181862e-01,4.842292410059088059e-01
7.182718271827183143e-01,4.840855822755992799e-01
7.183718371837184424e-01,4.839419035412890757e-01
7.184718471847184595e-01,4.837982048029785265e-01
7.185718571857185877e-01,4.836544860606672991e-01
7.186718671867187158e-01,4.835107473143552825e-01
7.187718771877188439e-01,4.833669885640428099e-01
7.188718871887188611e-01,4.832232098097298811e-01
7.189718971897189892e-01,4.830794110514161632e-01
7.190719071907191173e-01,4.829355922891018782e-01
7.191719171917192455e-01,4.827917535227869150e-01
7.192719271927192626e-01,4.826478947524716068e-01
7.193719371937193907e-01,4.825040159781553983e-01
7.194719471947195188e-01,4.823601171998387338e-01
7.195719571957196470e-01,4.822161984175213911e-01
7.196719671967196641e-01,4.820722596312037034e-01
7.197719771977197922e-01,4.819283008408851154e-01
7.198719871987199204e-01,4.817843220465660714e-01
7.199719971997200485e-01,4.816403232482463492e-01
7.200720072007200656e-01,4.814963044459261710e-01
7.201720172017201937e-01,4.813522656396052035e-01
7.202720272027203219e-01,4.812082068292836690e-01
7.203720372037204500e-01,4.810641280149615673e-01
7.204720472047204671e-01,4.809200291966390095e-01
7.205720572057205953e-01,4.807759103743157736e-01
7.206720672067207234e-01,4.806317715479918595e-01
7.207720772077207405e-01,4.804876127176674894e-01
7.208720872087208686e-01,4.803434338833423300e-01
7.209720972097209968e-01,4.801992350450166036e-01
7.210721072107211249e-01,4.800550162026903100e-01
7.211721172117211420e-01,4.799107773563635604e-01
7.212721272127212702e-01,4.797665185060360216e-01
7.213721372137213983e-01,4.796222396517079156e-01
7.214721472147215264e-01,4.794779407933792426e-01
7.215721572157215435e-01,4.793336219310500024e-01
7.216721672167216717e-01,4.791892830647200840e-01
7.217721772177217998e-01,4.790449241943895986e-01
7.218721872187219279e-01,4.789005453200584350e-01
7.219721972197219451e-01,4.787561464417269264e-01
7.220722072207220732e-01,4.786117275593946285e-01
7.221722172217222013e-01,4.784672886730616526e-01
7.222722272227223295e-01,4.783228297827282205e-01
7.223722372237223466e-01,4.781783508883942213e-01
7.224722472247224747e-01,4.780338519900594330e-01
7.225722572257226028e-01,4.778893330877241885e-01
7.226722672267227310e-01,4.777447941813882659e-01
7.227722772277227481e-01,4.776002352710518872e-01
7.228722872287228762e-01,4.774556563567147194e-01
7.229722972297230044e-01,4.773110574383770954e-01
7.230723072307231325e-01,4.771664385160386823e-01
7.231723172317231496e-01,4.770217995896999241e-01
7.232723272327232777e-01,4.768771406593604878e-01
7.233723372337234059e-01,4.767324617250203733e-01
7.234723472347235340e-01,4.765877627866795807e-01
7.235723572357235511e-01,4.764430438443384430e-01
7.236723672367236793e-01,4.762983048979965162e-01
7.237723772377238074e-01,4.761535459476540222e-01
7.238723872387239355e-01,4.760087669933108501e-01
7.239723972397239526e-01,4.758639680349673329e-01
7.240724072407240808e-01,4.757191490726230265e-01
7.241724172417242089e-01,4.755743101062781530e-01
7.242724272427243370e-01,4.754294511359326014e-01
7.243724372437243542e-01,4.752845721615865937e-01
7.244724472447244823e-01,4.751396731832399078e-01
7.245724572457246104e-01,4.749947542008925438e-01
7.246724672467247386e-01,4.748498152145446127e-01
7.247724772477247557e-01,4.747048562241963365e-01
7.248724872487248838e-01,4.745598772298471602e-01
7.249724972497250119e-01,4.744148782314974166e-01
7.250725072507251401e-01,4.742698592291471060e-01
7.251725172517251572e-01,4.741248202227963393e-01
7.252725272527252853e-01,4.739797612124448944e-01
7.253725372537254135e-01,4.738346821980927714e-01
7.254725472547255416e-01,4.736895831797399703e-01
7.255725572557255587e-01,4.735444641573868241e-01
7.256725672567256868e-01,4.733993251310328887e-01
7.257725772577258150e-01,4.732541661006783862e-01
7.258725872587259431e-01,4.731089870663233166e-01
7.259725972597259602e-01,4.729637880279676798e-01
7.260726072607260884e-01,4.728185689856113649e-01
7.261726172617262165e-01,4.726733299392544829e-01
7.262726272627263446e-01,4.725280708888969228e-01
7.263726372637263617e-01,4.723827918345390176e-01
7.264726472647264899e-01,4.722374927761803232e-01
7.265726572657266180e-01,4.720921737138209506e-01
7.266726672667267461e-01,4.719468346474610110e-01
7.267726772677267633e-01,4.718014755771007263e-01
7.268726872687268914e-01,4.716560965027395413e-01
7.269726972697270195e-01,4.715106974243777893e-01
7.270727072707271477e-01,4.713652783420154702e-01
7.271727172717271648e-01,4.712198392556526949e-01
7.272727272727272929e-01,4.710743801652892415e-01
7.273727372737274210e-01,4.709289010709251100e-01
7.274727472747275492e-01,4.707834019725604113e-01
7.275727572757275663e-01,4.706378828701952566e-01
7.276727672767276944e-01,4.704923437638293127e-01
7.277727772777278226e-01,4.703467846534628016e-01
7.278727872787279507e-01,4.702012055390956125e-01
7.279727972797279678e-01,4.700556064207280782e-01
7.280728072807280959e-01,4.699099872983597548e-01
7.281728172817282241e-01,4.697643481719908642e-01
7.282728272827282412e-01,4.696186890416215176e-01
7.283728372837283693e-01,4.694730099072513818e-01
7.284728472847284975e-01,4.693273107688806789e-01
7.285728572857286256e-01,4.691815916265092978e-01
7.286728672867286427e-01,4.690358524801375717e-01
7.287728772877287708e-01,4.688900933297650564e-01
7.288728872887288990e-01,4.687443141753918630e-01
7.289728972897290271e-01,4.685985150170182134e-01
7.290729072907290442e-01,4.684526958546439968e-01
7.291729172917291724e-01,4.683068566882691020e-01
7.292729272927293005e-01,4.681609975178935290e-01
7.293729372937294286e-01,4.680151183435173889e-01
7.294729472947294457e-01,4.678692191651409038e-01
7.295729572957295739e-01,4.677232999827635185e-01
7.296729672967297020e-01,4.675773607963856771e-01
7.297729772977298301e-01,4.674314016060070465e-01
7.298729872987298473e-01,4.672854224116281818e-01
7.299729972997299754e-01,4.671394232132484170e-01
7.300730073007301035e-01,4.669934040108680851e-01
7.301730173017302317e-01,4.668473648044871860e-01
7.302730273027302488e-01,4.667013055941058308e-01
7.303730373037303769e-01,4.665552263797236865e-01
7.304730473047305050e-01,4.664091271613409750e-01
7.305730573057306332e-01,4.662630079389575855e-01
7.306730673067306503e-01,4.661168687125738508e-01
7.307730773077307784e-01,4.659707094821893270e-01
7.308730873087309066e-01,4.658245302478042360e-01
7.309730973097310347e-01,4.656783310094184669e-01
7.310731073107310518e-01,4.655321117670323527e-01
7.311731173117311799e-01,4.653858725206453384e-01
7.312731273127313081e-01,4.652396132702578679e-01
7.313731373137314362e-01,4.650933340158697193e-01
7.314731473147314533e-01,4.649470347574812257e-01
7.315731573157315815e-01,4.648007154950918318e-01
7.316731673167317096e-01,4.646543762287018708e-01
7.317731773177318377e-01,4.645080169583113427e-01
7.318731873187318548e-01,4.643616376839204696e-01
7.319731973197319830e-01,4.642152384055286962e-01
7.320732073207321111e-01,4.640688191231363557e-01
7.321732173217322392e-01,4.639223798367434481e-01
7.322732273227322564e-01,4.637759205463500845e-01
7.323732373237323845e-01,4.636294412519559316e-01
7.324732473247325126e-01,4.634829419535612116e-01
7.325732573257326408e-01,4.633364226511659245e-01
7.326732673267326579e-01,4.631898833447701813e-01
7.327732773277327860e-01,4.630433240343736490e-01
7.328732873287329141e-01,4.628967447199764385e-01
7.329732973297330423e-01,4.627501454015787719e-01
7.330733073307330594e-01,4.626035260791806492e-01
7.331733173317331875e-01,4.624568867527816263e-01
7.332733273327333157e-01,4.623102274223821473e-01
7.333733373337334438e-01,4.621635480879819902e-01
7.334733473347334609e-01,4.620168487495814880e-01
7.335733573357335890e-01,4.618701294071800856e-01
7.336733673367337172e-01,4.617233900607782271e-01
7.337733773377338453e-01,4.615766307103756905e-01
7.338733873387338624e-01,4.614298513559726977e-01
7.339733973397339906e-01,4.612830519975689159e-01
7.340734073407341187e-01,4.611362326351646779e-01
7.341734173417342468e-01,4.609893932687597617e-01
7.342734273427342639e-01,4.608425338983543895e-01
7.343734373437343921e-01,4.606956545239482281e-01
7.344734473447345202e-01,4.605487551455414996e-01
7.345734573457346483e-01,4.604018357631342040e-01
7.346734673467346655e-01,4.602548963767263412e-01
7.347734773477347936e-01,4.601079369863179114e-01
7.348734873487349217e-01,4.599609575919086923e-01
7.349734973497350499e-01,4.598139581934990172e-01
7.350735073507350670e-01,4.596669387910888860e-01
7.351735173517351951e-01,4.595198993846778546e-01
7.352735273527353232e-01,4.593728399742663671e-01
7.353735373537354514e-01,4.592257605598542014e-01
7.354735473547354685e-01,4.590786611414416907e-01
7.355735573557355966e-01,4.589315417190283908e-01
7.356735673567357248e-01,4.587844022926144127e-01
7.357735773577358529e-01,4.586372428621998676e-01
7.358735873587358700e-01,4.584900634277849774e-01
7.359735973597359981e-01,4.583428639893691869e-01
7.360736073607361263e-01,4.581956445469528294e-01
7.361736173617361434e-01,4.580484051005361268e-01
7.362736273627362715e-01,4.579011456501185240e-01
7.363736373637363997e-01,4.577538661957004651e-01
7.364736473647365278e-01,4.576065667372817281e-01
7.365736573657365449e-01,4.574592472748625349e-01
7.366736673667366730e-01,4.573119078084426636e-01
7.367736773677368012e-01,4.571645483380221142e-01
7.368736873687369293e-01,4.570171688636009977e-01
7.369736973697369464e-01,4.568697693851794250e-01
7.370737073707370746e-01,4.567223499027570632e-01
7.371737173717372027e-01,4.565749104163341343e-01
7.372737273727373308e-01,4.564274509259106383e-01
7.373737373737373479e-01,4.562799714314865751e-01
7.374737473747374761e-01,4.561324719330619448e-01
7.375737573757376042e-01,4.559849524306365254e-01
7.376737673767377323e-01,4.558374129242106498e-01
7.377737773777377495e-01,4.556898534137842072e-01
7.378737873787378776e-01,4.555422738993570864e-01
7.379737973797380057e-01,4.553946743809293984e-01
7.380738073807381339e-01,4.552470548585010324e-01
7.381738173817381510e-01,4.550994153320723212e-01
7.382738273827382791e-01,4.549517558016427099e-01
7.383738373837384072e-01,4.548040762672126425e-01
7.384738473847385354e-01,4.546563767287818969e-01
7.385738573857385525e-01,4.545086571863506952e-01
7.386738673867386806e-01,4.543609176399188154e-01
7.387738773877388088e-01,4.542131580894862575e-01
7.388738873887389369e-01,4.540653785350531324e-01
7.389738973897389540e-01,4.539175789766195512e-01
7.390739073907390821e-01,4.537697594141851809e-01
7.391739173917392103e-01,4.536219198477502434e-01
7.392739273927393384e-01,4.534740602773147389e-01
7.393739373937393555e-01,4.533261807028787782e-01
7.394739473947394837e-01,4.531782811244420284e-01
7.395739573957396118e-01,4.530303615420047114e-01
7.396739673967397399e-01,4.528824219555668273e-01
7.397739773977397570e-01,4.527344623651283761e-01
7.398739873987398852e-01,4.525864827706892468e-01
7.399739973997400133e-01,4.524384831722495504e-01
7.400740074007401414e-01,4.522904635698091758e-01
7.401740174017401586e-01,4.521424239633684561e-01
7.402740274027402867e-01,4.519943643529269472e-01
7.403740374037404148e-01,4.518462847384847603e-01
7.404740474047405430e-01,4.516981851200420062e-01
7.405740574057405601e-01,4.515500654975989070e-01
7.406740674067406882e-01,4.514019258711549076e-01
7.407740774077408163e-01,4.512537662407104522e-01
7.408740874087409445e-01,4.511055866062653186e-01
7.409740974097409616e-01,4.509573869678197289e-01
7.410741074107410897e-01,4.508091673253733500e-01
7.411741174117412179e-01,4.506609276789264040e-01
7.412741274127413460e-01,4.505126680284788909e-01
7.413741374137413631e-01,4.503643883740309217e-01
7.414741474147414912e-01,4.502160887155821634e-01
7.415741574157416194e-01,4.500677690531328379e-01
7.416741674167417475e-01,4.499194293866829453e-01
7.417741774177417646e-01,4.497710697162325966e-01
7.418741874187418928e-01,4.496226900417814587e-01
7.419741974197420209e-01,4.494742903633296427e-01
7.420742074207421490e-01,4.493258706808773706e-01
7.421742174217421661e-01,4.491774309944246424e-01
7.422742274227422943e-01,4.490289713039710140e-01
7.423742374237424224e-01,4.488804916095169295e-01
7.424742474247425505e-01,4.487319919110621669e-01
7.425742574257425677e-01,4.485834722086070592e-01
7.426742674267426958e-01,4.484349325021510513e-01
7.427742774277428239e-01,4.482863727916945873e-01
7.428742874287429521e-01,4.481377930772374452e-01
7.429742974297429692e-01,4.479891933587798469e-01
7.430743074307430973e-01,4.478405736363214595e-01
7.431743174317432254e-01,4.476919339098625050e-01
7.432743274327433536e-01,4.475432741794029834e-01
7.433743374337433707e-01,4.473945944449430057e-01
7.434743474347434988e-01,4.472458947064823498e-01
7.435743574357436270e-01,4.470971749640210158e-01
7.436743674367436441e-01,4.469484352175592257e-01
7.437743774377437722e-01,4.467996754670966464e-01
7.438743874387439003e-01,4.466508957126335000e-01
7.439743974397440285e-01,4.465020959541697865e-01
7.440744074407440456e-01,4.463532761917056169e-01
7.441744174417441737e-01,4.462044364252406581e-01
7.442744274427443019e-01,4.460555766547751322e-01
7.443744374437444300e-01,4.459066968803090392e-01
7.444744474447444471e-01,4.457577971018424901e-01
7.445744574457445752e-01,4.456088773193751518e-01
7.446744674467447034e-01,4.454599375329071353e-01
7.447744774477448315e-01,4.453109777424386628e-01
7.448744874487448486e-01,4.451619979479696232e-01
7.449744974497449768e-01,4.450129981494999054e-01
7.450745074507451049e-01,4.448639783470296205e-01
7.451745174517452330e-01,4.447149385405586575e-01
7.452745274527452501e-01,4.445658787300872383e-01
7.453745374537453783e-01,4.444167989156151410e-01
7.454745474547455064e-01,4.442676990971423656e-01
7.455745574557456345e-01,4.441185792746690231e-01
7.456745674567456517e-01,4.439694394481952244e-01
7.457745774577457798e-01,4.438202796177207476e-01
7.458745874587459079e-01,4.436710997832455927e-01
7.459745974597460361e-01,4.435218999447698707e-01
7.460746074607460532e-01,4.433726801022936925e-01
7.461746174617461813e-01,4.432234402558167252e-01
7.462746274627463094e-01,4.430741804053391908e-01
7.463746374637464376e-01,4.429249005508610892e-01
7.464746474647464547e-01,4.427756006923825316e-01
7.465746574657465828e-01,4.426262808299031848e-01
7.466746674667467110e-01,4.424769409634232709e-01
7.467746774677468391e-01,4.423275810929426788e-01
7.468746874687468562e-01,4.421782012184617416e-01
7.469746974697469843e-01,4.420288013399800153e-01
7.470747074707471125e-01,4.418793814574976109e-01
7.471747174717472406e-01,4.417299415710146393e-01
7.472747274727472577e-01,4.415804816805313227e-01
7.473747374737473859e-01,4.414310017860472168e-01
7.474747474747475140e-01,4.412815018875624329e-01
7.475747574757476421e-01,4.411319819850770818e-01
7.476747674767476592e-01,4.409824420785912746e-01
7.477747774777477874e-01,4.408328821681047893e-01
7.478747874787479155e-01,4.406833022536176259e-01
7.479747974797480436e-01,4.405337023351298953e-01
7.480748074807480608e-01,4.403840824126417086e-01
7.481748174817481889e-01,4.402344424861527328e-01
7.482748274827483170e-01,4.400847825556631898e-01
7.483748374837484452e-01,4.399351026211730797e-01
7.484748474847484623e-01,4.397854026826825136e-01
7.485748574857485904e-01,4.396356827401911582e-01
7.486748674867487185e-01,4.394859427936992358e-01
7.487748774877488467e-01,4.393361828432067462e-01
7.488748874887488638e-01,4.391864028887136895e-01
7.489748974897489919e-01,4.390366029302199546e-01
7.490749074907491201e-01,4.388867829677256527e-01
7.491749174917492482e-01,4.387369430012306726e-01
7.492749274927492653e-01,4.385870830307353474e-01
7.493749374937493934e-01,4.384372030562392331e-01
7.494749474947495216e-01,4.382873030777424406e-01
7.495749574957496497e-01,4.381373830952450810e-01
7.496749674967496668e-01,4.379874431087473763e-01
7.497749774977497950e-01,4.378374831182487714e-01
7.498749874987499231e-01,4.376875031237495994e-01
7.499749974997500512e-01,4.375375031252498603e-01
7.500750075007500683e-01,4.373874831227497761e-01
7.501750175017501965e-01,4.372374431162487918e-01
7.502750275027503246e-01,4.370873831057472403e-01
7.503750375037504527e-01,4.369373030912451217e-01
7.504750475047504699e-01,4.367872030727425470e-01
7.505750575057505980e-01,4.366370830502391831e-01
7.506750675067507261e-01,4.364869430237352521e-01
7.507750775077508543e-01,4.363367829932306430e-01
7.508750875087508714e-01,4.361866029587256888e-01
7.509750975097509995e-01,4.360364029202199454e-01
7.510751075107511276e-01,4.358861828777136349e-01
7.511751175117511448e-01,4.357359428312068683e-01
7.512751275127512729e-01,4.355856827806993126e-01
7.513751375137514010e-01,4.354354027261911897e-01
7.514751475147515292e-01,4.352851026676823887e-01
7.515751575157515463e-01,4.351347826051732426e-01
7.516751675167516744e-01,4.349844425386633073e-01
7.517751775177518025e-01,4.348340824681528050e-01
7.518751875187519307e-01,4.346837023936416244e-01
7.519751975197519478e-01,4.345333023151300988e-01
7.520752075207520759e-01,4.343828822326176731e-01
7.521752175217522041e-01,4.342324421461047912e-01
7.522752275227523322e-01,4.340819820555912312e-01
7.523752375237523493e-01,4.339315019610772151e-01
7.524752475247524774e-01,4.337810018625625208e-01
7.525752575257526056e-01,4.336304817600471484e-01
7.526752675267527337e-01,4.334799416535312089e-01
7.527752775277527508e-01,4.333293815430148133e-01
7.528752875287528790e-01,4.331788014284976285e-01
7.529752975297530071e-01,4.330282013099799876e-01
7.530753075307531352e-01,4.328775811874615576e-01
7.531753175317531523e-01,4.327269410609427824e-01
7.532753275327532805e-01,4.325762809304232182e-01
7.533753375337534086e-01,4.324256007959030867e-01
7.534753475347535367e-01,4.322749006573823882e-01
7.535753575357535539e-01,4.321241805148612336e-01
7.536753675367536820e-01,4.319734403683392898e-01
7.537753775377538101e-01,4.318226802178166679e-01
7.538753875387539383e-01,4.316719000632935899e-01
7.539753975397539554e-01,4.315210999047699447e-01
7.540754075407540835e-01,4.313702797422456214e-01
7.541754175417542116e-01,4.312194395757207310e-01
7.542754275427543398e-01,4.310685794051951625e-01
7.543754375437543569e-01,4.309176992306691378e-01
7.544754475447544850e-01,4.307667990521424350e-01
7.545754575457546132e-01,4.306158788696150541e-01
7.546754675467547413e-01,4.304649386830871061e-01
7.547754775477547584e-01,4.303139784925587019e-01
7.548754875487548865e-01,4.301629982980296196e-01
7.549754975497550147e-01,4.300119980994998592e-01
7.550755075507551428e-01,4.298609778969695316e-01
7.551755175517551599e-01,4.297099376904387480e-01
7.552755275527552881e-01,4.295588774799071752e-01
7.553755375537554162e-01,4.294077972653750352e-01
7.554755475547555443e-01,4.292566970468423282e-01
7.555755575557555614e-01,4.291055768243091650e-01
7.556755675567556896e-01,4.289544365977752127e-01
7.557755775577558177e-01,4.288032763672405823e-01
7.558755875587559458e-01,4.286520961327054957e-01
7.559755975597559630e-01,4.285008958941698420e-01
7.560756075607560911e-01,4.283496756516335102e-01
7.561756175617562192e-01,4.281984354050966113e-01
7.562756275627563474e-01,4.280471751545590342e-01
7.563756375637563645e-01,4.278958949000211121e-01
7.564756475647564926e-01,4.277445946414822897e-01
7.565756575657566207e-01,4.275932743789430113e-01
7.566756675667567489e-01,4.274419341124030547e-01
7.567756775677567660e-01,4.272905738418626420e-01
7.568756875687568941e-01,4.271391935673215512e-01
7.569756975697570223e-01,4.269877932887797822e-01
7.570757075707571504e-01,4.268363730062374461e-01
7.571757175717571675e-01,4.266849327196946540e-01
7.572757275727572956e-01,4.265334724291510726e-01
7.573757375737574238e-01,4.263819921346069242e-01
7.574757475747575519e-01,4.262304918360622086e-01
7.575757575757575690e-01,4.260789715335170369e-01
7.576757675767576972e-01,4.259274312269710761e-01
7.577757775777578253e-01,4.257758709164245481e-01
7.578757875787579534e-01,4.256242906018773420e-01
7.579757975797579705e-01,4.254726902833297908e-01
7.580758075807580987e-01,4.253210699607814504e-01
7.581758175817582268e-01,4.251694296342324320e-01
7.582758275827583549e-01,4.250177693036829574e-01
7.583758375837583721e-01,4.248660889691329157e-01
7.584758475847585002e-01,4.247143886305821958e-01
7.585758575857586283e-01,4.245626682880307978e-01
7.586758675867586454e-01,4.244109279414790548e-01
7.587758775877587736e-01,4.242591675909265225e-01
7.588758875887589017e-01,4.241073872363733122e-01
7.589758975897590298e-01,4.239555868778196457e-01
7.590759075907590470e-01,4.238037665152654121e-01
7.591759175917591751e-01,4.236519261487105004e-01
7.592759275927593032e-01,4.235000657781549105e-01
7.593759375937594314e-01,4.233481854035987535e-01
7.594759475947594485e-01,4.231962850250422514e-01
7.595759575957595766e-01,4.230443646424848492e-01
7.596759675967597047e-01,4.228924242559268798e-01
7.597759775977598329e-01,4.227404638653683433e-01
7.598759875987598500e-01,4.225884834708093507e-01
7.599759975997599781e-01,4.224364830722495689e-01
7.600760076007601063e-01,4.222844626696892201e-01
7.601760176017602344e-01,4.221324222631283041e-01
7.602760276027602515e-01,4.219803618525669320e-01
7.603760376037603796e-01,4.218282814380047707e-01
7.604760476047605078e-01,4.216761810194420423e-01
7.605760576057606359e-01,4.215240605968786358e-01
7.606760676067606530e-01,4.213719201703148842e-01
7.607760776077607812e-01,4.212197597397503435e-01
7.608760876087609093e-01,4.210675793051852356e-01
7.609760976097610374e-01,4.209153788666194496e-01
7.610761076107610545e-01,4.207631584240532074e-01
7.611761176117611827e-01,4.206109179774862872e-01
7.612761276127613108e-01,4.204586575269187998e-01
7.613761376137614389e-01,4.203063770723506343e-01
7.614761476147614561e-01,4.201540766137820127e-01
7.615761576157615842e-01,4.200017561512127129e-01
7.616761676167617123e-01,4.198494156846427350e-01
7.617761776177618405e-01,4.196970552140721900e-01
7.618761876187618576e-01,4.195446747395011888e-01
7.619761976197619857e-01,4.193922742609293985e-01
7.620762076207621138e-01,4.192398537783570411e-01
7.621762176217622420e-01,4.190874132917841166e-01
7.622762276227622591e-01,4.189349528012107360e-01
7.623762376237623872e-01,4.187824723066365662e-01
7.624762476247625154e-01,4.186299718080618293e-01
7.625762576257626435e-01,4.184774513054865253e-01
7.626762676267626606e-01,4.183249107989106541e-01
7.627762776277627887e-01,4.181723502883341048e-01
7.628762876287629169e-01,4.180197697737569884e-01
7.629762976297630450e-01,4.178671692551791939e-01
7.630763076307630621e-01,4.177145487326010542e-01
7.631763176317631903e-01,4.175619082060221254e-01
7.632763276327633184e-01,4.174092476754425185e-01
7.633763376337634465e-01,4.172565671408623444e-01
7.634763476347634636e-01,4.171038666022818253e-01
7.635763576357635918e-01,4.169511460597004060e-01
7.636763676367637199e-01,4.167984055131185306e-01
7.637763776377638480e-01,4.166456449625359770e-01
7.638763876387638652e-01,4.164928644079529674e-01
7.639763976397639933e-01,4.163400638493691686e-01
7.640764076407641214e-01,4.161872432867848026e-01
7.641764176417642496e-01,4.160344027201998696e-01
7.642764276427642667e-01,4.158815421496144804e-01
7.643764376437643948e-01,4.157286615750284131e-01
7.644764476447645229e-01,4.155757609964415566e-01
7.645764576457646511e-01,4.154228404138542441e-01
7.646764676467646682e-01,4.152698998272664754e-01
7.647764776477647963e-01,4.151169392366779176e-01
7.648764876487649245e-01,4.149639586420887927e-01
7.649764976497650526e-01,4.148109580434989896e-01
7.650765076507650697e-01,4.146579374409088414e-01
7.651765176517651978e-01,4.145048968343179041e-01
7.652765276527653260e-01,4.143518362237262886e-01
7.653765376537654541e-01,4.141987556091341061e-01
7.654765476547654712e-01,4.140456549905415784e-01
7.655765576557655994e-01,4.138925343679482616e-01
7.656765676567657275e-01,4.137393937413542666e-01
7.657765776577658556e-01,4.135862331107597045e-01
7.658765876587658727e-01,4.134330524761646863e-01
7.659765976597660009e-01,4.132798518375689900e-01
7.660766076607661290e-01,4.131266311949726155e-01
7.661766176617662572e-01,4.129733905483756740e-01
7.662766276627662743e-01,4.128201298977782763e-01
7.663766376637664024e-01,4.126668492431800894e-01
7.664766476647665305e-01,4.125135485845813355e-01
7.665766576657665476e-01,4.123602279219821254e-01
7.666766676667666758e-01,4.122068872553822372e-01
7.667766776677668039e-01,4.120535265847816708e-01
7.668766876687669320e-01,4.119001459101805374e-01
7.669766976697669492e-01,4.117467452315789478e-01
7.670767076707670773e-01,4.115933245489765691e-01
7.671767176717672054e-01,4.114398838623736232e-01
7.672767276727673336e-01,4.112864231717699992e-01
7.673767376737673507e-01,4.111329424771660301e-01
7.674767476747674788e-01,4.109794417785612719e-01
7.675767576757676069e-01,4.108259210759559465e-01
7.676767676767677351e-01,4.106723803693499431e-01
7.677767776777677522e-01,4.105188196587435945e-01
7.678767876787678803e-01,4.103652389441364567e-01
7.679767976797680085e-01,4.102116382255286409e-01
7.680768076807681366e-01,4.100580175029203689e-01
7.681768176817681537e-01,4.099043767763115298e-01
7.682768276827682818e-01,4.097507160457020126e-01
7.683768376837684100e-01,4.095970353110918172e-01
7.684768476847685381e-01,4.094433345724810547e-01
7.685768576857685552e-01,4.092896138298698361e-01
7.686768676867686834e-01,4.091358730832579393e-01
7.687768776877688115e-01,4.089821123326453645e-01
7.688768876887689396e-01,4.088283315780322225e-01
7.689768976897689567e-01,4.086745308194186244e-01
7.690769076907690849e-01,4.085207100568042371e-01
7.691769176917692130e-01,4.083668692901892827e-01
7.692769276927693411e-01,4.082130085195737612e-01
7.693769376937693583e-01,4.080591277449577836e-01
7.694769476947694864e-01,4.079052269663410168e-01
7.695769576957696145e-01,4.077513061837235719e-01
7.696769676967697427e-01,4.075973653971056709e-01
7.697769776977697598e-01,4.074434046064873138e-01
7.698769876987698879e-01,4.072894238118681676e-01
7.699769976997700160e-01,4.071354230132483432e-01
7.700770077007701442e-01,4.069814022106279516e-01
7.701770177017701613e-01,4.068273614040072150e-01
7.702770277027702894e-01,4.066733005933856893e-01
7.703770377037704176e-01,4.065192197787634854e-01
7.704770477047705457e-01,4.063651189601407143e-01
7.705770577057705628e-01,4.062109981375175982e-01
7.706770677067706909e-01,4.060568573108935819e-01
7.707770777077708191e-01,4.059026964802689985e-01
7.708770877087709472e-01,4.057485156456438480e-01
7.709770977097709643e-01,4.055943148070182414e-01
7.710771077107710925e-01,4.054400939643919566e-01
7.711771177117712206e-01,4.052858531177649937e-01
7.712771277127713487e-01,4.051315922671373526e-01
7.713771377137713658e-01,4.049773114125093665e-01
7.714771477147714940e-01,4.048230105538805912e-01
7.715771577157716221e-01,4.046686896912512488e-01
7.716771677167717502e-01,4.045143488246213392e-01
7.717771777177717674e-01,4.043599879539909736e-01
7.718771877187718955e-01,4.042056070793598188e-01
7.719771977197720236e-01,4.040512062007279859e-01
7.720772077207721518e-01,4.038967853180956968e-01
7.721772177217721689e-01,4.037423444314628407e-01
7.722772277227722970e-01,4.035878835408293064e-01
7.723772377237724251e-01,4.034334026461950939e-01
7.724772477247725533e-01,4.032789017475604254e-01
7.725772577257725704e-01,4.031243808449251897e-01
7.726772677267726985e-01,4.029698399382892759e-01
7.727772777277728267e-01,4.028152790276526840e-01
7.728772877287729548e-01,4.026606981130155249e-01
7.729772977297729719e-01,4.025060971943779098e-01
7.730773077307731000e-01,4.023514762717395055e-01
7.731773177317732282e-01,4.021968353451005340e-01
7.732773277327733563e-01,4.020421744144609955e-01
7.733773377337733734e-01,4.018874934798210008e-01
7.734773477347735016e-01,4.017327925411803280e-01
7.735773577357736297e-01,4.015780715985388660e-01
7.736773677367737578e-01,4.014233306518969480e-01
7.737773777377737749e-01,4.012685697012545738e-01
7.738773877387739031e-01,4.011137887466114105e-01
7.739773977397740312e-01,4.009589877879676800e-01
7.740774077407740483e-01,4.008041668253234935e-01
7.741774177417741765e-01,4.006493258586785178e-01
7.742774277427743046e-01,4.004944648880328639e-01
7.743774377437744327e-01,4.003395839133867540e-01
7.744774477447744498e-01,4.001846829347401879e-01
7.745774577457745780e-01,4.000297619520928327e-01
7.746774677467747061e-01,3.998748209654447994e-01
7.747774777477748342e-01,3.997198599747963099e-01
7.748774877487748514e-01,3.995648789801472534e-01
7.749774977497749795e-01,3.994098779814975186e-01
7.750775077507751076e-01,3.992548569788471058e-01
7.751775177517752358e-01,3.990998159721962368e-01
7.752775277527752529e-01,3.989447549615448008e-01
7.753775377537753810e-01,3.987896739468926866e-01
7.754775477547755091e-01,3.986345729282398942e-01
7.755775577557756373e-01,3.984794519055865347e-01
7.756775677567756544e-01,3.983243108789327191e-01
7.757775777577757825e-01,3.981691498482781144e-01
7.758775877587759107e-01,3.980139688136229426e-01
7.759775977597760388e-01,3.978587677749672036e-01
7.760776077607760559e-01,3.977035467323110085e-01
7.761776177617761840e-01,3.975483056856540243e-01
7.762776277627763122e-01,3.973930446349964729e-01
7.763776377637764403e-01,3.972377635803383544e-01
7.764776477647764574e-01,3.970824625216797799e-01
7.765776577657765856e-01,3.969271414590204161e-01
7.766776677667767137e-01,3.967718003923603742e-01
7.767776777677768418e-01,3.966164393216998763e-01
7.768776877687768589e-01,3.964610582470388112e-01
7.769776977697769871e-01,3.963056571683770679e-01
7.770777077707771152e-01,3.961502360857147576e-01
7.771777177717772433e-01,3.959947949990517690e-01
7.772777277727772605e-01,3.958393339083883244e-01
7.773777377737773886e-01,3.956838528137242017e-01
7.774777477747775167e-01,3.955283517150594008e-01
7.775777577757776449e-01,3.953728306123940328e-01
7.776777677767776620e-01,3.952172895057283197e-01
7.777777777777777901e-01,3.950617283950617065e-01
7.778777877787779182e-01,3.949061472803945261e-01
7.779777977797780464e-01,3.947505461617267786e-01
7.780778077807780635e-01,3.945949250390585750e-01
7.781778177817781916e-01,3.944392839123895822e-01
7.782778277827783198e-01,3.942836227817200223e-01
7.783778377837784479e-01,3.941279416470498953e-01
7.784778477847784650e-01,3.939722405083793122e-01
7.785778577857785931e-01,3.938165193657079399e-01
7.786778677867787213e-01,3.936607782190360005e-01
7.787778777877788494e-01,3.935050170683633830e-01
7.788778877887788665e-01,3.933492359136904204e-01
7.789778977897789947e-01,3.931934347550166686e-01
7.790779077907791228e-01,3.930376135923422387e-01
7.791779177917792509e-01,3.928817724256672417e-01
7.792779277927792680e-01,3.927259112549918996e-01
7.793779377937793962e-01,3.925700300803157683e-01
7.794779477947795243e-01,3.924141289016389589e-01
7.795779577957796525e-01,3.922582077189615823e-01
7.796779677967796696e-01,3.921022665322837497e-01
7.797779777977797977e-01,3.919463053416052389e-01
7.798779877987799258e-01,3.917903241469260500e-01
7.799779977997800540e-01,3.916343229482462940e-01
7.800780078007800711e-01,3.914783017455660818e-01
7.801780178017801992e-01,3.913222605388851916e-01
7.802780278027803273e-01,3.911661993282036232e-01
7.803780378037804555e-01,3.910101181135213766e-01
7.804780478047804726e-01,3.908540168948387850e-01
7.805780578057806007e-01,3.906978956721554042e-01
7.806780678067807289e-01,3.905417544454714562e-01
7.807780778077808570e-01,3.903855932147869412e-01
7.808780878087808741e-01,3.902294119801018590e-01
7.809780978097810022e-01,3.900732107414160987e-01
7.810781078107811304e-01,3.899169894987297713e-01
7.811781178117812585e-01,3.897607482520427657e-01
7.812781278127812756e-01,3.896044870013554151e-01
7.813781378137814038e-01,3.894482057466672753e-01
7.814781478147815319e-01,3.892919044879784574e-01
7.815781578157815490e-01,3.891355832252892943e-01
7.816781678167816771e-01,3.889792419585993422e-01
7.817781778177818053e-01,3.888228806879087118e-01
7.818781878187819334e-01,3.886664994132175144e-01
7.819781978197819505e-01,3.885100981345259719e-01
7.820782078207820787e-01,3.883536768518336402e-01
7.821782178217822068e-01,3.881972355651406303e-01
7.822782278227823349e-01,3.880407742744470534e-01
7.823782378237823520e-01,3.878842929797530203e-01
7.824782478247824802e-01,3.877277916810583092e-01
7.825782578257826083e-01,3.875712703783629198e-01
7.826782678267827364e-01,3.874147290716669634e-01
7.827782778277827536e-01,3.872581677609705508e-01
7.828782878287828817e-01,3.871015864462733491e-01
7.829782978297830098e-01,3.869449851275755803e-01
7.830783078307831380e-01,3.867883638048772443e-01
7.831783178317831551e-01,3.866317224781784523e-01
7.832783278327832832e-01,3.864750611474788711e-01
7.833783378337834113e-01,3.863183798127787227e-01
7.834783478347835395e-01,3.861616784740778963e-01
7.835783578357835566e-01,3.860049571313767247e-01
7.836783678367836847e-01,3.858482157846747640e-01
7.837783778377838129e-01,3.856914544339722362e-01
7.838783878387839410e-01,3.855346730792690302e-01
7.839783978397839581e-01,3.853778717205654791e-01
7.840784078407840862e-01,3.852210503578610279e-01
7.841784178417842144e-01,3.850642089911561206e-01
7.842784278427843425e-01,3.849073476204505351e-01
7.843784378437843596e-01,3.847504662457444935e-01
7.844784478447844878e-01,3.845935648670377738e-01
7.845784578457846159e-01,3.844366434843303759e-01
7.846784678467847440e-01,3.842797020976224109e-01
7.847784778477847611e-01,3.841227407069139899e-01
7.848784878487848893e-01,3.839657593122047796e-01
7.849784978497850174e-01,3.838087579134951133e-01
7.850785078507851455e-01,3.836517365107846578e-01
7.851785178517851627e-01,3.834946951040738572e-01
7.852785278527852908e-01,3.833376336933622675e-01
7.853785378537854189e-01,3.831805522786501106e-01
7.854785478547855471e-01,3.830234508599373866e-01
7.855785578557855642e-01,3.828663294372242065e-01
7.856785678567856923e-01,3.827091880105102373e-01
7.857785778577858204e-01,3.825520265797955899e-01
7.858785878587859486e-01,3.823948451450804864e-01
7.859785978597859657e-01,3.822376437063648158e-01
7.860786078607860938e-01,3.820804222636484671e-01
7.861786178617862220e-01,3.819231808169315512e-01
7.862786278627863501e-01,3.817659193662139572e-01
7.863786378637863672e-01,3.816086379114959071e-01
7.864786478647864953e-01,3.814513364527771788e-01
7.865786578657866235e-01,3.812940149900577724e-01
7.866786678667867516e-01,3.811366735233377989e-01
7.867786778677867687e-01,3.809793120526173693e-01
7.868786878687868969e-01,3.808219305778962616e-01
7.869786978697870250e-01,3.806645290991744757e-01
7.870787078707871531e-01,3.805071076164521227e-01
7.871787178717871702e-01,3.803496661297293135e-01
7.872787278727872984e-01,3.801922046390057153e-01
7.873787378737874265e-01,3.800347231442815499e-01
7.874787478747875547e-01,3.798772216455568174e-01
7.875787578757875718e-01,3.797197001428316288e-01
7.876787678767876999e-01,3.795621586361056510e-01
7.877787778777878280e-01,3.794045971253789951e-01
7.878787878787879562e-01,3.792470156106518830e-01
7.879787978797879733e-01,3.790894140919242039e-01
7.880788078807881014e-01,3.789317925691958466e-01
7.881788178817882295e-01,3.787741510424669222e-01
7.882788278827883577e-01,3.786164895117373197e-01
7.883788378837883748e-01,3.784588079770073721e-01
7.884788478847885029e-01,3.783011064382765243e-01
7.885788578857886311e-01,3.781433848955452204e-01
7.886788678867887592e-01,3.779856433488132383e-01
7.887788778877887763e-01,3.778278817980808002e-01
7.888788878887889044e-01,3.776701002433475729e-01
7.889788978897890326e-01,3.775122986846138895e-01
7.890789078907890497e-01,3.773544771218796390e-01
7.891789178917891778e-01,3.771966355551447103e-01
7.892789278927893060e-01,3.770387739844091035e-01
7.893789378937894341e-01,3.768808924096729296e-01
7.894789478947894512e-01,3.767229908309362996e-01
7.895789578957895793e-01,3.765650692481989914e-01
7.896789678967897075e-01,3.764071276614610051e-01
7.897789778977898356e-01,3.762491660707223406e-01
7.898789878987898527e-01,3.760911844759834421e-01
7.899789978997899809e-01,3.759331828772436435e-01
7.900790079007901090e-01,3.757751612745032777e-01
7.901790179017902371e-01,3.756171196677622337e-01
7.902790279027902542e-01,3.754590580570208447e-01
7.903790379037903824e-01,3.753009764422786665e-01
7.904790479047905105e-01,3.751428748235359212e-01
7.905790579057906386e-01,3.749847532007924977e-01
7.906790679067906558e-01,3.748266115740487292e-01
7.907790779077907839e-01,3.746684499433041715e-01
7.908790879087909120e-01,3.745102683085589357e-01
7.909790979097910402e-01,3.743520666698132437e-01
7.910791079107910573e-01,3.741938450270669847e-01
7.911791179117911854e-01,3.740356033803200475e-01
7.912791279127913135e-01,3.738773417295724322e-01
7.913791379137914417e-01,3.737190600748242497e-01
7.914791479147914588e-01,3.735607584160756112e-01
7.915791579157915869e-01,3.734024367533262945e-01
7.916791679167917151e-01,3.732440950865762996e-01
7.917791779177918432e-01,3.730857334158257377e-01
7.918791879187918603e-01,3.729273517410747196e-01
7.919791979197919884e-01,3.727689500623229124e-01
7.920792079207921166e-01,3.726105283795705381e-01
7.921792179217922447e-01,3.724520866928175966e-01
7.922792279227922618e-01,3.722936250020641991e-01
7.923792379237923900e-01,3.721351433073100123e-01
7.924792479247925181e-01,3.719766416085552585e-01
7.925792579257926462e-01,3.718181199057998265e-01
7.926792679267926633e-01,3.716595781990440495e-01
7.927792779277927915e-01,3.715010164882874832e-01
7.928792879287929196e-01,3.713424347735302389e-01
7.929792979297930478e-01,3.711838330547725384e-01
7.930793079307930649e-01,3.710252113320142708e-01
7.931793179317931930e-01,3.708665696052553251e-01
7.932793279327933211e-01,3.707079078744957013e-01
7.933793379337934493e-01,3.705492261397356213e-01
7.934793479347934664e-01,3.703905244009749742e-01
7.935793579357935945e-01,3.702318026582135380e-01
7.936793679367937226e-01,3.700730609114516456e-01
7.937793779377938508e-01,3.699142991606890751e-01
7.938793879387938679e-01,3.697555174059260485e-01
7.939793979397939960e-01,3.695967156471622328e-01
7.940794079407941242e-01,3.694378938843978499e-01
7.941794179417942523e-01,3.692790521176328999e-01
7.942794279427942694e-01,3.691201903468674939e-01
7.943794379437943975e-01,3.689613085721012986e-01
7.944794479447945257e-01,3.688024067933345362e-01
7.945794579457946538e-01,3.686434850105670957e-01
7.946794679467946709e-01,3.684845432237993101e-01
7.947794779477947991e-01,3.683255814330307354e-01
7.948794879487949272e-01,3.681665996382615935e-01
7.949794979497950553e-01,3.680075978394917735e-01
7.950795079507950724e-01,3.678485760367216084e-01
7.951795179517952006e-01,3.676895342299506542e-01
7.952795279527953287e-01,3.675304724191790218e-01
7.953795379537954569e-01,3.673713906044068223e-01
7.954795479547954740e-01,3.672122887856342777e-01
7.955795579557956021e-01,3.670531669628608329e-01
7.956795679567957302e-01,3.668940251360869320e-01
7.957795779577958584e-01,3.667348633053123530e-01
7.958795879587958755e-01,3.665756814705373179e-01
7.959795979597960036e-01,3.664164796317614936e-01
7.960796079607961317e-01,3.662572577889851022e-01
7.961796179617962599e-01,3.660980159422081437e-01
7.962796279627962770e-01,3.659387540914307291e-01
7.963796379637964051e-01,3.657794722366525253e-01
7.964796479647965333e-01,3.656201703778737544e-01
7.965796579657965504e-01,3.654608485150945274e-01
7.966796679667966785e-01,3.653015066483146223e-01
7.967796779677968066e-01,3.651421447775340390e-01
7.968796879687969348e-01,3.649827629027528886e-01
7.969796979697969519e-01,3.648233610239712821e-01
7.970797079707970800e-01,3.646639391411888864e-01
7.971797179717972082e-01,3.645044972544058126e-01
7.972797279727973363e-01,3.643450353636222827e-01
7.973797379737973534e-01,3.641855534688382967e-01
7.974797479747974815e-01,3.640260515700535215e-01
7.975797579757976097e-01,3.638665296672680682e-01
7.976797679767977378e-01,3.637069877604821588e-01
7.977797779777977549e-01,3.635474258496956823e-01
7.978797879787978831e-01,3.633878439349085276e-01
7.979797979797980112e-01,3.632282420161208059e-01
7.980798079807981393e-01,3.630686200933324059e-01
7.981798179817981564e-01,3.629089781665435499e-01
7.982798279827982846e-01,3.627493162357540157e-01
7.983798379837984127e-01,3.625896343009638034e-01
7.984798479847985408e-01,3.624299323621730240e-01
7.985798579857985580e-01,3.622702104193817885e-01
7.986798679867986861e-01,3.621104684725898748e-01
7.987798779877988142e-01,3.619507065217972830e-01
7.988798879887989424e-01,3.617909245670040130e-01
7.989798979897989595e-01,3.616311226082103980e-01
7.990799079907990876e-01,3.614713006454161048e-01
7.991799179917992157e-01,3.613114586786211335e-01
7.992799279927993439e-01,3.611515967078254841e-01
7.993799379937993610e-01,3.609917147330294895e-01
7.994799479947994891e-01,3.608318127542327058e-01
7.995799579957996173e-01,3.606718907714353550e-01
7.996799679967997454e-01,3.605119487846373261e-01
7.997799779977997625e-01,3.603519867938389520e-01
7.998799879987998906e-01,3.601920047990397888e-01
7.999799979998000188e-01,3.600320028002399475e-01
8.000800080008001469e-01,3.598719807974395390e-01
8.001800180018001640e-01,3.597119387906387855e-01
8.002800280028002922e-01,3.595518767798371318e-01
8.003800380038004203e-01,3.593917947650350220e-01
8.004800480048005484e-01,3.592316927462322340e-01
8.005800580058005655e-01,3.590715707234289900e-01
8.006800680068006937e-01,3.589114286966250678e-01
8.007800780078008218e-01,3.587512666658204674e-01
8.008800880088009500e-01,3.585910846310153000e-01
8.009800980098009671e-01,3.584308825922096764e-01
8.010801080108010952e-01,3.582706605494032637e-01
8.011801180118012233e-01,3.581104185025962838e-01
8.012801280128013515e-01,3.579501564517886258e-01
8.013801380138013686e-01,3.577898743969806228e-01
8.014801480148014967e-01,3.576295723381718306e-01
8.015801580158016248e-01,3.574692502753624712e-01
8.016801680168017530e-01,3.573089082085525447e-01
8.017801780178017701e-01,3.571485461377420512e-01
8.018801880188018982e-01,3.569881640629308794e-01
8.019801980198020264e-01,3.568277619841191406e-01
8.020802080208021545e-01,3.566673399013067236e-01
8.021802180218021716e-01,3.565068978144939615e-01
8.022802280228022997e-01,3.563464357236802993e-01
8.023802380238024279e-01,3.561859536288661809e-01
8.024802480248025560e-01,3.560254515300513845e-01
8.025802580258025731e-01,3.558649294272361319e-01
8.026802680268027013e-01,3.557043873204202011e-01
8.027802780278028294e-01,3.555438252096035923e-01
8.028802880288029575e-01,3.553832430947864163e-01
8.029802980298029746e-01,3.552226409759687842e-01
8.030803080308031028e-01,3.550620188531503629e-01
8.031803180318032309e-01,3.549013767263313746e-01
8.032803280328033591e-01,3.547407145955118191e-01
8.033803380338033762e-01,3.545800324606918075e-01
8.034803480348035043e-01,3.544193303218710067e-01
8.035803580358036324e-01,3.542586081790496388e-01
8.036803680368037606e-01,3.540978660322277038e-01
8.037803780378037777e-01,3.539371038814052017e-01
8.038803880388039058e-01,3.537763217265820215e-01
8.039803980398040339e-01,3.536155195677582741e-01
8.040804080408041621e-01,3.534546974049338486e-01
8.041804180418041792e-01,3.532938552381090780e-01
8.042804280428043073e-01,3.531329930672835182e-01
8.043804380438044355e-01,3.529721108924572803e-01
8.044804480448044526e-01,3.528112087136306974e-01
8.045804580458045807e-01,3.526502865308033252e-01
8.046804680468047088e-01,3.524893443439752749e-01
8.047804780478048370e-01,3.523283821531467686e-01
8.048804880488048541e-01,3.521673999583176951e-01
8.049804980498049822e-01,3.520063977594879434e-01
8.050805080508051104e-01,3.518453755566575136e-01
8.051805180518052385e-01,3.516843333498265167e-01
8.052805280528052556e-01,3.515232711389951747e-01
8.053805380538053837e-01,3.513621889241629326e-01
8.054805480548055119e-01,3.512010867053301233e-01
8.055805580558056400e-01,3.510399644824967469e-01
8.056805680568056571e-01,3.508788222556629144e-01
8.057805780578057853e-01,3.507176600248284037e-01
8.058805880588059134e-01,3.505564777899932150e-01
8.059805980598060415e-01,3.503952755511573480e-01
8.060806080608060586e-01,3.502340533083211360e-01
8.061806180618061868e-01,3.500728110614841349e-01
8.062806280628063149e-01,3.499115488106465666e-01
8.063806380638064430e-01,3.497502665558084312e-01
8.064806480648064602e-01,3.495889642969697286e-01
8.065806580658065883e-01,3.494276420341303480e-01
8.066806680668067164e-01,3.492662997672904002e-01
8.067806780678068446e-01,3.491049374964497742e-01
8.068806880688068617e-01,3.489435552216088032e-01
8.069806980698069898e-01,3.487821529427670431e-01
8.070807080708071179e-01,3.486207306599246047e-01
8.071807180718072461e-01,3.484592883730815993e-01
8.072807280728072632e-01,3.482978260822382488e-01
8.073807380738073913e-01,3.481363437873939981e-01
8.074807480748075195e-01,3.479748414885491803e-01
8.075807580758076476e-01,3.478133191857037954e-01
8.076807680768076647e-01,3.476517768788580653e-01
8.077807780778077928e-01,3.474902145680114351e-01
8.078807880788079210e-01,3.473286322531642378e-01
8.079807980798080491e-01,3.471670299343164734e-01
8.080808080808080662e-01,3.470054076114682529e-01
8.081808180818081944e-01,3.468437652846192432e-01
8.082808280828083225e-01,3.466821029537696663e-01
8.083808380838084506e-01,3.465204206189194114e-01
8.084808480848084677e-01,3.463587182800688113e-01
8.085808580858085959e-01,3.461969959372174221e-01
8.086808680868087240e-01,3.460352535903654658e-01
8.087808780878088522e-01,3.458734912395128314e-01
8.088808880888088693e-01,3.457117088846598518e-01
8.089808980898089974e-01,3.455499065258060831e-01
8.090809080908091255e-01,3.453880841629516363e-01
8.091809180918092537e-01,3.452262417960967333e-01
8.092809280928092708e-01,3.450643794252412633e-01
8.093809380938093989e-01,3.449024970503851151e-01
8.094809480948095270e-01,3.447405946715282887e-01
8.095809580958096552e-01,3.445786722886708953e-01
8.096809680968096723e-01,3.444167299018130457e-01
8.097809780978098004e-01,3.442547675109545180e-01
8.098809880988099286e-01,3.440927851160953121e-01
8.099809980998100567e-01,3.439307827172355392e-01
8.100810081008100738e-01,3.437687603143753101e-01
8.101810181018102019e-01,3.436067179075142919e-01
8.102810281028103301e-01,3.434446554966527065e-01
8.103810381038104582e-01,3.432825730817905541e-01
8.104810481048104753e-01,3.431204706629278345e-01
8.105810581058106035e-01,3.429583482400645478e-01
8.106810681068107316e-01,3.427962058132004719e-01
8.107810781078108597e-01,3.426340433823359399e-01
8.108810881088108768e-01,3.424718609474708408e-01
8.109810981098110050e-01,3.423096585086050636e-01
8.110811081108111331e-01,3.421474360657387193e-01
8.111811181118112613e-01,3.419851936188716968e-01
8.112811281128112784e-01,3.418229311680043292e-01
8.113811381138114065e-01,3.416606487131360614e-01
8.114811481148115346e-01,3.414983462542673376e-01
8.115811581158116628e-01,3.413360237913979356e-01
8.116811681168116799e-01,3.411736813245280775e-01
8.117811781178118080e-01,3.410113188536575413e-01
8.118811881188119361e-01,3.408489363787863269e-01
8.119811981198119533e-01,3.406865338999146564e-01
8.120812081208120814e-01,3.405241114170423078e-01
8.121812181218122095e-01,3.403616689301692810e-01
8.122812281228123377e-01,3.401992064392956872e-01
8.123812381238123548e-01,3.400367239444216372e-01
8.124812481248124829e-01,3.398742214455469091e-01
8.125812581258126110e-01,3.397116989426715028e-01
8.126812681268127392e-01,3.395491564357955294e-01
8.127812781278127563e-01,3.393865939249190999e-01
8.128812881288128844e-01,3.392240114100418813e-01
8.129812981298130126e-01,3.390614088911640955e-01
8.130813081308131407e-01,3.388987863682857427e-01
8.131813181318131578e-01,3.387361438414069337e-01
8.132813281328132859e-01,3.385734813105273355e-01
8.133813381338134141e-01,3.384107987756470592e-01
8.134813481348135422e-01,3.382480962367663269e-01
8.135813581358135593e-01,3.380853736938850274e-01
8.136813681368136875e-01,3.379226311470030497e-01
8.137813781378138156e-01,3.377598685961205049e-01
8.138813881388139437e-01,3.375970860412372820e-01
8.139813981398139608e-01,3.374342834823537141e-01
8.140814081408140890e-01,3.372714609194692459e-01
8.141814181418142171e-01,3.371086183525843216e-01
8.142814281428143453e-01,3.369457557816987192e-01
8.143814381438143624e-01,3.367828732068126607e-01
8.144814481448144905e-01,3.366199706279258130e-01
8.145814581458146186e-01,3.364570480450385093e-01
8.146814681468147468e-01,3.362941054581504163e-01
8.147814781478147639e-01,3.361311428672620893e-01
8.148814881488148920e-01,3.359681602723728622e-01
8.149814981498150201e-01,3.358051576734830679e-01
8.150815081508151483e-01,3.356421350705927065e-01
8.151815181518151654e-01,3.354790924637018890e-01
8.152815281528152935e-01,3.353160298528102823e-01
8.153815381538154217e-01,3.351529472379179975e-01
8.154815481548155498e-01,3.349898446190252566e-01
8.155815581558155669e-01,3.348267219961320595e-01
8.156815681568156950e-01,3.346635793692380734e-01
8.157815781578158232e-01,3.345004167383434091e-01
8.158815881588159513e-01,3.343372341034482886e-01
8.159815981598159684e-01,3.341740314645526011e-01
8.160816081608160966e-01,3.340108088216562354e-01
8.161816181618162247e-01,3.338475661747591916e-01
8.162816281628163528e-01,3.336843035238615807e-01
8.163816381638163699e-01,3.335210208689636247e-01
8.164816481648164981e-01,3.333577182100647684e-01
8.165816581658166262e-01,3.331943955471654562e-01
8.166816681668167544e-01,3.330310528802653547e-01
8.167816781678167715e-01,3.328676902093650192e-01
8.168816881688168996e-01,3.327043075344637835e-01
8.169816981698170277e-01,3.325409048555619806e-01
8.170817081708171559e-01,3.323774821726596107e-01
8.171817181718171730e-01,3.322140394857567847e-01
8.172817281728173011e-01,3.320505767948531695e-01
8.173817381738174292e-01,3.318870940999489871e-01
8.174817481748175574e-01,3.317235914010441267e-01
8.175817581758175745e-01,3.315600686981389211e-01
8.176817681768177026e-01,3.313965259912329264e-01
8.177817781778178308e-01,3.312329632803263646e-01
8.178817881788179589e-01,3.310693805654191246e-01
8.179817981798179760e-01,3.309057778465115396e-01
8.180818081808181041e-01,3.307421551236031654e-01
8.181818181818182323e-01,3.305785123966941130e-01
8.182818281828183604e-01,3.304148496657844936e-01
8.183818381838183775e-01,3.302511669308745290e-01
8.184818481848185057e-01,3.300874641919636643e-01
8.185818581858186338e-01,3.299237414490523435e-01
8.186818681868187619e-01,3.297599987021403445e-01
8.187818781878187790e-01,3.295962359512278894e-01
8.188818881888189072e-01,3.294324531963146452e-01
8.189818981898190353e-01,3.292686504374008338e-01
8.190819081908191635e-01,3.291048276744864554e-01
8.191819181918191806e-01,3.289409849075716208e-01
8.192819281928193087e-01,3.287771221366561081e-01
8.193819381938194368e-01,3.286132393617399172e-01
8.194819481948194539e-01,3.284493365828232703e-01
8.195819581958195821e-01,3.282854137999058342e-01
8.196819681968197102e-01,3.281214710129878309e-01
8.197819781978198383e-01,3.279575082220692606e-01
8.198819881988198555e-01,3.277935254271502341e-01
8.199819981998199836e-01,3.276295226282304185e-01
8.200820082008201117e-01,3.274654998253100358e-01
8.201820182018202399e-01,3.273014570183889749e-01
8.202820282028202570e-01,3.271373942074675689e-01
8.203820382038203851e-01,3.269733113925453738e-01
8.204820482048205132e-01,3.268092085736226116e-01
8.205820582058206414e-01,3.266450857506991712e-01
8.206820682068206585e-01,3.264809429237753857e-01
8.207820782078207866e-01,3.263167800928508111e-01
8.208820882088209148e-01,3.261525972579255583e-01
8.209820982098210429e-01,3.259883944189997385e-01
8.210821082108210600e-01,3.258241715760735735e-01
8.211821182118211881e-01,3.256599287291465084e-01
8.212821282128213163e-01,3.254956658782188761e-01
8.213821382138214444e-01,3.253313830232906767e-01
8.214821482148214615e-01,3.251670801643621322e-01
8.215821582158215897e-01,3.250027573014326876e-01
8.216821682168217178e-01,3.248384144345026758e-01
8.217821782178218459e-01,3.246740515635720969e-01
8.218821882188218630e-01,3.245096686886410620e-01
8.219821982198219912e-01,3.243452658097092378e-01
8.220822082208221193e-01,3.241808429267768465e-01
8.221822182218222475e-01,3.240164000398438882e-01
8.222822282228222646e-01,3.238519371489104737e-01
8.223822382238223927e-01,3.236874542539762700e-01
8.224822482248225208e-01,3.235229513550413882e-01
8.225822582258226490e-01,3.233584284521060503e-01
8.226822682268226661e-01,3.231938855451702564e-01
8.227822782278227942e-01,3.230293226342335622e-01
8.228822882288229223e-01,3.228647397192964119e-01
8.229822982298230505e-01,3.227001368003585835e-01
8.230823082308230676e-01,3.225355138774204100e-01
8.231823182318231957e-01,3.223708709504813363e-01
8.232823282328233239e-01,3.222062080195418066e-01
8.233823382338234520e-01,3.220415250846015986e-01
8.234823482348234691e-01,3.218768221456609346e-01
8.235823582358235972e-01,3.217120992027194815e-01
8.236823682368237254e-01,3.215473562557775722e-01
8.237823782378238535e-01,3.213825933048348737e-01
8.238823882388238706e-01,3.212178103498919413e-01
8.239823982398239988e-01,3.210530073909481086e-01
8.240824082408241269e-01,3.208881844280037088e-01
8.241824182418242550e-01,3.207233414610586308e-01
8.242824282428242721e-01,3.205584784901132078e-01
8.243824382438244003e-01,3.203935955151669956e-01
8.244824482448245284e-01,3.202286925362202163e-01
8.245824582458246566e-01,3.200637695532728699e-01
8.246824682468246737e-01,3.198988265663250674e-01
8.247824782478248018e-01,3.197338635753763647e-01
8.248824882488249299e-01,3.195688805804272059e-01
8.249824982498250581e-01,3.194038775814773690e-01
8.250825082508250752e-01,3.192388545785271869e-01
8.251825182518252033e-01,3.190738115715762158e-01
8.252825282528253314e-01,3.189087485606245664e-01
8.253825382538254596e-01,3.187436655456723500e-01
8.254825482548254767e-01,3.185785625267196775e-01
8.255825582558256048e-01,3.184134395037663268e-01
8.256825682568257330e-01,3.182482964768122979e-01
8.257825782578258611e-01,3.180831334458577020e-01
8.258825882588258782e-01,3.179179504109026499e-01
8.259825982598260063e-01,3.177527473719469198e-01
8.260826082608261345e-01,3.175875243289905114e-01
8.261826182618262626e-01,3.174222812820334250e-01
8.262826282628262797e-01,3.172570182310759934e-01
8.263826382638264079e-01,3.170917351761178837e-01
8.264826482648265360e-01,3.169264321171589849e-01
8.265826582658266641e-01,3.167611090541996299e-01
8.266826682668266812e-01,3.165957659872398189e-01
8.267826782678268094e-01,3.164304029162792187e-01
8.268826882688269375e-01,3.162650198413179403e-01
8.269826982698269546e-01,3.160996167623563169e-01
8.270827082708270828e-01,3.159341936793939043e-01
8.271827182718272109e-01,3.157687505924309246e-01
8.272827282728273390e-01,3.156032875014673778e-01
8.273827382738273561e-01,3.154378044065032638e-01
8.274827482748274843e-01,3.152723013075384717e-01
8.275827582758276124e-01,3.151067782045731125e-01
8.276827682768277406e-01,3.149412350976070751e-01
8.277827782778277577e-01,3.147756719866406927e-01
8.278827882788278858e-01,3.146100888716734101e-01
8.279827982798280139e-01,3.144444857527056714e-01
8.280828082808281421e-01,3.142788626297372545e-01
8.281828182818281592e-01,3.141132195027683816e-01
8.282828282828282873e-01,3.139475563717988305e-01
8.283828382838284154e-01,3.137818732368286012e-01
8.284828482848285436e-01,3.136161700978578049e-01
8.285828582858285607e-01,3.134504469548865524e-01
8.286828682868286888e-01,3.132847038079145108e-01
8.287828782878288170e-01,3.131189406569419020e-01
8.288828882888289451e-01,3.129531575019687262e-01
8.289828982898289622e-01,3.127873543429950942e-01
8.290829082908290903e-01,3.126215311800206731e-01
8.291829182918292185e-01,3.124556880130456848e-01
8.292829282928293466e-01,3.122898248420700185e-01
8.293829382938293637e-01,3.121239416670940070e-01
8.294829482948294919e-01,3.119580384881172064e-01
8.295829582958296200e-01,3.117921153051398386e-01
8.296829682968297481e-01,3.116261721181617927e-01
8.297829782978297652e-01,3.114602089271834018e-01
8.298829882988298934e-01,3.112942257322042217e-01
8.299829982998300215e-01,3.111282225332243634e-01
8.300830083008301497e-01,3.109621993302439380e-01
8.301830183018301668e-01,3.107961561232631675e-01
8.302830283028302949e-01,3.106300929122814969e-01
8.303830383038304230e-01,3.104640096972992591e-01
8.304830483048305512e-01,3.102979064783164542e-01
8.305830583058305683e-01,3.101317832553333043e-01
8.306830683068306964e-01,3.099656400283492541e-01
8.307830783078308245e-01,3.097994767973646368e-01
8.308830883088309527e-01,3.096332935623794524e-01
8.309830983098309698e-01,3.094670903233938120e-01
8.310831083108310979e-01,3.093008670804073823e-01
8.311831183118312261e-01,3.091346238334203855e-01
8.312831283128313542e-01,3.089683605824327106e-01
8.313831383138313713e-01,3.088020773274446906e-01
8.314831483148314994e-01,3.086357740684558815e-01
8.315831583158316276e-01,3.084694508054665052e-01
8.316831683168317557e-01,3.083031075384764508e-01
8.317831783178317728e-01,3.081367442674860513e-01
8.318831883188319010e-01,3.079703609924948626e-01
8.319831983198320291e-01,3.078039577135029958e-01
8.320832083208321572e-01,3.076375344305106729e-01
8.321832183218321743e-01,3.074710911435177829e-01
8.322832283228323025e-01,3.073046278525242148e-01
8.323832383238324306e-01,3.071381445575299685e-01
8.324832483248325588e-01,3.069716412585351550e-01
8.325832583258325759e-01,3.068051179555398855e-01
8.326832683268327040e-01,3.066385746485439379e-01
8.327832783278328321e-01,3.064720113375473121e-01
8.328832883288329603e-01,3.063054280225501191e-01
8.329832983298329774e-01,3.061388247035524701e-01
8.330833083308331055e-01,3.059722013805540319e-01
8.331833183318332336e-01,3.058055580535550266e-01
8.332833283328333618e-01,3.056388947225554542e-01
8.333833383338333789e-01,3.054722113875554257e-01
8.334833483348335070e-01,3.053055080485546080e-01
8.335833583358336352e-01,3.051387847055532232e-01
8.336833683368337633e-01,3.049720413585511603e-01
8.337833783378337804e-01,3.048052780075487522e-01
8.338833883388339085e-01,3.046384946525455550e-01
8.339833983398340367e-01,3.044716912935416797e-01
8.340834083408341648e-01,3.043048679305372373e-01
8.341834183418341819e-01,3.041380245635324497e-01
8.342834283428343101e-01,3.039711611925268731e-01
8.343834383438344382e-01,3.038042778175206182e-01
8.344834483448344553e-01,3.036373744385140183e-01
8.345834583458345834e-01,3.034704510555066292e-01
8.346834683468347116e-01,3.033035076684985620e-01
8.347834783478348397e-01,3.031365442774899277e-01
8.348834883488348568e-01,3.029695608824809483e-01
8.349834983498349850e-01,3.028025574834710687e-01
8.350835083508351131e-01,3.026355340804607330e-01
8.351835183518352412e-01,3.024684906734497192e-01
8.352835283528352583e-01,3.023014272624382492e-01
8.353835383538353865e-01,3.021343438474259901e-01
8.354835483548355146e-01,3.019672404284132750e-01
8.355835583558356428e-01,3.018001170053997706e-01
8.356835683568356599e-01,3.016329735783860322e-01
8.357835783578357880e-01,3.014658101473713936e-01
8.358835883588359161e-01,3.012986267123561879e-01
8.359835983598360443e-01,3.011314232733403040e-01
8.360836083608360614e-01,3.009641998303240751e-01
8.361836183618361895e-01,3.007969563833070570e-01
8.362836283628363176e-01,3.006296929322894718e-01
8.363836383638364458e-01,3.004624094772712084e-01
8.364836483648364629e-01,3.002951060182526000e-01
8.365836583658365910e-01,3.001277825552332024e-01
8.366836683668367192e-01,2.999604390882132376e-01
8.367836783678368473e-01,2.997930756171925948e-01
8.368836883688368644e-01,2.996256921421714958e-01
8.369836983698369925e-01,2.994582886631497187e-01
8.370837083708371207e-01,2.992908651801272635e-01
8.371837183718372488e-01,2.991234216931042411e-01
8.372837283728372659e-01,2.989559582020808737e-01
8.373837383738373941e-01,2.987884747070566061e-01
8.374837483748375222e-01,2.986209712080318823e-01
8.375837583758376503e-01,2.984534477050063694e-01
8.376837683768376674e-01,2.982859041979806225e-01
8.377837783778377956e-01,2.981183406869539754e-01
8.378837883788379237e-01,2.979507571719267611e-01
8.379837983798380519e-01,2.977831536528989798e-01
8.380838083808380690e-01,2.976155301298707423e-01
8.381838183818381971e-01,2.974478866028417157e-01
8.382838283828383252e-01,2.972802230718120109e-01
8.383838383838384534e-01,2.971125395367818500e-01
8.384838483848384705e-01,2.969448359977512331e-01
8.385838583858385986e-01,2.967771124547198269e-01
8.386838683868387267e-01,2.966093689076877427e-01
8.387838783878388549e-01,2.964416053566552023e-01
8.388838883888388720e-01,2.962738218016220948e-01
8.389838983898390001e-01,2.961060182425883092e-01
8.390839083908391283e-01,2.959381946795538454e-01
8.391839183918392564e-01,2.957703511125189255e-01
8.392839283928392735e-01,2.956024875414834385e-01
8.393839383938394016e-01,2.954346039664472734e-01
8.394839483948395298e-01,2.952667003874104301e-01
8.395839583958396579e-01,2.950987768043730197e-01
8.396839683968396750e-01,2.949308332173351532e-01
8.397839783978398032e-01,2.947628696262964976e-01
8.398839883988399313e-01,2.945948860312572748e-01
8.399839983998400594e-01,2.944268824322174849e-01
8.400840084008400765e-01,2.942588588291772389e-01
8.401840184018402047e-01,2.940908152221362037e-01
8.402840284028403328e-01,2.939227516110946015e-01
8.403840384038404610e-01,2.937546679960524321e-01
8.404840484048404781e-01,2.935865643770098066e-01
8.405840584058406062e-01,2.934184407539663919e-01
8.406840684068407343e-01,2.932502971269222991e-01
8.407840784078408625e-01,2.930821334958777502e-01
8.408840884088408796e-01,2.929139498608326342e-01
8.409840984098410077e-01,2.927457462217868400e-01
8.410841084108411358e-01,2.925775225787404787e-01
8.411841184118412640e-01,2.924092789316934393e-01
8.412841284128412811e-01,2.922410152806459438e-01
8.413841384138414092e-01,2.920727316255977701e-01
8.414841484148415374e-01,2.919044279665489183e-01
8.415841584158416655e-01,2.917361043034994994e-01
8.416841684168416826e-01,2.915677606364497354e-01
8.417841784178418107e-01,2.913993969653990712e-01
8.418841884188419389e-01,2.912310132903478399e-01
8.419841984198420670e-01,2.910626096112960415e-01
8.420842084208420841e-01,2.908941859282437870e-01
8.421842184218422123e-01,2.907257422411907433e-01
8.422842284228423404e-01,2.905572785501371325e-01
8.423842384238423575e-01,2.903887948550830655e-01
8.424842484248424856e-01,2.902202911560283205e-01
8.425842584258426138e-01,2.900517674529728973e-01
8.426842684268427419e-01,2.898832237459167960e-01
8.427842784278427590e-01,2.897146600348604606e-01
8.428842884288428872e-01,2.895460763198032250e-01
8.429842984298430153e-01,2.893774726007454223e-01
8.430843084308431434e-01,2.892088488776869415e-01
8.431843184318431605e-01,2.890402051506281156e-01
8.432843284328432887e-01,2.888715414195685005e-01
8.433843384338434168e-01,2.887028576845083183e-01
8.434843484348435450e-01,2.885341539454474580e-01
8.435843584358435621e-01,2.883654302023862526e-01
8.436843684368436902e-01,2.881966864553241470e-01
8.437843784378438183e-01,2.880279227042615853e-01
8.438843884388439465e-01,2.878591389491983454e-01
8.439843984398439636e-01,2.876903351901347605e-01
8.440844084408440917e-01,2.875215114270702754e-01
8.441844184418442198e-01,2.873526676600052232e-01
8.442844284428443480e-01,2.871838038889396039e-01
8.443844384438443651e-01,2.870149201138736395e-01
8.444844484448444932e-01,2.868460163348067749e-01
8.445844584458446214e-01,2.866770925517393431e-01
8.446844684468447495e-01,2.865081487646713443e-01
8.447844784478447666e-01,2.863391849736028894e-01
8.448844884488448947e-01,2.861702011785336452e-01
8.449844984498450229e-01,2.860011973794638340e-01
8.450845084508451510e-01,2.858321735763934557e-01
8.451845184518451681e-01,2.856631297693226212e-01
8.452845284528452963e-01,2.854940659582509976e-01
8.453845384538454244e-01,2.853249821431786959e-01
8.454845484548455525e-01,2.851558783241059380e-01
8.455845584558455696e-01,2.849867545010327241e-01
8.456845684568456978e-01,2.848176106739586100e-01
8.457845784578458259e-01,2.846484468428840398e-01
8.458845884588459541e-01,2.844792630078087914e-01
8.459845984598459712e-01,2.843100591687331979e-01
8.460846084608460993e-01,2.841408353256567043e-01
8.461846184618462274e-01,2.839715914785797546e-01
8.462846284628463556e-01,2.838023276275021267e-01
8.463846384638463727e-01,2.836330437724240427e-01
8.464846484648465008e-01,2.834637399133452806e-01
8.465846584658466289e-01,2.832944160502658404e-01
8.466846684668467571e-01,2.831250721831858330e-01
8.467846784678467742e-01,2.829557083121053696e-01
8.468846884688469023e-01,2.827863244370241169e-01
8.469846984698470305e-01,2.826169205579422972e-01
8.470847084708471586e-01,2.824474966748599103e-01
8.471847184718471757e-01,2.822780527877770673e-01
8.472847284728473038e-01,2.821085888966934352e-01
8.473847384738474320e-01,2.819391050016092359e-01
8.474847484748475601e-01,2.817696011025243585e-01
8.475847584758475772e-01,2.816000771994391361e-01
8.476847684768477054e-01,2.814305332923531244e-01
8.477847784778478335e-01,2.812609693812664347e-01
8.478847884788479616e-01,2.810913854661792888e-01
8.479847984798479787e-01,2.809217815470915758e-01
8.480848084808481069e-01,2.807521576240031846e-01
8.481848184818482350e-01,2.805825136969141154e-01
8.482848284828483632e-01,2.804128497658244790e-01
8.483848384838483803e-01,2.802431658307344975e-01
8.484848484848485084e-01,2.800734618916436158e-01
8.485848584858486365e-01,2.799037379485522781e-01
8.486848684868487647e-01,2.797339940014602622e-01
8.487848784878487818e-01,2.795642300503677902e-01
8.488848884888489099e-01,2.793944460952745290e-01
8.489848984898490381e-01,2.792246421361807007e-01
8.490849084908491662e-01,2.790548181730863053e-01
8.491849184918491833e-01,2.788849742059914538e-01
8.492849284928493114e-01,2.787151102348958132e-01
8.493849384938494396e-01,2.785452262597996054e-01
8.494849484948495677e-01,2.783753222807028305e-01
8.495849584958495848e-01,2.782053982976054884e-01
8.496849684968497129e-01,2.780354543105074683e-01
8.497849784978498411e-01,2.778654903194088810e-01
8.498849884988498582e-01,2.776955063243098376e-01
8.499849984998499863e-01,2.775255023252100051e-01
8.500850085008501145e-01,2.773554783221096054e-01
8.501850185018502426e-01,2.771854343150085276e-01
8.502850285028502597e-01,2.770153703039071047e-01
8.503850385038503878e-01,2.768452862888048926e-01
8.504850485048505160e-01,2.766751822697021135e-01
8.505850585058506441e-01,2.765050582465986562e-01
8.506850685068506612e-01,2.763349142194947428e-01
8.507850785078507894e-01,2.761647501883901512e-01
8.508850885088509175e-01,2.759945661532849925e-01
8.509850985098510456e-01,2.758243621141791557e-01
8.510851085108510627e-01,2.756541380710728628e-01
8.511851185118511909e-01,2.754838940239658918e-01
8.512851285128513190e-01,2.753136299728582426e-01
8.513851385138514472e-01,2.751433459177500263e-01
8.514851485148514643e-01,2.749730418586413538e-01
8.515851585158515924e-01,2.748027177955318923e-01
8.516851685168517205e-01,2.746323737284218636e-01
8.517851785178518487e-01,2.744620096573112678e-01
8.518851885188518658e-01,2.742916255822002158e-01
8.519851985198519939e-01,2.741212215030883748e-01
8.520852085208521220e-01,2.739507974199759666e-01
8.521852185218522502e-01,2.737803533328628802e-01
8.522852285228522673e-01,2.736098892417494488e-01
8.523852385238523954e-01,2.734394051466352282e-01
8.524852485248525236e-01,2.732689010475204405e-01
8.525852585258526517e-01,2.730983769444049747e-01
8.526852685268526688e-01,2.729278328372891638e-01
8.527852785278527969e-01,2.727572687261725637e-01
8.528852885288529251e-01,2.725866846110552855e-01
8.529852985298530532e-01,2.724160804919374401e-01
8.530853085308530703e-01,2.722454563688192497e-01
8.531853185318531985e-01,2.720748122417001591e-01
8.532853285328533266e-01,2.719041481105806124e-01
8.533853385338534547e-01,2.717334639754603876e-01
8.534853485348534718e-01,2.715627598363397066e-01
8.535853585358536000e-01,2.713920356932182365e-01
8.536853685368537281e-01,2.712212915460961993e-01
8.537853785378538563e-01,2.710505273949735949e-01
8.538853885388538734e-01,2.708797432398505345e-01
8.539853985398540015e-01,2.707089390807266849e-01
8.540854085408541296e-01,2.705381149176022682e-01
8.541854185418542578e-01,2.703672707504772843e-01
8.542854285428542749e-01,2.701964065793518444e-01
8.543854385438544030e-01,2.700255224042256152e-01
8.544854485448545311e-01,2.698546182250987080e-01
8.545854585458546593e-01,2.696836940419713446e-01
8.546854685468546764e-01,2.695127498548435252e-01
8.547854785478548045e-01,2.693417856637148056e-01
8.548854885488549327e-01,2.691708014685856298e-01
8.549854985498550608e-01,2.689997972694557760e-01
8.550855085508550779e-01,2.688287730663255770e-01
8.551855185518552060e-01,2.686577288591944779e-01
8.552855285528553342e-01,2.684866646480629226e-01
8.553855385538554623e-01,2.683155804329306893e-01
8.554855485548554794e-01,2.681444762137979998e-01
8.555855585558556076e-01,2.679733519906645212e-01
8.556855685568557357e-01,2.678022077635305864e-01
8.557855785578558638e-01,2.676310435323958625e-01
8.558855885588558809e-01,2.674598592972609046e-01
8.559855985598560091e-01,2.672886550581250464e-01
8.560856085608561372e-01,2.671174308149886212e-01
8.561856185618562654e-01,2.669461865678515178e-01
8.562856285628562825e-01,2.667749223167141803e-01
8.563856385638564106e-01,2.666036380615759427e-01
8.564856485648565387e-01,2.664323338024370269e-01
8.565856585658566669e-01,2.662610095392976550e-01
8.566856685668566840e-01,2.660896652721578270e-01
8.567856785678568121e-01,2.659183010010170989e-01
8.568856885688569403e-01,2.657469167258759146e-01
8.569856985698570684e-01,2.655755124467340522e-01
8.570857085708570855e-01,2.654040881635918447e-01
8.571857185718572136e-01,2.652326438764488481e-01
8.572857285728573418e-01,2.650611795853051733e-01
8.573857385738573589e-01,2.648896952901611535e-01
8.574857485748574870e-01,2.647181909910163444e-01
8.575857585758576151e-01,2.645466666878708573e-01
8.576857685768577433e-01,2.643751223807248030e-01
8.577857785778577604e-01,2.642035580695784036e-01
8.578857885788578885e-01,2.640319737544311041e-01
8.579857985798580167e-01,2.638603694352833484e-01
8.580858085808581448e-01,2.636887451121349146e-01
8.581858185818581619e-01,2.635171007849860247e-01
8.582858285828582900e-01,2.633454364538363457e-01
8.583858385838584182e-01,2.631737521186862105e-01
8.584858485848585463e-01,2.630020477795352862e-01
8.585858585858585634e-01,2.628303234363841279e-01
8.586858685868586916e-01,2.626585790892320693e-01
8.587858785878588197e-01,2.624868147380794436e-01
8.588858885888589478e-01,2.623150303829261398e-01
8.589858985898589649e-01,2.621432260237724909e-01
8.590859085908590931e-01,2.619714016606180529e-01
8.591859185918592212e-01,2.617995572934630477e-01
8.592859285928593494e-01,2.616276929223074754e-01
8.593859385938593665e-01,2.614558085471513360e-01
8.594859485948594946e-01,2.612839041679945185e-01
8.595859585958596227e-01,2.611119797848371338e-01
8.596859685968597509e-01,2.609400353976790710e-01
8.597859785978597680e-01,2.607680710065206631e-01
8.598859885988598961e-01,2.605960866113613550e-01
8.599859985998600242e-01,2.604240822122015908e-01
8.600860086008601524e-01,2.602520578090411485e-01
8.601860186018601695e-01,2.600800134018802501e-01
8.602860286028602976e-01,2.599079489907186735e-01
8.603860386038604258e-01,2.597358645755564188e-01
8.604860486048605539e-01,2.595637601563935970e-01
8.605860586058605710e-01,2.593916357332303191e-01
8.606860686068606991e-01,2.592194913060662520e-01
8.607860786078608273e-01,2.590473268749016178e-01
8.608860886088609554e-01,2.588751424397364165e-01
8.609860986098609725e-01,2.587029380005707591e-01
8.610861086108611007e-01,2.585307135574043125e-01
8.611861186118612288e-01,2.583584691102372988e-01
8.612861286128613569e-01,2.581862046590696069e-01
8.613861386138613740e-01,2.580139202039015700e-01
8.614861486148615022e-01,2.578416157447327439e-01
8.615861586158616303e-01,2.576692912815633507e-01
8.616861686168617585e-01,2.574969468143932794e-01
8.617861786178617756e-01,2.573245823432228629e-01
8.618861886188619037e-01,2.571521978680515463e-01
8.619861986198620318e-01,2.569797933888797736e-01
8.620862086208621600e-01,2.568073689057073228e-01
8.621862186218621771e-01,2.566349244185345269e-01
8.622862286228623052e-01,2.564624599273608307e-01
8.623862386238624334e-01,2.562899754321865675e-01
8.624862486248625615e-01,2.561174709330117372e-01
8.625862586258625786e-01,2.559449464298365617e-01
8.626862686268627067e-01,2.557724019226604861e-01
8.627862786278628349e-01,2.555998374114838434e-01
8.628862886288629630e-01,2.554272528963066335e-01
8.629862986298629801e-01,2.552546483771289676e-01
8.630863086308631082e-01,2.550820238539505125e-01
8.631863186318632364e-01,2.549093793267714902e-01
8.632863286328633645e-01,2.547367147955917899e-01
8.633863386338633816e-01,2.545640302604117444e-01
8.634863486348635098e-01,2.543913257212309098e-01
8.635863586358636379e-01,2.542186011780495081e-01
8.636863686368637660e-01,2.540458566308674282e-01
8.637863786378637831e-01,2.538730920796850032e-01
8.638863886388639113e-01,2.537003075245017891e-01
8.639863986398640394e-01,2.535275029653178969e-01
8.640864086408641676e-01,2.533546784021335485e-01
8.641864186418641847e-01,2.531818338349486330e-01
8.642864286428643128e-01,2.530089692637630394e-01
8.643864386438644409e-01,2.528360846885767677e-01
8.644864486448645691e-01,2.526631801093899288e-01
8.645864586458645862e-01,2.524902555262026338e-01
8.646864686468647143e-01,2.523173109390146607e-01
8.647864786478648425e-01,2.521443463478260094e-01
8.648864886488648596e-01,2.519713617526369021e-01
8.649864986498649877e-01,2.517983571534471166e-01
8.650865086508651158e-01,2.516253325502566529e-01
8.651865186518652440e-01,2.514522879430656221e-01
8.652865286528652611e-01,2.512792233318741353e-01
8.653865386538653892e-01,2.511061387166819703e-01
8.654865486548655173e-01,2.509330340974891271e-01
8.655865586558656455e-01,2.507599094742957169e-01
8.656865686568656626e-01,2.505867648471018505e-01
8.657865786578657907e-01,2.504136002159071950e-01
8.658865886588659189e-01,2.502404155807119723e-01
8.659865986598660470e-01,2.500672109415160715e-01
8.660866086608660641e-01,2.498939862983198257e-01
8.661866186618661922e-01,2.497207416511227906e-01
8.662866286628663204e-01,2.495474769999251885e-01
8.663866386638664485e-01,2.493741923447269082e-01
8.664866486648664656e-01,2.492008876855282828e-01
8.665866586658665938e-01,2.490275630223288683e-01
8.666866686668667219e-01,2.488542183551287756e-01
8.667866786678668500e-01,2.486808536839281158e-01
8.668866886688668671e-01,2.485074690087271110e-01
8.669866986698669953e-01,2.483340643295252059e-01
8.670867086708671234e-01,2.481606396463228448e-01
8.671867186718672516e-01,2.479871949591198055e-01
8.672867286728672687e-01,2.478137302679163101e-01
8.673867386738673968e-01,2.476402455727120255e-01
8.674867486748675249e-01,2.474667408735071739e-01
8.675867586758676531e-01,2.472932161703017551e-01
8.676867686768676702e-01,2.471196714630958802e-01
8.677867786778677983e-01,2.469461067518893271e-01
8.678867886788679264e-01,2.467725220366820960e-01
8.679867986798680546e-01,2.465989173174741866e-01
8.680868086808680717e-01,2.464252925942659322e-01
8.681868186818681998e-01,2.462516478670568887e-01
8.682868286828683280e-01,2.460779831358472780e-01
8.683868386838684561e-01,2.459042984006369892e-01
8.684868486848684732e-01,2.457305936614263553e-01
8.685868586858686013e-01,2.455568689182149322e-01
8.686868686868687295e-01,2.453831241710028310e-01
8.687868786878688576e-01,2.452093594197902737e-01
8.688868886888688747e-01,2.450355746645771493e-01
8.689868986898690029e-01,2.448617699053633467e-01
8.690869086908691310e-01,2.446879451421488660e-01
8.691869186918692591e-01,2.445141003749338182e-01
8.692869286928692762e-01,2.443402356037184253e-01
8.693869386938694044e-01,2.441663508285021322e-01
8.694869486948695325e-01,2.439924460492852720e-01
8.695869586958696607e-01,2.438185212660678447e-01
8.696869686968696778e-01,2.436445764788500723e-01
8.697869786978698059e-01,2.434706116876313997e-01
8.698869886988699340e-01,2.432966268924121600e-01
8.699869986998700622e-01,2.431226220931922422e-01
8.700870087008700793e-01,2.429485972899720903e-01
8.701870187018702074e-01,2.427745524827510382e-01
8.702870287028703356e-01,2.426004876715293079e-01
8.703870387038704637e-01,2.424264028563071216e-01
8.704870487048704808e-01,2.422522980370844792e-01
8.705870587058706089e-01,2.420781732138610476e-01
8.706870687068707371e-01,2.419040283866369379e-01
8.707870787078708652e-01,2.417298635554122610e-01
8.708870887088708823e-01,2.415556787201872391e-01
8.709870987098710104e-01,2.413814738809614280e-01
8.710871087108711386e-01,2.412072490377349387e-01
8.711871187118712667e-01,2.410330041905078824e-01
8.712871287128712838e-01,2.408587393392804810e-01
8.713871387138714120e-01,2.406844544840521793e-01
8.714871487148715401e-01,2.405101496248234216e-01
8.715871587158716682e-01,2.403358247615938748e-01
8.716871687168716853e-01,2.401614798943640938e-01
8.717871787178718135e-01,2.399871150231334127e-01
8.718871887188719416e-01,2.398127301479021645e-01
8.719871987198720698e-01,2.396383252686703491e-01
8.720872087208720869e-01,2.394639003854380777e-01
8.721872187218722150e-01,2.392894554982050170e-01
8.722872287228723431e-01,2.391149906069713893e-01
8.723872387238723602e-01,2.389405057117373055e-01
8.724872487248724884e-01,2.387660008125025435e-01
8.725872587258726165e-01,2.385914759092669923e-01
8.726872687268727447e-01,2.384169310020309851e-01
8.727872787278727618e-01,2.382423660907945218e-01
8.728872887288728899e-01,2.380677811755572693e-01
8.729872987298730180e-01,2.378931762563194496e-01
8.730873087308731462e-01,2.377185513330809519e-01
8.731873187318731633e-01,2.375439064058421090e-01
8.732873287328732914e-01,2.373692414746024770e-01
8.733873387338734195e-01,2.371945565393622779e-01
8.734873487348735477e-01,2.370198516001214006e-01
8.735873587358735648e-01,2.368451266568801783e-01
8.736873687368736929e-01,2.366703817096380558e-01
8.737873787378738211e-01,2.364956167583954771e-01
8.738873887388739492e-01,2.363208318031522204e-01
8.739873987398739663e-01,2.361460268439085075e-01
8.740874087408740944e-01,2.359712018806641165e-01
8.741874187418742226e-01,2.357963569134190474e-01
8.742874287428743507e-01,2.356214919421734111e-01
8.743874387438743678e-01,2.354466069669273187e-01
8.744874487448744960e-01,2.352717019876805482e-01
8.745874587458746241e-01,2.350967770044330996e-01
8.746874687468747522e-01,2.349218320171849728e-01
8.747874787478747693e-01,2.347468670259365009e-01
8.748874887488748975e-01,2.345718820306873509e-01
8.749874987498750256e-01,2.343968770314374117e-01
8.750875087508751538e-01,2.342218520281870164e-01
8.751875187518751709e-01,2.340468070209361651e-01
8.752875287528752990e-01,2.338717420096845245e-01
8.753875387538754271e-01,2.336966569944322059e-01
8.754875487548755553e-01,2.335215519751794311e-01
8.755875587558755724e-01,2.333464269519260892e-01
8.756875687568757005e-01,2.331712819246720692e-01
8.757875787578758287e-01,2.329961168934174820e-01
8.758875887588759568e-01,2.328209318581622167e-01
8.759875987598759739e-01,2.326457268189064953e-01
8.760876087608761020e-01,2.324705017756500958e-01
8.761876187618762302e-01,2.322952567283930181e-01
8.762876287628763583e-01,2.321199916771353733e-01
8.763876387638763754e-01,2.319447066218773834e-01
8.764876487648765035e-01,2.317694015626184934e-01
8.765876587658766317e-01,2.315940764993590362e-01
8.766876687668767598e-01,2.314187314320990119e-01
8.767876787678767769e-01,2.312433663608385315e-01
8.768876887688769051e-01,2.310679812855772619e-01
8.769876987698770332e-01,2.308925762063154252e-01
8.770877087708771613e-01,2.307171511230530214e-01
8.771877187718771784e-01,2.305417060357901615e-01
8.772877287728773066e-01,2.303662409445265125e-01
8.773877387738774347e-01,2.301907558492621853e-01
8.774877487748775629e-01,2.300152507499974019e-01
8.775877587758775800e-01,2.298397256467320515e-01
8.776877687768777081e-01,2.296641805394660230e-01
8.777877787778778362e-01,2.294886154281994273e-01
8.778877887788779644e-01,2.293130303129321534e-01
8.779877987798779815e-01,2.291374251936645345e-01
8.780878087808781096e-01,2.289618000703960154e-01
8.781878187818782378e-01,2.287861549431270403e-01
8.782878287828783659e-01,2.286104898118573869e-01
8.783878387838783830e-01,2.284348046765872775e-01
8.784878487848785111e-01,2.282590995373163789e-01
8.785878587858786393e-01,2.280833743940450242e-01
8.786878687868787674e-01,2.279076292467728804e-01
8.787878787878787845e-01,2.277318640955005025e-01
8.788878887888789126e-01,2.275560789402272244e-01
8.789878987898790408e-01,2.273802737809533792e-01
8.790879087908791689e-01,2.272044486176788558e-01
8.791879187918791860e-01,2.270286034504040984e-01
8.792879287928793142e-01,2.268527382791284408e-01
8.793879387938794423e-01,2.266768531038521051e-01
8.794879487948795704e-01,2.265009479245753132e-01
8.795879587958795875e-01,2.263250227412980653e-01
8.796879687968797157e-01,2.261490775540200282e-01
8.797879787978798438e-01,2.259731123627413130e-01
8.798879887988799720e-01,2.257971271674620306e-01
8.799879987998799891e-01,2.256211219681824032e-01
8.800880088008801172e-01,2.254450967649019866e-01
8.801880188018802453e-01,2.252690515576208918e-01
8.802880288028802624e-01,2.250929863463394520e-01
8.803880388038803906e-01,2.249169011310572230e-01
8.804880488048805187e-01,2.247407959117743159e-01
8.805880588058806469e-01,2.245646706884908417e-01
8.806880688068806640e-01,2.243885254612070224e-01
8.807880788078807921e-01,2.242123602299224139e-01
8.808880888088809202e-01,2.240361749946371273e-01
8.809880988098810484e-01,2.238599697553512735e-01
8.810881088108810655e-01,2.236837445120649637e-01
8.811881188118811936e-01,2.235074992647779757e-01
8.812881288128813217e-01,2.233312340134903096e-01
8.813881388138814499e-01,2.231549487582020763e-01
8.814881488148814670e-01,2.229786434989133870e-01
8.815881588158815951e-01,2.228023182356239085e-01
8.816881688168817233e-01,2.226259729683338628e-01
8.817881788178818514e-01,2.224496076970432501e-01
8.818881888188818685e-01,2.222732224217521813e-01
8.819881988198819966e-01,2.220968171424603232e-01
8.820882088208821248e-01,2.219203918591678981e-01
8.821882188218822529e-01,2.217439465718747948e-01
8.822882288228822700e-01,2.215674812805813465e-01
8.823882388238823982e-01,2.213909959852871090e-01
8.824882488248825263e-01,2.212144906859921933e-01
8.825882588258826544e-01,2.210379653826968216e-01
8.826882688268826715e-01,2.208614200754008827e-01
8.827882788278827997e-01,2.206848547641042657e-01
8.828882888288829278e-01,2.205082694488069706e-01
8.829882988298830560e-01,2.203316641295091083e-01
8.830883088308830731e-01,2.201550388062109009e-01
8.831883188318832012e-01,2.199783934789117934e-01
8.832883288328833293e-01,2.198017281476121187e-01
8.833883388338834575e-01,2.196250428123118770e-01
8.834883488348834746e-01,2.194483374730112901e-01
8.835883588358836027e-01,2.192716121297098031e-01
8.836883688368837309e-01,2.190948667824077489e-01
8.837883788378838590e-01,2.189181014311051277e-01
8.838883888388838761e-01,2.187413160758020503e-01
8.839883988398840042e-01,2.185645107164981837e-01
8.840884088408841324e-01,2.183876853531937501e-01
8.841884188418842605e-01,2.182108399858886383e-01
8.842884288428842776e-01,2.180339746145831814e-01
8.843884388438844057e-01,2.178570892392769354e-01
8.844884488448845339e-01,2.176801838599701222e-01
8.845884588458846620e-01,2.175032584766626309e-01
8.846884688468846791e-01,2.173263130893547945e-01
8.847884788478848073e-01,2.171493476980460580e-01
8.848884888488849354e-01,2.169723623027368653e-01
8.849884988498850635e-01,2.167953569034269945e-01
8.850885088508850806e-01,2.166183315001166676e-01
8.851885188518852088e-01,2.164412860928056626e-01
8.852885288528853369e-01,2.162642206814939794e-01
8.853885388538854651e-01,2.160871352661817291e-01
8.854885488548854822e-01,2.159100298468691337e-01
8.855885588558856103e-01,2.157329044235556381e-01
8.856885688568857384e-01,2.155557589962415754e-01
8.857885788578858666e-01,2.153785935649269456e-01
8.858885888588858837e-01,2.152014081296118597e-01
8.859885988598860118e-01,2.150242026902959847e-01
8.860886088608861400e-01,2.148469772469795425e-01
8.861886188618862681e-01,2.146697317996624221e-01
8.862886288628862852e-01,2.144924663483449567e-01
8.863886388638864133e-01,2.143151808930267022e-01
8.864886488648865415e-01,2.141378754337078805e-01
8.865886588658866696e-01,2.139605499703883806e-01
8.866886688668866867e-01,2.137832045030685357e-01
8.867886788678868148e-01,2.136058390317479017e-01
8.868886888688869430e-01,2.134284535564267005e-01
8.869886988698870711e-01,2.132510480771048211e-01
8.870887088708870882e-01,2.130736225937824857e-01
8.871887188718872164e-01,2.128961771064594721e-01
8.872887288728873445e-01,2.127187116151357804e-01
8.873887388738874726e-01,2.125412261198115216e-01
8.874887488748874897e-01,2.123637206204869177e-01
8.875887588758876179e-01,2.121861951171614136e-01
8.876887688768877460e-01,2.120086496098353424e-01
8.877887788778877631e-01,2.118310840985089261e-01
8.878887888788878913e-01,2.116534985831816096e-01
8.879887988798880194e-01,2.114758930638538370e-01
8.880888088808881475e-01,2.112982675405252753e-01
8.881888188818881646e-01,2.111206220131964795e-01
8.882888288828882928e-01,2.109429564818667835e-01
8.883888388838884209e-01,2.107652709465365204e-01
8.884888488848885491e-01,2.105875654072056902e-01
8.885888588858885662e-01,2.104098398638744039e-01
8.886888688868886943e-01,2.102320943165423284e-01
8.887888788878888224e-01,2.100543287652096858e-01
8.888888888888889506e-01,2.098765432098764760e-01
8.889888988898889677e-01,2.096987376505428102e-01
8.890889088908890958e-01,2.095209120872083552e-01
8.891889188918892239e-01,2.093430665198732221e-01
8.892889288928893521e-01,2.091652009485376329e-01
8.893889388938893692e-01,2.089873153732014766e-01
8.894889488948894973e-01,2.088094097938646421e-01
8.895889588958896255e-01,2.086314842105272405e-01
8.896889688968897536e-01,2.084535386231891607e-01
8.897889788978897707e-01,2.082755730318506249e-01
8.898889888988898988e-01,2.080975874365114109e-01
8.899889988998900270e-01,2.079195818371715188e-01
8.900890089008901551e-01,2.077415562338310595e-01
8.901890189018901722e-01,2.075635106264902552e-01
8.902890289028903004e-01,2.073854450151485507e-01
8.903890389038904285e-01,2.072073593998062790e-01
8.904890489048905566e-01,2.070292537804634403e-01
8.905890589058905737e-01,2.068511281571201454e-01
8.906890689068907019e-01,2.066729825297760614e-01
8.907890789078908300e-01,2.064948168984314103e-01
8.908890889088909582e-01,2.063166312630861920e-01
8.909890989098909753e-01,2.061384256237405177e-01
8.910891089108911034e-01,2.059601999803940542e-01
8.911891189118912315e-01,2.057819543330470236e-01
8.912891289128913597e-01,2.056036886816993148e-01
8.913891389138913768e-01,2.054254030263512609e-01
8.914891489148915049e-01,2.052470973670024179e-01
8.915891589158916331e-01,2.050687717036528968e-01
8.916891689168917612e-01,2.048904260363029195e-01
8.917891789178917783e-01,2.047120603649523751e-01
8.918891889188919064e-01,2.045336746896011526e-01
8.919891989198920346e-01,2.043552690102492519e-01
8.920892089208921627e-01,2.041768433268967842e-01
8.921892189218921798e-01,2.039983976395439713e-01
8.922892289228923079e-01,2.038199319481902583e-01
8.923892389238924361e-01,2.036414462528359781e-01
8.924892489248925642e-01,2.034629405534811308e-01
8.925892589258925813e-01,2.032844148501259385e-01
8.926892689268927095e-01,2.031058691427698459e-01
8.927892789278928376e-01,2.029273034314131863e-01
8.928892889288929657e-01,2.027487177160558485e-01
8.929892989298929828e-01,2.025701119966982766e-01
8.930893089308931110e-01,2.023914862733398046e-01
8.931893189318932391e-01,2.022128405459806544e-01
8.932893289328933673e-01,2.020341748146210481e-01
8.933893389338933844e-01,2.018554890792609857e-01
8.934893489348935125e-01,2.016767833399001342e-01
8.935893589358936406e-01,2.014980575965386045e-01
8.936893689368937688e-01,2.013193118491766187e-01
8.937893789378937859e-01,2.011405460978140658e-01
8.938893889388939140e-01,2.009617603424508347e-01
8.939893989398940422e-01,2.007829545830869256e-01
8.940894089408941703e-01,2.006041288197225603e-01
8.941894189418941874e-01,2.004252830523576279e-01
8.942894289428943155e-01,2.002464172809920173e-01
8.943894389438944437e-01,2.000675315056257286e-01
8.944894489448945718e-01,1.998886257262588728e-01
8.945894589458945889e-01,1.997096999428915609e-01
8.946894689468947170e-01,1.995307541555234598e-01
8.947894789478948452e-01,1.993517883641549027e-01
8.948894889488949733e-01,1.991728025687855563e-01
8.949894989498949904e-01,1.989937967694158649e-01
8.950895089508951186e-01,1.988147709660454954e-01
8.951895189518952467e-01,1.986357251586743367e-01
8.952895289528952638e-01,1.984566593473029439e-01
8.953895389538953919e-01,1.982775735319306509e-01
8.954895489548955201e-01,1.980984677125577909e-01
8.955895589558956482e-01,1.979193418891843637e-01
8.956895689568956653e-01,1.977401960618104804e-01
8.957895789578957935e-01,1.975610302304358079e-01
8.958895889588959216e-01,1.973818443950604573e-01
8.959895989598960497e-01,1.972026385556846506e-01
8.960896089608960668e-01,1.970234127123083878e-01
8.961896189618961950e-01,1.968441668649313359e-01
8.962896289628963231e-01,1.966649010135536058e-01
8.963896389638964513e-01,1.964856151581754196e-01
8.964896489648964684e-01,1.963063092987966662e-01
8.965896589658965965e-01,1.961269834354172348e-01
8.966896689668967246e-01,1.959476375680371252e-01
8.967896789678968528e-01,1.957682716966564485e-01
8.968896889688968699e-01,1.955888858212754267e-01
8.969896989698969980e-01,1.954094799418936157e-01
8.970897089708971262e-01,1.952300540585111266e-01
8.971897189718972543e-01,1.950506081711280704e-01
8.972897289728972714e-01,1.948711422797445580e-01
8.973897389738973995e-01,1.946916563843602566e-01
8.974897489748975277e-01,1.945121504849753880e-01
8.975897589758976558e-01,1.943326245815899522e-01
8.976897689768976729e-01,1.941530786742040604e-01
8.977897789778978010e-01,1.939735127628173794e-01
8.978897889788979292e-01,1.937939268474301313e-01
8.979897989798980573e-01,1.936143209280423161e-01
8.980898089808980744e-01,1.934346950046540448e-01
8.981898189818982026e-01,1.932550490772649843e-01
8.982898289828983307e-01,1.930753831458752456e-01
8.983898389838984588e-01,1.928956972104850509e-01
8.984898489848984759e-01,1.927159912710942891e-01
8.985898589858986041e-01,1.925362653277028491e-01
8.986898689868987322e-01,1.923565193803108420e-01
8.987898789878988604e-01,1.921767534289181567e-01
8.988898889888988775e-01,1.919969674735250154e-01
8.989898989898990056e-01,1.918171615141311959e-01
8.990899089908991337e-01,1.916373355507366982e-01
8.991899189918992619e-01,1.914574895833416335e-01
8.992899289928992790e-01,1.912776236119462236e-01
8.993899389938994071e-01,1.910977376365499136e-01
8.994899489948995353e-01,1.909178316571530365e-01
8.995899589958996634e-01,1.907379056737555922e-01
8.996899689968996805e-01,1.905579596863576919e-01
8.997899789978998086e-01,1.903779936949590024e-01
8.998899889988999368e-01,1.901980076995597457e-01
8.999899989999000649e-01,1.900180017001599220e-01
9.000900090009000820e-01,1.898379756967596421e-01
9.001900190019002101e-01,1.896579296893585731e-01
9.002900290029003383e-01,1.894778636779568259e-01
9.003900390039004664e-01,1.892977776625546227e-01
9.004900490049004835e-01,1.891176716431519633e-01
9.005900590059006117e-01,1.889375456197484038e-01
9.006900690069007398e-01,1.887573995923443881e-01
9.007900790079008679e-01,1.885772335609396944e-01
9.008900890089008850e-01,1.883970475255346555e-01
9.009900990099010132e-01,1.882168414861287165e-01
9.010901090109011413e-01,1.880366154427223213e-01
9.011901190119012695e-01,1.878563693953152480e-01
9.012901290129012866e-01,1.876761033439077186e-01
9.013901390139014147e-01,1.874958172884995111e-01
9.014901490149015428e-01,1.873155112290906255e-01
9.015901590159016710e-01,1.871351851656811727e-01
9.016901690169016881e-01,1.869548390982712638e-01
9.017901790179018162e-01,1.867744730268605657e-01
9.018901890189019444e-01,1.865940869514493006e-01
9.019901990199020725e-01,1.864136808720374683e-01
9.020902090209020896e-01,1.862332547886251799e-01
9.021902190219022177e-01,1.860528087012121023e-01
9.022902290229023459e-01,1.858723426097984577e-01
9.023902390239024740e-01,1.856918565143841349e-01
9.024902490249024911e-01,1.855113504149694670e-01
9.025902590259026192e-01,1.853308243115540099e-01
9.026902690269027474e-01,1.851502782041379858e-01
9.027902790279027645e-01,1.849697120927215055e-01
9.028902890289028926e-01,1.847891259773042361e-01
9.029902990299030208e-01,1.846085198578862885e-01
9.030903090309031489e-01,1.844278937344678848e-01
9.031903190319031660e-01,1.842472476070490250e-01
9.032903290329032941e-01,1.840665814756292651e-01
9.033903390339034223e-01,1.838858953402090490e-01
9.034903490349035504e-01,1.837051892007881548e-01
9.035903590359035675e-01,1.835244630573669156e-01
9.036903690369036957e-01,1.833437169099447761e-01
9.037903790379038238e-01,1.831629507585221805e-01
9.038903890389039519e-01,1.829821646030989069e-01
9.039903990399039690e-01,1.828013584436751771e-01
9.040904090409040972e-01,1.826205322802507691e-01
9.041904190419042253e-01,1.824396861128256830e-01
9.042904290429043535e-01,1.822588199413999188e-01
9.043904390439043706e-01,1.820779337659739205e-01
9.044904490449044987e-01,1.818970275865470221e-01
9.045904590459046268e-01,1.817161014031195565e-01
9.046904690469047550e-01,1.815351552156915238e-01
9.047904790479047721e-01,1.813541890242630350e-01
9.048904890489049002e-01,1.811732028288337570e-01
9.049904990499050284e-01,1.809921966294038009e-01
9.050905090509051565e-01,1.808111704259733887e-01
9.051905190519051736e-01,1.806301242185425204e-01
9.052905290529053017e-01,1.804490580071108630e-01
9.053905390539054299e-01,1.802679717916785274e-01
9.054905490549055580e-01,1.800868655722456246e-01
9.055905590559055751e-01,1.799057393488123768e-01
9.056905690569057032e-01,1.797245931213783399e-01
9.057905790579058314e-01,1.795434268899436248e-01
9.058905890589059595e-01,1.793622406545083425e-01
9.059905990599059766e-01,1.791810344150727152e-01
9.060906090609061048e-01,1.789998081716361877e-01
9.061906190619062329e-01,1.788185619241990931e-01
9.062906290629063610e-01,1.786372956727614314e-01
9.063906390639063781e-01,1.784560094173234246e-01
9.064906490649065063e-01,1.782747031578845176e-01
9.065906590659066344e-01,1.780933768944450435e-01
9.066906690669067626e-01,1.779120306270050023e-01
9.067906790679067797e-01,1.777306643555645049e-01
9.068906890689069078e-01,1.775492780801232184e-01
9.069906990699070359e-01,1.773678718006813648e-01
9.070907090709071641e-01,1.771864455172388331e-01
9.071907190719071812e-01,1.770049992297959562e-01
9.072907290729073093e-01,1.768235329383522902e-01
9.073907390739074375e-01,1.766420466429080571e-01
9.074907490749075656e-01,1.764605403434631459e-01
9.075907590759075827e-01,1.762790140400178895e-01
9.076907690769077108e-01,1.760974677325718440e-01
9.077907790779078390e-01,1.759159014211251204e-01
9.078907890789079671e-01,1.757343151056778296e-01
9.079907990799079842e-01,1.755527087862301938e-01
9.080908090809081123e-01,1.753710824627816578e-01
9.081908190819082405e-01,1.751894361353326657e-01
9.082908290829083686e-01,1.750077698038828844e-01
9.083908390839083857e-01,1.748260834684328691e-01
9.084908490849085139e-01,1.746443771289819535e-01
9.085908590859086420e-01,1.744626507855304709e-01
9.086908690869087701e-01,1.742809044380784211e-01
9.087908790879087872e-01,1.740991380866259153e-01
9.088908890889089154e-01,1.739173517311726203e-01
9.089908990899090435e-01,1.737355453717187581e-01
9.090909090909091717e-01,1.735537190082643288e-01
9.091909190919091888e-01,1.733718726408094435e-01
9.092909290929093169e-01,1.731900062693537690e-01
9.093909390939094450e-01,1.730081198938975273e-01
9.094909490949095732e-01,1.728262135144406075e-01
9.095909590959095903e-01,1.726442871309833427e-01
9.096909690969097184e-01,1.724623407435252886e-01
9.097909790979098466e-01,1.722803743520665565e-01
9.098909890989099747e-01,1.720983879566072572e-01
9.099909990999099918e-01,1.719163815571476128e-01
9.100910091009101199e-01,1.717343551536871793e-01
9.101910191019102481e-01,1.715523087462260676e-01
9.102910291029103762e-01,1.713702423347643888e-01
9.103910391039103933e-01,1.711881559193022539e-01
9.104910491049105215e-01,1.710060494998394409e-01
9.105910591059106496e-01,1.708239230763759497e-01
9.106910691069106667e-01,1.706417766489121135e-01
9.107910791079107948e-01,1.704596102174473771e-01
9.108910891089109230e-01,1.702774237819820735e-01
9.109910991099110511e-01,1.700952173425162028e-01
9.110911091109110682e-01,1.699129908990499871e-01
9.111911191119111963e-01,1.697307444515828712e-01
9.112911291129113245e-01,1.695484780001151881e-01
9.113911391139114526e-01,1.693661915446469379e-01
9.114911491149114697e-01,1.691838850851782317e-01
9.115911591159115979e-01,1.690015586217087362e-01
9.116911691169117260e-01,1.688192121542386737e-01
9.117911791179118541e-01,1.686368456827679330e-01
9.118911891189118712e-01,1.684544592072969582e-01
9.119911991199119994e-01,1.682720527278249723e-01
9.120912091209121275e-01,1.680896262443525302e-01
9.121912191219122557e-01,1.679071797568794100e-01
9.122912291229122728e-01,1.677247132654059447e-01
9.123912391239124009e-01,1.675422267699316903e-01
9.124912491249125290e-01,1.673597202704568687e-01
9.125912591259126572e-01,1.671771937669813690e-01
9.126912691269126743e-01,1.669946472595054132e-01
9.127912791279128024e-01,1.668120807480287793e-01
9.128912891289129306e-01,1.666294942325514672e-01
9.129912991299130587e-01,1.664468877130735880e-01
9.130913091309130758e-01,1.662642611895953637e-01
9.131913191319132039e-01,1.660816146621162392e-01
9.132913291329133321e-01,1.658989481306365477e-01
9.133913391339134602e-01,1.657162615951562890e-01
9.134913491349134773e-01,1.655335550556755742e-01
9.135913591359136054e-01,1.653508285121941812e-01
9.136913691369137336e-01,1.651680819647119991e-01
9.137913791379138617e-01,1.649853154132293609e-01
9.138913891389138788e-01,1.648025288577462666e-01
9.139913991399140070e-01,1.646197222982623831e-01
9.140914091409141351e-01,1.644368957347779325e-01
9.141914191419142632e-01,1.642540491672928038e-01
9.142914291429142803e-01,1.640711825958073300e-01
9.143914391439144085e-01,1.638882960203210670e-01
9.144914491449145366e-01,1.637053894408342369e-01
9.145914591459146648e-01,1.635224628573467287e-01
9.146914691469146819e-01,1.633395162698588754e-01
9.147914791479148100e-01,1.631565496783701219e-01
9.148914891489149381e-01,1.629735630828809123e-01
9.149914991499150663e-01,1.627905564833910246e-01
9.150915091509150834e-01,1.626075298799006807e-01
9.151915191519152115e-01,1.624244832724096588e-01
9.152915291529153397e-01,1.622414166609179587e-01
9.153915391539154678e-01,1.620583300454256914e-01
9.154915491549154849e-01,1.618752234259329681e-01
9.155915591559156130e-01,1.616920968024394556e-01
9.156915691569157412e-01,1.615089501749453760e-01
9.157915791579158693e-01,1.613257835434507292e-01
9.158915891589158864e-01,1.611425969079556264e-01
9.159915991599160145e-01,1.609593902684597344e-01
9.160916091609161427e-01,1.607761636249632753e-01
9.161916191619162708e-01,1.605929169774661380e-01
9.162916291629162879e-01,1.604096503259686557e-01
9.163916391639164161e-01,1.602263636704703842e-01
9.164916491649165442e-01,1.600430570109715456e-01
9.165916591659166723e-01,1.598597303474720288e-01
9.166916691669166894e-01,1.596763836799721670e-01
9.167916791679168176e-01,1.594930170084715160e-01
9.168916891689169457e-01,1.593096303329701868e-01
9.169916991699170739e-01,1.591262236534682906e-01
9.170917091709170910e-01,1.589427969699660492e-01
9.171917191719172191e-01,1.587593502824629077e-01
9.172917291729173472e-01,1.585758835909591991e-01
9.173917391739174754e-01,1.583923968954549233e-01
9.174917491749174925e-01,1.582088901959503024e-01
9.175917591759176206e-01,1.580253634924447814e-01
9.176917691769177488e-01,1.578418167849386933e-01
9.177917791779178769e-01,1.576582500734320380e-01
9.178917891789178940e-01,1.574746633579249266e-01
9.179917991799180221e-01,1.572910566384170261e-01
9.180918091809181503e-01,1.571074299149085585e-01
9.181918191819181674e-01,1.569237831873997457e-01
9.182918291829182955e-01,1.567401164558900328e-01
9.183918391839184237e-01,1.565564297203797528e-01
9.184918491849185518e-01,1.563727229808687946e-01
9.185918591859185689e-01,1.561889962373576024e-01
9.186918691869186970e-01,1.560052494898455100e-01
9.187918791879188252e-01,1.558214827383327394e-01
9.188918891889189533e-01,1.556376959828195128e-01
9.189918991899189704e-01,1.554538892233058300e-01
9.190919091909190985e-01,1.552700624597913581e-01
9.191919191919192267e-01,1.550862156922762081e-01
9.192919291929193548e-01,1.549023489207606019e-01
9.193919391939193719e-01,1.547184621452444286e-01
9.194919491949195001e-01,1.545345553657275772e-01
9.195919591959196282e-01,1.543506285822100477e-01
9.196919691969197563e-01,1.541666817946919510e-01
9.197919791979197734e-01,1.539827150031735092e-01
9.198919891989199016e-01,1.537987282076542783e-01
9.199919991999200297e-01,1.536147214081343693e-01
9.200920092009201579e-01,1.534306946046138931e-01
9.201920192019201750e-01,1.532466477970929608e-01
9.202920292029203031e-01,1.530625809855712394e-01
9.203920392039204312e-01,1.528784941700489508e-01
9.204920492049205594e-01,1.526943873505260951e-01
9.205920592059205765e-01,1.525102605270027833e-01
9.206920692069207046e-01,1.523261136994786824e-01
9.207920792079208328e-01,1.521419468679540143e-01
9.208920892089209609e-01,1.519577600324287792e-01
9.209920992099209780e-01,1.517735531929030879e-01
9.210921092109211061e-01,1.515893263493766074e-01
9.211921192119212343e-01,1.514050795018494489e-01
9.212921292129213624e-01,1.512208126503218342e-01
9.213921392139213795e-01,1.510365257947937634e-01
9.214921492149215076e-01,1.508522189352647924e-01
9.215921592159216358e-01,1.506678920717353654e-01
9.216921692169217639e-01,1.504835452042052601e-01
9.217921792179217810e-01,1.502991783326748099e-01
9.218921892189219092e-01,1.501147914571434594e-01
9.219921992199220373e-01,1.499303845776115418e-01
9.220922092209221654e-01,1.497459576940790571e-01
9.221922192219221825e-01,1.495615108065462273e-01
9.222922292229223107e-01,1.493770439150124973e-01
9.223922392239224388e-01,1.491925570194782003e-01
9.224922492249225670e-01,1.490080501199433360e-01
9.225922592259225841e-01,1.488235232164080157e-01
9.226922692269227122e-01,1.486389763088720173e-01
9.227922792279228403e-01,1.484544093973352297e-01
9.228922892289229685e-01,1.482698224817979860e-01
9.229922992299229856e-01,1.480852155622602861e-01
9.230923092309231137e-01,1.479005886387217972e-01
9.231923192319232419e-01,1.477159417111827411e-01
9.232923292329233700e-01,1.475312747796430068e-01
9.233923392339233871e-01,1.473465878441029275e-01
9.234923492349235152e-01,1.471618809045620591e-01
9.235923592359236434e-01,1.469771539610206235e-01
9.236923692369237715e-01,1.467924070134785097e-01
9.237923792379237886e-01,1.466076400619359399e-01
9.238923892389239167e-01,1.464228531063926919e-01
9.239923992399240449e-01,1.462380461468487658e-01
9.240924092409241730e-01,1.460532191833042726e-01
9.241924192419241901e-01,1.458683722157594342e-01
9.242924292429243183e-01,1.456835052442136957e-01
9.243924392439244464e-01,1.454986182686675011e-01
9.244924492449245745e-01,1.453137112891205174e-01
9.245924592459245916e-01,1.451287843055732996e-01
9.246924692469247198e-01,1.449438373180251816e-01
9.247924792479248479e-01,1.447588703264764964e-01
9.248924892489249761e-01,1.445738833309272442e-01
9.249924992499249932e-01,1.443888763313775359e-01
9.250925092509251213e-01,1.442038493278270384e-01
9.251925192519252494e-01,1.440188023202759737e-01
9.252925292529253776e-01,1.438337353087242310e-01
9.253925392539253947e-01,1.436486482931721431e-01
9.254925492549255228e-01,1.434635412736192661e-01
9.255925592559256510e-01,1.432784142500657110e-01
9.256925692569256681e-01,1.430932672225119218e-01
9.257925792579257962e-01,1.429081001909572324e-01
9.258925892589259243e-01,1.427229131554018648e-01
9.259925992599260525e-01,1.425377061158460412e-01
9.260926092609260696e-01,1.423524790722897615e-01
9.261926192619261977e-01,1.421672320247325816e-01
9.262926292629263259e-01,1.419819649731749456e-01
9.263926392639264540e-01,1.417966779176166314e-01
9.264926492649264711e-01,1.416113708580579722e-01
9.265926592659265992e-01,1.414260437944984128e-01
9.266926692669267274e-01,1.412406967269383973e-01
9.267926792679268555e-01,1.410553296553777036e-01
9.268926892689268726e-01,1.408699425798165539e-01
9.269926992699270007e-01,1.406845355002547260e-01
9.270927092709271289e-01,1.404991084166922199e-01
9.271927192719272570e-01,1.403136613291291468e-01
9.272927292729272741e-01,1.401281942375656175e-01
9.273927392739274023e-01,1.399427071420012991e-01
9.274927492749275304e-01,1.397572000424364136e-01
9.275927592759276585e-01,1.395716729388709609e-01
9.276927692769276756e-01,1.393861258313050522e-01
9.277927792779278038e-01,1.392005587197383543e-01
9.278927892789279319e-01,1.390149716041710892e-01
9.279927992799280601e-01,1.388293644846031460e-01
9.280928092809280772e-01,1.386437373610348578e-01
9.281928192819282053e-01,1.384580902334657804e-01
9.282928292829283334e-01,1.382724231018960248e-01
9.283928392839284616e-01,1.380867359663258132e-01
9.284928492849284787e-01,1.379010288267550344e-01
9.285928592859286068e-01,1.377153016831835775e-01
9.286928692869287350e-01,1.375295545356115534e-01
9.287928792879288631e-01,1.373437873840388512e-01
9.288928892889288802e-01,1.371580002284656929e-01
9.289928992899290083e-01,1.369721930688918565e-01
9.290929092909291365e-01,1.367863659053173420e-01
9.291929192919292646e-01,1.366005187377422603e-01
9.292929292929292817e-01,1.364146515661667225e-01
9.293929392939294098e-01,1.362287643905903955e-01
9.294929492949295380e-01,1.360428572110135015e-01
9.295929592959296661e-01,1.358569300274360403e-01
9.296929692969296832e-01,1.356709828398581230e-01
9.297929792979298114e-01,1.354850156482794166e-01
9.298929892989299395e-01,1.352990284527001430e-01
9.299929992999300676e-01,1.351130212531203023e-01
9.300930093009300847e-01,1.349269940495400055e-01
9.301930193019302129e-01,1.347409468419589196e-01
9.302930293029303410e-01,1.345548796303771555e-01
9.303930393039304692e-01,1.343687924147949353e-01
9.304930493049304863e-01,1.341826851952121480e-01
9.305930593059306144e-01,1.339965579716286825e-01
9.306930693069307425e-01,1.338104107440446500e-01
9.307930793079308707e-01,1.336242435124599393e-01
9.308930893089308878e-01,1.334380562768747724e-01
9.309930993099310159e-01,1.332518490372889275e-01
9.310931093109311441e-01,1.330656217937024044e-01
9.311931193119312722e-01,1.328793745461153142e-01
9.312931293129312893e-01,1.326931072945278789e-01
9.313931393139314174e-01,1.325068200389395434e-01
9.314931493149315456e-01,1.323205127793506408e-01
9.315931593159316737e-01,1.321341855157611711e-01
9.316931693169316908e-01,1.319478382481712453e-01
9.317931793179318190e-01,1.317614709765805303e-01
9.318931893189319471e-01,1.315750837009892482e-01
9.319931993199320752e-01,1.313886764213973990e-01
9.320932093209320923e-01,1.312022491378050937e-01
9.321932193219322205e-01,1.310158018502119992e-01
9.322932293229323486e-01,1.308293345586182266e-01
9.323932393239324767e-01,1.306428472630239979e-01
9.324932493249324938e-01,1.304563399634293130e-01
9.325932593259326220e-01,1.302698126598338391e-01
9.326932693269327501e-01,1.300832653522376869e-01
9.327932793279328783e-01,1.298966980406409677e-01
9.328932893289328954e-01,1.297101107250439034e-01
9.329932993299330235e-01,1.295235034054460499e-01
9.330933093309331516e-01,1.293368760818475183e-01
9.331933193319331687e-01,1.291502287542486416e-01
9.332933293329332969e-01,1.289635614226488647e-01
9.333933393339334250e-01,1.287768740870486317e-01
9.334933493349335532e-01,1.285901667474477206e-01
9.335933593359335703e-01,1.284034394038464644e-01
9.336933693369336984e-01,1.282166920562443080e-01
9.337933793379338265e-01,1.280299247046415845e-01
9.338933893389339547e-01,1.278431373490382938e-01
9.339933993399339718e-01,1.276563299894346581e-01
9.340934093409340999e-01,1.274695026258301223e-01
9.341934193419342281e-01,1.272826552582250192e-01
9.342934293429343562e-01,1.270957878866193491e-01
9.343934393439343733e-01,1.269089005110132229e-01
9.344934493449345014e-01,1.267219931314063075e-01
9.345934593459346296e-01,1.265350657477988250e-01
9.346934693469347577e-01,1.263481183601907754e-01
9.347934793479347748e-01,1.261611509685822696e-01
9.348934893489349029e-01,1.259741635729729747e-01
9.349934993499350311e-01,1.257871561733630017e-01
9.350935093509351592e-01,1.256001287697525726e-01
9.351935193519351763e-01,1.254130813621416873e-01
9.352935293529353045e-01,1.252260139505299019e-01
9.353935393539354326e-01,1.250389265349176604e-01
9.354935493549355607e-01,1.248518191153047407e-01
9.355935593559355778e-01,1.246646916916914760e-01
9.356935693569357060e-01,1.244775442640773111e-01
9.357935793579358341e-01,1.242903768324626901e-01
9.358935893589359623e-01,1.241031893968473909e-01
9.359935993599359794e-01,1.239159819572316357e-01
9.360936093609361075e-01,1.237287545136152023e-01
9.361936193619362356e-01,1.235415070659980907e-01
9.362936293629363638e-01,1.233542396143803010e-01
9.363936393639363809e-01,1.231669521587622773e-01
9.364936493649365090e-01,1.229796446991433534e-01
9.365936593659366372e-01,1.227923172355238624e-01
9.366936693669367653e-01,1.226049697679038042e-01
9.367936793679367824e-01,1.224176022962832899e-01
9.368936893689369105e-01,1.222302148206619865e-01
9.369936993699370387e-01,1.220428073410400049e-01
9.370937093709371668e-01,1.218553798574175673e-01
9.371937193719371839e-01,1.216679323697946735e-01
9.372937293729373120e-01,1.214804648781709906e-01
9.373937393739374402e-01,1.212929773825466295e-01
9.374937493749375683e-01,1.211054698829217013e-01
9.375937593759375854e-01,1.209179423792964281e-01
9.376937693769377136e-01,1.207303948716703657e-01
9.377937793779378417e-01,1.205428273600436251e-01
9.378937893789379698e-01,1.203552398444163174e-01
9.379937993799379869e-01,1.201676323247886646e-01
9.380938093809381151e-01,1.199800048011601117e-01
9.381938193819382432e-01,1.197923572735309916e-01
9.382938293829383714e-01,1.196046897419013044e-01
9.383938393839383885e-01,1.194170022062712722e-01
9.384938493849385166e-01,1.192292946666403397e-01
9.385938593859386447e-01,1.190415671230088401e-01
9.386938693869387729e-01,1.188538195753767734e-01
9.387938793879387900e-01,1.186660520237442507e-01
9.388938893889389181e-01,1.184782644681109387e-01
9.389938993899390463e-01,1.182904569084770596e-01
9.390939093909391744e-01,1.181026293448425024e-01
9.391939193919391915e-01,1.179147817772076001e-01
9.392939293929393196e-01,1.177269142055719087e-01
9.393939393939394478e-01,1.175390266299356501e-01
9.394939493949395759e-01,1.173511190502987134e-01
9.395939593959395930e-01,1.171631914666614316e-01
9.396939693969397212e-01,1.169752438790233606e-01
9.397939793979398493e-01,1.167872762873846115e-01
9.398939893989399774e-01,1.165992886917452953e-01
9.399939993999399945e-01,1.164112810921056340e-01
9.400940094009401227e-01,1.162232534884650725e-01
9.401940194019402508e-01,1.160352058808239439e-01
9.402940294029403789e-01,1.158471382691822482e-01
9.403940394039403960e-01,1.156590506535402074e-01
9.404940494049405242e-01,1.154709430338972664e-01
9.405940594059406523e-01,1.152828154102537583e-01
9.406940694069406694e-01,1.150946677826099052e-01
9.407940794079407976e-01,1.149065001509651518e-01
9.408940894089409257e-01,1.147183125153198313e-01
9.409940994099410538e-01,1.145301048756739437e-01
9.410941094109410709e-01,1.143418772320277110e-01
9.411941194119411991e-01,1.141536295843805782e-01
9.412941294129413272e-01,1.139653619327328782e-01
9.413941394139414554e-01,1.137770742770846111e-01
9.414941494149414725e-01,1.135887666174358879e-01
9.415941594159416006e-01,1.134004389537863755e-01
9.416941694169417287e-01,1.132120912861362960e-01
9.417941794179418569e-01,1.130237236144855384e-01
9.418941894189418740e-01,1.128353359388344357e-01
9.419941994199420021e-01,1.126469282591825438e-01
9.420942094209421303e-01,1.124585005755300848e-01
9.421942194219422584e-01,1.122700528878769477e-01
9.422942294229422755e-01,1.120815851962234655e-01
9.423942394239424036e-01,1.118930975005690831e-01
9.424942494249425318e-01,1.117045898009142446e-01
9.425942594259426599e-01,1.115160620972587280e-01
9.426942694269426770e-01,1.113275143896027553e-01
9.427942794279428051e-01,1.111389466779461044e-01
9.428942894289429333e-01,1.109503589622887754e-01
9.429942994299430614e-01,1.107617512426308792e-01
9.430943094309430785e-01,1.105731235189726380e-01
9.431943194319432067e-01,1.103844757913134966e-01
9.432943294329433348e-01,1.101958080596537881e-01
9.433943394339434629e-01,1.100071203239935125e-01
9.434943494349434800e-01,1.098184125843327807e-01
9.435943594359436082e-01,1.096296848406712598e-01
9.436943694369437363e-01,1.094409370930091718e-01
9.437943794379438645e-01,1.092521693413464057e-01
9.438943894389438816e-01,1.090633815856832944e-01
9.439943994399440097e-01,1.088745738260193940e-01
9.440944094409441378e-01,1.086857460623549265e-01
9.441944194419442660e-01,1.084968982946897809e-01
9.442944294429442831e-01,1.083080305230242901e-01
9.443944394439444112e-01,1.081191427473580102e-01
9.444944494449445394e-01,1.079302349676910522e-01
9.445944594459446675e-01,1.077413071840236380e-01
9.446944694469446846e-01,1.075523593963556568e-01
9.447944794479448127e-01,1.073633916046869974e-01
9.448944894489449409e-01,1.071744038090176598e-01
9.449944994499450690e-01,1.069853960093477552e-01
9.450945094509450861e-01,1.067963682056775054e-01
9.451945194519452143e-01,1.066073203980063555e-01
9.452945294529453424e-01,1.064182525863346385e-01
9.453945394539454705e-01,1.062291647706623543e-01
9.454945494549454876e-01,1.060400569509896140e-01
9.455945594559456158e-01,1.058509291273160846e-01
9.456945694569457439e-01,1.056617812996419881e-01
9.457945794579458720e-01,1.054726134679673244e-01
9.458945894589458891e-01,1.052834256322922046e-01
9.459945994599460173e-01,1.050942177926162957e-01
9.460946094609461454e-01,1.049049899489398197e-01
9.461946194619462736e-01,1.047157421012626655e-01
9.462946294629462907e-01,1.045264742495851662e-01
9.463946394639464188e-01,1.043371863939068778e-01
9.464946494649465469e-01,1.041478785342279112e-01
9.465946594659466751e-01,1.039585506705484885e-01
9.466946694669466922e-01,1.037692028028684987e-01
9.467946794679468203e-01,1.035798349311878308e-01
9.468946894689469485e-01,1.033904470555064847e-01
9.469946994699470766e-01,1.032010391758245715e-01
9.470947094709470937e-01,1.030116112921423133e-01
9.471947194719472218e-01,1.028221634044591548e-01
9.472947294729473500e-01,1.026326955127755403e-01
9.473947394739474781e-01,1.024432076170911365e-01
9.474947494749474952e-01,1.022536997174064988e-01
9.475947594759476234e-01,1.020641718137209608e-01
9.476947694769477515e-01,1.018746239060348557e-01
9.477947794779478796e-01,1.016850559943481835e-01
9.478947894789478967e-01,1.014954680786610552e-01
9.479947994799480249e-01,1.013058601589731378e-01
9.480948094809481530e-01,1.011162322352846532e-01
9.481948194819482811e-01,1.009265843075954905e-01
9.482948294829482982e-01,1.007369163759059827e-01
9.483948394839484264e-01,1.005472284402156857e-01
9.484948494849485545e-01,1.003575205005248216e-01
9.485948594859485716e-01,1.001677925568335015e-01
9.486948694869486998e-01,9.997804460914139213e-02
9.487948794879488279e-01,9.978827665744871567e-02
9.488948894889489560e-01,9.959848870175536106e-02
9.489948994899489731e-01,9.940868074206166138e-02
9.490949094909491013e-01,9.921885277836717254e-02
9.491949194919492294e-01,9.902900481067200555e-02
9.492949294929493576e-01,9.883913683897627145e-02
9.493949394939493747e-01,9.864924886328019227e-02
9.494949494949495028e-01,9.845934088358332392e-02
9.495949594959496309e-01,9.826941289988577743e-02
9.496949694969497591e-01,9.807946491218766383e-02
9.497949794979497762e-01,9.788949692048920515e-02
9.498949894989499043e-01,9.769950892478984628e-02
9.499949994999500325e-01,9.750950092508992029e-02
9.500950095009501606e-01,9.731947292138942718e-02
9.501950195019501777e-01,9.712942491368847797e-02
9.502950295029503058e-01,9.693935690198685062e-02
9.503950395039504340e-01,9.674926888628454513e-02
9.504950495049505621e-01,9.655916086658156150e-02
9.505950595059505792e-01,9.636903284287823279e-02
9.506950695069507073e-01,9.617888481517411492e-02
9.507950795079508355e-01,9.598871678346942993e-02
9.508950895089509636e-01,9.579852874776417782e-02
9.509950995099509807e-01,9.560832070805846961e-02
9.510951095109511089e-01,9.541809266435197223e-02
9.511951195119512370e-01,9.522784461664479672e-02
9.512951295129513651e-01,9.503757656493705408e-02
9.513951395139513822e-01,9.484728850922896637e-02
9.514951495149515104e-01,9.465698044952008949e-02
9.515951595159516385e-01,9.446665238581053448e-02
9.516951695169517667e-01,9.427630431810041234e-02
9.517951795179517838e-01,9.408593624638994513e-02
9.518951895189519119e-01,9.389554817067857773e-02
9.519951995199520400e-01,9.370514009096675423e-02
9.520952095209521682e-01,9.351471200725414157e-02
9.521952195219521853e-01,9.332426391954129485e-02
9.522952295229523134e-01,9.313379582782754795e-02
9.523952395239524416e-01,9.294330773211323393e-02
9.524952495249525697e-01,9.275279963239835279e-02
9.525952595259525868e-01,9.256227152868301555e-02
9.526952695269527149e-01,9.237172342096688915e-02
9.527952795279528431e-01,9.218115530925019563e-02
9.528952895289529712e-01,9.199056719353293499e-02
9.529952995299529883e-01,9.179995907381521825e-02
9.530953095309531165e-01,9.160933095009671234e-02
9.531953195319532446e-01,9.141868282237752830e-02
9.532953295329533727e-01,9.122801469065788815e-02
9.533953395339533898e-01,9.103732655493768089e-02
9.534953495349535180e-01,9.084661841521679548e-02
9.535953595359536461e-01,9.065589027149534296e-02
9.536953695369537742e-01,9.046514212377321229e-02
9.537953795379537913e-01,9.027437397205062553e-02
9.538953895389539195e-01,9.008358581632736062e-02
9.539953995399540476e-01,8.989277765660341757e-02
9.540954095409541758e-01,8.970194949287890740e-02
9.541954195419541929e-01,8.951110132515405216e-02
9.542954295429543210e-01,8.932023315342829672e-02
9.543954395439544491e-01,8.912934497770197417e-02
9.544954495449545773e-01,8.893843679797508450e-02
9.545954595459545944e-01,8.874750861424773873e-02
9.546954695469547225e-01,8.855656042651960380e-02
9.547954795479548507e-01,8.836559223479090175e-02
9.548954895489549788e-01,8.817460403906163258e-02
9.549954995499549959e-01,8.798359583933190731e-02
9.550955095509551240e-01,8.779256763560139287e-02
9.551955195519552522e-01,8.760151942787031132e-02
9.552955295529553803e-01,8.741045121613855162e-02
9.553955395539553974e-01,8.721936300040644685e-02
9.554955495549555256e-01,8.702825478067355292e-02
9.555955595559556537e-01,8.683712655693998084e-02
9.556955695569557818e-01,8.664597832920584164e-02
9.557955795579557989e-01,8.645481009747135737e-02
9.558955895589559271e-01,8.626362186173608393e-02
9.559955995599560552e-01,8.607241362200013235e-02
9.560956095609560723e-01,8.588118537826383569e-02
9.561956195619562004e-01,8.568993713052674988e-02
9.562956295629563286e-01,8.549866887878898591e-02
9.563956395639564567e-01,8.530738062305065483e-02
9.564956495649564738e-01,8.511607236331197868e-02
9.565956595659566020e-01,8.492474409957251336e-02
9.566956695669567301e-01,8.473339583183236989e-02
9.567956795679568582e-01,8.454202756009165931e-02
9.568956895689568753e-01,8.435063928435049263e-02
9.569956995699570035e-01,8.415923100460864781e-02
9.570957095709571316e-01,8.396780272086612484e-02
9.571957195719572598e-01,8.377635443312292374e-02
9.572957295729572769e-01,8.358488614137948858e-02
9.573957395739574050e-01,8.339339784563515323e-02
9.574957495749575331e-01,8.320188954589025077e-02
9.575957595759576613e-01,8.301036124214467016e-02
9.576957695769576784e-01,8.281881293439874447e-02
9.577957795779578065e-01,8.262724462265202963e-02
9.578957895789579347e-01,8.243565630690474766e-02
9.579957995799580628e-01,8.224404798715678755e-02
9.580958095809580799e-01,8.205241966340848236e-02
9.581958195819582080e-01,8.186077133565938801e-02
9.582958295829583362e-01,8.166910300390972655e-02
9.583958395839584643e-01,8.147741466815938693e-02
9.584958495849584814e-01,8.128570632840859123e-02
9.585958595859586096e-01,8.109397798465711737e-02
9.586958695869587377e-01,8.090222963690496538e-02
9.587958795879588658e-01,8.071046128515224627e-02
9.588958895889588829e-01,8.051867292939918208e-02
9.589958995899590111e-01,8.032686456964521771e-02
9.590959095909591392e-01,8.013503620589068621e-02
9.591959195919592673e-01,7.994318783813558760e-02
9.592959295929592844e-01,7.975131946638014391e-02
9.593959395939594126e-01,7.955943109062380003e-02
9.594959495949595407e-01,7.936752271086688904e-02
9.595959595959596689e-01,7.917559432710929990e-02
9.596959695969596860e-01,7.898364593935147671e-02
9.597959795979598141e-01,7.879167754759275333e-02
9.598959895989599422e-01,7.859968915183335181e-02
9.599959995999600704e-01,7.840768075207349419e-02
9.600960096009600875e-01,7.821565234831318048e-02
9.601960196019602156e-01,7.802360394055207760e-02
9.602960296029603438e-01,7.783153552879029657e-02
9.603960396039604719e-01,7.763944711302794843e-02
9.604960496049604890e-01,7.744733869326525522e-02
9.605960596059606171e-01,7.725521026950177284e-02
9.606960696069607453e-01,7.706306184173761231e-02
9.607960796079608734e-01,7.687089340997288467e-02
9.608960896089608905e-01,7.667870497420781195e-02
9.609960996099610187e-01,7.648649653444183905e-02
9.610961096109611468e-01,7.629426809067541004e-02
9.611961196119612749e-01,7.610201964290819188e-02
9.612961296129612920e-01,7.590975119114073966e-02
9.613961396139614202e-01,7.571746273537238725e-02
9.614961496149615483e-01,7.552515427560346772e-02
9.615961596159616764e-01,7.533282581183398108e-02
9.616961696169616935e-01,7.514047734406403833e-02
9.617961796179618217e-01,7.494810887229330643e-02
9.618961896189619498e-01,7.475572039652200740e-02
9.619961996199620780e-01,7.456331191675003023e-02
9.620962096209620951e-01,7.437088343297770798e-02
9.621962196219622232e-01,7.417843494520459657e-02
9.622962296229623513e-01,7.398596645343091804e-02
9.623962396239624795e-01,7.379347795765656137e-02
9.624962496249624966e-01,7.360096945788185963e-02
9.625962596259626247e-01,7.340844095410636871e-02
9.626962696269627529e-01,7.321589244633019966e-02
9.627962796279628810e-01,7.302332393455346349e-02
9.628962896289628981e-01,7.283073541877638224e-02
9.629962996299630262e-01,7.263812689899851183e-02
9.630963096309631544e-01,7.244549837521996327e-02
9.631963196319632825e-01,7.225284984744084760e-02
9.632963296329632996e-01,7.206018131566127582e-02
9.633963396339634278e-01,7.186749277988102591e-02
9.634963496349635559e-01,7.167478424010009785e-02
9.635963596359635730e-01,7.148205569631871370e-02
9.636963696369637011e-01,7.128930714853665140e-02
9.637963796379638293e-01,7.109653859675391097e-02
9.638963896389639574e-01,7.090375004097060341e-02
9.639963996399639745e-01,7.071094148118683975e-02
9.640964096409641026e-01,7.051811291740228693e-02
9.641964196419642308e-01,7.032526434961716699e-02
9.642964296429643589e-01,7.013239577783147993e-02
9.643964396439643760e-01,6.993950720204533678e-02
9.644964496449645042e-01,6.974659862225840445e-02
9.645964596459646323e-01,6.955367003847090501e-02
9.646964696469647604e-01,6.936072145068283845e-02
9.647964796479647775e-01,6.916775285889431579e-02
9.648964896489649057e-01,6.897476426310500397e-02
9.649964996499650338e-01,6.878175566331501400e-02
9.650965096509651620e-01,6.858872705952445692e-02
9.651965196519651791e-01,6.839567845173355476e-02
9.652965296529653072e-01,6.820260983994186343e-02
9.653965396539654353e-01,6.800952122414949397e-02
9.654965496549655635e-01,6.781641260435666840e-02
9.655965596559655806e-01,6.762328398056327572e-02
9.656965696569657087e-01,6.743013535276920489e-02
9.657965796579658369e-01,6.723696672097445592e-02
9.658965896589659650e-01,6.704377808517913984e-02
9.659965996599659821e-01,6.685056944538336765e-02
9.660966096609661102e-01,6.665734080158691732e-02
9.661966196619662384e-01,6.646409215378978885e-02
9.662966296629663665e-01,6.627082350199198224e-02
9.663966396639663836e-01,6.607753484619394158e-02
9.664966496649665118e-01,6.588422618639500072e-02
9.665966596659666399e-01,6.569089752259549275e-02
9.666966696669667680e-01,6.549754885479530664e-02
9.667966796679667851e-01,6.530418018299477545e-02
9.668966896689669133e-01,6.511079150719345510e-02
9.669966996699670414e-01,6.491738282739156762e-02
9.670967096709671695e-01,6.472395414358900201e-02
9.671967196719671866e-01,6.453050545578609132e-02
9.672967296729673148e-01,6.433703676398239146e-02
9.673967396739674429e-01,6.414354806817801347e-02
9.674967496749675711e-01,6.395003936837317937e-02
9.675967596759675882e-01,6.375651066456777816e-02
9.676967696769677163e-01,6.356296195676169880e-02
9.677967796779678444e-01,6.336939324495494130e-02
9.678967896789679726e-01,6.317580452914761668e-02
9.679967996799679897e-01,6.298219580933994699e-02
9.680968096809681178e-01,6.278856708553137711e-02
9.681968196819682460e-01,6.259491835772224011e-02
9.682968296829683741e-01,6.240124962591253599e-02
9.683968396839683912e-01,6.220756089010237577e-02
9.684968496849685193e-01,6.201385215029153741e-02
9.685968596859686475e-01,6.182012340647990989e-02
9.686968696869687756e-01,6.162637465866782627e-02
9.687968796879687927e-01,6.143260590685528655e-02
9.688968896889689209e-01,6.123881715104195766e-02
9.689968996899690490e-01,6.104500839122806166e-02
9.690969096909691771e-01,6.085117962741348752e-02
9.691969196919691942e-01,6.065733085959856830e-02
9.692969296929693224e-01,6.046346208778285991e-02
9.693969396939694505e-01,6.026957331196658441e-02
9.694969496949695786e-01,6.007566453214963076e-02
9.695969596959695957e-01,5.988173574833233204e-02
9.696969696969697239e-01,5.968778696051413313e-02
9.697969796979698520e-01,5.949381816869547812e-02
9.698969896989699802e-01,5.929982937287614497e-02
9.699969996999699973e-01,5.910582057305635573e-02
9.700970097009701254e-01,5.891179176923588834e-02
9.701970197019702535e-01,5.871774296141474281e-02
9.702970297029703817e-01,5.852367414959303016e-02
9.703970397039703988e-01,5.832958533377086141e-02
9.704970497049705269e-01,5.813547651394801452e-02
9.705970597059706551e-01,5.794134769012448949e-02
9.706970697069707832e-01,5.774719886230028632e-02
9.707970797079708003e-01,5.755303003047573807e-02
9.708970897089709284e-01,5.735884119465051167e-02
9.709970997099710566e-01,5.716463235482449612e-02
9.710971097109710737e-01,5.697040351099824651e-02
9.711971197119712018e-01,5.677615466317109671e-02
9.712971297129713300e-01,5.658188581134337980e-02
9.713971397139714581e-01,5.638759695551498474e-02
9.714971497149714752e-01,5.619328809568624461e-02
9.715971597159716033e-01,5.599895923185671531e-02
9.716971697169717315e-01,5.580461036402661890e-02
9.717971797179718596e-01,5.561024149219595536e-02
9.718971897189718767e-01,5.541585261636483573e-02
9.719971997199720048e-01,5.522144373653281590e-02
9.720972097209721330e-01,5.502701485270033999e-02
9.721972197219722611e-01,5.483256596486718593e-02
9.722972297229722782e-01,5.463809707303368679e-02
9.723972397239724064e-01,5.444360817719928747e-02
9.724972497249725345e-01,5.424909927736443205e-02
9.725972597259726626e-01,5.405457037352889849e-02
9.726972697269726797e-01,5.386002146569290883e-02
9.727972797279728079e-01,5.366545255385624102e-02
9.728972897289729360e-01,5.347086363801889508e-02
9.729972997299730642e-01,5.327625471818098202e-02
9.730973097309730813e-01,5.308162579434261286e-02
9.731973197319732094e-01,5.288697686650345453e-02
9.732973297329733375e-01,5.269230793466372909e-02
9.733973397339734657e-01,5.249761899882343652e-02
9.734973497349734828e-01,5.230291005898268786e-02
9.735973597359736109e-01,5.210818111514115003e-02
9.736973697369737391e-01,5.191343216729904508e-02
9.737973797379738672e-01,5.171866321545637302e-02
9.738973897389738843e-01,5.152387425961324485e-02
9.739973997399740124e-01,5.132906529976921650e-02
9.740974097409741406e-01,5.113423633592473205e-02
9.741974197419742687e-01,5.093938736807956946e-02
9.742974297429742858e-01,5.074451839623406180e-02
9.743974397439744140e-01,5.054962942038776497e-02
9.744974497449745421e-01,5.035472044054078999e-02
9.745974597459746702e-01,5.015979145669324790e-02
9.746974697469746873e-01,4.996484246884536073e-02
9.747974797479748155e-01,4.976987347699668440e-02
9.748974897489749436e-01,4.957488448114732993e-02
9.749974997499750717e-01,4.937987548129740834e-02
9.750975097509750888e-01,4.918484647744703064e-02
9.751975197519752170e-01,4.898979746959586379e-02
9.752975297529753451e-01,4.879472845774412981e-02
9.753975397539754733e-01,4.859963944189182872e-02
9.754975497549754904e-01,4.840453042203907152e-02
9.755975597559756185e-01,4.820940139818563619e-02
9.756975697569757466e-01,4.801425237033141169e-02
9.757975797579758748e-01,4.781908333847673109e-02
9.758975897589758919e-01,4.762389430262159440e-02
9.759975997599760200e-01,4.742868526276566854e-02
9.760976097609761482e-01,4.723345621890917556e-02
9.761976197619762763e-01,4.703820717105200444e-02
9.762976297629762934e-01,4.684293811919448824e-02
9.763976397639764215e-01,4.664764906333618288e-02
9.764976497649765497e-01,4.645234000347719938e-02
9.765976597659766778e-01,4.625701093961764876e-02
9.766976697669766949e-01,4.606166187175775306e-02
9.767976797679768231e-01,4.586629279989695718e-02
9.768976897689769512e-01,4.567090372403570520e-02
9.769976997699770793e-01,4.547549464417377507e-02
9.770977097709770964e-01,4.528006556031138885e-02
9.771977197719772246e-01,4.508461647244832449e-02
9.772977297729773527e-01,4.488914738058458198e-02
9.773977397739774808e-01,4.469365828472016133e-02
9.774977497749774979e-01,4.449814918485550663e-02
9.775977597759776261e-01,4.430262008098995175e-02
9.776977697769777542e-01,4.410707097312382974e-02
9.777977797779778824e-01,4.391150186125702959e-02
9.778977897789778995e-01,4.371591274538999539e-02
9.779977997799780276e-01,4.352030362552206100e-02
9.780978097809781557e-01,4.332467450165344847e-02
9.781978197819782839e-01,4.312902537378437984e-02
9.782978297829783010e-01,4.293335624191485511e-02
9.783978397839784291e-01,4.273766710604443020e-02
9.784978497849785573e-01,4.254195796617354919e-02
9.785978597859785744e-01,4.234622882230221208e-02
9.786978697869787025e-01,4.215047967443008581e-02
9.787978797879788306e-01,4.195471052255739242e-02
9.788978897889789588e-01,4.175892136668402088e-02
9.789978997899789759e-01,4.156311220681030427e-02
9.790979097909791040e-01,4.136728304293579850e-02
9.791979197919792322e-01,4.117143387506061458e-02
9.792979297929793603e-01,4.097556470318486355e-02
9.793979397939793774e-01,4.077967552730876744e-02
9.794979497949795055e-01,4.058376634743177114e-02
9.795979597959796337e-01,4.038783716355431874e-02
9.796979697969797618e-01,4.019188797567607718e-02
9.797979797979797789e-01,3.999591878379760157e-02
9.798979897989799071e-01,3.979992958791822577e-02
9.799979997999800352e-01,3.960392038803828285e-02
9.800980098009801633e-01,3.940789118415777281e-02
9.801980198019801804e-01,3.921184197627691770e-02
9.802980298029803086e-01,3.901577276439516240e-02
9.803980398039804367e-01,3.881968354851283998e-02
9.804980498049805648e-01,3.862357432862983941e-02
9.805980598059805819e-01,3.842744510474649378e-02
9.806980698069807101e-01,3.823129587686235897e-02
9.807980798079808382e-01,3.803512664497765705e-02
9.808980898089809664e-01,3.783893740909227699e-02
9.809980998099809835e-01,3.764272816920655185e-02
9.810981098109811116e-01,3.744649892532003754e-02
9.811981198119812397e-01,3.725024967743295612e-02
9.812981298129813679e-01,3.705398042554519655e-02
9.813981398139813850e-01,3.685769116965709191e-02
9.814981498149815131e-01,3.666138190976808708e-02
9.815981598159816413e-01,3.646505264587851514e-02
9.816981698169817694e-01,3.626870337798837607e-02
9.817981798179817865e-01,3.607233410609789193e-02
9.818981898189819146e-01,3.587594483020650760e-02
9.819981998199820428e-01,3.567953555031466717e-02
9.820982098209821709e-01,3.548310626642203758e-02
9.821982198219821880e-01,3.528665697852917393e-02
9.822982298229823162e-01,3.509018768663541010e-02
9.823982398239824443e-01,3.489369839074107915e-02
9.824982498249825724e-01,3.469718909084618108e-02
9.825982598259825895e-01,3.450065978695082691e-02
9.826982698269827177e-01,3.430411047905468358e-02
9.827982798279828458e-01,3.410754116715797313e-02
9.828982898289829739e-01,3.391095185126058453e-02
9.829982998299829910e-01,3.371434253136285086e-02
9.830983098309831192e-01,3.351771320746432803e-02
9.831983198319832473e-01,3.332106387956512705e-02
9.832983298329833755e-01,3.312439454766546998e-02
9.833983398339833926e-01,3.292770521176535681e-02
9.834983498349835207e-01,3.273099587186434345e-02
9.835983598359836488e-01,3.253426652796287399e-02
9.836983698369837770e-01,3.233751718006072640e-02
9.837983798379837941e-01,3.214074782815812270e-02
9.838983898389839222e-01,3.194395847225484086e-02
9.839983998399840504e-01,3.174714911235088088e-02
9.840984098409841785e-01,3.155031974844635378e-02
9.841984198419841956e-01,3.135347038054137059e-02
9.842984298429843237e-01,3.115660100863570925e-02
9.843984398439844519e-01,3.095971163272936977e-02
9.844984498449845800e-01,3.076280225282235214e-02
9.845984598459845971e-01,3.056587286891510047e-02
9.846984698469847253e-01,3.036892348100694861e-02
9.847984798479848534e-01,3.017195408909811860e-02
9.848984898489849815e-01,2.997496469318883250e-02
9.849984998499849986e-01,2.977795529327909030e-02
9.850985098509851268e-01,2.958092588936855893e-02
9.851985198519852549e-01,2.938387648145746045e-02
9.852985298529853830e-01,2.918680706954568382e-02
9.853985398539854001e-01,2.898971765363356212e-02
9.854985498549855283e-01,2.879260823372065126e-02
9.855985598559856564e-01,2.859547880980706225e-02
9.856985698569857846e-01,2.839832938189290612e-02
9.857985798579858017e-01,2.820115994997840492e-02
9.858985898589859298e-01,2.800397051406300353e-02
9.859985998599860579e-01,2.780676107414714604e-02
9.860986098609861861e-01,2.760953163023061041e-02
9.861986198619862032e-01,2.741228218231361868e-02
9.862986298629863313e-01,2.721501273039583779e-02
9.863986398639864595e-01,2.701772327447748978e-02
9.864986498649864766e-01,2.682041381455879669e-02
9.865986598659866047e-01,2.662308435063931444e-02
9.866986698669867328e-01,2.642573488271915405e-02
9.867986798679868610e-01,2.622836541079842654e-02
9.868986898689868781e-01,2.603097593487724293e-02
9.869986998699870062e-01,2.583356645495527015e-02
9.870987098709871344e-01,2.563613697103273026e-02
9.871987198719872625e-01,2.543868748310962324e-02
9.872987298729872796e-01,2.524121799118606013e-02
9.873987398739874077e-01,2.504372849526170786e-02
9.874987498749875359e-01,2.484621899533678846e-02
9.875987598759876640e-01,2.464868949141130194e-02
9.876987698769876811e-01,2.445113998348535933e-02
9.877987798779878093e-01,2.425357047155862755e-02
9.878987898789879374e-01,2.405598095563121763e-02
9.879987998799880655e-01,2.385837143570324059e-02
9.880988098809880826e-01,2.366074191177491848e-02
9.881988198819882108e-01,2.346309238384580720e-02
9.882988298829883389e-01,2.326542285191612880e-02
9.883988398839884670e-01,2.306773331598577226e-02
9.884988498849884841e-01,2.287002377605495962e-02
9.885988598859886123e-01,2.267229423212346884e-02
9.886988698869887404e-01,2.247454468419129991e-02
9.887988798879888686e-01,2.227677513225856387e-02
9.888988898889888857e-01,2.207898557632548275e-02
9.889988998899890138e-01,2.188117601639150145e-02
9.890989098909891419e-01,2.168334645245695302e-02
9.891989198919892701e-01,2.148549688452183748e-02
9.892989298929892872e-01,2.128762731258626584e-02
9.893989398939894153e-01,2.108973773664990503e-02
9.894989498949895435e-01,2.089182815671297710e-02
9.895989598959896716e-01,2.069389857277537104e-02
9.896989698969896887e-01,2.049594898483753092e-02
9.897989798979898168e-01,2.029797939289879061e-02
9.898989898989899450e-01,2.009998979695937216e-02
9.899989998999900731e-01,1.990198019701949761e-02
9.900990099009900902e-01,1.970395059307916696e-02
9.901990199019902184e-01,1.950590098513793613e-02
9.902990299029903465e-01,1.930783137319624920e-02
9.903990399039904746e-01,1.910974175725388413e-02
9.904990499049904917e-01,1.891163213731117398e-02
9.905990599059906199e-01,1.871350251336756365e-02
9.906990699069907480e-01,1.851535288542349722e-02
9.907990799079908761e-01,1.831718325347875265e-02
9.908990899089908932e-01,1.811899361753355198e-02
9.909990999099910214e-01,1.792078397758767316e-02
9.910991099109911495e-01,1.772255433364111621e-02
9.911991199119912777e-01,1.752430468569388111e-02
9.912991299129912948e-01,1.732603503374641196e-02
9.913991399139914229e-01,1.712774537779804263e-02
9.914991499149915510e-01,1.692943571784910617e-02
9.915991599159916792e-01,1.673110605389960259e-02
9.916991699169916963e-01,1.653275638594964292e-02
9.917991799179918244e-01,1.633438671399889408e-02
9.918991899189919526e-01,1.613599703804757812e-02
9.919991999199920807e-01,1.593758735809558402e-02
9.920992099209920978e-01,1.573915767414324485e-02
9.921992199219922259e-01,1.554070798619011651e-02
9.922992299229923541e-01,1.534223829423631003e-02
9.923992399239924822e-01,1.514374859828204745e-02
9.924992499249924993e-01,1.494523889832732877e-02
9.925992599259926275e-01,1.474670919437170991e-02
9.926992699269927556e-01,1.454815948641552392e-02
9.927992799279928837e-01,1.434958977445888184e-02
9.928992899289929008e-01,1.415100005850167264e-02
9.929992999299930290e-01,1.395239033854378530e-02
9.930993099309931571e-01,1.375376061458521981e-02
9.931993199319932852e-01,1.355511088662608721e-02
9.932993299329933024e-01,1.335644115466649851e-02
9.933993399339934305e-01,1.315775141870612064e-02
9.934993499349935586e-01,1.295904167874517565e-02
9.935993599359936868e-01,1.276031193478366355e-02
9.936993699369937039e-01,1.256156218682169534e-02
9.937993799379938320e-01,1.236279243485893797e-02
9.938993899389939601e-01,1.216400267889561349e-02
9.939993999399939772e-01,1.196519291893194392e-02
9.940994099409941054e-01,1.176636315496737417e-02
9.941994199419942335e-01,1.156751338700223730e-02
9.942994299429943617e-01,1.136864361503642229e-02
9.943994399439943788e-01,1.116975383907026220e-02
9.944994499449945069e-01,1.097084405910331295e-02
9.945994599459946350e-01,1.077191427513579658e-02
9.946994699469947632e-01,1.057296448716771309e-02
9.947994799479947803e-01,1.037399469519917350e-02
9.948994899489949084e-01,1.017500489922973372e-02
9.949994999499950366e-01,9.975995099259837851e-03
9.950995099509951647e-01,9.776965295289263835e-03
9.951995199519951818e-01,9.577915487318344745e-03
9.952995299529953099e-01,9.378845675346636490e-03
9.953995399539954381e-01,9.179755859374250093e-03
9.954995499549955662e-01,8.980646039401296576e-03
9.955995599559955833e-01,8.781516215427997984e-03
9.956995699569957115e-01,8.582366387453799206e-03
9.957995799579958396e-01,8.383196555479033307e-03
9.958995899589959677e-01,8.184006719503700289e-03
9.959995999599959848e-01,7.984796879527911173e-03
9.960996099609961130e-01,7.785567035551443915e-03
9.961996199619962411e-01,7.586317187574298515e-03
9.962996299629963692e-01,7.387047335596474973e-03
9.963996399639963863e-01,7.187757479618417378e-03
9.964996499649965145e-01,6.988447619639459596e-03
9.965996599659966426e-01,6.789117755659823672e-03
9.966996699669967708e-01,6.589767887679731651e-03
9.967996799679967879e-01,6.390398015699183532e-03
9.968996899689969160e-01,6.191008139717846248e-03
9.969996999699970441e-01,5.991598259735830823e-03
9.970997099709971723e-01,5.792168375753359300e-03
9.971997199719971894e-01,5.592718487770431679e-03
9.972997299729973175e-01,5.393248595786603872e-03
9.973997399739974457e-01,5.193758699802319967e-03
9.974997499749975738e-01,4.994248799817357920e-03
9.975997599759975909e-01,4.794718895831939776e-03
9.976997699769977190e-01,4.595168987845843489e-03
9.977997799779978472e-01,4.395599075859069060e-03
9.978997899789979753e-01,4.196009159871727512e-03
9.979997999799979924e-01,3.996399239884040888e-03
9.980998099809981206e-01,3.796769315895454078e-03
9.981998199819982487e-01,3.597119387906300148e-03
9.982998299829983768e-01,3.397449455916579097e-03
9.983998399839983939e-01,3.197759519926401950e-03
9.984998499849985221e-01,2.998049579935435638e-03
9.985998599859986502e-01,2.798319635943902206e-03
9.986998699869987783e-01,2.598569687951690632e-03
9.987998799879987954e-01,2.398799735959245005e-03
9.988998899889989236e-01,2.199009779965899192e-03
9.989998999899990517e-01,1.999199819971875236e-03
9.990999099909991799e-01,1.799369855977284161e-03
9.991999199919991970e-01,1.599519887982348010e-03
9.992999299929993251e-01,1.399649915986622695e-03
9.993999399939994532e-01,1.199759939990330260e-03
9.994999499949995814e-01,9.998499599933596826e-04
9.995999599959995985e-01,7.999199759960440304e-04
9.996999699969997266e-01,5.999699879978281913e-04
9.997999799979998548e-01,3.999999959990452325e-04
9.998999899989999829e-01,2.000099999996951539e-04
1.000000000000000000e+00,0.000000000000000000e+00
